n,k,xi,graph_seed,num_edges,iterations,run,time,success,timed_out,modularity,optimal_modularity,error,timestamp,found_optimal,gap
100,2,0.05,0,149,1,0,0.009053230285644531,True,False,0.3950272510247287,0.4326832124679068,,2026-02-04T18:40:27.790124,False,0.03765596144317812
100,2,0.05,1,152,1,1,0.005720853805541992,True,False,0.4078947368421053,0.4374783587257618,,2026-02-04T18:40:28.024017,False,0.029583621883656486
100,2,0.05,2,142,1,2,0.005864858627319336,True,False,0.4506794286847847,0.4506794286847847,,2026-02-04T18:40:28.254082,True,0.0
100,2,0.05,3,141,1,3,0.006176948547363281,True,False,0.45048035813087867,0.47832101000955685,,2026-02-04T18:40:28.483177,False,0.02784065187867818
100,2,0.05,4,154,1,4,0.005877971649169922,True,False,0.42966773486254006,0.4498018215550683,,2026-02-04T18:40:28.715065,False,0.020134086692528252
100,2,0.05,5,158,1,5,0.0055789947509765625,True,False,0.31595497516423643,0.4695561608716552,,2026-02-04T18:40:28.942764,False,0.15360118570741876
100,2,0.05,6,154,1,6,0.0073490142822265625,True,False,0.4412211165457919,0.4602799797604993,,2026-02-04T18:40:29.175326,False,0.0190588632147074
100,2,0.05,7,149,1,7,0.006042957305908203,True,False,0.4815098418990136,0.4815098418990136,,2026-02-04T18:40:29.404601,True,0.0
100,2,0.05,8,154,1,8,0.006566762924194336,True,False,0.33764125484904706,0.4433926463147243,,2026-02-04T18:40:29.633002,False,0.10575139146567725
100,2,0.05,9,147,1,9,0.005827665328979492,True,False,0.4503447637558424,0.4835947984636032,,2026-02-04T18:40:29.863291,False,0.03325003470776078
100,2,0.05,10,148,1,10,0.006460905075073242,True,False,0.46619338933528126,0.46619338933528126,,2026-02-04T18:40:30.092250,True,0.0
100,2,0.05,11,151,1,11,0.006273984909057617,True,False,0.4671724924345423,0.4671724924345423,,2026-02-04T18:40:30.322196,True,0.0
100,2,0.05,12,161,1,12,0.006039857864379883,True,False,0.45067705721229884,0.45067705721229884,,2026-02-04T18:40:30.553174,True,0.0
100,2,0.05,13,155,1,13,0.0068166255950927734,True,False,0.4741727367325702,0.4860770031217482,,2026-02-04T18:40:30.784735,False,0.011904266389177964
100,2,0.05,14,151,1,14,0.00597691535949707,True,False,0.4300688566290953,0.4389939037761501,,2026-02-04T18:40:31.015898,False,0.008925047147054832
100,2,0.05,15,140,1,15,0.005853891372680664,True,False,0.44030612244897954,0.44997448979591836,,2026-02-04T18:40:31.245378,False,0.009668367346938822
100,2,0.05,16,155,1,16,0.006169795989990234,True,False,0.4354630593132154,0.47232049947970856,,2026-02-04T18:40:31.475911,False,0.03685744016649317
100,2,0.05,17,156,1,17,0.005896806716918945,True,False,0.46349030243261014,0.46349030243261014,,2026-02-04T18:40:31.705664,True,0.0
100,2,0.05,18,155,1,18,0.00701594352722168,True,False,0.4407700312174817,0.4552757544224766,,2026-02-04T18:40:31.936194,False,0.01450572320499488
100,2,0.05,19,161,1,19,0.006224155426025391,True,False,0.4498283245245168,0.46664866324601684,,2026-02-04T18:40:32.165574,False,0.016820338721500017
100,2,0.05,20,147,1,20,0.006168842315673828,True,False,0.4387755102040817,0.4586052107917997,,2026-02-04T18:40:32.397880,False,0.019829700587718047
100,2,0.05,21,149,1,21,0.006467103958129883,True,False,0.4261744966442953,0.4570064411512995,,2026-02-04T18:40:32.627252,False,0.030831944507004216
100,2,0.05,22,154,1,22,0.005961418151855469,True,False,0.39610389610389607,0.454524371732164,,2026-02-04T18:40:32.857891,False,0.05842047562826791
100,2,0.05,23,151,1,23,0.006804943084716797,True,False,0.44015613350291655,0.4733125740099118,,2026-02-04T18:40:33.087109,False,0.03315644050699523
100,2,0.05,24,171,1,24,0.0056803226470947266,True,False,0.45244690674053545,0.45244690674053545,,2026-02-04T18:40:33.317111,True,0.0
100,2,0.05,25,142,1,25,0.005964756011962891,True,False,0.4411823050981948,0.4561594921642531,,2026-02-04T18:40:33.547378,False,0.014977187066058328
100,2,0.05,26,168,1,26,0.006014108657836914,True,False,0.4047441893424037,0.4384920634920635,,2026-02-04T18:40:33.779314,False,0.033747874149659796
100,2,0.05,27,168,1,27,0.005647182464599609,True,False,0.46173469387755106,0.46285076530612246,,2026-02-04T18:40:34.008539,False,0.0011160714285713969
100,2,0.05,28,170,1,28,0.006867885589599609,True,False,0.4491349480968857,0.4491349480968857,,2026-02-04T18:40:34.239714,True,0.0
100,2,0.05,29,156,1,29,0.006418943405151367,True,False,0.4723044049967127,0.4723044049967127,,2026-02-04T18:40:34.470526,True,0.0
100,2,0.05,30,155,1,30,0.006780147552490234,True,False,0.4398543184183142,0.44237252861602494,,2026-02-04T18:40:34.701676,False,0.0025182101977107574
100,2,0.05,31,140,1,31,0.006172895431518555,True,False,0.4214030612244898,0.456734693877551,,2026-02-04T18:40:34.930693,False,0.03533163265306122
100,2,0.05,32,146,1,32,0.0055811405181884766,True,False,0.4612497654344154,0.46500281478701433,,2026-02-04T18:40:35.157910,False,0.003753049352598903
100,2,0.05,33,155,1,33,0.006082057952880859,True,False,0.430780437044745,0.4631841831425598,,2026-02-04T18:40:35.387960,False,0.03240374609781482
100,2,0.05,34,165,1,34,0.005910158157348633,True,False,0.46361799816345267,0.46361799816345267,,2026-02-04T18:40:35.617144,True,0.0
100,2,0.05,35,154,1,35,0.005992889404296875,True,False,0.4061182324169338,0.433947545960533,,2026-02-04T18:40:35.846842,False,0.027829313543599188
100,2,0.05,36,153,1,36,0.00658106803894043,True,False,0.4476910589944039,0.4511726259131104,,2026-02-04T18:40:36.078307,False,0.0034815669187064913
100,2,0.05,37,165,1,37,0.0058901309967041016,True,False,0.42121212121212126,0.4417998163452708,,2026-02-04T18:40:36.308336,False,0.020587695133149564
100,2,0.05,38,152,1,38,0.005833148956298828,True,False,0.3931570290858725,0.4798303324099724,,2026-02-04T18:40:36.539594,False,0.08667330332409989
100,2,0.05,39,161,1,39,0.006006002426147461,True,False,0.40845260599513905,0.4875390609930173,,2026-02-04T18:40:36.773417,False,0.07908645499787825
100,2,0.05,40,151,1,40,0.006159782409667969,True,False,0.4535546686548836,0.47173369589053105,,2026-02-04T18:40:37.004461,False,0.01817902723564746
100,2,0.05,41,139,1,41,0.0056531429290771484,True,False,0.46092334765281306,0.46540034159722576,,2026-02-04T18:40:37.237613,False,0.004476993944412699
100,2,0.05,42,150,1,42,0.005995988845825195,True,False,0.4157999999999999,0.46486666666666654,,2026-02-04T18:40:37.470233,False,0.04906666666666665
100,2,0.05,43,161,1,43,0.006537914276123047,True,False,0.4018942170440956,0.45158365803788436,,2026-02-04T18:40:37.703142,False,0.04968944099378875
100,2,0.05,44,157,1,44,0.005819082260131836,True,False,0.4546026207959755,0.4574627773946205,,2026-02-04T18:40:37.934686,False,0.0028601565986449695
100,2,0.05,45,160,1,45,0.006265163421630859,True,False,0.40607421875,0.43341796875,,2026-02-04T18:40:38.161657,False,0.02734375
100,2,0.05,46,143,1,46,0.006381988525390625,True,False,0.36879554012421145,0.4654506332828011,,2026-02-04T18:40:38.397956,False,0.09665509315858967
100,2,0.05,47,154,1,47,0.0061740875244140625,True,False,0.47326699274751216,0.47326699274751216,,2026-02-04T18:40:38.628231,True,0.0
100,2,0.05,48,147,1,48,0.005624055862426758,True,False,0.4614512471655329,0.4614512471655329,,2026-02-04T18:40:38.857445,True,0.0
100,2,0.05,49,166,1,49,0.006021022796630859,True,False,0.4759036144578314,0.4759036144578314,,2026-02-04T18:40:39.088098,True,0.0
100,2,0.05,50,161,1,50,0.0055959224700927734,True,False,0.4130241888816018,0.42938158250067515,,2026-02-04T18:40:39.316904,False,0.016357393619073346
100,2,0.05,51,135,1,51,0.00643610954284668,True,False,0.44005486968449925,0.4441975308641975,,2026-02-04T18:40:39.547959,False,0.004142661179698248
100,2,0.05,52,164,1,52,0.00603795051574707,True,False,0.48079640095181436,0.48079640095181436,,2026-02-04T18:40:39.778531,True,0.0
100,2,0.05,53,150,1,53,0.005608797073364258,True,False,0.4479777777777777,0.4556444444444444,,2026-02-04T18:40:40.005759,False,0.0076666666666667105
100,2,0.05,54,150,1,54,0.005946159362792969,True,False,0.3466444444444444,0.4483333333333333,,2026-02-04T18:40:40.239954,False,0.10168888888888888
100,2,0.05,55,155,1,55,0.0063021183013916016,True,False,0.43768990634755456,0.4507596253902185,,2026-02-04T18:40:40.471737,False,0.013069719042663963
100,2,0.05,56,159,1,56,0.006736040115356445,True,False,0.44919109212452035,0.44919109212452035,,2026-02-04T18:40:40.704259,True,0.0
100,2,0.05,57,150,1,57,0.005593061447143555,True,False,0.45153333333333334,0.45864444444444435,,2026-02-04T18:40:40.935929,False,0.007111111111111013
100,2,0.05,58,151,1,58,0.006217241287231445,True,False,0.46383930529362744,0.46383930529362744,,2026-02-04T18:40:41.164376,True,0.0
100,2,0.05,59,156,1,59,0.005939006805419922,True,False,0.3910050953320184,0.4562787639710716,,2026-02-04T18:40:41.395300,False,0.0652736686390532
100,2,0.05,60,154,1,60,0.0063402652740478516,True,False,0.4169126328217238,0.4627888345420812,,2026-02-04T18:40:41.626026,False,0.04587620172035739
100,2,0.05,61,152,1,61,0.006390094757080078,True,False,0.35177891274238227,0.458362188365651,,2026-02-04T18:40:41.858232,False,0.10658327562326875
100,2,0.05,62,165,1,62,0.005627870559692383,True,False,0.4757392102846648,0.4757392102846648,,2026-02-04T18:40:42.089385,True,0.0
100,2,0.05,63,165,1,63,0.006289958953857422,True,False,0.410633608815427,0.4362901744719926,,2026-02-04T18:40:42.319925,False,0.0256565656565656
100,2,0.05,64,145,1,64,0.005851030349731445,True,False,0.41531510107015457,0.4744589774078478,,2026-02-04T18:40:42.553674,False,0.059143876337693246
100,2,0.05,65,141,1,65,0.005957841873168945,True,False,0.44482168904984654,0.45742165887027814,,2026-02-04T18:40:42.786241,False,0.0125999698204316
100,2,0.05,66,142,1,66,0.006134033203125,True,False,0.4647639357270383,0.47956754612180125,,2026-02-04T18:40:43.018060,False,0.014803610394762967
100,2,0.05,67,151,1,67,0.005843162536621094,True,False,0.4547826849699574,0.4565589228542608,,2026-02-04T18:40:43.251031,False,0.0017762378843034221
100,2,0.05,68,160,1,68,0.005603790283203125,True,False,0.44748046875,0.44999999999999996,,2026-02-04T18:40:43.478830,False,0.002519531249999929
100,2,0.05,69,138,1,69,0.006647825241088867,True,False,0.4473587481621508,0.45652173913043487,,2026-02-04T18:40:43.709910,False,0.009162990968284046
100,2,0.05,70,164,1,70,0.0057201385498046875,True,False,0.41463414634146345,0.45055026769779893,,2026-02-04T18:40:43.942158,False,0.035916121356335484
100,2,0.05,71,165,1,71,0.0056760311126708984,True,False,0.4316620752984389,0.46427915518824603,,2026-02-04T18:40:44.170661,False,0.03261707988980711
100,2,0.05,72,135,1,72,0.006743907928466797,True,False,0.43851851851851853,0.4657338820301783,,2026-02-04T18:40:44.402145,False,0.027215363511659763
100,2,0.05,73,157,1,73,0.006258964538574219,True,False,0.4597346748346789,0.4699582133149418,,2026-02-04T18:40:44.636904,False,0.010223538480262917
100,2,0.05,74,144,1,74,0.006367921829223633,True,False,0.45464409722222227,0.45823688271604945,,2026-02-04T18:40:44.869548,False,0.0035927854938271886
100,2,0.05,75,159,1,75,0.006138801574707031,True,False,0.412167240219928,0.44729243305249,,2026-02-04T18:40:45.100670,False,0.03512519283256199
100,2,0.05,76,160,1,76,0.005818843841552734,True,False,0.402421875,0.45654296875,,2026-02-04T18:40:45.332999,False,0.054121093750000016
100,2,0.05,77,150,1,77,0.00612187385559082,True,False,0.47191111111111106,0.47191111111111106,,2026-02-04T18:40:45.563105,True,0.0
100,2,0.05,78,152,1,78,0.005870819091796875,True,False,0.4473684210526315,0.45392572714681434,,2026-02-04T18:40:45.794961,False,0.006557306094182813
100,2,0.05,79,153,1,79,0.005676984786987305,True,False,0.4411764705882353,0.4702464863941219,,2026-02-04T18:40:46.024211,False,0.02907001580588664
100,2,0.05,80,166,1,80,0.006067037582397461,True,False,0.4354768471476268,0.45011975613296573,,2026-02-04T18:40:46.254760,False,0.014642908985338932
100,2,0.05,81,154,1,81,0.0055620670318603516,True,False,0.402576319784112,0.4433926463147243,,2026-02-04T18:40:46.484208,False,0.04081632653061229
100,2,0.05,82,158,1,82,0.005606174468994141,True,False,0.46817417080596063,0.46817417080596063,,2026-02-04T18:40:46.713382,True,0.0
100,2,0.05,83,153,1,83,0.006012916564941406,True,False,0.43118031526336026,0.44544833183818194,,2026-02-04T18:40:46.947435,False,0.014268016574821685
100,2,0.05,84,151,1,84,0.006511211395263672,True,False,0.38741721854304634,0.44101135915091433,,2026-02-04T18:40:47.177927,False,0.05359414060786799
100,2,0.05,85,151,1,85,0.006240129470825195,True,False,0.45171264418227264,0.4603964738388667,,2026-02-04T18:40:47.408626,False,0.008683829656594089
100,2,0.05,86,150,1,86,0.005877017974853516,True,False,0.45999999999999996,0.4733333333333334,,2026-02-04T18:40:47.638764,False,0.01333333333333342
100,2,0.05,87,155,1,87,0.005952119827270508,True,False,0.4357960457856399,0.4596045785639957,,2026-02-04T18:40:47.869523,False,0.023808532778355818
100,2,0.05,88,160,1,88,0.006056070327758789,True,False,0.4,0.44218749999999996,,2026-02-04T18:40:48.100377,False,0.04218749999999993
100,2,0.05,89,151,1,89,0.005387067794799805,True,False,0.46258936011578444,0.46258936011578444,,2026-02-04T18:40:48.331888,True,0.0
100,2,0.05,90,168,1,90,0.006777286529541016,True,False,0.4345060941043084,0.45060941043083896,,2026-02-04T18:40:48.560459,False,0.01610331632653056
100,2,0.05,91,155,1,91,0.04347515106201172,True,False,0.4741727367325702,0.4741727367325702,,2026-02-04T18:40:48.830329,True,0.0
100,2,0.05,92,157,1,92,0.006889820098876953,True,False,0.4655766968234006,0.4655766968234006,,2026-02-04T18:40:49.085476,True,0.0
100,2,0.05,93,153,1,93,0.006928920745849609,True,False,0.41657054978854297,0.4500619419881243,,2026-02-04T18:40:49.367608,False,0.03349139219958136
100,2,0.05,94,141,1,94,0.006317138671875,True,False,0.4288516674211559,0.44391630199688137,,2026-02-04T18:40:49.622473,False,0.015064634575725488
100,2,0.05,95,162,1,95,0.00681304931640625,True,False,0.4691167504953513,0.4814624295076969,,2026-02-04T18:40:49.876103,False,0.012345679012345623
100,2,0.05,96,161,1,96,0.00656890869140625,True,False,0.3990586782917326,0.47513599012383784,,2026-02-04T18:40:50.220152,False,0.07607731183210525
100,2,0.05,97,157,1,97,0.006793022155761719,True,False,0.3407643312101912,0.4346423790011765,,2026-02-04T18:40:50.481065,False,0.09387804779098535
100,2,0.05,98,147,1,98,0.00692296028137207,True,False,0.4558980054606877,0.4558980054606877,,2026-02-04T18:40:50.727090,True,0.0
100,2,0.05,99,152,1,99,0.006685972213745117,True,False,0.4736842105263158,0.4736842105263158,,2026-02-04T18:40:50.970466,True,0.0
100,2,0.05,0,149,2,0,0.006292104721069336,True,False,0.3950272510247287,0.4326832124679068,,2026-02-04T18:40:51.218258,False,0.03765596144317812
100,2,0.05,1,152,2,1,0.006071805953979492,True,False,0.4078947368421053,0.4374783587257618,,2026-02-04T18:40:51.475482,False,0.029583621883656486
100,2,0.05,2,142,2,2,0.006096839904785156,True,False,0.4506794286847847,0.4506794286847847,,2026-02-04T18:40:51.707578,True,0.0
100,2,0.05,3,141,2,3,0.0055010318756103516,True,False,0.45048035813087867,0.47832101000955685,,2026-02-04T18:40:51.937137,False,0.02784065187867818
100,2,0.05,4,154,2,4,0.006038188934326172,True,False,0.42966773486254006,0.4498018215550683,,2026-02-04T18:40:52.170334,False,0.020134086692528252
100,2,0.05,5,158,2,5,0.005936145782470703,True,False,0.4430179458420125,0.4695561608716552,,2026-02-04T18:40:52.402012,False,0.02653821502964271
100,2,0.05,6,154,2,6,0.006319284439086914,True,False,0.4412211165457919,0.4602799797604993,,2026-02-04T18:40:52.630753,False,0.0190588632147074
100,2,0.05,7,149,2,7,0.006523847579956055,True,False,0.4815098418990136,0.4815098418990136,,2026-02-04T18:40:52.862551,True,0.0
100,2,0.05,8,154,2,8,0.005977153778076172,True,False,0.33764125484904706,0.4433926463147243,,2026-02-04T18:40:53.093700,False,0.10575139146567725
100,2,0.05,9,147,2,9,0.006544828414916992,True,False,0.4503447637558424,0.4835947984636032,,2026-02-04T18:40:53.324725,False,0.03325003470776078
100,2,0.05,10,148,2,10,0.0065157413482666016,True,False,0.46619338933528126,0.46619338933528126,,2026-02-04T18:40:53.554694,True,0.0
100,2,0.05,11,151,2,11,0.0068433284759521484,True,False,0.4671724924345423,0.4671724924345423,,2026-02-04T18:40:53.786685,True,0.0
100,2,0.05,12,161,2,12,0.00722813606262207,True,False,0.45067705721229884,0.45067705721229884,,2026-02-04T18:40:54.016050,True,0.0
100,2,0.05,13,155,2,13,0.0058138370513916016,True,False,0.4741727367325702,0.4860770031217482,,2026-02-04T18:40:54.246695,False,0.011904266389177964
100,2,0.05,14,151,2,14,0.005896091461181641,True,False,0.4300688566290953,0.4389939037761501,,2026-02-04T18:40:54.477870,False,0.008925047147054832
100,2,0.05,15,140,2,15,0.0066051483154296875,True,False,0.44030612244897954,0.44997448979591836,,2026-02-04T18:40:54.708874,False,0.009668367346938822
100,2,0.05,16,155,2,16,0.005789995193481445,True,False,0.4354630593132154,0.47232049947970856,,2026-02-04T18:40:54.939885,False,0.03685744016649317
100,2,0.05,17,156,2,17,0.00637507438659668,True,False,0.46349030243261014,0.46349030243261014,,2026-02-04T18:40:55.170533,True,0.0
100,2,0.05,18,155,2,18,0.00622105598449707,True,False,0.4407700312174817,0.4552757544224766,,2026-02-04T18:40:55.402261,False,0.01450572320499488
100,2,0.05,19,161,2,19,0.006818056106567383,True,False,0.4571582886462714,0.46664866324601684,,2026-02-04T18:40:55.632201,False,0.009490374599745444
100,2,0.05,20,147,2,20,0.005877017974853516,True,False,0.4387755102040817,0.4586052107917997,,2026-02-04T18:40:55.860550,False,0.019829700587718047
100,2,0.05,21,149,2,21,0.006455659866333008,True,False,0.4261744966442953,0.4570064411512995,,2026-02-04T18:40:56.090440,False,0.030831944507004216
100,2,0.05,22,154,2,22,0.006095170974731445,True,False,0.39610389610389607,0.454524371732164,,2026-02-04T18:40:56.323887,False,0.05842047562826791
100,2,0.05,23,151,2,23,0.007003068923950195,True,False,0.44015613350291655,0.4733125740099118,,2026-02-04T18:40:56.552837,False,0.03315644050699523
100,2,0.05,24,171,2,24,0.0062220096588134766,True,False,0.45244690674053545,0.45244690674053545,,2026-02-04T18:40:56.784631,True,0.0
100,2,0.05,25,142,2,25,0.006377220153808594,True,False,0.4411823050981948,0.4561594921642531,,2026-02-04T18:40:57.014911,False,0.014977187066058328
100,2,0.05,26,168,2,26,0.005928993225097656,True,False,0.4047441893424037,0.4384920634920635,,2026-02-04T18:40:57.245899,False,0.033747874149659796
100,2,0.05,27,168,2,27,0.0065631866455078125,True,False,0.46173469387755106,0.46285076530612246,,2026-02-04T18:40:57.477666,False,0.0011160714285713969
100,2,0.05,28,170,2,28,0.006106853485107422,True,False,0.4491349480968857,0.4491349480968857,,2026-02-04T18:40:57.707673,True,0.0
100,2,0.05,29,156,2,29,0.005665779113769531,True,False,0.4723044049967127,0.4723044049967127,,2026-02-04T18:40:57.938174,True,0.0
100,2,0.05,30,155,2,30,0.006371021270751953,True,False,0.4398543184183142,0.44237252861602494,,2026-02-04T18:40:58.166316,False,0.0025182101977107574
100,2,0.05,31,140,2,31,0.006201982498168945,True,False,0.4214030612244898,0.456734693877551,,2026-02-04T18:40:58.397839,False,0.03533163265306122
100,2,0.05,32,146,2,32,0.006417989730834961,True,False,0.4612497654344154,0.46500281478701433,,2026-02-04T18:40:58.637482,False,0.003753049352598903
100,2,0.05,33,155,2,33,0.005976200103759766,True,False,0.430780437044745,0.4631841831425598,,2026-02-04T18:40:58.875593,False,0.03240374609781482
100,2,0.05,34,165,2,34,0.005586862564086914,True,False,0.46361799816345267,0.46361799816345267,,2026-02-04T18:40:59.104752,True,0.0
100,2,0.05,35,154,2,35,0.00604701042175293,True,False,0.4061182324169338,0.433947545960533,,2026-02-04T18:40:59.335165,False,0.027829313543599188
100,2,0.05,36,153,2,36,0.0062847137451171875,True,False,0.4476910589944039,0.4511726259131104,,2026-02-04T18:40:59.579291,False,0.0034815669187064913
100,2,0.05,37,165,2,37,0.006597995758056641,True,False,0.42121212121212126,0.4417998163452708,,2026-02-04T18:40:59.824202,False,0.020587695133149564
100,2,0.05,38,152,2,38,0.006311893463134766,True,False,0.3931570290858725,0.4798303324099724,,2026-02-04T18:41:00.067568,False,0.08667330332409989
100,2,0.05,39,161,2,39,0.006262063980102539,True,False,0.40845260599513905,0.4875390609930173,,2026-02-04T18:41:00.308419,False,0.07908645499787825
100,2,0.05,40,151,2,40,0.006566762924194336,True,False,0.4535546686548836,0.47173369589053105,,2026-02-04T18:41:00.561841,False,0.01817902723564746
100,2,0.05,41,139,2,41,0.00642704963684082,True,False,0.46092334765281306,0.46540034159722576,,2026-02-04T18:41:00.789806,False,0.004476993944412699
100,2,0.05,42,150,2,42,0.0059468746185302734,True,False,0.4157999999999999,0.46486666666666654,,2026-02-04T18:41:01.024930,False,0.04906666666666665
100,2,0.05,43,161,2,43,0.006387948989868164,True,False,0.4018942170440956,0.45158365803788436,,2026-02-04T18:41:01.261043,False,0.04968944099378875
100,2,0.05,44,157,2,44,0.006829977035522461,True,False,0.4546026207959755,0.4574627773946205,,2026-02-04T18:41:01.506367,False,0.0028601565986449695
100,2,0.05,45,160,2,45,0.0062558650970458984,True,False,0.40607421875,0.43341796875,,2026-02-04T18:41:01.746719,False,0.02734375
100,2,0.05,46,143,2,46,0.006072044372558594,True,False,0.36879554012421145,0.4654506332828011,,2026-02-04T18:41:01.991202,False,0.09665509315858967
100,2,0.05,47,154,2,47,0.006306171417236328,True,False,0.47326699274751216,0.47326699274751216,,2026-02-04T18:41:02.252299,True,0.0
100,2,0.05,48,147,2,48,0.005921125411987305,True,False,0.4614512471655329,0.4614512471655329,,2026-02-04T18:41:02.483259,True,0.0
100,2,0.05,49,166,2,49,0.006036043167114258,True,False,0.4759036144578314,0.4759036144578314,,2026-02-04T18:41:02.714475,True,0.0
100,2,0.05,50,161,2,50,0.006011009216308594,True,False,0.4130241888816018,0.42938158250067515,,2026-02-04T18:41:02.948450,False,0.016357393619073346
100,2,0.05,51,135,2,51,0.006440877914428711,True,False,0.44005486968449925,0.4441975308641975,,2026-02-04T18:41:03.181125,False,0.004142661179698248
100,2,0.05,52,164,2,52,0.005488157272338867,True,False,0.48079640095181436,0.48079640095181436,,2026-02-04T18:41:03.412571,True,0.0
100,2,0.05,53,150,2,53,0.006159782409667969,True,False,0.4479777777777777,0.4556444444444444,,2026-02-04T18:41:03.641895,False,0.0076666666666667105
100,2,0.05,54,150,2,54,0.006173849105834961,True,False,0.3466444444444444,0.4483333333333333,,2026-02-04T18:41:03.872871,False,0.10168888888888888
100,2,0.05,55,155,2,55,0.005989789962768555,True,False,0.43768990634755456,0.4507596253902185,,2026-02-04T18:41:04.103799,False,0.013069719042663963
100,2,0.05,56,159,2,56,0.006177186965942383,True,False,0.44919109212452035,0.44919109212452035,,2026-02-04T18:41:04.333635,True,0.0
100,2,0.05,57,150,2,57,0.006443977355957031,True,False,0.45153333333333334,0.45864444444444435,,2026-02-04T18:41:04.564953,False,0.007111111111111013
100,2,0.05,58,151,2,58,0.006173849105834961,True,False,0.46383930529362744,0.46383930529362744,,2026-02-04T18:41:04.793840,True,0.0
100,2,0.05,59,156,2,59,0.0058858394622802734,True,False,0.3910050953320184,0.4562787639710716,,2026-02-04T18:41:05.025684,False,0.0652736686390532
100,2,0.05,60,154,2,60,0.00588679313659668,True,False,0.4169126328217238,0.4627888345420812,,2026-02-04T18:41:05.256913,False,0.04587620172035739
100,2,0.05,61,152,2,61,0.006036996841430664,True,False,0.4078947368421053,0.458362188365651,,2026-02-04T18:41:05.488166,False,0.0504674515235457
100,2,0.05,62,165,2,62,0.0063130855560302734,True,False,0.4757392102846648,0.4757392102846648,,2026-02-04T18:41:05.719264,True,0.0
100,2,0.05,63,165,2,63,0.005845069885253906,True,False,0.410633608815427,0.4362901744719926,,2026-02-04T18:41:05.951913,False,0.0256565656565656
100,2,0.05,64,145,2,64,0.005764961242675781,True,False,0.41531510107015457,0.4744589774078478,,2026-02-04T18:41:06.180871,False,0.059143876337693246
100,2,0.05,65,141,2,65,0.006188154220581055,True,False,0.44482168904984654,0.45742165887027814,,2026-02-04T18:41:06.412148,False,0.0125999698204316
100,2,0.05,66,142,2,66,0.0058040618896484375,True,False,0.4647639357270383,0.47956754612180125,,2026-02-04T18:41:06.640096,False,0.014803610394762967
100,2,0.05,67,151,2,67,0.0062711238861083984,True,False,0.4547826849699574,0.4565589228542608,,2026-02-04T18:41:06.872750,False,0.0017762378843034221
100,2,0.05,68,160,2,68,0.0068359375,True,False,0.44748046875,0.44999999999999996,,2026-02-04T18:41:07.105933,False,0.002519531249999929
100,2,0.05,69,138,2,69,0.0060579776763916016,True,False,0.4473587481621508,0.45652173913043487,,2026-02-04T18:41:07.339172,False,0.009162990968284046
100,2,0.05,70,164,2,70,0.0062389373779296875,True,False,0.41463414634146345,0.45055026769779893,,2026-02-04T18:41:07.570798,False,0.035916121356335484
100,2,0.05,71,165,2,71,0.005473136901855469,True,False,0.4316620752984389,0.46427915518824603,,2026-02-04T18:41:07.800335,False,0.03261707988980711
100,2,0.05,72,135,2,72,0.0065746307373046875,True,False,0.43851851851851853,0.4657338820301783,,2026-02-04T18:41:08.029603,False,0.027215363511659763
100,2,0.05,73,157,2,73,0.006207942962646484,True,False,0.4597346748346789,0.4699582133149418,,2026-02-04T18:41:08.261435,False,0.010223538480262917
100,2,0.05,74,144,2,74,0.005608081817626953,True,False,0.45464409722222227,0.45823688271604945,,2026-02-04T18:41:08.493412,False,0.0035927854938271886
100,2,0.05,75,159,2,75,0.0061681270599365234,True,False,0.412167240219928,0.44729243305249,,2026-02-04T18:41:08.725220,False,0.03512519283256199
100,2,0.05,76,160,2,76,0.006136178970336914,True,False,0.402421875,0.45654296875,,2026-02-04T18:41:08.955835,False,0.054121093750000016
100,2,0.05,77,150,2,77,0.005957126617431641,True,False,0.47191111111111106,0.47191111111111106,,2026-02-04T18:41:09.186368,True,0.0
100,2,0.05,78,152,2,78,0.006094217300415039,True,False,0.4473684210526315,0.45392572714681434,,2026-02-04T18:41:09.418366,False,0.006557306094182813
100,2,0.05,79,153,2,79,0.006026029586791992,True,False,0.4411764705882353,0.4702464863941219,,2026-02-04T18:41:09.647013,False,0.02907001580588664
100,2,0.05,80,166,2,80,0.006808042526245117,True,False,0.4354768471476268,0.45011975613296573,,2026-02-04T18:41:09.877445,False,0.014642908985338932
100,2,0.05,81,154,2,81,0.006350040435791016,True,False,0.402576319784112,0.4433926463147243,,2026-02-04T18:41:10.105930,False,0.04081632653061229
100,2,0.05,82,158,2,82,0.005859851837158203,True,False,0.46817417080596063,0.46817417080596063,,2026-02-04T18:41:10.337618,True,0.0
100,2,0.05,83,153,2,83,0.0060160160064697266,True,False,0.43118031526336026,0.44544833183818194,,2026-02-04T18:41:10.570089,False,0.014268016574821685
100,2,0.05,84,151,2,84,0.005893230438232422,True,False,0.38741721854304634,0.44101135915091433,,2026-02-04T18:41:10.799792,False,0.05359414060786799
100,2,0.05,85,151,2,85,0.005992889404296875,True,False,0.45171264418227264,0.4603964738388667,,2026-02-04T18:41:11.030219,False,0.008683829656594089
100,2,0.05,86,150,2,86,0.0060138702392578125,True,False,0.45999999999999996,0.4733333333333334,,2026-02-04T18:41:11.258823,False,0.01333333333333342
100,2,0.05,87,155,2,87,0.0064198970794677734,True,False,0.4357960457856399,0.4596045785639957,,2026-02-04T18:41:11.489068,False,0.023808532778355818
100,2,0.05,88,160,2,88,0.0066089630126953125,True,False,0.4,0.44218749999999996,,2026-02-04T18:41:11.720566,False,0.04218749999999993
100,2,0.05,89,151,2,89,0.0063610076904296875,True,False,0.46258936011578444,0.46258936011578444,,2026-02-04T18:41:11.952685,True,0.0
100,2,0.05,90,168,2,90,0.005518913269042969,True,False,0.4345060941043084,0.45060941043083896,,2026-02-04T18:41:12.182473,False,0.01610331632653056
100,2,0.05,91,155,2,91,0.005639791488647461,True,False,0.4741727367325702,0.4741727367325702,,2026-02-04T18:41:12.413918,True,0.0
100,2,0.05,92,157,2,92,0.0057790279388427734,True,False,0.4655766968234006,0.4655766968234006,,2026-02-04T18:41:12.644452,True,0.0
100,2,0.05,93,153,2,93,0.006642818450927734,True,False,0.41657054978854297,0.4500619419881243,,2026-02-04T18:41:12.874170,False,0.03349139219958136
100,2,0.05,94,141,2,94,0.006762981414794922,True,False,0.4288516674211559,0.44391630199688137,,2026-02-04T18:41:13.103540,False,0.015064634575725488
100,2,0.05,95,162,2,95,0.006762266159057617,True,False,0.4691167504953513,0.4814624295076969,,2026-02-04T18:41:13.332709,False,0.012345679012345623
100,2,0.05,96,161,2,96,0.005644083023071289,True,False,0.45029126962694344,0.47513599012383784,,2026-02-04T18:41:13.563916,False,0.0248447204968944
100,2,0.05,97,157,2,97,0.005626201629638672,True,False,0.3535031847133759,0.4346423790011765,,2026-02-04T18:41:13.792220,False,0.08113919428780064
100,2,0.05,98,147,2,98,0.00718998908996582,True,False,0.4558980054606877,0.4558980054606877,,2026-02-04T18:41:14.024574,True,0.0
100,2,0.05,99,152,2,99,0.005554914474487305,True,False,0.4736842105263158,0.4736842105263158,,2026-02-04T18:41:14.254677,True,0.0
100,2,0.05,0,149,5,0,0.006363868713378906,True,False,0.40547723075537134,0.4326832124679068,,2026-02-04T18:41:14.482859,False,0.027205981712535465
100,2,0.05,1,152,5,1,0.0064697265625,True,False,0.42328168282548473,0.4374783587257618,,2026-02-04T18:41:14.714355,False,0.014196675900277067
100,2,0.05,2,142,5,2,0.006339073181152344,True,False,0.4506794286847847,0.4506794286847847,,2026-02-04T18:41:14.948825,True,0.0
100,2,0.05,3,141,5,3,0.006056070327758789,True,False,0.4767365826668679,0.47832101000955685,,2026-02-04T18:41:15.179142,False,0.0015844273426889321
100,2,0.05,4,154,5,4,0.006536006927490234,True,False,0.4309327036599764,0.4498018215550683,,2026-02-04T18:41:15.410562,False,0.018869117895091936
100,2,0.05,5,158,5,5,0.005740165710449219,True,False,0.4558364044223683,0.4695561608716552,,2026-02-04T18:41:15.638985,False,0.013719756449286913
100,2,0.05,6,154,5,6,0.005908012390136719,True,False,0.4412211165457919,0.4602799797604993,,2026-02-04T18:41:15.868896,False,0.0190588632147074
100,2,0.05,7,149,5,7,0.005878925323486328,True,False,0.4815098418990136,0.4815098418990136,,2026-02-04T18:41:16.097897,True,0.0
100,2,0.05,8,154,5,8,0.006361961364746094,True,False,0.428550345758138,0.4433926463147243,,2026-02-04T18:41:16.327278,False,0.014842300556586308
100,2,0.05,9,147,5,9,0.006673097610473633,True,False,0.4835947984636032,0.4835947984636032,,2026-02-04T18:41:16.559384,True,0.0
100,2,0.05,10,148,5,10,0.005769014358520508,True,False,0.46619338933528126,0.46619338933528126,,2026-02-04T18:41:16.789400,True,0.0
100,2,0.05,11,151,5,11,0.006142139434814453,True,False,0.4671724924345423,0.4671724924345423,,2026-02-04T18:41:17.019056,True,0.0
100,2,0.05,12,161,5,12,0.005722761154174805,True,False,0.45067705721229884,0.45067705721229884,,2026-02-04T18:41:17.246572,True,0.0
100,2,0.05,13,155,5,13,0.00665283203125,True,False,0.4860770031217482,0.4860770031217482,,2026-02-04T18:41:17.476217,True,0.0
100,2,0.05,14,151,5,14,0.006800174713134766,True,False,0.4300688566290953,0.4389939037761501,,2026-02-04T18:41:17.706422,False,0.008925047147054832
100,2,0.05,15,140,5,15,0.0060198307037353516,True,False,0.44030612244897954,0.44997448979591836,,2026-02-04T18:41:17.936298,False,0.009668367346938822
100,2,0.05,16,155,5,16,0.006495952606201172,True,False,0.46110301768990625,0.47232049947970856,,2026-02-04T18:41:18.164222,False,0.011217481789802308
100,2,0.05,17,156,5,17,0.005877017974853516,True,False,0.46349030243261014,0.46349030243261014,,2026-02-04T18:41:18.394974,True,0.0
100,2,0.05,18,155,5,18,0.007263898849487305,True,False,0.44836628511966703,0.4552757544224766,,2026-02-04T18:41:18.628131,False,0.006909469302809557
100,2,0.05,19,161,5,19,0.005510091781616211,True,False,0.4571582886462714,0.46664866324601684,,2026-02-04T18:41:18.858196,False,0.009490374599745444
100,2,0.05,20,147,5,20,0.0057108402252197266,True,False,0.44904900735804526,0.4586052107917997,,2026-02-04T18:41:19.102389,False,0.009556203433754462
100,2,0.05,21,149,5,21,0.005766153335571289,True,False,0.4261744966442953,0.4570064411512995,,2026-02-04T18:41:19.335953,False,0.030831944507004216
100,2,0.05,22,154,5,22,0.005530118942260742,True,False,0.428550345758138,0.454524371732164,,2026-02-04T18:41:19.569693,False,0.025974025974025983
100,2,0.05,23,151,5,23,0.005793094635009766,True,False,0.4733125740099118,0.4733125740099118,,2026-02-04T18:41:19.804616,True,0.0
100,2,0.05,24,171,5,24,0.0054967403411865234,True,False,0.45244690674053545,0.45244690674053545,,2026-02-04T18:41:20.038151,True,0.0
100,2,0.05,25,142,5,25,0.006102800369262695,True,False,0.4561594921642531,0.4561594921642531,,2026-02-04T18:41:20.267337,True,0.0
100,2,0.05,26,168,5,26,0.0058629512786865234,True,False,0.4221761621315193,0.4384920634920635,,2026-02-04T18:41:20.497367,False,0.01631590136054417
100,2,0.05,27,168,5,27,0.006269931793212891,True,False,0.46173469387755106,0.46285076530612246,,2026-02-04T18:41:20.727093,False,0.0011160714285713969
100,2,0.05,28,170,5,28,0.00698089599609375,True,False,0.4491349480968857,0.4491349480968857,,2026-02-04T18:41:20.959621,True,0.0
100,2,0.05,29,156,5,29,0.005686044692993164,True,False,0.4723044049967127,0.4723044049967127,,2026-02-04T18:41:21.193059,True,0.0
100,2,0.05,30,155,5,30,0.007246732711791992,True,False,0.4398543184183142,0.44237252861602494,,2026-02-04T18:41:21.423178,False,0.0025182101977107574
100,2,0.05,31,140,5,31,0.006293058395385742,True,False,0.456734693877551,0.456734693877551,,2026-02-04T18:41:21.652350,True,0.0
100,2,0.05,32,146,5,32,0.006056070327758789,True,False,0.4612497654344154,0.46500281478701433,,2026-02-04T18:41:21.882021,False,0.003753049352598903
100,2,0.05,33,155,5,33,0.0063381195068359375,True,False,0.4631841831425598,0.4631841831425598,,2026-02-04T18:41:22.112514,True,0.0
100,2,0.05,34,165,5,34,0.006808042526245117,True,False,0.46361799816345267,0.46361799816345267,,2026-02-04T18:41:22.344202,True,0.0
100,2,0.05,35,154,5,35,0.005918025970458984,True,False,0.42096053297352,0.433947545960533,,2026-02-04T18:41:22.575811,False,0.012987012987012991
100,2,0.05,36,153,5,36,0.006215095520019531,True,False,0.4476910589944039,0.4511726259131104,,2026-02-04T18:41:22.805284,False,0.0034815669187064913
100,2,0.05,37,165,5,37,0.006012916564941406,True,False,0.42791551882460965,0.4417998163452708,,2026-02-04T18:41:23.037534,False,0.01388429752066117
100,2,0.05,38,152,5,38,0.005876064300537109,True,False,0.4075268351800554,0.4798303324099724,,2026-02-04T18:41:23.266211,False,0.07230349722991702
100,2,0.05,39,161,5,39,0.005526065826416016,True,False,0.4875390609930173,0.4875390609930173,,2026-02-04T18:41:23.498189,True,0.0
100,2,0.05,40,151,5,40,0.006044864654541016,True,False,0.4668874172185431,0.47173369589053105,,2026-02-04T18:41:23.730520,False,0.004846278671987947
100,2,0.05,41,139,5,41,0.006723642349243164,True,False,0.46092334765281306,0.46540034159722576,,2026-02-04T18:41:23.959607,False,0.004476993944412699
100,2,0.05,42,150,5,42,0.0066950321197509766,True,False,0.46486666666666654,0.46486666666666654,,2026-02-04T18:41:24.189602,True,0.0
100,2,0.05,43,161,5,43,0.005944013595581055,True,False,0.4218008564484395,0.45158365803788436,,2026-02-04T18:41:24.419538,False,0.02978280158944485
100,2,0.05,44,157,5,44,0.006713151931762695,True,False,0.4546026207959755,0.4574627773946205,,2026-02-04T18:41:24.651452,False,0.0028601565986449695
100,2,0.05,45,160,5,45,0.006240129470825195,True,False,0.41218750000000004,0.43341796875,,2026-02-04T18:41:24.880776,False,0.021230468749999953
100,2,0.05,46,143,5,46,0.00604701042175293,True,False,0.4654506332828011,0.4654506332828011,,2026-02-04T18:41:25.111387,True,0.0
100,2,0.05,47,154,5,47,0.005522966384887695,True,False,0.47326699274751216,0.47326699274751216,,2026-02-04T18:41:25.344466,True,0.0
100,2,0.05,48,147,5,48,0.00638890266418457,True,False,0.4614512471655329,0.4614512471655329,,2026-02-04T18:41:25.574552,True,0.0
100,2,0.05,49,166,5,49,0.005900859832763672,True,False,0.4759036144578314,0.4759036144578314,,2026-02-04T18:41:25.804766,True,0.0
100,2,0.05,50,161,5,50,0.00658106803894043,True,False,0.4130241888816018,0.42938158250067515,,2026-02-04T18:41:26.037859,False,0.016357393619073346
100,2,0.05,51,135,5,51,0.005731105804443359,True,False,0.44005486968449925,0.4441975308641975,,2026-02-04T18:41:26.267418,False,0.004142661179698248
100,2,0.05,52,164,5,52,0.006460905075073242,True,False,0.48079640095181436,0.48079640095181436,,2026-02-04T18:41:26.499226,True,0.0
100,2,0.05,53,150,5,53,0.005499124526977539,True,False,0.4479777777777777,0.4556444444444444,,2026-02-04T18:41:26.731457,False,0.0076666666666667105
100,2,0.05,54,150,5,54,0.005817890167236328,True,False,0.4266444444444444,0.4483333333333333,,2026-02-04T18:41:26.963340,False,0.021688888888888924
100,2,0.05,55,155,5,55,0.006791114807128906,True,False,0.44368366285119665,0.4507596253902185,,2026-02-04T18:41:27.193374,False,0.007075962539021874
100,2,0.05,56,159,5,56,0.006147146224975586,True,False,0.44919109212452035,0.44919109212452035,,2026-02-04T18:41:27.426139,True,0.0
100,2,0.05,57,150,5,57,0.006209850311279297,True,False,0.45864444444444435,0.45864444444444435,,2026-02-04T18:41:27.656557,True,0.0
100,2,0.05,58,151,5,58,0.006228923797607422,True,False,0.46383930529362744,0.46383930529362744,,2026-02-04T18:41:27.885639,True,0.0
100,2,0.05,59,156,5,59,0.005835056304931641,True,False,0.43458251150558835,0.4562787639710716,,2026-02-04T18:41:28.118472,False,0.021696252465483234
100,2,0.05,60,154,5,60,0.005620002746582031,True,False,0.4597739922415247,0.4627888345420812,,2026-02-04T18:41:28.350592,False,0.003014842300556486
100,2,0.05,61,152,5,61,0.00560307502746582,True,False,0.458362188365651,0.458362188365651,,2026-02-04T18:41:28.583253,True,0.0
100,2,0.05,62,165,5,62,0.0059282779693603516,True,False,0.4757392102846648,0.4757392102846648,,2026-02-04T18:41:28.813839,True,0.0
100,2,0.05,63,165,5,63,0.00606083869934082,True,False,0.4296786042240587,0.4362901744719926,,2026-02-04T18:41:29.045256,False,0.006611570247933907
100,2,0.05,64,145,5,64,0.006208896636962891,True,False,0.4697978596908442,0.4744589774078478,,2026-02-04T18:41:29.276311,False,0.0046611177170036155
100,2,0.05,65,141,5,65,0.006529092788696289,True,False,0.44482168904984654,0.45742165887027814,,2026-02-04T18:41:29.507004,False,0.0125999698204316
100,2,0.05,66,142,5,66,0.0059261322021484375,True,False,0.47884844276929184,0.47956754612180125,,2026-02-04T18:41:29.738335,False,0.0007191033525094093
100,2,0.05,67,151,5,67,0.0063800811767578125,True,False,0.4547826849699574,0.4565589228542608,,2026-02-04T18:41:29.967396,False,0.0017762378843034221
100,2,0.05,68,160,5,68,0.006124734878540039,True,False,0.44748046875,0.44999999999999996,,2026-02-04T18:41:30.196957,False,0.002519531249999929
100,2,0.05,69,138,5,69,0.007028341293334961,True,False,0.4498004620877967,0.45652173913043487,,2026-02-04T18:41:30.429181,False,0.006721277042638141
100,2,0.05,70,164,5,70,0.005920886993408203,True,False,0.426829268292683,0.45055026769779893,,2026-02-04T18:41:30.661232,False,0.02372099940511596
100,2,0.05,71,165,5,71,0.005959987640380859,True,False,0.4539210284664831,0.46427915518824603,,2026-02-04T18:41:30.892209,False,0.01035812672176295
100,2,0.05,72,135,5,72,0.006615161895751953,True,False,0.4629629629629629,0.4657338820301783,,2026-02-04T18:41:31.123367,False,0.0027709190672153827
100,2,0.05,73,157,5,73,0.006232023239135742,True,False,0.4597346748346789,0.4699582133149418,,2026-02-04T18:41:31.351421,False,0.010223538480262917
100,2,0.05,74,144,5,74,0.005459785461425781,True,False,0.45823688271604945,0.45823688271604945,,2026-02-04T18:41:31.582703,True,0.0
100,2,0.05,75,159,5,75,0.006227970123291016,True,False,0.4256951861081444,0.44729243305249,,2026-02-04T18:41:31.812503,False,0.021597246944345616
100,2,0.05,76,160,5,76,0.0066449642181396484,True,False,0.45654296875,0.45654296875,,2026-02-04T18:41:32.045995,True,0.0
100,2,0.05,77,150,5,77,0.008803844451904297,True,False,0.47191111111111106,0.47191111111111106,,2026-02-04T18:41:32.278613,True,0.0
100,2,0.05,78,152,5,78,0.005970001220703125,True,False,0.4473684210526315,0.45392572714681434,,2026-02-04T18:41:32.511132,False,0.006557306094182813
100,2,0.05,79,153,5,79,0.006265878677368164,True,False,0.4702464863941219,0.4702464863941219,,2026-02-04T18:41:32.741740,True,0.0
100,2,0.05,80,166,5,80,0.006963968276977539,True,False,0.43946871824647993,0.45011975613296573,,2026-02-04T18:41:32.973958,False,0.010651037886485804
100,2,0.05,81,154,5,81,0.005969047546386719,True,False,0.43900742115027824,0.4433926463147243,,2026-02-04T18:41:33.205570,False,0.0043852251644460605
100,2,0.05,82,158,5,82,0.006145954132080078,True,False,0.46817417080596063,0.46817417080596063,,2026-02-04T18:41:33.434899,True,0.0
100,2,0.05,83,153,5,83,0.0064198970794677734,True,False,0.43118031526336026,0.44544833183818194,,2026-02-04T18:41:33.665861,False,0.014268016574821685
100,2,0.05,84,151,5,84,0.0062711238861083984,True,False,0.44101135915091433,0.44101135915091433,,2026-02-04T18:41:33.897385,True,0.0
100,2,0.05,85,151,5,85,0.0064487457275390625,True,False,0.45171264418227264,0.4603964738388667,,2026-02-04T18:41:34.128303,False,0.008683829656594089
100,2,0.05,86,150,5,86,0.0068552494049072266,True,False,0.45999999999999996,0.4733333333333334,,2026-02-04T18:41:34.360951,False,0.01333333333333342
100,2,0.05,87,155,5,87,0.006501197814941406,True,False,0.4357960457856399,0.4596045785639957,,2026-02-04T18:41:34.593611,False,0.023808532778355818
100,2,0.05,88,160,5,88,0.005897045135498047,True,False,0.4346875,0.44218749999999996,,2026-02-04T18:41:34.822104,False,0.007499999999999951
100,2,0.05,89,151,5,89,0.006025075912475586,True,False,0.46258936011578444,0.46258936011578444,,2026-02-04T18:41:35.054747,True,0.0
100,2,0.05,90,168,5,90,0.006180763244628906,True,False,0.44641085600907027,0.45060941043083896,,2026-02-04T18:41:35.284859,False,0.0041985544217686965
100,2,0.05,91,155,5,91,0.006417036056518555,True,False,0.4741727367325702,0.4741727367325702,,2026-02-04T18:41:35.516876,True,0.0
100,2,0.05,92,157,5,92,0.006975889205932617,True,False,0.4655766968234006,0.4655766968234006,,2026-02-04T18:41:35.749962,True,0.0
100,2,0.05,93,153,5,93,0.006159067153930664,True,False,0.4411764705882353,0.4500619419881243,,2026-02-04T18:41:35.980107,False,0.008885471399889044
100,2,0.05,94,141,5,94,0.006193876266479492,True,False,0.44172828328554903,0.44391630199688137,,2026-02-04T18:41:36.211560,False,0.00218801871133234
100,2,0.05,95,162,5,95,0.005607128143310547,True,False,0.4691167504953513,0.4814624295076969,,2026-02-04T18:41:36.441683,False,0.012345679012345623
100,2,0.05,96,161,5,96,0.0068721771240234375,True,False,0.47513599012383784,0.47513599012383784,,2026-02-04T18:41:36.674436,True,0.0
100,2,0.05,97,157,5,97,0.005984067916870117,True,False,0.4346423790011765,0.4346423790011765,,2026-02-04T18:41:36.904247,True,0.0
100,2,0.05,98,147,5,98,0.006196022033691406,True,False,0.4558980054606877,0.4558980054606877,,2026-02-04T18:41:37.133755,True,0.0
100,2,0.05,99,152,5,99,0.005799055099487305,True,False,0.4736842105263158,0.4736842105263158,,2026-02-04T18:41:37.364524,True,0.0
100,2,0.05,0,149,10,0,0.006616830825805664,True,False,0.42295392099454976,0.4326832124679068,,2026-02-04T18:41:37.599664,False,0.009729291473357049
100,2,0.05,1,152,10,1,0.006555795669555664,True,False,0.4237361495844876,0.4374783587257618,,2026-02-04T18:41:37.832094,False,0.01374220914127422
100,2,0.05,2,142,10,2,0.00569605827331543,True,False,0.4506794286847847,0.4506794286847847,,2026-02-04T18:41:38.068074,True,0.0
100,2,0.05,3,141,10,3,0.0062999725341796875,True,False,0.4767365826668679,0.47832101000955685,,2026-02-04T18:41:38.294555,False,0.0015844273426889321
100,2,0.05,4,154,10,4,0.006178140640258789,True,False,0.4309327036599764,0.4498018215550683,,2026-02-04T18:41:38.527200,False,0.018869117895091936
100,2,0.05,5,158,10,5,0.007235050201416016,True,False,0.4558364044223683,0.4695561608716552,,2026-02-04T18:41:38.758973,False,0.013719756449286913
100,2,0.05,6,154,10,6,0.006188154220581055,True,False,0.4412211165457919,0.4602799797604993,,2026-02-04T18:41:38.988859,False,0.0190588632147074
100,2,0.05,7,149,10,7,0.006343841552734375,True,False,0.4815098418990136,0.4815098418990136,,2026-02-04T18:41:39.219861,True,0.0
100,2,0.05,8,154,10,8,0.006384849548339844,True,False,0.428550345758138,0.4433926463147243,,2026-02-04T18:41:39.449784,False,0.014842300556586308
100,2,0.05,9,147,10,9,0.006412982940673828,True,False,0.4835947984636032,0.4835947984636032,,2026-02-04T18:41:39.681143,True,0.0
100,2,0.05,10,148,10,10,0.006022930145263672,True,False,0.46619338933528126,0.46619338933528126,,2026-02-04T18:41:39.912539,True,0.0
100,2,0.05,11,151,10,11,0.005852222442626953,True,False,0.4671724924345423,0.4671724924345423,,2026-02-04T18:41:40.142179,True,0.0
100,2,0.05,12,161,10,12,0.0061643123626708984,True,False,0.45067705721229884,0.45067705721229884,,2026-02-04T18:41:40.375132,True,0.0
100,2,0.05,13,155,10,13,0.0060269832611083984,True,False,0.4860770031217482,0.4860770031217482,,2026-02-04T18:41:40.605248,True,0.0
100,2,0.05,14,151,10,14,0.006167888641357422,True,False,0.4300688566290953,0.4389939037761501,,2026-02-04T18:41:40.833992,False,0.008925047147054832
100,2,0.05,15,140,10,15,0.006710052490234375,True,False,0.44030612244897954,0.44997448979591836,,2026-02-04T18:41:41.066585,False,0.009668367346938822
100,2,0.05,16,155,10,16,0.006215810775756836,True,False,0.46474505723204995,0.47232049947970856,,2026-02-04T18:41:41.295592,False,0.007575442247658604
100,2,0.05,17,156,10,17,0.006272077560424805,True,False,0.46349030243261014,0.46349030243261014,,2026-02-04T18:41:41.526131,True,0.0
100,2,0.05,18,155,10,18,0.005730152130126953,True,False,0.44836628511966703,0.4552757544224766,,2026-02-04T18:41:41.759410,False,0.006909469302809557
100,2,0.05,19,161,10,19,0.006136894226074219,True,False,0.4571582886462714,0.46664866324601684,,2026-02-04T18:41:41.988476,False,0.009490374599745444
100,2,0.05,20,147,10,20,0.00594782829284668,True,False,0.44904900735804526,0.4586052107917997,,2026-02-04T18:41:42.220811,False,0.009556203433754462
100,2,0.05,21,149,10,21,0.007253170013427734,True,False,0.4529300481960272,0.4570064411512995,,2026-02-04T18:41:42.450346,False,0.00407639295527229
100,2,0.05,22,154,10,22,0.006067037582397461,True,False,0.43506493506493504,0.454524371732164,,2026-02-04T18:41:42.680975,False,0.019459436667228935
100,2,0.05,23,151,10,23,0.006134986877441406,True,False,0.4733125740099118,0.4733125740099118,,2026-02-04T18:41:42.911160,True,0.0
100,2,0.05,24,171,10,24,0.0059108734130859375,True,False,0.45244690674053545,0.45244690674053545,,2026-02-04T18:41:43.140669,True,0.0
100,2,0.05,25,142,10,25,0.006623983383178711,True,False,0.4561594921642531,0.4561594921642531,,2026-02-04T18:41:43.371636,True,0.0
100,2,0.05,26,168,10,26,0.006263256072998047,True,False,0.4221761621315193,0.4384920634920635,,2026-02-04T18:41:43.603029,False,0.01631590136054417
100,2,0.05,27,168,10,27,0.006635904312133789,True,False,0.46285076530612246,0.46285076530612246,,2026-02-04T18:41:43.833030,True,0.0
100,2,0.05,28,170,10,28,0.007111787796020508,True,False,0.4491349480968857,0.4491349480968857,,2026-02-04T18:41:44.063662,True,0.0
100,2,0.05,29,156,10,29,0.006066083908081055,True,False,0.4723044049967127,0.4723044049967127,,2026-02-04T18:41:44.293266,True,0.0
100,2,0.05,30,155,10,30,0.007875204086303711,True,False,0.4398543184183142,0.44237252861602494,,2026-02-04T18:41:44.525640,False,0.0025182101977107574
100,2,0.05,31,140,10,31,0.006566762924194336,True,False,0.456734693877551,0.456734693877551,,2026-02-04T18:41:44.762386,True,0.0
100,2,0.05,32,146,10,32,0.006192922592163086,True,False,0.4612497654344154,0.46500281478701433,,2026-02-04T18:41:44.992227,False,0.003753049352598903
100,2,0.05,33,155,10,33,0.0065877437591552734,True,False,0.4631841831425598,0.4631841831425598,,2026-02-04T18:41:45.223364,True,0.0
100,2,0.05,34,165,10,34,0.006018161773681641,True,False,0.46361799816345267,0.46361799816345267,,2026-02-04T18:41:45.455802,True,0.0
100,2,0.05,35,154,10,35,0.006705045700073242,True,False,0.428550345758138,0.433947545960533,,2026-02-04T18:41:45.685757,False,0.0053972002023949806
100,2,0.05,36,153,10,36,0.006824970245361328,True,False,0.4476910589944039,0.4511726259131104,,2026-02-04T18:41:45.919479,False,0.0034815669187064913
100,2,0.05,37,165,10,37,0.006189823150634766,True,False,0.42791551882460965,0.4417998163452708,,2026-02-04T18:41:46.153079,False,0.01388429752066117
100,2,0.05,38,152,10,38,0.005992889404296875,True,False,0.43386426592797783,0.4798303324099724,,2026-02-04T18:41:46.384976,False,0.04596606648199458
100,2,0.05,39,161,10,39,0.0062329769134521484,True,False,0.4875390609930173,0.4875390609930173,,2026-02-04T18:41:46.619073,True,0.0
100,2,0.05,40,151,10,40,0.006257295608520508,True,False,0.47173369589053105,0.47173369589053105,,2026-02-04T18:41:46.850799,True,0.0
100,2,0.05,41,139,10,41,0.005970954895019531,True,False,0.46092334765281306,0.46540034159722576,,2026-02-04T18:41:47.082458,False,0.004476993944412699
100,2,0.05,42,150,10,42,0.006102085113525391,True,False,0.46486666666666654,0.46486666666666654,,2026-02-04T18:41:47.312203,True,0.0
100,2,0.05,43,161,10,43,0.0065419673919677734,True,False,0.4218008564484395,0.45158365803788436,,2026-02-04T18:41:47.542483,False,0.02978280158944485
100,2,0.05,44,157,10,44,0.00614619255065918,True,False,0.4546026207959755,0.4574627773946205,,2026-02-04T18:41:47.775152,False,0.0028601565986449695
100,2,0.05,45,160,10,45,0.006376981735229492,True,False,0.428046875,0.43341796875,,2026-02-04T18:41:48.006337,False,0.00537109375
100,2,0.05,46,143,10,46,0.006564140319824219,True,False,0.4654506332828011,0.4654506332828011,,2026-02-04T18:41:48.237651,True,0.0
100,2,0.05,47,154,10,47,0.00617218017578125,True,False,0.47326699274751216,0.47326699274751216,,2026-02-04T18:41:48.469229,True,0.0
100,2,0.05,48,147,10,48,0.006410837173461914,True,False,0.4614512471655329,0.4614512471655329,,2026-02-04T18:41:48.700062,True,0.0
100,2,0.05,49,166,10,49,0.006745815277099609,True,False,0.4759036144578314,0.4759036144578314,,2026-02-04T18:41:48.936080,True,0.0
100,2,0.05,50,161,10,50,0.01690220832824707,True,False,0.4130241888816018,0.42938158250067515,,2026-02-04T18:41:49.266796,False,0.016357393619073346
100,2,0.05,51,135,10,51,0.006808757781982422,True,False,0.44005486968449925,0.4441975308641975,,2026-02-04T18:41:49.569614,False,0.004142661179698248
100,2,0.05,52,164,10,52,0.009540081024169922,True,False,0.48079640095181436,0.48079640095181436,,2026-02-04T18:41:49.920372,True,0.0
100,2,0.05,53,150,10,53,0.007311105728149414,True,False,0.4479777777777777,0.4556444444444444,,2026-02-04T18:41:50.283394,False,0.0076666666666667105
100,2,0.05,54,150,10,54,0.007227897644042969,True,False,0.4266444444444444,0.4483333333333333,,2026-02-04T18:41:50.545612,False,0.021688888888888924
100,2,0.05,55,155,10,55,0.006483793258666992,True,False,0.44836628511966703,0.4507596253902185,,2026-02-04T18:41:50.791624,False,0.0023933402705514917
100,2,0.05,56,159,10,56,0.006886959075927734,True,False,0.44919109212452035,0.44919109212452035,,2026-02-04T18:41:51.042439,True,0.0
100,2,0.05,57,150,10,57,0.006917238235473633,True,False,0.45864444444444435,0.45864444444444435,,2026-02-04T18:41:51.315875,True,0.0
100,2,0.05,58,151,10,58,0.006123065948486328,True,False,0.46383930529362744,0.46383930529362744,,2026-02-04T18:41:51.560807,True,0.0
100,2,0.05,59,156,10,59,0.006876945495605469,True,False,0.43458251150558835,0.4562787639710716,,2026-02-04T18:41:51.807294,False,0.021696252465483234
100,2,0.05,60,154,10,60,0.007455110549926758,True,False,0.4597739922415247,0.4627888345420812,,2026-02-04T18:41:52.072179,False,0.003014842300556486
100,2,0.05,61,152,10,61,0.006618976593017578,True,False,0.458362188365651,0.458362188365651,,2026-02-04T18:41:52.307768,True,0.0
100,2,0.05,62,165,10,62,0.0060520172119140625,True,False,0.4757392102846648,0.4757392102846648,,2026-02-04T18:41:52.540479,True,0.0
100,2,0.05,63,165,10,63,0.0064907073974609375,True,False,0.4296786042240587,0.4362901744719926,,2026-02-04T18:41:52.771689,False,0.006611570247933907
100,2,0.05,64,145,10,64,0.007924079895019531,True,False,0.4744589774078478,0.4744589774078478,,2026-02-04T18:41:53.005520,True,0.0
100,2,0.05,65,141,10,65,0.0060520172119140625,True,False,0.44482168904984654,0.45742165887027814,,2026-02-04T18:41:53.241015,False,0.0125999698204316
100,2,0.05,66,142,10,66,0.00700688362121582,True,False,0.47884844276929184,0.47956754612180125,,2026-02-04T18:41:53.468773,False,0.0007191033525094093
100,2,0.05,67,151,10,67,0.006709098815917969,True,False,0.4547826849699574,0.4565589228542608,,2026-02-04T18:41:53.700723,False,0.0017762378843034221
100,2,0.05,68,160,10,68,0.0063381195068359375,True,False,0.44748046875,0.44999999999999996,,2026-02-04T18:41:53.929344,False,0.002519531249999929
100,2,0.05,69,138,10,69,0.00671696662902832,True,False,0.4498004620877967,0.45652173913043487,,2026-02-04T18:41:54.158728,False,0.006721277042638141
100,2,0.05,70,164,10,70,0.006960868835449219,True,False,0.45055026769779893,0.45055026769779893,,2026-02-04T18:41:54.392046,True,0.0
100,2,0.05,71,165,10,71,0.0064239501953125,True,False,0.4539210284664831,0.46427915518824603,,2026-02-04T18:41:54.618683,False,0.01035812672176295
100,2,0.05,72,135,10,72,0.006008148193359375,True,False,0.4629629629629629,0.4657338820301783,,2026-02-04T18:41:54.849715,False,0.0027709190672153827
100,2,0.05,73,157,10,73,0.006211757659912109,True,False,0.4597346748346789,0.4699582133149418,,2026-02-04T18:41:55.081017,False,0.010223538480262917
100,2,0.05,74,144,10,74,0.005975961685180664,True,False,0.45823688271604945,0.45823688271604945,,2026-02-04T18:41:55.308749,True,0.0
100,2,0.05,75,159,10,75,0.006155967712402344,True,False,0.4370871405403267,0.44729243305249,,2026-02-04T18:41:55.538903,False,0.010205292512163289
100,2,0.05,76,160,10,76,0.007128000259399414,True,False,0.45654296875,0.45654296875,,2026-02-04T18:41:55.766532,True,0.0
100,2,0.05,77,150,10,77,0.006190061569213867,True,False,0.47191111111111106,0.47191111111111106,,2026-02-04T18:41:55.995693,True,0.0
100,2,0.05,78,152,10,78,0.0061070919036865234,True,False,0.45392572714681434,0.45392572714681434,,2026-02-04T18:41:56.228212,True,0.0
100,2,0.05,79,153,10,79,0.0063419342041015625,True,False,0.4702464863941219,0.4702464863941219,,2026-02-04T18:41:56.455795,True,0.0
100,2,0.05,80,166,10,80,0.005858182907104492,True,False,0.43946871824647993,0.45011975613296573,,2026-02-04T18:41:56.687354,False,0.010651037886485804
100,2,0.05,81,154,10,81,0.006047248840332031,True,False,0.4433926463147243,0.4433926463147243,,2026-02-04T18:41:56.916990,True,0.0
100,2,0.05,82,158,10,82,0.006431102752685547,True,False,0.46817417080596063,0.46817417080596063,,2026-02-04T18:41:57.147412,True,0.0
100,2,0.05,83,153,10,83,0.005897998809814453,True,False,0.43118031526336026,0.44544833183818194,,2026-02-04T18:41:57.377395,False,0.014268016574821685
100,2,0.05,84,151,10,84,0.0063018798828125,True,False,0.44101135915091433,0.44101135915091433,,2026-02-04T18:41:57.605106,True,0.0
100,2,0.05,85,151,10,85,0.0063321590423583984,True,False,0.45171264418227264,0.4603964738388667,,2026-02-04T18:41:57.836050,False,0.008683829656594089
100,2,0.05,86,150,10,86,0.00698089599609375,True,False,0.45999999999999996,0.4733333333333334,,2026-02-04T18:41:58.068997,False,0.01333333333333342
100,2,0.05,87,155,10,87,0.006222724914550781,True,False,0.4357960457856399,0.4596045785639957,,2026-02-04T18:41:58.295678,False,0.023808532778355818
100,2,0.05,88,160,10,88,0.007203102111816406,True,False,0.4346875,0.44218749999999996,,2026-02-04T18:41:58.527695,False,0.007499999999999951
100,2,0.05,89,151,10,89,0.005670309066772461,True,False,0.46258936011578444,0.46258936011578444,,2026-02-04T18:41:58.768772,True,0.0
100,2,0.05,90,168,10,90,0.006016969680786133,True,False,0.44641085600907027,0.45060941043083896,,2026-02-04T18:41:58.996610,False,0.0041985544217686965
100,2,0.05,91,155,10,91,0.007147073745727539,True,False,0.4741727367325702,0.4741727367325702,,2026-02-04T18:41:59.230118,True,0.0
100,2,0.05,92,157,10,92,0.007673978805541992,True,False,0.4655766968234006,0.4655766968234006,,2026-02-04T18:41:59.478728,True,0.0
100,2,0.05,93,153,10,93,0.006663084030151367,True,False,0.4411764705882353,0.4500619419881243,,2026-02-04T18:41:59.728102,False,0.008885471399889044
100,2,0.05,94,141,10,94,0.006552934646606445,True,False,0.44172828328554903,0.44391630199688137,,2026-02-04T18:41:59.977897,False,0.00218801871133234
100,2,0.05,95,162,10,95,0.008331775665283203,True,False,0.4691167504953513,0.4814624295076969,,2026-02-04T18:42:00.218883,False,0.012345679012345623
100,2,0.05,96,161,10,96,0.006425142288208008,True,False,0.47513599012383784,0.47513599012383784,,2026-02-04T18:42:00.463583,True,0.0
100,2,0.05,97,157,10,97,0.007001161575317383,True,False,0.4346423790011765,0.4346423790011765,,2026-02-04T18:42:00.712732,True,0.0
100,2,0.05,98,147,10,98,0.006891965866088867,True,False,0.4558980054606877,0.4558980054606877,,2026-02-04T18:42:00.964313,True,0.0
100,2,0.05,99,152,10,99,0.007626056671142578,True,False,0.4736842105263158,0.4736842105263158,,2026-02-04T18:42:01.254762,True,0.0
100,2,0.05,0,149,20,0,0.006846904754638672,True,False,0.4290797711814784,0.4326832124679068,,2026-02-04T18:42:01.495391,False,0.0036034412864284215
100,2,0.05,1,152,20,1,0.006715297698974609,True,False,0.431786703601108,0.4374783587257618,,2026-02-04T18:42:01.730885,False,0.005691655124653805
100,2,0.05,2,142,20,2,0.006995201110839844,True,False,0.4506794286847847,0.4506794286847847,,2026-02-04T18:42:01.975432,True,0.0
100,2,0.05,3,141,20,3,0.006768703460693359,True,False,0.4767365826668679,0.47832101000955685,,2026-02-04T18:42:02.221823,False,0.0015844273426889321
100,2,0.05,4,154,20,4,0.006510019302368164,True,False,0.4309327036599764,0.4498018215550683,,2026-02-04T18:42:02.465830,False,0.018869117895091936
100,2,0.05,5,158,20,5,0.006562232971191406,True,False,0.4695561608716552,0.4695561608716552,,2026-02-04T18:42:02.727526,True,0.0
100,2,0.05,6,154,20,6,0.006680011749267578,True,False,0.4412211165457919,0.4602799797604993,,2026-02-04T18:42:02.958701,False,0.0190588632147074
100,2,0.05,7,149,20,7,0.006556987762451172,True,False,0.4815098418990136,0.4815098418990136,,2026-02-04T18:42:03.189324,True,0.0
100,2,0.05,8,154,20,8,0.006595611572265625,True,False,0.428550345758138,0.4433926463147243,,2026-02-04T18:42:03.420382,False,0.014842300556586308
100,2,0.05,9,147,20,9,0.00656890869140625,True,False,0.4835947984636032,0.4835947984636032,,2026-02-04T18:42:03.650830,True,0.0
100,2,0.05,10,148,20,10,0.0060579776763916016,True,False,0.46619338933528126,0.46619338933528126,,2026-02-04T18:42:03.880129,True,0.0
100,2,0.05,11,151,20,11,0.00667881965637207,True,False,0.4671724924345423,0.4671724924345423,,2026-02-04T18:42:04.110308,True,0.0
100,2,0.05,12,161,20,12,0.006348133087158203,True,False,0.45067705721229884,0.45067705721229884,,2026-02-04T18:42:04.338374,True,0.0
100,2,0.05,13,155,20,13,0.0067179203033447266,True,False,0.4860770031217482,0.4860770031217482,,2026-02-04T18:42:04.568340,True,0.0
100,2,0.05,14,151,20,14,0.006798982620239258,True,False,0.4300688566290953,0.4389939037761501,,2026-02-04T18:42:04.798957,False,0.008925047147054832
100,2,0.05,15,140,20,15,0.006391763687133789,True,False,0.44030612244897954,0.44997448979591836,,2026-02-04T18:42:05.027022,False,0.009668367346938822
100,2,0.05,16,155,20,16,0.007189035415649414,True,False,0.47232049947970856,0.47232049947970856,,2026-02-04T18:42:05.258415,True,0.0
100,2,0.05,17,156,20,17,0.0066182613372802734,True,False,0.46349030243261014,0.46349030243261014,,2026-02-04T18:42:05.486378,True,0.0
100,2,0.05,18,155,20,18,0.006614208221435547,True,False,0.44869927159209155,0.4552757544224766,,2026-02-04T18:42:05.718872,False,0.006576482830385033
100,2,0.05,19,161,20,19,0.006051063537597656,True,False,0.46664866324601684,0.46664866324601684,,2026-02-04T18:42:05.950209,True,0.0
100,2,0.05,20,147,20,20,0.006432056427001953,True,False,0.44904900735804526,0.4586052107917997,,2026-02-04T18:42:06.178198,False,0.009556203433754462
100,2,0.05,21,149,20,21,0.0062639713287353516,True,False,0.4529300481960272,0.4570064411512995,,2026-02-04T18:42:06.408637,False,0.00407639295527229
100,2,0.05,22,154,20,22,0.006196022033691406,True,False,0.43506493506493504,0.454524371732164,,2026-02-04T18:42:06.637941,False,0.019459436667228935
100,2,0.05,23,151,20,23,0.005964040756225586,True,False,0.4733125740099118,0.4733125740099118,,2026-02-04T18:42:06.865632,True,0.0
100,2,0.05,24,171,20,24,0.0072269439697265625,True,False,0.45244690674053545,0.45244690674053545,,2026-02-04T18:42:07.095279,True,0.0
100,2,0.05,25,142,20,25,0.006365776062011719,True,False,0.4561594921642531,0.4561594921642531,,2026-02-04T18:42:07.322641,True,0.0
100,2,0.05,26,168,20,26,0.00665593147277832,True,False,0.4340809240362812,0.4384920634920635,,2026-02-04T18:42:07.552027,False,0.004411139455782309
100,2,0.05,27,168,20,27,0.006246805191040039,True,False,0.46285076530612246,0.46285076530612246,,2026-02-04T18:42:07.783640,True,0.0
100,2,0.05,28,170,20,28,0.005972146987915039,True,False,0.4491349480968857,0.4491349480968857,,2026-02-04T18:42:08.009417,True,0.0
100,2,0.05,29,156,20,29,0.006930828094482422,True,False,0.4723044049967127,0.4723044049967127,,2026-02-04T18:42:08.240576,True,0.0
100,2,0.05,30,155,20,30,0.0070307254791259766,True,False,0.44237252861602494,0.44237252861602494,,2026-02-04T18:42:08.469594,True,0.0
100,2,0.05,31,140,20,31,0.006409883499145508,True,False,0.456734693877551,0.456734693877551,,2026-02-04T18:42:08.697832,True,0.0
100,2,0.05,32,146,20,32,0.0072977542877197266,True,False,0.4612497654344154,0.46500281478701433,,2026-02-04T18:42:08.929222,False,0.003753049352598903
100,2,0.05,33,155,20,33,0.00664520263671875,True,False,0.4631841831425598,0.4631841831425598,,2026-02-04T18:42:09.155908,True,0.0
100,2,0.05,34,165,20,34,0.006494760513305664,True,False,0.46361799816345267,0.46361799816345267,,2026-02-04T18:42:09.385030,True,0.0
100,2,0.05,35,154,20,35,0.006307125091552734,True,False,0.428550345758138,0.433947545960533,,2026-02-04T18:42:09.617655,False,0.0053972002023949806
100,2,0.05,36,153,20,36,0.007417201995849609,True,False,0.4476910589944039,0.4511726259131104,,2026-02-04T18:42:09.846283,False,0.0034815669187064913
100,2,0.05,37,165,20,37,0.006727933883666992,True,False,0.4417998163452708,0.4417998163452708,,2026-02-04T18:42:10.076939,True,0.0
100,2,0.05,38,152,20,38,0.0065212249755859375,True,False,0.4766057825484765,0.4798303324099724,,2026-02-04T18:42:10.307303,False,0.0032245498614958956
100,2,0.05,39,161,20,39,0.0064351558685302734,True,False,0.4875390609930173,0.4875390609930173,,2026-02-04T18:42:10.535765,True,0.0
100,2,0.05,40,151,20,40,0.006776094436645508,True,False,0.47173369589053105,0.47173369589053105,,2026-02-04T18:42:10.769178,True,0.0
100,2,0.05,41,139,20,41,0.006471157073974609,True,False,0.46092334765281306,0.46540034159722576,,2026-02-04T18:42:10.996485,False,0.004476993944412699
100,2,0.05,42,150,20,42,0.006693124771118164,True,False,0.46486666666666654,0.46486666666666654,,2026-02-04T18:42:11.226259,True,0.0
100,2,0.05,43,161,20,43,0.006329774856567383,True,False,0.45158365803788436,0.45158365803788436,,2026-02-04T18:42:11.456866,True,0.0
100,2,0.05,44,157,20,44,0.006502866744995117,True,False,0.4546026207959755,0.4574627773946205,,2026-02-04T18:42:11.682417,False,0.0028601565986449695
100,2,0.05,45,160,20,45,0.006576061248779297,True,False,0.428046875,0.43341796875,,2026-02-04T18:42:11.914604,False,0.00537109375
100,2,0.05,46,143,20,46,0.006499767303466797,True,False,0.4654506332828011,0.4654506332828011,,2026-02-04T18:42:12.141389,True,0.0
100,2,0.05,47,154,20,47,0.0069119930267333984,True,False,0.47326699274751216,0.47326699274751216,,2026-02-04T18:42:12.372120,True,0.0
100,2,0.05,48,147,20,48,0.007216930389404297,True,False,0.4614512471655329,0.4614512471655329,,2026-02-04T18:42:12.603357,True,0.0
100,2,0.05,49,166,20,49,0.0062580108642578125,True,False,0.4759036144578314,0.4759036144578314,,2026-02-04T18:42:12.828506,True,0.0
100,2,0.05,50,161,20,50,0.006108760833740234,True,False,0.4192546583850931,0.42938158250067515,,2026-02-04T18:42:13.057014,False,0.010126924115582026
100,2,0.05,51,135,20,51,0.006674766540527344,True,False,0.44005486968449925,0.4441975308641975,,2026-02-04T18:42:13.288673,False,0.004142661179698248
100,2,0.05,52,164,20,52,0.006120920181274414,True,False,0.48079640095181436,0.48079640095181436,,2026-02-04T18:42:13.512624,True,0.0
100,2,0.05,53,150,20,53,0.006192922592163086,True,False,0.453311111111111,0.4556444444444444,,2026-02-04T18:42:13.742377,False,0.0023333333333334094
100,2,0.05,54,150,20,54,0.006222248077392578,True,False,0.44586666666666663,0.4483333333333333,,2026-02-04T18:42:13.972329,False,0.0024666666666666726
100,2,0.05,55,155,20,55,0.006580829620361328,True,False,0.44836628511966703,0.4507596253902185,,2026-02-04T18:42:14.201031,False,0.0023933402705514917
100,2,0.05,56,159,20,56,0.007581949234008789,True,False,0.44919109212452035,0.44919109212452035,,2026-02-04T18:42:14.435424,True,0.0
100,2,0.05,57,150,20,57,0.00714874267578125,True,False,0.45864444444444435,0.45864444444444435,,2026-02-04T18:42:14.661970,True,0.0
100,2,0.05,58,151,20,58,0.00630497932434082,True,False,0.46383930529362744,0.46383930529362744,,2026-02-04T18:42:14.893622,True,0.0
100,2,0.05,59,156,20,59,0.006880760192871094,True,False,0.4476495726495726,0.4562787639710716,,2026-02-04T18:42:15.123387,False,0.008629191321498975
100,2,0.05,60,154,20,60,0.006426334381103516,True,False,0.4597739922415247,0.4627888345420812,,2026-02-04T18:42:15.351318,False,0.003014842300556486
100,2,0.05,61,152,20,61,0.0062999725341796875,True,False,0.458362188365651,0.458362188365651,,2026-02-04T18:42:15.582555,True,0.0
100,2,0.05,62,165,20,62,0.006976127624511719,True,False,0.4757392102846648,0.4757392102846648,,2026-02-04T18:42:15.810328,True,0.0
100,2,0.05,63,165,20,63,0.0068171024322509766,True,False,0.4296786042240587,0.4362901744719926,,2026-02-04T18:42:16.042626,False,0.006611570247933907
100,2,0.05,64,145,20,64,0.00687408447265625,True,False,0.4744589774078478,0.4744589774078478,,2026-02-04T18:42:16.274784,True,0.0
100,2,0.05,65,141,20,65,0.006599903106689453,True,False,0.44482168904984654,0.45742165887027814,,2026-02-04T18:42:16.502874,False,0.0125999698204316
100,2,0.05,66,142,20,66,0.006997823715209961,True,False,0.47956754612180125,0.47956754612180125,,2026-02-04T18:42:16.732130,True,0.0
100,2,0.05,67,151,20,67,0.006726264953613281,True,False,0.4547826849699574,0.4565589228542608,,2026-02-04T18:42:16.962419,False,0.0017762378843034221
100,2,0.05,68,160,20,68,0.006592988967895508,True,False,0.44748046875,0.44999999999999996,,2026-02-04T18:42:17.190075,False,0.002519531249999929
100,2,0.05,69,138,20,69,0.0066680908203125,True,False,0.4498004620877967,0.45652173913043487,,2026-02-04T18:42:17.421271,False,0.006721277042638141
100,2,0.05,70,164,20,70,0.005959987640380859,True,False,0.45055026769779893,0.45055026769779893,,2026-02-04T18:42:17.647800,True,0.0
100,2,0.05,71,165,20,71,0.00634002685546875,True,False,0.4539210284664831,0.46427915518824603,,2026-02-04T18:42:17.877449,False,0.01035812672176295
100,2,0.05,72,135,20,72,0.007016897201538086,True,False,0.4629629629629629,0.4657338820301783,,2026-02-04T18:42:18.108894,False,0.0027709190672153827
100,2,0.05,73,157,20,73,0.0073511600494384766,True,False,0.4597346748346789,0.4699582133149418,,2026-02-04T18:42:18.337455,False,0.010223538480262917
100,2,0.05,74,144,20,74,0.006295204162597656,True,False,0.45823688271604945,0.45823688271604945,,2026-02-04T18:42:18.568668,True,0.0
100,2,0.05,75,159,20,75,0.04725909233093262,True,False,0.4433171156204264,0.44729243305249,,2026-02-04T18:42:18.838742,False,0.003975317432063585
100,2,0.05,76,160,20,76,0.006467103958129883,True,False,0.45654296875,0.45654296875,,2026-02-04T18:42:19.076091,True,0.0
100,2,0.05,77,150,20,77,0.005984067916870117,True,False,0.47191111111111106,0.47191111111111106,,2026-02-04T18:42:19.307793,True,0.0
100,2,0.05,78,152,20,78,0.006685733795166016,True,False,0.45392572714681434,0.45392572714681434,,2026-02-04T18:42:19.535012,True,0.0
100,2,0.05,79,153,20,79,0.006537914276123047,True,False,0.4702464863941219,0.4702464863941219,,2026-02-04T18:42:19.767782,True,0.0
100,2,0.05,80,166,20,80,0.006380796432495117,True,False,0.45011975613296573,0.45011975613296573,,2026-02-04T18:42:19.996588,True,0.0
100,2,0.05,81,154,20,81,0.0063936710357666016,True,False,0.4433926463147243,0.4433926463147243,,2026-02-04T18:42:20.223737,True,0.0
100,2,0.05,82,158,20,82,0.006673097610473633,True,False,0.46817417080596063,0.46817417080596063,,2026-02-04T18:42:20.455316,True,0.0
100,2,0.05,83,153,20,83,0.006165742874145508,True,False,0.43795121534452564,0.44544833183818194,,2026-02-04T18:42:20.683850,False,0.007497116493656308
100,2,0.05,84,151,20,84,0.007216215133666992,True,False,0.44101135915091433,0.44101135915091433,,2026-02-04T18:42:20.917402,True,0.0
100,2,0.05,85,151,20,85,0.0065538883209228516,True,False,0.45171264418227264,0.4603964738388667,,2026-02-04T18:42:21.151203,False,0.008683829656594089
100,2,0.05,86,150,20,86,0.00715327262878418,True,False,0.4733333333333334,0.4733333333333334,,2026-02-04T18:42:21.376761,True,0.0
100,2,0.05,87,155,20,87,0.006467103958129883,True,False,0.4357960457856399,0.4596045785639957,,2026-02-04T18:42:21.607268,False,0.023808532778355818
100,2,0.05,88,160,20,88,0.006539821624755859,True,False,0.4346875,0.44218749999999996,,2026-02-04T18:42:21.835749,False,0.007499999999999951
100,2,0.05,89,151,20,89,0.0064198970794677734,True,False,0.46258936011578444,0.46258936011578444,,2026-02-04T18:42:22.063846,True,0.0
100,2,0.05,90,168,20,90,0.007372856140136719,True,False,0.45060941043083896,0.45060941043083896,,2026-02-04T18:42:22.294509,True,0.0
100,2,0.05,91,155,20,91,0.0065898895263671875,True,False,0.4741727367325702,0.4741727367325702,,2026-02-04T18:42:22.519149,True,0.0
100,2,0.05,92,157,20,92,0.006578922271728516,True,False,0.4655766968234006,0.4655766968234006,,2026-02-04T18:42:22.752288,True,0.0
100,2,0.05,93,153,20,93,0.007168769836425781,True,False,0.4411764705882353,0.4500619419881243,,2026-02-04T18:42:22.986319,False,0.008885471399889044
100,2,0.05,94,141,20,94,0.006680011749267578,True,False,0.44172828328554903,0.44391630199688137,,2026-02-04T18:42:23.213937,False,0.00218801871133234
100,2,0.05,95,162,20,95,0.006349086761474609,True,False,0.4814624295076969,0.4814624295076969,,2026-02-04T18:42:23.450187,True,0.0
100,2,0.05,96,161,20,96,0.00640106201171875,True,False,0.47513599012383784,0.47513599012383784,,2026-02-04T18:42:23.677667,True,0.0
100,2,0.05,97,157,20,97,0.00643610954284668,True,False,0.4346423790011765,0.4346423790011765,,2026-02-04T18:42:23.909944,True,0.0
100,2,0.05,98,147,20,98,0.007129669189453125,True,False,0.4558980054606877,0.4558980054606877,,2026-02-04T18:42:24.143262,True,0.0
100,2,0.05,99,152,20,99,0.006803989410400391,True,False,0.4736842105263158,0.4736842105263158,,2026-02-04T18:42:24.371147,True,0.0
100,2,0.05,0,149,50,0,0.008136749267578125,True,False,0.4298905454709247,0.4326832124679068,,2026-02-04T18:42:24.605433,False,0.002792666996982107
100,2,0.05,1,152,50,1,0.006994962692260742,True,False,0.4359201869806094,0.4374783587257618,,2026-02-04T18:42:24.837511,False,0.0015581717451523813
100,2,0.05,2,142,50,2,0.0068378448486328125,True,False,0.4506794286847847,0.4506794286847847,,2026-02-04T18:42:25.066392,True,0.0
100,2,0.05,3,141,50,3,0.007339000701904297,True,False,0.4767365826668679,0.47832101000955685,,2026-02-04T18:42:25.300537,False,0.0015844273426889321
100,2,0.05,4,154,50,4,0.00700688362121582,True,False,0.4349806038117726,0.4498018215550683,,2026-02-04T18:42:25.527968,False,0.0148212177432957
100,2,0.05,5,158,50,5,0.007412910461425781,True,False,0.4695561608716552,0.4695561608716552,,2026-02-04T18:42:25.758625,True,0.0
100,2,0.05,6,154,50,6,0.0073969364166259766,True,False,0.454524371732164,0.4602799797604993,,2026-02-04T18:42:25.989982,False,0.005755608028335302
100,2,0.05,7,149,50,7,0.0069582462310791016,True,False,0.4815098418990136,0.4815098418990136,,2026-02-04T18:42:26.216855,True,0.0
100,2,0.05,8,154,50,8,0.00732111930847168,True,False,0.44136869623882613,0.4433926463147243,,2026-02-04T18:42:26.449112,False,0.0020239500758981732
100,2,0.05,9,147,50,9,0.0068051815032958984,True,False,0.4835947984636032,0.4835947984636032,,2026-02-04T18:42:26.678186,True,0.0
100,2,0.05,10,148,50,10,0.007223844528198242,True,False,0.46619338933528126,0.46619338933528126,,2026-02-04T18:42:26.907555,True,0.0
100,2,0.05,11,151,50,11,0.0071620941162109375,True,False,0.4671724924345423,0.4671724924345423,,2026-02-04T18:42:27.138478,True,0.0
100,2,0.05,12,161,50,12,0.007082939147949219,True,False,0.45067705721229884,0.45067705721229884,,2026-02-04T18:42:27.366366,True,0.0
100,2,0.05,13,155,50,13,0.007057905197143555,True,False,0.4860770031217482,0.4860770031217482,,2026-02-04T18:42:27.597853,True,0.0
100,2,0.05,14,151,50,14,0.007276058197021484,True,False,0.4337529055743169,0.4389939037761501,,2026-02-04T18:42:27.827669,False,0.0052409982018332135
100,2,0.05,15,140,50,15,0.007088184356689453,True,False,0.44997448979591836,0.44997448979591836,,2026-02-04T18:42:28.055888,True,0.0
100,2,0.05,16,155,50,16,0.007214069366455078,True,False,0.47232049947970856,0.47232049947970856,,2026-02-04T18:42:28.285018,True,0.0
100,2,0.05,17,156,50,17,0.006999015808105469,True,False,0.46349030243261014,0.46349030243261014,,2026-02-04T18:42:28.516525,True,0.0
100,2,0.05,18,155,50,18,0.008247852325439453,True,False,0.45367325702393335,0.4552757544224766,,2026-02-04T18:42:28.748294,False,0.0016024973985432345
100,2,0.05,19,161,50,19,0.007193088531494141,True,False,0.46664866324601684,0.46664866324601684,,2026-02-04T18:42:28.981092,True,0.0
100,2,0.05,20,147,50,20,0.006932973861694336,True,False,0.44904900735804526,0.4586052107917997,,2026-02-04T18:42:29.209000,False,0.009556203433754462
100,2,0.05,21,149,50,21,0.006758213043212891,True,False,0.4530201342281879,0.4570064411512995,,2026-02-04T18:42:29.439836,False,0.003986306923111638
100,2,0.05,22,154,50,22,0.0067119598388671875,True,False,0.454524371732164,0.454524371732164,,2026-02-04T18:42:29.671487,True,0.0
100,2,0.05,23,151,50,23,0.0072557926177978516,True,False,0.4733125740099118,0.4733125740099118,,2026-02-04T18:42:29.901236,True,0.0
100,2,0.05,24,171,50,24,0.0068531036376953125,True,False,0.45244690674053545,0.45244690674053545,,2026-02-04T18:42:30.131331,True,0.0
100,2,0.05,25,142,50,25,0.006921052932739258,True,False,0.4561594921642531,0.4561594921642531,,2026-02-04T18:42:30.360401,True,0.0
100,2,0.05,26,168,50,26,0.0067901611328125,True,False,0.4384920634920635,0.4384920634920635,,2026-02-04T18:42:30.590696,True,0.0
100,2,0.05,27,168,50,27,0.006982088088989258,True,False,0.46285076530612246,0.46285076530612246,,2026-02-04T18:42:30.821623,True,0.0
100,2,0.05,28,170,50,28,0.0075609683990478516,True,False,0.4491349480968857,0.4491349480968857,,2026-02-04T18:42:31.051306,True,0.0
100,2,0.05,29,156,50,29,0.007277011871337891,True,False,0.4723044049967127,0.4723044049967127,,2026-02-04T18:42:31.280739,True,0.0
100,2,0.05,30,155,50,30,0.007509946823120117,True,False,0.44237252861602494,0.44237252861602494,,2026-02-04T18:42:31.513354,True,0.0
100,2,0.05,31,140,50,31,0.007745027542114258,True,False,0.456734693877551,0.456734693877551,,2026-02-04T18:42:31.741423,True,0.0
100,2,0.05,32,146,50,32,0.007285118103027344,True,False,0.4612497654344154,0.46500281478701433,,2026-02-04T18:42:31.972458,False,0.003753049352598903
100,2,0.05,33,155,50,33,0.006977081298828125,True,False,0.4631841831425598,0.4631841831425598,,2026-02-04T18:42:32.200394,True,0.0
100,2,0.05,34,165,50,34,0.007497072219848633,True,False,0.46361799816345267,0.46361799816345267,,2026-02-04T18:42:32.430376,True,0.0
100,2,0.05,35,154,50,35,0.007085084915161133,True,False,0.428550345758138,0.433947545960533,,2026-02-04T18:42:32.664253,False,0.0053972002023949806
100,2,0.05,36,153,50,36,0.006864786148071289,True,False,0.4476910589944039,0.4511726259131104,,2026-02-04T18:42:32.892054,False,0.0034815669187064913
100,2,0.05,37,165,50,37,0.0071947574615478516,True,False,0.4417998163452708,0.4417998163452708,,2026-02-04T18:42:33.124286,True,0.0
100,2,0.05,38,152,50,38,0.007341861724853516,True,False,0.4766057825484765,0.4798303324099724,,2026-02-04T18:42:33.356500,False,0.0032245498614958956
100,2,0.05,39,161,50,39,0.008096456527709961,True,False,0.4875390609930173,0.4875390609930173,,2026-02-04T18:42:33.585890,True,0.0
100,2,0.05,40,151,50,40,0.0070307254791259766,True,False,0.47173369589053105,0.47173369589053105,,2026-02-04T18:42:33.816731,True,0.0
100,2,0.05,41,139,50,41,0.007544040679931641,True,False,0.46092334765281306,0.46540034159722576,,2026-02-04T18:42:34.044584,False,0.004476993944412699
100,2,0.05,42,150,50,42,0.007268190383911133,True,False,0.46486666666666654,0.46486666666666654,,2026-02-04T18:42:34.275279,True,0.0
100,2,0.05,43,161,50,43,0.006815910339355469,True,False,0.45158365803788436,0.45158365803788436,,2026-02-04T18:42:34.508374,True,0.0
100,2,0.05,44,157,50,44,0.007539987564086914,True,False,0.45646882226459495,0.4574627773946205,,2026-02-04T18:42:34.735736,False,0.0009939551300255367
100,2,0.05,45,160,50,45,0.006951808929443359,True,False,0.428046875,0.43341796875,,2026-02-04T18:42:34.965827,False,0.00537109375
100,2,0.05,46,143,50,46,0.006918191909790039,True,False,0.4654506332828011,0.4654506332828011,,2026-02-04T18:42:35.194593,True,0.0
100,2,0.05,47,154,50,47,0.006973981857299805,True,False,0.47326699274751216,0.47326699274751216,,2026-02-04T18:42:35.423785,True,0.0
100,2,0.05,48,147,50,48,0.007252931594848633,True,False,0.4614512471655329,0.4614512471655329,,2026-02-04T18:42:35.654165,True,0.0
100,2,0.05,49,166,50,49,0.008100748062133789,True,False,0.4759036144578314,0.4759036144578314,,2026-02-04T18:42:35.880904,True,0.0
100,2,0.05,50,161,50,50,0.007731199264526367,True,False,0.4192546583850931,0.42938158250067515,,2026-02-04T18:42:36.112657,False,0.010126924115582026
100,2,0.05,51,135,50,51,0.007364988327026367,True,False,0.4441975308641975,0.4441975308641975,,2026-02-04T18:42:36.342983,True,0.0
100,2,0.05,52,164,50,52,0.007681846618652344,True,False,0.48079640095181436,0.48079640095181436,,2026-02-04T18:42:36.570903,True,0.0
100,2,0.05,53,150,50,53,0.007179975509643555,True,False,0.453311111111111,0.4556444444444444,,2026-02-04T18:42:36.803001,False,0.0023333333333334094
100,2,0.05,54,150,50,54,0.007636070251464844,True,False,0.44586666666666663,0.4483333333333333,,2026-02-04T18:42:37.035285,False,0.0024666666666666726
100,2,0.05,55,155,50,55,0.00687718391418457,True,False,0.44836628511966703,0.4507596253902185,,2026-02-04T18:42:37.267193,False,0.0023933402705514917
100,2,0.05,56,159,50,56,0.00705409049987793,True,False,0.44919109212452035,0.44919109212452035,,2026-02-04T18:42:37.499192,True,0.0
100,2,0.05,57,150,50,57,0.007234811782836914,True,False,0.45864444444444435,0.45864444444444435,,2026-02-04T18:42:37.727358,True,0.0
100,2,0.05,58,151,50,58,0.006669044494628906,True,False,0.46383930529362744,0.46383930529362744,,2026-02-04T18:42:37.957034,True,0.0
100,2,0.05,59,156,50,59,0.006871938705444336,True,False,0.4546145627876397,0.4562787639710716,,2026-02-04T18:42:38.188269,False,0.0016642011834319126
100,2,0.05,60,154,50,60,0.00743865966796875,True,False,0.4597739922415247,0.4627888345420812,,2026-02-04T18:42:38.416504,False,0.003014842300556486
100,2,0.05,61,152,50,61,0.006866931915283203,True,False,0.458362188365651,0.458362188365651,,2026-02-04T18:42:38.646493,True,0.0
100,2,0.05,62,165,50,62,0.007134914398193359,True,False,0.4757392102846648,0.4757392102846648,,2026-02-04T18:42:38.874983,True,0.0
100,2,0.05,63,165,50,63,0.007063150405883789,True,False,0.43377410468319555,0.4362901744719926,,2026-02-04T18:42:39.105411,False,0.0025160697887970374
100,2,0.05,64,145,50,64,0.006743192672729492,True,False,0.4744589774078478,0.4744589774078478,,2026-02-04T18:42:39.338492,True,0.0
100,2,0.05,65,141,50,65,0.007503032684326172,True,False,0.44482168904984654,0.45742165887027814,,2026-02-04T18:42:39.566745,False,0.0125999698204316
100,2,0.05,66,142,50,66,0.007180213928222656,True,False,0.47956754612180125,0.47956754612180125,,2026-02-04T18:42:39.799099,True,0.0
100,2,0.05,67,151,50,67,0.006680011749267578,True,False,0.4547826849699574,0.4565589228542608,,2026-02-04T18:42:40.029416,False,0.0017762378843034221
100,2,0.05,68,160,50,68,0.006801128387451172,True,False,0.44748046875,0.44999999999999996,,2026-02-04T18:42:40.256974,False,0.002519531249999929
100,2,0.05,69,138,50,69,0.007321834564208984,True,False,0.4498004620877967,0.45652173913043487,,2026-02-04T18:42:40.488738,False,0.006721277042638141
100,2,0.05,70,164,50,70,0.006680727005004883,True,False,0.45055026769779893,0.45055026769779893,,2026-02-04T18:42:40.715113,True,0.0
100,2,0.05,71,165,50,71,0.007245779037475586,True,False,0.4539210284664831,0.46427915518824603,,2026-02-04T18:42:40.946298,False,0.01035812672176295
100,2,0.05,72,135,50,72,0.007361173629760742,True,False,0.4657338820301783,0.4657338820301783,,2026-02-04T18:42:41.176900,True,0.0
100,2,0.05,73,157,50,73,0.007328987121582031,True,False,0.4597346748346789,0.4699582133149418,,2026-02-04T18:42:41.404764,False,0.010223538480262917
100,2,0.05,74,144,50,74,0.007196903228759766,True,False,0.45823688271604945,0.45823688271604945,,2026-02-04T18:42:41.635887,True,0.0
100,2,0.05,75,159,50,75,0.0071179866790771484,True,False,0.4433171156204264,0.44729243305249,,2026-02-04T18:42:41.866090,False,0.003975317432063585
100,2,0.05,76,160,50,76,0.007399797439575195,True,False,0.45654296875,0.45654296875,,2026-02-04T18:42:42.096666,True,0.0
100,2,0.05,77,150,50,77,0.007354021072387695,True,False,0.47191111111111106,0.47191111111111106,,2026-02-04T18:42:42.328279,True,0.0
100,2,0.05,78,152,50,78,0.006966114044189453,True,False,0.45392572714681434,0.45392572714681434,,2026-02-04T18:42:42.556237,True,0.0
100,2,0.05,79,153,50,79,0.007375001907348633,True,False,0.4702464863941219,0.4702464863941219,,2026-02-04T18:42:42.786317,True,0.0
100,2,0.05,80,166,50,80,0.0072650909423828125,True,False,0.45011975613296573,0.45011975613296573,,2026-02-04T18:42:43.018468,True,0.0
100,2,0.05,81,154,50,81,0.00778508186340332,True,False,0.4433926463147243,0.4433926463147243,,2026-02-04T18:42:43.245679,True,0.0
100,2,0.05,82,158,50,82,0.0068891048431396484,True,False,0.46817417080596063,0.46817417080596063,,2026-02-04T18:42:43.478263,True,0.0
100,2,0.05,83,153,50,83,0.007171154022216797,True,False,0.43795121534452564,0.44544833183818194,,2026-02-04T18:42:43.706800,False,0.007497116493656308
100,2,0.05,84,151,50,84,0.007067203521728516,True,False,0.44101135915091433,0.44101135915091433,,2026-02-04T18:42:43.934507,True,0.0
100,2,0.05,85,151,50,85,0.00704193115234375,True,False,0.45171264418227264,0.4603964738388667,,2026-02-04T18:42:44.166972,False,0.008683829656594089
100,2,0.05,86,150,50,86,0.007032632827758789,True,False,0.4733333333333334,0.4733333333333334,,2026-02-04T18:42:44.392870,True,0.0
100,2,0.05,87,155,50,87,0.006932973861694336,True,False,0.4596045785639957,0.4596045785639957,,2026-02-04T18:42:44.624831,True,0.0
100,2,0.05,88,160,50,88,0.007725238800048828,True,False,0.4346875,0.44218749999999996,,2026-02-04T18:42:44.856603,False,0.007499999999999951
100,2,0.05,89,151,50,89,0.007378816604614258,True,False,0.46258936011578444,0.46258936011578444,,2026-02-04T18:42:45.082849,True,0.0
100,2,0.05,90,168,50,90,0.006863117218017578,True,False,0.45060941043083896,0.45060941043083896,,2026-02-04T18:42:45.313282,True,0.0
100,2,0.05,91,155,50,91,0.007172822952270508,True,False,0.4741727367325702,0.4741727367325702,,2026-02-04T18:42:45.542548,True,0.0
100,2,0.05,92,157,50,92,0.007319927215576172,True,False,0.4655766968234006,0.4655766968234006,,2026-02-04T18:42:45.771602,True,0.0
100,2,0.05,93,153,50,93,0.0069811344146728516,True,False,0.4411764705882353,0.4500619419881243,,2026-02-04T18:42:46.004660,False,0.008885471399889044
100,2,0.05,94,141,50,94,0.007642030715942383,True,False,0.44220612645239166,0.44391630199688137,,2026-02-04T18:42:46.233697,False,0.0017101755444897115
100,2,0.05,95,162,50,95,0.007143974304199219,True,False,0.4814624295076969,0.4814624295076969,,2026-02-04T18:42:46.464735,True,0.0
100,2,0.05,96,161,50,96,0.00705409049987793,True,False,0.47513599012383784,0.47513599012383784,,2026-02-04T18:42:46.697195,True,0.0
100,2,0.05,97,157,50,97,0.007138729095458984,True,False,0.4346423790011765,0.4346423790011765,,2026-02-04T18:42:46.925286,True,0.0
100,2,0.05,98,147,50,98,0.007136821746826172,True,False,0.4558980054606877,0.4558980054606877,,2026-02-04T18:42:47.157850,True,0.0
100,2,0.05,99,152,50,99,0.0075490474700927734,True,False,0.4736842105263158,0.4736842105263158,,2026-02-04T18:42:47.385335,True,0.0
100,2,0.05,0,149,100,0,0.008984088897705078,True,False,0.4298905454709247,0.4326832124679068,,2026-02-04T18:42:47.618440,False,0.002792666996982107
100,2,0.05,1,152,100,1,0.00843191146850586,True,False,0.4374783587257618,0.4374783587257618,,2026-02-04T18:42:47.852375,True,0.0
100,2,0.05,2,142,100,2,0.007990837097167969,True,False,0.4506794286847847,0.4506794286847847,,2026-02-04T18:42:48.080355,True,0.0
100,2,0.05,3,141,100,3,0.008032083511352539,True,False,0.47832101000955685,0.47832101000955685,,2026-02-04T18:42:48.314168,True,0.0
100,2,0.05,4,154,100,4,0.00833582878112793,True,False,0.4349806038117726,0.4498018215550683,,2026-02-04T18:42:48.545771,False,0.0148212177432957
100,2,0.05,5,158,100,5,0.04114413261413574,True,False,0.4695561608716552,0.4695561608716552,,2026-02-04T18:42:48.810365,True,0.0
100,2,0.05,6,154,100,6,0.009614944458007812,True,False,0.4602799797604993,0.4602799797604993,,2026-02-04T18:42:49.068128,True,0.0
100,2,0.05,7,149,100,7,0.014857053756713867,True,False,0.4815098418990136,0.4815098418990136,,2026-02-04T18:42:49.335431,True,0.0
100,2,0.05,8,154,100,8,0.009607791900634766,True,False,0.4433926463147243,0.4433926463147243,,2026-02-04T18:42:49.605275,True,0.0
100,2,0.05,9,147,100,9,0.00860905647277832,True,False,0.4835947984636032,0.4835947984636032,,2026-02-04T18:42:49.860842,True,0.0
100,2,0.05,10,148,100,10,0.008360862731933594,True,False,0.46619338933528126,0.46619338933528126,,2026-02-04T18:42:50.210070,True,0.0
100,2,0.05,11,151,100,11,0.009174108505249023,True,False,0.4671724924345423,0.4671724924345423,,2026-02-04T18:42:50.468467,True,0.0
100,2,0.05,12,161,100,12,0.008939027786254883,True,False,0.45067705721229884,0.45067705721229884,,2026-02-04T18:42:50.705720,True,0.0
100,2,0.05,13,155,100,13,0.008928060531616211,True,False,0.4860770031217482,0.4860770031217482,,2026-02-04T18:42:50.940208,True,0.0
100,2,0.05,14,151,100,14,0.009048938751220703,True,False,0.4337529055743169,0.4389939037761501,,2026-02-04T18:42:51.183809,False,0.0052409982018332135
100,2,0.05,15,140,100,15,0.008461952209472656,True,False,0.44997448979591836,0.44997448979591836,,2026-02-04T18:42:51.418610,True,0.0
100,2,0.05,16,155,100,16,0.008523941040039062,True,False,0.47232049947970856,0.47232049947970856,,2026-02-04T18:42:51.654748,True,0.0
100,2,0.05,17,156,100,17,0.009601831436157227,True,False,0.46349030243261014,0.46349030243261014,,2026-02-04T18:42:51.888257,True,0.0
100,2,0.05,18,155,100,18,0.00916910171508789,True,False,0.45367325702393335,0.4552757544224766,,2026-02-04T18:42:52.130431,False,0.0016024973985432345
100,2,0.05,19,161,100,19,0.008662939071655273,True,False,0.46664866324601684,0.46664866324601684,,2026-02-04T18:42:52.377996,True,0.0
100,2,0.05,20,147,100,20,0.008989334106445312,True,False,0.44904900735804526,0.4586052107917997,,2026-02-04T18:42:52.628951,False,0.009556203433754462
100,2,0.05,21,149,100,21,0.009036779403686523,True,False,0.4530201342281879,0.4570064411512995,,2026-02-04T18:42:52.873700,False,0.003986306923111638
100,2,0.05,22,154,100,22,0.011363029479980469,True,False,0.454524371732164,0.454524371732164,,2026-02-04T18:42:53.136742,True,0.0
100,2,0.05,23,151,100,23,0.009303092956542969,True,False,0.4733125740099118,0.4733125740099118,,2026-02-04T18:42:53.378033,True,0.0
100,2,0.05,24,171,100,24,0.009207963943481445,True,False,0.45244690674053545,0.45244690674053545,,2026-02-04T18:42:53.618050,True,0.0
100,2,0.05,25,142,100,25,0.008481979370117188,True,False,0.4561594921642531,0.4561594921642531,,2026-02-04T18:42:53.853900,True,0.0
100,2,0.05,26,168,100,26,0.008077859878540039,True,False,0.4384920634920635,0.4384920634920635,,2026-02-04T18:42:54.089136,True,0.0
100,2,0.05,27,168,100,27,0.008374929428100586,True,False,0.46285076530612246,0.46285076530612246,,2026-02-04T18:42:54.322085,True,0.0
100,2,0.05,28,170,100,28,0.009056806564331055,True,False,0.4491349480968857,0.4491349480968857,,2026-02-04T18:42:54.558617,True,0.0
100,2,0.05,29,156,100,29,0.008405923843383789,True,False,0.4723044049967127,0.4723044049967127,,2026-02-04T18:42:54.793480,True,0.0
100,2,0.05,30,155,100,30,0.008675813674926758,True,False,0.44237252861602494,0.44237252861602494,,2026-02-04T18:42:55.027470,True,0.0
100,2,0.05,31,140,100,31,0.008728742599487305,True,False,0.456734693877551,0.456734693877551,,2026-02-04T18:42:55.260957,True,0.0
100,2,0.05,32,146,100,32,0.008117914199829102,True,False,0.4612497654344154,0.46500281478701433,,2026-02-04T18:42:55.492895,False,0.003753049352598903
100,2,0.05,33,155,100,33,0.008427858352661133,True,False,0.4631841831425598,0.4631841831425598,,2026-02-04T18:42:55.726799,True,0.0
100,2,0.05,34,165,100,34,0.00814199447631836,True,False,0.46361799816345267,0.46361799816345267,,2026-02-04T18:42:55.958788,True,0.0
100,2,0.05,35,154,100,35,0.008196115493774414,True,False,0.428550345758138,0.433947545960533,,2026-02-04T18:42:56.191572,False,0.0053972002023949806
100,2,0.05,36,153,100,36,0.008635997772216797,True,False,0.4476910589944039,0.4511726259131104,,2026-02-04T18:42:56.424538,False,0.0034815669187064913
100,2,0.05,37,165,100,37,0.008476972579956055,True,False,0.4417998163452708,0.4417998163452708,,2026-02-04T18:42:56.659797,True,0.0
100,2,0.05,38,152,100,38,0.009279966354370117,True,False,0.4766057825484765,0.4798303324099724,,2026-02-04T18:42:56.893326,False,0.0032245498614958956
100,2,0.05,39,161,100,39,0.008283138275146484,True,False,0.4875390609930173,0.4875390609930173,,2026-02-04T18:42:57.127250,True,0.0
100,2,0.05,40,151,100,40,0.008800029754638672,True,False,0.47173369589053105,0.47173369589053105,,2026-02-04T18:42:57.358924,True,0.0
100,2,0.05,41,139,100,41,0.00835871696472168,True,False,0.46092334765281306,0.46540034159722576,,2026-02-04T18:42:57.592640,False,0.004476993944412699
100,2,0.05,42,150,100,42,0.00799107551574707,True,False,0.46486666666666654,0.46486666666666654,,2026-02-04T18:42:57.824039,True,0.0
100,2,0.05,43,161,100,43,0.008498907089233398,True,False,0.45158365803788436,0.45158365803788436,,2026-02-04T18:42:58.055446,True,0.0
100,2,0.05,44,157,100,44,0.008791208267211914,True,False,0.45646882226459495,0.4574627773946205,,2026-02-04T18:42:58.287854,False,0.0009939551300255367
100,2,0.05,45,160,100,45,0.008514642715454102,True,False,0.43341796875,0.43341796875,,2026-02-04T18:42:58.523342,True,0.0
100,2,0.05,46,143,100,46,0.00794219970703125,True,False,0.4654506332828011,0.4654506332828011,,2026-02-04T18:42:58.767874,True,0.0
100,2,0.05,47,154,100,47,0.008487939834594727,True,False,0.47326699274751216,0.47326699274751216,,2026-02-04T18:42:59.002018,True,0.0
100,2,0.05,48,147,100,48,0.008458137512207031,True,False,0.4614512471655329,0.4614512471655329,,2026-02-04T18:42:59.240985,True,0.0
100,2,0.05,49,166,100,49,0.010170698165893555,True,False,0.4759036144578314,0.4759036144578314,,2026-02-04T18:42:59.487622,True,0.0
100,2,0.05,50,161,100,50,0.008408069610595703,True,False,0.425446549130049,0.42938158250067515,,2026-02-04T18:42:59.727150,False,0.003935033370626173
100,2,0.05,51,135,100,51,0.00813913345336914,True,False,0.4441975308641975,0.4441975308641975,,2026-02-04T18:42:59.963340,True,0.0
100,2,0.05,52,164,100,52,0.00821232795715332,True,False,0.48079640095181436,0.48079640095181436,,2026-02-04T18:43:00.199968,True,0.0
100,2,0.05,53,150,100,53,0.008275985717773438,True,False,0.453311111111111,0.4556444444444444,,2026-02-04T18:43:00.435320,False,0.0023333333333334094
100,2,0.05,54,150,100,54,0.008478403091430664,True,False,0.44586666666666663,0.4483333333333333,,2026-02-04T18:43:00.670581,False,0.0024666666666666726
100,2,0.05,55,155,100,55,0.008722066879272461,True,False,0.44836628511966703,0.4507596253902185,,2026-02-04T18:43:00.905968,False,0.0023933402705514917
100,2,0.05,56,159,100,56,0.009621143341064453,True,False,0.44919109212452035,0.44919109212452035,,2026-02-04T18:43:01.167857,True,0.0
100,2,0.05,57,150,100,57,0.008733749389648438,True,False,0.45864444444444435,0.45864444444444435,,2026-02-04T18:43:01.416161,True,0.0
100,2,0.05,58,151,100,58,0.009582042694091797,True,False,0.46383930529362744,0.46383930529362744,,2026-02-04T18:43:01.669048,True,0.0
100,2,0.05,59,156,100,59,0.008285999298095703,True,False,0.4546145627876397,0.4562787639710716,,2026-02-04T18:43:01.917630,False,0.0016642011834319126
100,2,0.05,60,154,100,60,0.008451223373413086,True,False,0.4597739922415247,0.4627888345420812,,2026-02-04T18:43:02.167438,False,0.003014842300556486
100,2,0.05,61,152,100,61,0.008394956588745117,True,False,0.458362188365651,0.458362188365651,,2026-02-04T18:43:02.425596,True,0.0
100,2,0.05,62,165,100,62,0.008874177932739258,True,False,0.4757392102846648,0.4757392102846648,,2026-02-04T18:43:02.663362,True,0.0
100,2,0.05,63,165,100,63,0.00840616226196289,True,False,0.43377410468319555,0.4362901744719926,,2026-02-04T18:43:02.896124,False,0.0025160697887970374
100,2,0.05,64,145,100,64,0.008754968643188477,True,False,0.4744589774078478,0.4744589774078478,,2026-02-04T18:43:03.144572,True,0.0
100,2,0.05,65,141,100,65,0.008438825607299805,True,False,0.44482168904984654,0.45742165887027814,,2026-02-04T18:43:03.394045,False,0.0125999698204316
100,2,0.05,66,142,100,66,0.009029150009155273,True,False,0.47956754612180125,0.47956754612180125,,2026-02-04T18:43:03.639768,True,0.0
100,2,0.05,67,151,100,67,0.009794950485229492,True,False,0.4547826849699574,0.4565589228542608,,2026-02-04T18:43:03.900285,False,0.0017762378843034221
100,2,0.05,68,160,100,68,0.008376836776733398,True,False,0.44748046875,0.44999999999999996,,2026-02-04T18:43:04.138044,False,0.002519531249999929
100,2,0.05,69,138,100,69,0.009050846099853516,True,False,0.4498004620877967,0.45652173913043487,,2026-02-04T18:43:04.372745,False,0.006721277042638141
100,2,0.05,70,164,100,70,0.008793115615844727,True,False,0.45055026769779893,0.45055026769779893,,2026-02-04T18:43:04.604559,True,0.0
100,2,0.05,71,165,100,71,0.008196830749511719,True,False,0.4539210284664831,0.46427915518824603,,2026-02-04T18:43:04.835039,False,0.01035812672176295
100,2,0.05,72,135,100,72,0.008044958114624023,True,False,0.4657338820301783,0.4657338820301783,,2026-02-04T18:43:05.067854,True,0.0
100,2,0.05,73,157,100,73,0.009118080139160156,True,False,0.4668546391334334,0.4699582133149418,,2026-02-04T18:43:05.301703,False,0.0031035741815084172
100,2,0.05,74,144,100,74,0.008681774139404297,True,False,0.45823688271604945,0.45823688271604945,,2026-02-04T18:43:05.534826,True,0.0
100,2,0.05,75,159,100,75,0.008593082427978516,True,False,0.44339622641509435,0.44729243305249,,2026-02-04T18:43:05.770693,False,0.0038962066373956494
100,2,0.05,76,160,100,76,0.008405923843383789,True,False,0.45654296875,0.45654296875,,2026-02-04T18:43:06.002556,True,0.0
100,2,0.05,77,150,100,77,0.008393049240112305,True,False,0.47191111111111106,0.47191111111111106,,2026-02-04T18:43:06.238400,True,0.0
100,2,0.05,78,152,100,78,0.008059263229370117,True,False,0.45392572714681434,0.45392572714681434,,2026-02-04T18:43:06.473249,True,0.0
100,2,0.05,79,153,100,79,0.008287906646728516,True,False,0.4702464863941219,0.4702464863941219,,2026-02-04T18:43:06.706192,True,0.0
100,2,0.05,80,166,100,80,0.008327007293701172,True,False,0.45011975613296573,0.45011975613296573,,2026-02-04T18:43:06.941717,True,0.0
100,2,0.05,81,154,100,81,0.008293867111206055,True,False,0.4433926463147243,0.4433926463147243,,2026-02-04T18:43:07.181941,True,0.0
100,2,0.05,82,158,100,82,0.00857996940612793,True,False,0.46817417080596063,0.46817417080596063,,2026-02-04T18:43:07.413669,True,0.0
100,2,0.05,83,153,100,83,0.008647918701171875,True,False,0.44544833183818194,0.44544833183818194,,2026-02-04T18:43:07.649522,True,0.0
100,2,0.05,84,151,100,84,0.00769805908203125,True,False,0.44101135915091433,0.44101135915091433,,2026-02-04T18:43:07.881053,True,0.0
100,2,0.05,85,151,100,85,0.008393049240112305,True,False,0.45171264418227264,0.4603964738388667,,2026-02-04T18:43:08.113241,False,0.008683829656594089
100,2,0.05,86,150,100,86,0.008430004119873047,True,False,0.4733333333333334,0.4733333333333334,,2026-02-04T18:43:08.354317,True,0.0
100,2,0.05,87,155,100,87,0.007927179336547852,True,False,0.4596045785639957,0.4596045785639957,,2026-02-04T18:43:08.586949,True,0.0
100,2,0.05,88,160,100,88,0.0081939697265625,True,False,0.44218749999999996,0.44218749999999996,,2026-02-04T18:43:08.820577,True,0.0
100,2,0.05,89,151,100,89,0.008030176162719727,True,False,0.46258936011578444,0.46258936011578444,,2026-02-04T18:43:09.054132,True,0.0
100,2,0.05,90,168,100,90,0.008271932601928711,True,False,0.45060941043083896,0.45060941043083896,,2026-02-04T18:43:09.288213,True,0.0
100,2,0.05,91,155,100,91,0.008212089538574219,True,False,0.4741727367325702,0.4741727367325702,,2026-02-04T18:43:09.521576,True,0.0
100,2,0.05,92,157,100,92,0.009173393249511719,True,False,0.4655766968234006,0.4655766968234006,,2026-02-04T18:43:09.755683,True,0.0
100,2,0.05,93,153,100,93,0.007887125015258789,True,False,0.4466658122944167,0.4500619419881243,,2026-02-04T18:43:09.989064,False,0.003396129693707617
100,2,0.05,94,141,100,94,0.008487939834594727,True,False,0.4426336703385141,0.44391630199688137,,2026-02-04T18:43:10.223042,False,0.0012826316583672837
100,2,0.05,95,162,100,95,0.00843191146850586,True,False,0.4814624295076969,0.4814624295076969,,2026-02-04T18:43:10.454205,True,0.0
100,2,0.05,96,161,100,96,0.008261919021606445,True,False,0.47513599012383784,0.47513599012383784,,2026-02-04T18:43:10.687841,True,0.0
100,2,0.05,97,157,100,97,0.008193016052246094,True,False,0.4346423790011765,0.4346423790011765,,2026-02-04T18:43:10.919242,True,0.0
100,2,0.05,98,147,100,98,0.008939027786254883,True,False,0.4558980054606877,0.4558980054606877,,2026-02-04T18:43:11.150905,True,0.0
100,2,0.05,99,152,100,99,0.008456230163574219,True,False,0.4736842105263158,0.4736842105263158,,2026-02-04T18:43:11.384791,True,0.0
100,2,0.05,0,149,200,0,0.010672807693481445,True,False,0.4298905454709247,0.4326832124679068,,2026-02-04T18:43:11.619941,False,0.002792666996982107
100,2,0.05,1,152,200,1,0.010607719421386719,True,False,0.4374783587257618,0.4374783587257618,,2026-02-04T18:43:11.857092,True,0.0
100,2,0.05,2,142,200,2,0.010848045349121094,True,False,0.4506794286847847,0.4506794286847847,,2026-02-04T18:43:12.091123,True,0.0
100,2,0.05,3,141,200,3,0.010646820068359375,True,False,0.47832101000955685,0.47832101000955685,,2026-02-04T18:43:12.328523,True,0.0
100,2,0.05,4,154,200,4,0.011467933654785156,True,False,0.44594366672288743,0.4498018215550683,,2026-02-04T18:43:12.564770,False,0.0038581548321808823
100,2,0.05,5,158,200,5,0.010190010070800781,True,False,0.4695561608716552,0.4695561608716552,,2026-02-04T18:43:12.799754,True,0.0
100,2,0.05,6,154,200,6,0.010834932327270508,True,False,0.4602799797604993,0.4602799797604993,,2026-02-04T18:43:13.036575,True,0.0
100,2,0.05,7,149,200,7,0.00993490219116211,True,False,0.4815098418990136,0.4815098418990136,,2026-02-04T18:43:13.270120,True,0.0
100,2,0.05,8,154,200,8,0.010754823684692383,True,False,0.4433926463147243,0.4433926463147243,,2026-02-04T18:43:13.505689,True,0.0
100,2,0.05,9,147,200,9,0.010626792907714844,True,False,0.4835947984636032,0.4835947984636032,,2026-02-04T18:43:13.739957,True,0.0
100,2,0.05,10,148,200,10,0.010750055313110352,True,False,0.46619338933528126,0.46619338933528126,,2026-02-04T18:43:13.973414,True,0.0
100,2,0.05,11,151,200,11,0.012105941772460938,True,False,0.4671724924345423,0.4671724924345423,,2026-02-04T18:43:14.209598,True,0.0
100,2,0.05,12,161,200,12,0.010432958602905273,True,False,0.45067705721229884,0.45067705721229884,,2026-02-04T18:43:14.441656,True,0.0
100,2,0.05,13,155,200,13,0.010557889938354492,True,False,0.4860770031217482,0.4860770031217482,,2026-02-04T18:43:14.675472,True,0.0
100,2,0.05,14,151,200,14,0.010453939437866211,True,False,0.4337529055743169,0.4389939037761501,,2026-02-04T18:43:14.909338,False,0.0052409982018332135
100,2,0.05,15,140,200,15,0.010695934295654297,True,False,0.44997448979591836,0.44997448979591836,,2026-02-04T18:43:15.142157,True,0.0
100,2,0.05,16,155,200,16,0.010879993438720703,True,False,0.47232049947970856,0.47232049947970856,,2026-02-04T18:43:15.379067,True,0.0
100,2,0.05,17,156,200,17,0.011142253875732422,True,False,0.46349030243261014,0.46349030243261014,,2026-02-04T18:43:15.611515,True,0.0
100,2,0.05,18,155,200,18,0.010821104049682617,True,False,0.45367325702393335,0.4552757544224766,,2026-02-04T18:43:15.848027,False,0.0016024973985432345
100,2,0.05,19,161,200,19,0.010441303253173828,True,False,0.46664866324601684,0.46664866324601684,,2026-02-04T18:43:16.083135,True,0.0
100,2,0.05,20,147,200,20,0.011240959167480469,True,False,0.44904900735804526,0.4586052107917997,,2026-02-04T18:43:16.318732,False,0.009556203433754462
100,2,0.05,21,149,200,21,0.010420083999633789,True,False,0.4530201342281879,0.4570064411512995,,2026-02-04T18:43:16.554908,False,0.003986306923111638
100,2,0.05,22,154,200,22,0.010844945907592773,True,False,0.454524371732164,0.454524371732164,,2026-02-04T18:43:16.789389,True,0.0
100,2,0.05,23,151,200,23,0.011920928955078125,True,False,0.4733125740099118,0.4733125740099118,,2026-02-04T18:43:17.026586,True,0.0
100,2,0.05,24,171,200,24,0.010634899139404297,True,False,0.45244690674053545,0.45244690674053545,,2026-02-04T18:43:17.265168,True,0.0
100,2,0.05,25,142,200,25,0.010612964630126953,True,False,0.4561594921642531,0.4561594921642531,,2026-02-04T18:43:17.500178,True,0.0
100,2,0.05,26,168,200,26,0.011089324951171875,True,False,0.4384920634920635,0.4384920634920635,,2026-02-04T18:43:17.736236,True,0.0
100,2,0.05,27,168,200,27,0.01104593276977539,True,False,0.46285076530612246,0.46285076530612246,,2026-02-04T18:43:17.970523,True,0.0
100,2,0.05,28,170,200,28,0.01164388656616211,True,False,0.4491349480968857,0.4491349480968857,,2026-02-04T18:43:18.205447,True,0.0
100,2,0.05,29,156,200,29,0.01052713394165039,True,False,0.4723044049967127,0.4723044049967127,,2026-02-04T18:43:18.441447,True,0.0
100,2,0.05,30,155,200,30,0.010536909103393555,True,False,0.44237252861602494,0.44237252861602494,,2026-02-04T18:43:18.676378,True,0.0
100,2,0.05,31,140,200,31,0.010154962539672852,True,False,0.456734693877551,0.456734693877551,,2026-02-04T18:43:18.916151,True,0.0
100,2,0.05,32,146,200,32,0.010318279266357422,True,False,0.4612497654344154,0.46500281478701433,,2026-02-04T18:43:19.155016,False,0.003753049352598903
100,2,0.05,33,155,200,33,0.010647058486938477,True,False,0.4631841831425598,0.4631841831425598,,2026-02-04T18:43:19.389575,True,0.0
100,2,0.05,34,165,200,34,0.011336803436279297,True,False,0.46361799816345267,0.46361799816345267,,2026-02-04T18:43:19.624982,True,0.0
100,2,0.05,35,154,200,35,0.010620832443237305,True,False,0.428550345758138,0.433947545960533,,2026-02-04T18:43:19.860282,False,0.0053972002023949806
100,2,0.05,36,153,200,36,0.010908126831054688,True,False,0.4476910589944039,0.4511726259131104,,2026-02-04T18:43:20.100302,False,0.0034815669187064913
100,2,0.05,37,165,200,37,0.010347127914428711,True,False,0.4417998163452708,0.4417998163452708,,2026-02-04T18:43:20.339143,True,0.0
100,2,0.05,38,152,200,38,0.01083993911743164,True,False,0.4766057825484765,0.4798303324099724,,2026-02-04T18:43:20.573181,False,0.0032245498614958956
100,2,0.05,39,161,200,39,0.011420965194702148,True,False,0.4875390609930173,0.4875390609930173,,2026-02-04T18:43:20.811669,True,0.0
100,2,0.05,40,151,200,40,0.01034688949584961,True,False,0.47173369589053105,0.47173369589053105,,2026-02-04T18:43:21.045673,True,0.0
100,2,0.05,41,139,200,41,0.010850906372070312,True,False,0.46092334765281306,0.46540034159722576,,2026-02-04T18:43:21.280952,False,0.004476993944412699
100,2,0.05,42,150,200,42,0.010339021682739258,True,False,0.46486666666666654,0.46486666666666654,,2026-02-04T18:43:21.516447,True,0.0
100,2,0.05,43,161,200,43,0.010750293731689453,True,False,0.45158365803788436,0.45158365803788436,,2026-02-04T18:43:21.752316,True,0.0
100,2,0.05,44,157,200,44,0.010868072509765625,True,False,0.45646882226459495,0.4574627773946205,,2026-02-04T18:43:21.989073,False,0.0009939551300255367
100,2,0.05,45,160,200,45,0.011100053787231445,True,False,0.43341796875,0.43341796875,,2026-02-04T18:43:22.225765,True,0.0
100,2,0.05,46,143,200,46,0.010362863540649414,True,False,0.4654506332828011,0.4654506332828011,,2026-02-04T18:43:22.458511,True,0.0
100,2,0.05,47,154,200,47,0.010231971740722656,True,False,0.47326699274751216,0.47326699274751216,,2026-02-04T18:43:22.694066,True,0.0
100,2,0.05,48,147,200,48,0.012109994888305664,True,False,0.4614512471655329,0.4614512471655329,,2026-02-04T18:43:22.928852,True,0.0
100,2,0.05,49,166,200,49,0.010736942291259766,True,False,0.4759036144578314,0.4759036144578314,,2026-02-04T18:43:23.165307,True,0.0
100,2,0.05,50,161,200,50,0.010553121566772461,True,False,0.425446549130049,0.42938158250067515,,2026-02-04T18:43:23.400155,False,0.003935033370626173
100,2,0.05,51,135,200,51,0.010396957397460938,True,False,0.4441975308641975,0.4441975308641975,,2026-02-04T18:43:23.634967,True,0.0
100,2,0.05,52,164,200,52,0.010298013687133789,True,False,0.48079640095181436,0.48079640095181436,,2026-02-04T18:43:23.873001,True,0.0
100,2,0.05,53,150,200,53,0.01149606704711914,True,False,0.453311111111111,0.4556444444444444,,2026-02-04T18:43:24.108221,False,0.0023333333333334094
100,2,0.05,54,150,200,54,0.010669231414794922,True,False,0.44586666666666663,0.4483333333333333,,2026-02-04T18:43:24.344961,False,0.0024666666666666726
100,2,0.05,55,155,200,55,0.010679960250854492,True,False,0.44836628511966703,0.4507596253902185,,2026-02-04T18:43:24.579668,False,0.0023933402705514917
100,2,0.05,56,159,200,56,0.011257171630859375,True,False,0.44919109212452035,0.44919109212452035,,2026-02-04T18:43:24.816612,True,0.0
100,2,0.05,57,150,200,57,0.010935783386230469,True,False,0.45864444444444435,0.45864444444444435,,2026-02-04T18:43:25.052241,True,0.0
100,2,0.05,58,151,200,58,0.010076761245727539,True,False,0.46383930529362744,0.46383930529362744,,2026-02-04T18:43:25.286638,True,0.0
100,2,0.05,59,156,200,59,0.010256767272949219,True,False,0.4546145627876397,0.4562787639710716,,2026-02-04T18:43:25.520333,False,0.0016642011834319126
100,2,0.05,60,154,200,60,0.010400056838989258,True,False,0.4597739922415247,0.4627888345420812,,2026-02-04T18:43:25.756509,False,0.003014842300556486
100,2,0.05,61,152,200,61,0.011526107788085938,True,False,0.458362188365651,0.458362188365651,,2026-02-04T18:43:25.991158,True,0.0
100,2,0.05,62,165,200,62,0.010264873504638672,True,False,0.4757392102846648,0.4757392102846648,,2026-02-04T18:43:26.227262,True,0.0
100,2,0.05,63,165,200,63,0.010498046875,True,False,0.4362901744719926,0.4362901744719926,,2026-02-04T18:43:26.462996,True,0.0
100,2,0.05,64,145,200,64,0.010425090789794922,True,False,0.4744589774078478,0.4744589774078478,,2026-02-04T18:43:26.696664,True,0.0
100,2,0.05,65,141,200,65,0.010568857192993164,True,False,0.4494492228761129,0.45742165887027814,,2026-02-04T18:43:26.934078,False,0.00797243599416525
100,2,0.05,66,142,200,66,0.010648965835571289,True,False,0.47956754612180125,0.47956754612180125,,2026-02-04T18:43:27.168823,True,0.0
100,2,0.05,67,151,200,67,0.010883092880249023,True,False,0.4547826849699574,0.4565589228542608,,2026-02-04T18:43:27.406383,False,0.0017762378843034221
100,2,0.05,68,160,200,68,0.010017871856689453,True,False,0.44999999999999996,0.44999999999999996,,2026-02-04T18:43:27.638912,True,0.0
100,2,0.05,69,138,200,69,0.011038780212402344,True,False,0.45652173913043487,0.45652173913043487,,2026-02-04T18:43:27.874464,True,0.0
100,2,0.05,70,164,200,70,0.011153936386108398,True,False,0.45055026769779893,0.45055026769779893,,2026-02-04T18:43:28.121205,True,0.0
100,2,0.05,71,165,200,71,0.011408329010009766,True,False,0.4539210284664831,0.46427915518824603,,2026-02-04T18:43:28.374436,False,0.01035812672176295
100,2,0.05,72,135,200,72,0.010782241821289062,True,False,0.4657338820301783,0.4657338820301783,,2026-02-04T18:43:28.612369,True,0.0
100,2,0.05,73,157,200,73,0.011350870132446289,True,False,0.4668546391334334,0.4699582133149418,,2026-02-04T18:43:28.860967,False,0.0031035741815084172
100,2,0.05,74,144,200,74,0.01060795783996582,True,False,0.45823688271604945,0.45823688271604945,,2026-02-04T18:43:29.107038,True,0.0
100,2,0.05,75,159,200,75,0.010561943054199219,True,False,0.44339622641509435,0.44729243305249,,2026-02-04T18:43:29.344695,False,0.0038962066373956494
100,2,0.05,76,160,200,76,0.011016368865966797,True,False,0.45654296875,0.45654296875,,2026-02-04T18:43:29.578878,True,0.0
100,2,0.05,77,150,200,77,0.010627269744873047,True,False,0.47191111111111106,0.47191111111111106,,2026-02-04T18:43:29.815976,True,0.0
100,2,0.05,78,152,200,78,0.01176309585571289,True,False,0.45392572714681434,0.45392572714681434,,2026-02-04T18:43:30.072831,True,0.0
100,2,0.05,79,153,200,79,0.012590169906616211,True,False,0.4702464863941219,0.4702464863941219,,2026-02-04T18:43:30.315250,True,0.0
100,2,0.05,80,166,200,80,0.011274099349975586,True,False,0.45011975613296573,0.45011975613296573,,2026-02-04T18:43:30.552053,True,0.0
100,2,0.05,81,154,200,81,0.011625051498413086,True,False,0.4433926463147243,0.4433926463147243,,2026-02-04T18:43:30.789388,True,0.0
100,2,0.05,82,158,200,82,0.010833740234375,True,False,0.46817417080596063,0.46817417080596063,,2026-02-04T18:43:31.026976,True,0.0
100,2,0.05,83,153,200,83,0.010383844375610352,True,False,0.44544833183818194,0.44544833183818194,,2026-02-04T18:43:31.265797,True,0.0
100,2,0.05,84,151,200,84,0.010544061660766602,True,False,0.44101135915091433,0.44101135915091433,,2026-02-04T18:43:31.502559,True,0.0
100,2,0.05,85,151,200,85,0.010174989700317383,True,False,0.45171264418227264,0.4603964738388667,,2026-02-04T18:43:31.738355,False,0.008683829656594089
100,2,0.05,86,150,200,86,0.010216951370239258,True,False,0.4733333333333334,0.4733333333333334,,2026-02-04T18:43:31.978439,True,0.0
100,2,0.05,87,155,200,87,0.010249137878417969,True,False,0.4596045785639957,0.4596045785639957,,2026-02-04T18:43:32.214460,True,0.0
100,2,0.05,88,160,200,88,0.010570049285888672,True,False,0.44218749999999996,0.44218749999999996,,2026-02-04T18:43:32.454662,True,0.0
100,2,0.05,89,151,200,89,0.0107879638671875,True,False,0.46258936011578444,0.46258936011578444,,2026-02-04T18:43:32.691113,True,0.0
100,2,0.05,90,168,200,90,0.01039886474609375,True,False,0.45060941043083896,0.45060941043083896,,2026-02-04T18:43:32.929220,True,0.0
100,2,0.05,91,155,200,91,0.010542154312133789,True,False,0.4741727367325702,0.4741727367325702,,2026-02-04T18:43:33.165461,True,0.0
100,2,0.05,92,157,200,92,0.01130223274230957,True,False,0.4655766968234006,0.4655766968234006,,2026-02-04T18:43:33.401848,True,0.0
100,2,0.05,93,153,200,93,0.010498762130737305,True,False,0.4466658122944167,0.4500619419881243,,2026-02-04T18:43:33.639097,False,0.003396129693707617
100,2,0.05,94,141,200,94,0.010737895965576172,True,False,0.4432372617071576,0.44391630199688137,,2026-02-04T18:43:33.874387,False,0.0006790402897237646
100,2,0.05,95,162,200,95,0.010640859603881836,True,False,0.4814624295076969,0.4814624295076969,,2026-02-04T18:43:34.110017,True,0.0
100,2,0.05,96,161,200,96,0.01041102409362793,True,False,0.47513599012383784,0.47513599012383784,,2026-02-04T18:43:34.345510,True,0.0
100,2,0.05,97,157,200,97,0.010376214981079102,True,False,0.4346423790011765,0.4346423790011765,,2026-02-04T18:43:34.581605,True,0.0
100,2,0.05,98,147,200,98,0.010487079620361328,True,False,0.4558980054606877,0.4558980054606877,,2026-02-04T18:43:34.816470,True,0.0
100,2,0.05,99,152,200,99,0.01191401481628418,True,False,0.4736842105263158,0.4736842105263158,,2026-02-04T18:43:35.053521,True,0.0
100,2,0.05,0,149,500,0,0.018951892852783203,True,False,0.4326832124679068,0.4326832124679068,,2026-02-04T18:43:35.297980,True,0.0
100,2,0.05,1,152,500,1,0.017890214920043945,True,False,0.4374783587257618,0.4374783587257618,,2026-02-04T18:43:35.541421,True,0.0
100,2,0.05,2,142,500,2,0.017937183380126953,True,False,0.4506794286847847,0.4506794286847847,,2026-02-04T18:43:35.781065,True,0.0
100,2,0.05,3,141,500,3,0.016635894775390625,True,False,0.47832101000955685,0.47832101000955685,,2026-02-04T18:43:36.022188,True,0.0
100,2,0.05,4,154,500,4,0.01883983612060547,True,False,0.44594366672288743,0.4498018215550683,,2026-02-04T18:43:36.265790,False,0.0038581548321808823
100,2,0.05,5,158,500,5,0.016839027404785156,True,False,0.4695561608716552,0.4695561608716552,,2026-02-04T18:43:36.508014,True,0.0
100,2,0.05,6,154,500,6,0.0180208683013916,True,False,0.4602799797604993,0.4602799797604993,,2026-02-04T18:43:36.755488,True,0.0
100,2,0.05,7,149,500,7,0.01734304428100586,True,False,0.4815098418990136,0.4815098418990136,,2026-02-04T18:43:36.996323,True,0.0
100,2,0.05,8,154,500,8,0.01808619499206543,True,False,0.4433926463147243,0.4433926463147243,,2026-02-04T18:43:37.241194,True,0.0
100,2,0.05,9,147,500,9,0.01746201515197754,True,False,0.4835947984636032,0.4835947984636032,,2026-02-04T18:43:37.482609,True,0.0
100,2,0.05,10,148,500,10,0.017889976501464844,True,False,0.46619338933528126,0.46619338933528126,,2026-02-04T18:43:37.724806,True,0.0
100,2,0.05,11,151,500,11,0.018359899520874023,True,False,0.4671724924345423,0.4671724924345423,,2026-02-04T18:43:37.970981,True,0.0
100,2,0.05,12,161,500,12,0.017227888107299805,True,False,0.45067705721229884,0.45067705721229884,,2026-02-04T18:43:38.210451,True,0.0
100,2,0.05,13,155,500,13,0.01714301109313965,True,False,0.4860770031217482,0.4860770031217482,,2026-02-04T18:43:38.478663,True,0.0
100,2,0.05,14,151,500,14,0.016407012939453125,True,False,0.4337529055743169,0.4389939037761501,,2026-02-04T18:43:38.720863,False,0.0052409982018332135
100,2,0.05,15,140,500,15,0.018275022506713867,True,False,0.44997448979591836,0.44997448979591836,,2026-02-04T18:43:38.963434,True,0.0
100,2,0.05,16,155,500,16,0.01714491844177246,True,False,0.47232049947970856,0.47232049947970856,,2026-02-04T18:43:39.204689,True,0.0
100,2,0.05,17,156,500,17,0.01745891571044922,True,False,0.46349030243261014,0.46349030243261014,,2026-02-04T18:43:39.446823,True,0.0
100,2,0.05,18,155,500,18,0.01660633087158203,True,False,0.45367325702393335,0.4552757544224766,,2026-02-04T18:43:39.690320,False,0.0016024973985432345
100,2,0.05,19,161,500,19,0.017480850219726562,True,False,0.46664866324601684,0.46664866324601684,,2026-02-04T18:43:39.932598,True,0.0
100,2,0.05,20,147,500,20,0.01850128173828125,True,False,0.4586052107917997,0.4586052107917997,,2026-02-04T18:43:40.175342,True,0.0
100,2,0.05,21,149,500,21,0.017503023147583008,True,False,0.4570064411512995,0.4570064411512995,,2026-02-04T18:43:40.419654,True,0.0
100,2,0.05,22,154,500,22,0.017796993255615234,True,False,0.454524371732164,0.454524371732164,,2026-02-04T18:43:40.659966,True,0.0
100,2,0.05,23,151,500,23,0.01978278160095215,True,False,0.4733125740099118,0.4733125740099118,,2026-02-04T18:43:40.906343,True,0.0
100,2,0.05,24,171,500,24,0.017973899841308594,True,False,0.45244690674053545,0.45244690674053545,,2026-02-04T18:43:41.147283,True,0.0
100,2,0.05,25,142,500,25,0.01763010025024414,True,False,0.4561594921642531,0.4561594921642531,,2026-02-04T18:43:41.389314,True,0.0
100,2,0.05,26,168,500,26,0.01680302619934082,True,False,0.4384920634920635,0.4384920634920635,,2026-02-04T18:43:41.630487,True,0.0
100,2,0.05,27,168,500,27,0.01779913902282715,True,False,0.46285076530612246,0.46285076530612246,,2026-02-04T18:43:41.872618,True,0.0
100,2,0.05,28,170,500,28,0.017201900482177734,True,False,0.4491349480968857,0.4491349480968857,,2026-02-04T18:43:42.116137,True,0.0
100,2,0.05,29,156,500,29,0.017890214920043945,True,False,0.4723044049967127,0.4723044049967127,,2026-02-04T18:43:42.358307,True,0.0
100,2,0.05,30,155,500,30,0.01727890968322754,True,False,0.44237252861602494,0.44237252861602494,,2026-02-04T18:43:42.598371,True,0.0
100,2,0.05,31,140,500,31,0.01661515235900879,True,False,0.456734693877551,0.456734693877551,,2026-02-04T18:43:42.839320,True,0.0
100,2,0.05,32,146,500,32,0.017642974853515625,True,False,0.4612497654344154,0.46500281478701433,,2026-02-04T18:43:43.080520,False,0.003753049352598903
100,2,0.05,33,155,500,33,0.01807713508605957,True,False,0.4631841831425598,0.4631841831425598,,2026-02-04T18:43:43.323018,True,0.0
100,2,0.05,34,165,500,34,0.017731189727783203,True,False,0.46361799816345267,0.46361799816345267,,2026-02-04T18:43:43.565570,True,0.0
100,2,0.05,35,154,500,35,0.017235755920410156,True,False,0.428550345758138,0.433947545960533,,2026-02-04T18:43:43.807065,False,0.0053972002023949806
100,2,0.05,36,153,500,36,0.017219066619873047,True,False,0.4500619419881243,0.4511726259131104,,2026-02-04T18:43:44.050508,False,0.001110683924986089
100,2,0.05,37,165,500,37,0.017447948455810547,True,False,0.4417998163452708,0.4417998163452708,,2026-02-04T18:43:44.291101,True,0.0
100,2,0.05,38,152,500,38,0.017511367797851562,True,False,0.4798303324099724,0.4798303324099724,,2026-02-04T18:43:44.533484,True,0.0
100,2,0.05,39,161,500,39,0.018787145614624023,True,False,0.4875390609930173,0.4875390609930173,,2026-02-04T18:43:44.778062,True,0.0
100,2,0.05,40,151,500,40,0.01697993278503418,True,False,0.47173369589053105,0.47173369589053105,,2026-02-04T18:43:45.022482,True,0.0
100,2,0.05,41,139,500,41,0.0179440975189209,True,False,0.46092334765281306,0.46540034159722576,,2026-02-04T18:43:45.267316,False,0.004476993944412699
100,2,0.05,42,150,500,42,0.017008066177368164,True,False,0.46486666666666654,0.46486666666666654,,2026-02-04T18:43:45.510555,True,0.0
100,2,0.05,43,161,500,43,0.018218040466308594,True,False,0.45158365803788436,0.45158365803788436,,2026-02-04T18:43:45.753921,True,0.0
100,2,0.05,44,157,500,44,0.017923831939697266,True,False,0.4574627773946205,0.4574627773946205,,2026-02-04T18:43:45.996582,True,0.0
100,2,0.05,45,160,500,45,0.01702404022216797,True,False,0.43341796875,0.43341796875,,2026-02-04T18:43:46.239611,True,0.0
100,2,0.05,46,143,500,46,0.01711583137512207,True,False,0.4654506332828011,0.4654506332828011,,2026-02-04T18:43:46.484265,True,0.0
100,2,0.05,47,154,500,47,0.018532991409301758,True,False,0.47326699274751216,0.47326699274751216,,2026-02-04T18:43:46.726283,True,0.0
100,2,0.05,48,147,500,48,0.018360137939453125,True,False,0.4614512471655329,0.4614512471655329,,2026-02-04T18:43:46.971107,True,0.0
100,2,0.05,49,166,500,49,0.018976926803588867,True,False,0.4759036144578314,0.4759036144578314,,2026-02-04T18:43:47.214894,True,0.0
100,2,0.05,50,161,500,50,0.016711950302124023,True,False,0.42938158250067515,0.42938158250067515,,2026-02-04T18:43:47.457277,True,0.0
100,2,0.05,51,135,500,51,0.018397092819213867,True,False,0.4441975308641975,0.4441975308641975,,2026-02-04T18:43:47.699213,True,0.0
100,2,0.05,52,164,500,52,0.016786813735961914,True,False,0.48079640095181436,0.48079640095181436,,2026-02-04T18:43:47.942133,True,0.0
100,2,0.05,53,150,500,53,0.018583059310913086,True,False,0.453311111111111,0.4556444444444444,,2026-02-04T18:43:48.186724,False,0.0023333333333334094
100,2,0.05,54,150,500,54,0.01738715171813965,True,False,0.44586666666666663,0.4483333333333333,,2026-02-04T18:43:48.430719,False,0.0024666666666666726
100,2,0.05,55,155,500,55,0.01749706268310547,True,False,0.44836628511966703,0.4507596253902185,,2026-02-04T18:43:48.673940,False,0.0023933402705514917
100,2,0.05,56,159,500,56,0.018886804580688477,True,False,0.44919109212452035,0.44919109212452035,,2026-02-04T18:43:48.918013,True,0.0
100,2,0.05,57,150,500,57,0.0217130184173584,True,False,0.45864444444444435,0.45864444444444435,,2026-02-04T18:43:49.242779,True,0.0
100,2,0.05,58,151,500,58,0.017695188522338867,True,False,0.46383930529362744,0.46383930529362744,,2026-02-04T18:43:49.558879,True,0.0
100,2,0.05,59,156,500,59,0.017648696899414062,True,False,0.4546145627876397,0.4562787639710716,,2026-02-04T18:43:49.904762,False,0.0016642011834319126
100,2,0.05,60,154,500,60,0.017814159393310547,True,False,0.4597739922415247,0.4627888345420812,,2026-02-04T18:43:50.273593,False,0.003014842300556486
100,2,0.05,61,152,500,61,0.01804494857788086,True,False,0.458362188365651,0.458362188365651,,2026-02-04T18:43:50.551402,True,0.0
100,2,0.05,62,165,500,62,0.017995119094848633,True,False,0.4757392102846648,0.4757392102846648,,2026-02-04T18:43:50.809906,True,0.0
100,2,0.05,63,165,500,63,0.018194913864135742,True,False,0.4362901744719926,0.4362901744719926,,2026-02-04T18:43:51.069076,True,0.0
100,2,0.05,64,145,500,64,0.016675233840942383,True,False,0.4744589774078478,0.4744589774078478,,2026-02-04T18:43:51.342020,True,0.0
100,2,0.05,65,141,500,65,0.01805400848388672,True,False,0.45447915094814145,0.45742165887027814,,2026-02-04T18:43:51.586974,False,0.0029425079221366834
100,2,0.05,66,142,500,66,0.01812291145324707,True,False,0.47956754612180125,0.47956754612180125,,2026-02-04T18:43:51.832730,True,0.0
100,2,0.05,67,151,500,67,0.01801609992980957,True,False,0.4547826849699574,0.4565589228542608,,2026-02-04T18:43:52.076539,False,0.0017762378843034221
100,2,0.05,68,160,500,68,0.01728081703186035,True,False,0.44999999999999996,0.44999999999999996,,2026-02-04T18:43:52.319081,True,0.0
100,2,0.05,69,138,500,69,0.017407894134521484,True,False,0.45652173913043487,0.45652173913043487,,2026-02-04T18:43:52.560318,True,0.0
100,2,0.05,70,164,500,70,0.018674135208129883,True,False,0.45055026769779893,0.45055026769779893,,2026-02-04T18:43:52.807639,True,0.0
100,2,0.05,71,165,500,71,0.017534971237182617,True,False,0.4555371900826445,0.46427915518824603,,2026-02-04T18:43:53.054486,False,0.008741965105601546
100,2,0.05,72,135,500,72,0.01711297035217285,True,False,0.4657338820301783,0.4657338820301783,,2026-02-04T18:43:53.297273,True,0.0
100,2,0.05,73,157,500,73,0.018327713012695312,True,False,0.4699582133149418,0.4699582133149418,,2026-02-04T18:43:53.542348,True,0.0
100,2,0.05,74,144,500,74,0.017743825912475586,True,False,0.45823688271604945,0.45823688271604945,,2026-02-04T18:43:53.785493,True,0.0
100,2,0.05,75,159,500,75,0.018383026123046875,True,False,0.4439697796764368,0.44729243305249,,2026-02-04T18:43:54.029938,False,0.0033226533760531973
100,2,0.05,76,160,500,76,0.017814159393310547,True,False,0.45654296875,0.45654296875,,2026-02-04T18:43:54.273202,True,0.0
100,2,0.05,77,150,500,77,0.01738286018371582,True,False,0.47191111111111106,0.47191111111111106,,2026-02-04T18:43:54.514300,True,0.0
100,2,0.05,78,152,500,78,0.017994403839111328,True,False,0.45392572714681434,0.45392572714681434,,2026-02-04T18:43:54.756972,True,0.0
100,2,0.05,79,153,500,79,0.017467260360717773,True,False,0.4702464863941219,0.4702464863941219,,2026-02-04T18:43:54.998421,True,0.0
100,2,0.05,80,166,500,80,0.017709016799926758,True,False,0.45011975613296573,0.45011975613296573,,2026-02-04T18:43:55.240905,True,0.0
100,2,0.05,81,154,500,81,0.017140865325927734,True,False,0.4433926463147243,0.4433926463147243,,2026-02-04T18:43:55.482544,True,0.0
100,2,0.05,82,158,500,82,0.018699169158935547,True,False,0.46817417080596063,0.46817417080596063,,2026-02-04T18:43:55.726356,True,0.0
100,2,0.05,83,153,500,83,0.016526222229003906,True,False,0.44544833183818194,0.44544833183818194,,2026-02-04T18:43:55.967078,True,0.0
100,2,0.05,84,151,500,84,0.017342805862426758,True,False,0.44101135915091433,0.44101135915091433,,2026-02-04T18:43:56.207465,True,0.0
100,2,0.05,85,151,500,85,0.016891002655029297,True,False,0.45171264418227264,0.4603964738388667,,2026-02-04T18:43:56.447717,False,0.008683829656594089
100,2,0.05,86,150,500,86,0.018332958221435547,True,False,0.4733333333333334,0.4733333333333334,,2026-02-04T18:43:56.691499,True,0.0
100,2,0.05,87,155,500,87,0.01830601692199707,True,False,0.4596045785639957,0.4596045785639957,,2026-02-04T18:43:56.933792,True,0.0
100,2,0.05,88,160,500,88,0.018101930618286133,True,False,0.44218749999999996,0.44218749999999996,,2026-02-04T18:43:57.175418,True,0.0
100,2,0.05,89,151,500,89,0.018429994583129883,True,False,0.46258936011578444,0.46258936011578444,,2026-02-04T18:43:57.417610,True,0.0
100,2,0.05,90,168,500,90,0.0190579891204834,True,False,0.45060941043083896,0.45060941043083896,,2026-02-04T18:43:57.660702,True,0.0
100,2,0.05,91,155,500,91,0.017436742782592773,True,False,0.4741727367325702,0.4741727367325702,,2026-02-04T18:43:57.903716,True,0.0
100,2,0.05,92,157,500,92,0.01874089241027832,True,False,0.4655766968234006,0.4655766968234006,,2026-02-04T18:43:58.144955,True,0.0
100,2,0.05,93,153,500,93,0.019240856170654297,True,False,0.4466658122944167,0.4500619419881243,,2026-02-04T18:43:58.387983,False,0.003396129693707617
100,2,0.05,94,141,500,94,0.019102096557617188,True,False,0.4432372617071576,0.44391630199688137,,2026-02-04T18:43:58.647149,False,0.0006790402897237646
100,2,0.05,95,162,500,95,0.0184328556060791,True,False,0.4814624295076969,0.4814624295076969,,2026-02-04T18:43:58.915700,True,0.0
100,2,0.05,96,161,500,96,0.017965078353881836,True,False,0.47513599012383784,0.47513599012383784,,2026-02-04T18:43:59.172688,True,0.0
100,2,0.05,97,157,500,97,0.017637968063354492,True,False,0.4346423790011765,0.4346423790011765,,2026-02-04T18:43:59.463527,True,0.0
100,2,0.05,98,147,500,98,0.017744064331054688,True,False,0.4558980054606877,0.4558980054606877,,2026-02-04T18:43:59.726770,True,0.0
100,2,0.05,99,152,500,99,0.021967172622680664,True,False,0.4736842105263158,0.4736842105263158,,2026-02-04T18:44:00.001807,True,0.0
100,2,0.05,0,149,1000,0,0.031461238861083984,True,False,0.4326832124679068,0.4326832124679068,,2026-02-04T18:44:00.285018,True,0.0
100,2,0.05,1,152,1000,1,0.031722068786621094,True,False,0.4374783587257618,0.4374783587257618,,2026-02-04T18:44:00.561735,True,0.0
100,2,0.05,2,142,1000,2,0.029201984405517578,True,False,0.4506794286847847,0.4506794286847847,,2026-02-04T18:44:00.834869,True,0.0
100,2,0.05,3,141,1000,3,0.028725147247314453,True,False,0.47832101000955685,0.47832101000955685,,2026-02-04T18:44:01.137837,True,0.0
100,2,0.05,4,154,1000,4,0.035231828689575195,True,False,0.44594366672288743,0.4498018215550683,,2026-02-04T18:44:01.417723,False,0.0038581548321808823
100,2,0.05,5,158,1000,5,0.028055906295776367,True,False,0.4695561608716552,0.4695561608716552,,2026-02-04T18:44:01.673737,True,0.0
100,2,0.05,6,154,1000,6,0.030332088470458984,True,False,0.4602799797604993,0.4602799797604993,,2026-02-04T18:44:01.929167,True,0.0
100,2,0.05,7,149,1000,7,0.02754688262939453,True,False,0.4815098418990136,0.4815098418990136,,2026-02-04T18:44:02.183600,True,0.0
100,2,0.05,8,154,1000,8,0.028901100158691406,True,False,0.4433926463147243,0.4433926463147243,,2026-02-04T18:44:02.434982,True,0.0
100,2,0.05,9,147,1000,9,0.028421878814697266,True,False,0.4835947984636032,0.4835947984636032,,2026-02-04T18:44:02.688469,True,0.0
100,2,0.05,10,148,1000,10,0.029652833938598633,True,False,0.46619338933528126,0.46619338933528126,,2026-02-04T18:44:02.942577,True,0.0
100,2,0.05,11,151,1000,11,0.031271934509277344,True,False,0.4671724924345423,0.4671724924345423,,2026-02-04T18:44:03.197387,True,0.0
100,2,0.05,12,161,1000,12,0.02874588966369629,True,False,0.45067705721229884,0.45067705721229884,,2026-02-04T18:44:03.449667,True,0.0
100,2,0.05,13,155,1000,13,0.028790950775146484,True,False,0.4860770031217482,0.4860770031217482,,2026-02-04T18:44:03.703162,True,0.0
100,2,0.05,14,151,1000,14,0.02813410758972168,True,False,0.4337529055743169,0.4389939037761501,,2026-02-04T18:44:03.955731,False,0.0052409982018332135
100,2,0.05,15,140,1000,15,0.02907085418701172,True,False,0.44997448979591836,0.44997448979591836,,2026-02-04T18:44:04.210661,True,0.0
100,2,0.05,16,155,1000,16,0.02918410301208496,True,False,0.47232049947970856,0.47232049947970856,,2026-02-04T18:44:04.462387,True,0.0
100,2,0.05,17,156,1000,17,0.029072999954223633,True,False,0.46349030243261014,0.46349030243261014,,2026-02-04T18:44:04.716272,True,0.0
100,2,0.05,18,155,1000,18,0.028756141662597656,True,False,0.45367325702393335,0.4552757544224766,,2026-02-04T18:44:04.968078,False,0.0016024973985432345
100,2,0.05,19,161,1000,19,0.030421018600463867,True,False,0.46664866324601684,0.46664866324601684,,2026-02-04T18:44:05.223144,True,0.0
100,2,0.05,20,147,1000,20,0.031661033630371094,True,False,0.4586052107917997,0.4586052107917997,,2026-02-04T18:44:05.477287,True,0.0
100,2,0.05,21,149,1000,21,0.028655052185058594,True,False,0.4570064411512995,0.4570064411512995,,2026-02-04T18:44:05.729409,True,0.0
100,2,0.05,22,154,1000,22,0.02995610237121582,True,False,0.454524371732164,0.454524371732164,,2026-02-04T18:44:05.983480,True,0.0
100,2,0.05,23,151,1000,23,0.03153491020202637,True,False,0.4733125740099118,0.4733125740099118,,2026-02-04T18:44:06.238776,True,0.0
100,2,0.05,24,171,1000,24,0.029511213302612305,True,False,0.45244690674053545,0.45244690674053545,,2026-02-04T18:44:06.490732,True,0.0
100,2,0.05,25,142,1000,25,0.029298067092895508,True,False,0.4561594921642531,0.4561594921642531,,2026-02-04T18:44:06.743083,True,0.0
100,2,0.05,26,168,1000,26,0.027930021286010742,True,False,0.4384920634920635,0.4384920634920635,,2026-02-04T18:44:06.995224,True,0.0
100,2,0.05,27,168,1000,27,0.02921295166015625,True,False,0.46285076530612246,0.46285076530612246,,2026-02-04T18:44:07.249819,True,0.0
100,2,0.05,28,170,1000,28,0.02910590171813965,True,False,0.4491349480968857,0.4491349480968857,,2026-02-04T18:44:07.500034,True,0.0
100,2,0.05,29,156,1000,29,0.029862165451049805,True,False,0.4723044049967127,0.4723044049967127,,2026-02-04T18:44:07.755227,True,0.0
100,2,0.05,30,155,1000,30,0.028446197509765625,True,False,0.44237252861602494,0.44237252861602494,,2026-02-04T18:44:08.006606,True,0.0
100,2,0.05,31,140,1000,31,0.027795076370239258,True,False,0.456734693877551,0.456734693877551,,2026-02-04T18:44:08.258252,True,0.0
100,2,0.05,32,146,1000,32,0.027703046798706055,True,False,0.4612497654344154,0.46500281478701433,,2026-02-04T18:44:08.509901,False,0.003753049352598903
100,2,0.05,33,155,1000,33,0.028815746307373047,True,False,0.4631841831425598,0.4631841831425598,,2026-02-04T18:44:08.761793,True,0.0
100,2,0.05,34,165,1000,34,0.030390024185180664,True,False,0.46361799816345267,0.46361799816345267,,2026-02-04T18:44:09.016191,True,0.0
100,2,0.05,35,154,1000,35,0.028531312942504883,True,False,0.428550345758138,0.433947545960533,,2026-02-04T18:44:09.268499,False,0.0053972002023949806
100,2,0.05,36,153,1000,36,0.028816938400268555,True,False,0.4500619419881243,0.4511726259131104,,2026-02-04T18:44:09.520537,False,0.001110683924986089
100,2,0.05,37,165,1000,37,0.028536081314086914,True,False,0.4417998163452708,0.4417998163452708,,2026-02-04T18:44:09.771350,True,0.0
100,2,0.05,38,152,1000,38,0.02806711196899414,True,False,0.4798303324099724,0.4798303324099724,,2026-02-04T18:44:10.027790,True,0.0
100,2,0.05,39,161,1000,39,0.031139135360717773,True,False,0.4875390609930173,0.4875390609930173,,2026-02-04T18:44:10.283417,True,0.0
100,2,0.05,40,151,1000,40,0.028609037399291992,True,False,0.47173369589053105,0.47173369589053105,,2026-02-04T18:44:10.533046,True,0.0
100,2,0.05,41,139,1000,41,0.028143882751464844,True,False,0.46092334765281306,0.46540034159722576,,2026-02-04T18:44:10.786830,False,0.004476993944412699
100,2,0.05,42,150,1000,42,0.028126955032348633,True,False,0.46486666666666654,0.46486666666666654,,2026-02-04T18:44:11.038213,True,0.0
100,2,0.05,43,161,1000,43,0.030613183975219727,True,False,0.45158365803788436,0.45158365803788436,,2026-02-04T18:44:11.293392,True,0.0
100,2,0.05,44,157,1000,44,0.028753995895385742,True,False,0.4574627773946205,0.4574627773946205,,2026-02-04T18:44:11.544687,True,0.0
100,2,0.05,45,160,1000,45,0.0284421443939209,True,False,0.43341796875,0.43341796875,,2026-02-04T18:44:11.794736,True,0.0
100,2,0.05,46,143,1000,46,0.028289079666137695,True,False,0.4654506332828011,0.4654506332828011,,2026-02-04T18:44:12.047527,True,0.0
100,2,0.05,47,154,1000,47,0.030472993850708008,True,False,0.47326699274751216,0.47326699274751216,,2026-02-04T18:44:12.301222,True,0.0
100,2,0.05,48,147,1000,48,0.029152870178222656,True,False,0.4614512471655329,0.4614512471655329,,2026-02-04T18:44:12.554720,True,0.0
100,2,0.05,49,166,1000,49,0.030383825302124023,True,False,0.4759036144578314,0.4759036144578314,,2026-02-04T18:44:12.807163,True,0.0
100,2,0.05,50,161,1000,50,0.028464078903198242,True,False,0.42938158250067515,0.42938158250067515,,2026-02-04T18:44:13.059435,True,0.0
100,2,0.05,51,135,1000,51,0.029169797897338867,True,False,0.4441975308641975,0.4441975308641975,,2026-02-04T18:44:13.312017,True,0.0
100,2,0.05,52,164,1000,52,0.027911901473999023,True,False,0.48079640095181436,0.48079640095181436,,2026-02-04T18:44:13.561461,True,0.0
100,2,0.05,53,150,1000,53,0.029553890228271484,True,False,0.453311111111111,0.4556444444444444,,2026-02-04T18:44:13.815788,False,0.0023333333333334094
100,2,0.05,54,150,1000,54,0.030157804489135742,True,False,0.44586666666666663,0.4483333333333333,,2026-02-04T18:44:14.067581,False,0.0024666666666666726
100,2,0.05,55,155,1000,55,0.02804398536682129,True,False,0.44836628511966703,0.4507596253902185,,2026-02-04T18:44:14.321230,False,0.0023933402705514917
100,2,0.05,56,159,1000,56,0.03168082237243652,True,False,0.44919109212452035,0.44919109212452035,,2026-02-04T18:44:14.575376,True,0.0
100,2,0.05,57,150,1000,57,0.028910160064697266,True,False,0.45864444444444435,0.45864444444444435,,2026-02-04T18:44:14.829614,True,0.0
100,2,0.05,58,151,1000,58,0.028077125549316406,True,False,0.46383930529362744,0.46383930529362744,,2026-02-04T18:44:15.085528,True,0.0
100,2,0.05,59,156,1000,59,0.026730060577392578,True,False,0.4546145627876397,0.4562787639710716,,2026-02-04T18:44:15.336095,False,0.0016642011834319126
100,2,0.05,60,154,1000,60,0.028101205825805664,True,False,0.4627888345420812,0.4627888345420812,,2026-02-04T18:44:15.588000,True,0.0
100,2,0.05,61,152,1000,61,0.029309749603271484,True,False,0.458362188365651,0.458362188365651,,2026-02-04T18:44:15.838439,True,0.0
100,2,0.05,62,165,1000,62,0.030041933059692383,True,False,0.4757392102846648,0.4757392102846648,,2026-02-04T18:44:16.092804,True,0.0
100,2,0.05,63,165,1000,63,0.029612064361572266,True,False,0.4362901744719926,0.4362901744719926,,2026-02-04T18:44:16.347286,True,0.0
100,2,0.05,64,145,1000,64,0.027473926544189453,True,False,0.4744589774078478,0.4744589774078478,,2026-02-04T18:44:16.597908,True,0.0
100,2,0.05,65,141,1000,65,0.029176950454711914,True,False,0.45447915094814145,0.45742165887027814,,2026-02-04T18:44:16.853801,False,0.0029425079221366834
100,2,0.05,66,142,1000,66,0.02999091148376465,True,False,0.47956754612180125,0.47956754612180125,,2026-02-04T18:44:17.106851,True,0.0
100,2,0.05,67,151,1000,67,0.028552770614624023,True,False,0.4547826849699574,0.4565589228542608,,2026-02-04T18:44:17.361491,False,0.0017762378843034221
100,2,0.05,68,160,1000,68,0.02785491943359375,True,False,0.44999999999999996,0.44999999999999996,,2026-02-04T18:44:17.611792,True,0.0
100,2,0.05,69,138,1000,69,0.029771089553833008,True,False,0.45652173913043487,0.45652173913043487,,2026-02-04T18:44:17.864975,True,0.0
100,2,0.05,70,164,1000,70,0.029909133911132812,True,False,0.45055026769779893,0.45055026769779893,,2026-02-04T18:44:18.118113,True,0.0
100,2,0.05,71,165,1000,71,0.029035091400146484,True,False,0.4555371900826445,0.46427915518824603,,2026-02-04T18:44:18.370171,False,0.008741965105601546
100,2,0.05,72,135,1000,72,0.029078960418701172,True,False,0.4657338820301783,0.4657338820301783,,2026-02-04T18:44:18.625126,True,0.0
100,2,0.05,73,157,1000,73,0.033451080322265625,True,False,0.4699582133149418,0.4699582133149418,,2026-02-04T18:44:18.881153,True,0.0
100,2,0.05,74,144,1000,74,0.028331995010375977,True,False,0.45823688271604945,0.45823688271604945,,2026-02-04T18:44:19.138462,True,0.0
100,2,0.05,75,159,1000,75,0.03019881248474121,True,False,0.4439697796764368,0.44729243305249,,2026-02-04T18:44:19.393159,False,0.0033226533760531973
100,2,0.05,76,160,1000,76,0.029019832611083984,True,False,0.45654296875,0.45654296875,,2026-02-04T18:44:19.643668,True,0.0
100,2,0.05,77,150,1000,77,0.028826236724853516,True,False,0.47191111111111106,0.47191111111111106,,2026-02-04T18:44:19.898220,True,0.0
100,2,0.05,78,152,1000,78,0.029832839965820312,True,False,0.45392572714681434,0.45392572714681434,,2026-02-04T18:44:20.152586,True,0.0
100,2,0.05,79,153,1000,79,0.029632091522216797,True,False,0.4702464863941219,0.4702464863941219,,2026-02-04T18:44:20.407379,True,0.0
100,2,0.05,80,166,1000,80,0.028079986572265625,True,False,0.45011975613296573,0.45011975613296573,,2026-02-04T18:44:20.657417,True,0.0
100,2,0.05,81,154,1000,81,0.027822017669677734,True,False,0.4433926463147243,0.4433926463147243,,2026-02-04T18:44:20.908686,True,0.0
100,2,0.05,82,158,1000,82,0.030534982681274414,True,False,0.46817417080596063,0.46817417080596063,,2026-02-04T18:44:21.163230,True,0.0
100,2,0.05,83,153,1000,83,0.026970863342285156,True,False,0.44544833183818194,0.44544833183818194,,2026-02-04T18:44:21.413196,True,0.0
100,2,0.05,84,151,1000,84,0.02939128875732422,True,False,0.44101135915091433,0.44101135915091433,,2026-02-04T18:44:21.668341,True,0.0
100,2,0.05,85,151,1000,85,0.0276339054107666,True,False,0.45171264418227264,0.4603964738388667,,2026-02-04T18:44:21.918420,False,0.008683829656594089
100,2,0.05,86,150,1000,86,0.030276775360107422,True,False,0.4733333333333334,0.4733333333333334,,2026-02-04T18:44:22.175509,True,0.0
100,2,0.05,87,155,1000,87,0.028350830078125,True,False,0.4596045785639957,0.4596045785639957,,2026-02-04T18:44:22.427765,True,0.0
100,2,0.05,88,160,1000,88,0.029784202575683594,True,False,0.44218749999999996,0.44218749999999996,,2026-02-04T18:44:22.680609,True,0.0
100,2,0.05,89,151,1000,89,0.029513120651245117,True,False,0.46258936011578444,0.46258936011578444,,2026-02-04T18:44:22.936516,True,0.0
100,2,0.05,90,168,1000,90,0.02942824363708496,True,False,0.45060941043083896,0.45060941043083896,,2026-02-04T18:44:23.188851,True,0.0
100,2,0.05,91,155,1000,91,0.02863597869873047,True,False,0.4741727367325702,0.4741727367325702,,2026-02-04T18:44:23.441753,True,0.0
100,2,0.05,92,157,1000,92,0.028599023818969727,True,False,0.4655766968234006,0.4655766968234006,,2026-02-04T18:44:23.695185,True,0.0
100,2,0.05,93,153,1000,93,0.0290830135345459,True,False,0.4494852407193815,0.4500619419881243,,2026-02-04T18:44:23.946831,False,0.0005767012687428186
100,2,0.05,94,141,1000,94,0.03051590919494629,True,False,0.44391630199688137,0.44391630199688137,,2026-02-04T18:44:24.203324,True,0.0
100,2,0.05,95,162,1000,95,0.0291898250579834,True,False,0.4814624295076969,0.4814624295076969,,2026-02-04T18:44:24.457413,True,0.0
100,2,0.05,96,161,1000,96,0.030057191848754883,True,False,0.47513599012383784,0.47513599012383784,,2026-02-04T18:44:24.713052,True,0.0
100,2,0.05,97,157,1000,97,0.027823686599731445,True,False,0.4346423790011765,0.4346423790011765,,2026-02-04T18:44:24.962816,True,0.0
100,2,0.05,98,147,1000,98,0.02767324447631836,True,False,0.4558980054606877,0.4558980054606877,,2026-02-04T18:44:25.215043,True,0.0
100,2,0.05,99,152,1000,99,0.029590129852294922,True,False,0.4736842105263158,0.4736842105263158,,2026-02-04T18:44:25.468535,True,0.0
100,2,0.05,0,149,2000,0,0.05342578887939453,True,False,0.4326832124679068,0.4326832124679068,,2026-02-04T18:44:25.745730,True,0.0
100,2,0.05,1,152,2000,1,0.05387401580810547,True,False,0.4374783587257618,0.4374783587257618,,2026-02-04T18:44:26.024451,True,0.0
100,2,0.05,2,142,2000,2,0.05082416534423828,True,False,0.4506794286847847,0.4506794286847847,,2026-02-04T18:44:26.298924,True,0.0
100,2,0.05,3,141,2000,3,0.05030083656311035,True,False,0.47832101000955685,0.47832101000955685,,2026-02-04T18:44:26.576024,True,0.0
100,2,0.05,4,154,2000,4,0.055123090744018555,True,False,0.44594366672288743,0.4498018215550683,,2026-02-04T18:44:26.855602,False,0.0038581548321808823
100,2,0.05,5,158,2000,5,0.0494990348815918,True,False,0.4695561608716552,0.4695561608716552,,2026-02-04T18:44:27.129280,True,0.0
100,2,0.05,6,154,2000,6,0.054573774337768555,True,False,0.4602799797604993,0.4602799797604993,,2026-02-04T18:44:27.406929,True,0.0
100,2,0.05,7,149,2000,7,0.04817676544189453,True,False,0.4815098418990136,0.4815098418990136,,2026-02-04T18:44:27.680633,True,0.0
100,2,0.05,8,154,2000,8,0.05069088935852051,True,False,0.4433926463147243,0.4433926463147243,,2026-02-04T18:44:27.955110,True,0.0
100,2,0.05,9,147,2000,9,0.05153989791870117,True,False,0.4835947984636032,0.4835947984636032,,2026-02-04T18:44:28.230613,True,0.0
100,2,0.05,10,148,2000,10,0.052230119705200195,True,False,0.46619338933528126,0.46619338933528126,,2026-02-04T18:44:28.507624,True,0.0
100,2,0.05,11,151,2000,11,0.05405592918395996,True,False,0.4671724924345423,0.4671724924345423,,2026-02-04T18:44:28.785204,True,0.0
100,2,0.05,12,161,2000,12,0.05099606513977051,True,False,0.45067705721229884,0.45067705721229884,,2026-02-04T18:44:29.062305,True,0.0
100,2,0.05,13,155,2000,13,0.051036834716796875,True,False,0.4860770031217482,0.4860770031217482,,2026-02-04T18:44:29.336591,True,0.0
100,2,0.05,14,151,2000,14,0.04876899719238281,True,False,0.4389939037761501,0.4389939037761501,,2026-02-04T18:44:29.610969,True,0.0
100,2,0.05,15,140,2000,15,0.052223920822143555,True,False,0.44997448979591836,0.44997448979591836,,2026-02-04T18:44:29.886834,True,0.0
100,2,0.05,16,155,2000,16,0.05183815956115723,True,False,0.47232049947970856,0.47232049947970856,,2026-02-04T18:44:30.166241,True,0.0
100,2,0.05,17,156,2000,17,0.052073001861572266,True,False,0.46349030243261014,0.46349030243261014,,2026-02-04T18:44:30.441155,True,0.0
100,2,0.05,18,155,2000,18,0.05033612251281738,True,False,0.45367325702393335,0.4552757544224766,,2026-02-04T18:44:30.716981,False,0.0016024973985432345
100,2,0.05,19,161,2000,19,0.051924943923950195,True,False,0.46664866324601684,0.46664866324601684,,2026-02-04T18:44:30.994523,True,0.0
100,2,0.05,20,147,2000,20,0.05542397499084473,True,False,0.4586052107917997,0.4586052107917997,,2026-02-04T18:44:31.275721,True,0.0
100,2,0.05,21,149,2000,21,0.0506587028503418,True,False,0.4570064411512995,0.4570064411512995,,2026-02-04T18:44:31.552069,True,0.0
100,2,0.05,22,154,2000,22,0.05332493782043457,True,False,0.454524371732164,0.454524371732164,,2026-02-04T18:44:31.829120,True,0.0
100,2,0.05,23,151,2000,23,0.05638909339904785,True,False,0.4733125740099118,0.4733125740099118,,2026-02-04T18:44:32.110047,True,0.0
100,2,0.05,24,171,2000,24,0.0534052848815918,True,False,0.45244690674053545,0.45244690674053545,,2026-02-04T18:44:32.387064,True,0.0
100,2,0.05,25,142,2000,25,0.05409693717956543,True,False,0.4561594921642531,0.4561594921642531,,2026-02-04T18:44:32.665223,True,0.0
100,2,0.05,26,168,2000,26,0.049553871154785156,True,False,0.4384920634920635,0.4384920634920635,,2026-02-04T18:44:32.939725,True,0.0
100,2,0.05,27,168,2000,27,0.052018165588378906,True,False,0.46285076530612246,0.46285076530612246,,2026-02-04T18:44:33.216048,True,0.0
100,2,0.05,28,170,2000,28,0.050863027572631836,True,False,0.4491349480968857,0.4491349480968857,,2026-02-04T18:44:33.489962,True,0.0
100,2,0.05,29,156,2000,29,0.05444812774658203,True,False,0.4723044049967127,0.4723044049967127,,2026-02-04T18:44:33.768648,True,0.0
100,2,0.05,30,155,2000,30,0.050743818283081055,True,False,0.44237252861602494,0.44237252861602494,,2026-02-04T18:44:34.044617,True,0.0
100,2,0.05,31,140,2000,31,0.049742698669433594,True,False,0.456734693877551,0.456734693877551,,2026-02-04T18:44:34.318338,True,0.0
100,2,0.05,32,146,2000,32,0.050102949142456055,True,False,0.4612497654344154,0.46500281478701433,,2026-02-04T18:44:34.592502,False,0.003753049352598903
100,2,0.05,33,155,2000,33,0.05145978927612305,True,False,0.4631841831425598,0.4631841831425598,,2026-02-04T18:44:34.868042,True,0.0
100,2,0.05,34,165,2000,34,0.05393099784851074,True,False,0.46361799816345267,0.46361799816345267,,2026-02-04T18:44:35.145528,True,0.0
100,2,0.05,35,154,2000,35,0.051048994064331055,True,False,0.428550345758138,0.433947545960533,,2026-02-04T18:44:35.420926,False,0.0053972002023949806
100,2,0.05,36,153,2000,36,0.05050992965698242,True,False,0.4500619419881243,0.4511726259131104,,2026-02-04T18:44:35.699089,False,0.001110683924986089
100,2,0.05,37,165,2000,37,0.052481889724731445,True,False,0.4417998163452708,0.4417998163452708,,2026-02-04T18:44:35.975785,True,0.0
100,2,0.05,38,152,2000,38,0.05046415328979492,True,False,0.4798303324099724,0.4798303324099724,,2026-02-04T18:44:36.251638,True,0.0
100,2,0.05,39,161,2000,39,0.0546269416809082,True,False,0.4875390609930173,0.4875390609930173,,2026-02-04T18:44:36.529303,True,0.0
100,2,0.05,40,151,2000,40,0.0536649227142334,True,False,0.47173369589053105,0.47173369589053105,,2026-02-04T18:44:36.806475,True,0.0
100,2,0.05,41,139,2000,41,0.050704240798950195,True,False,0.46092334765281306,0.46540034159722576,,2026-02-04T18:44:37.081241,False,0.004476993944412699
100,2,0.05,42,150,2000,42,0.0503239631652832,True,False,0.46486666666666654,0.46486666666666654,,2026-02-04T18:44:37.359200,True,0.0
100,2,0.05,43,161,2000,43,0.05374908447265625,True,False,0.45158365803788436,0.45158365803788436,,2026-02-04T18:44:37.637858,True,0.0
100,2,0.05,44,157,2000,44,0.05300784111022949,True,False,0.4574627773946205,0.4574627773946205,,2026-02-04T18:44:37.915884,True,0.0
100,2,0.05,45,160,2000,45,0.050026893615722656,True,False,0.43341796875,0.43341796875,,2026-02-04T18:44:38.191327,True,0.0
100,2,0.05,46,143,2000,46,0.0493471622467041,True,False,0.4654506332828011,0.4654506332828011,,2026-02-04T18:44:38.465382,True,0.0
100,2,0.05,47,154,2000,47,0.05507302284240723,True,False,0.47326699274751216,0.47326699274751216,,2026-02-04T18:44:38.744034,True,0.0
100,2,0.05,48,147,2000,48,0.05303502082824707,True,False,0.4614512471655329,0.4614512471655329,,2026-02-04T18:44:39.020947,True,0.0
100,2,0.05,49,166,2000,49,0.0543668270111084,True,False,0.4759036144578314,0.4759036144578314,,2026-02-04T18:44:39.300389,True,0.0
100,2,0.05,50,161,2000,50,0.04921221733093262,True,False,0.42938158250067515,0.42938158250067515,,2026-02-04T18:44:39.572906,True,0.0
100,2,0.05,51,135,2000,51,0.053147077560424805,True,False,0.4441975308641975,0.4441975308641975,,2026-02-04T18:44:39.850989,True,0.0
100,2,0.05,52,164,2000,52,0.050006866455078125,True,False,0.48079640095181436,0.48079640095181436,,2026-02-04T18:44:40.125455,True,0.0
100,2,0.05,53,150,2000,53,0.05486178398132324,True,False,0.453311111111111,0.4556444444444444,,2026-02-04T18:44:40.405082,False,0.0023333333333334094
100,2,0.05,54,150,2000,54,0.051651716232299805,True,False,0.44586666666666663,0.4483333333333333,,2026-02-04T18:44:40.679792,False,0.0024666666666666726
100,2,0.05,55,155,2000,55,0.04948925971984863,True,False,0.44836628511966703,0.4507596253902185,,2026-02-04T18:44:40.954268,False,0.0023933402705514917
100,2,0.05,56,159,2000,56,0.05637097358703613,True,False,0.44919109212452035,0.44919109212452035,,2026-02-04T18:44:41.234851,True,0.0
100,2,0.05,57,150,2000,57,0.051476240158081055,True,False,0.45864444444444435,0.45864444444444435,,2026-02-04T18:44:41.508889,True,0.0
100,2,0.05,58,151,2000,58,0.05073714256286621,True,False,0.46383930529362744,0.46383930529362744,,2026-02-04T18:44:41.785631,True,0.0
100,2,0.05,59,156,2000,59,0.04823589324951172,True,False,0.4546145627876397,0.4562787639710716,,2026-02-04T18:44:42.057317,False,0.0016642011834319126
100,2,0.05,60,154,2000,60,0.0508270263671875,True,False,0.4627888345420812,0.4627888345420812,,2026-02-04T18:44:42.332314,True,0.0
100,2,0.05,61,152,2000,61,0.053083181381225586,True,False,0.458362188365651,0.458362188365651,,2026-02-04T18:44:42.607707,True,0.0
100,2,0.05,62,165,2000,62,0.052824974060058594,True,False,0.4757392102846648,0.4757392102846648,,2026-02-04T18:44:42.885893,True,0.0
100,2,0.05,63,165,2000,63,0.052742958068847656,True,False,0.4362901744719926,0.4362901744719926,,2026-02-04T18:44:43.161076,True,0.0
100,2,0.05,64,145,2000,64,0.049555301666259766,True,False,0.4744589774078478,0.4744589774078478,,2026-02-04T18:44:43.436206,True,0.0
100,2,0.05,65,141,2000,65,0.052163124084472656,True,False,0.45742165887027814,0.45742165887027814,,2026-02-04T18:44:43.713614,True,0.0
100,2,0.05,66,142,2000,66,0.0546879768371582,True,False,0.47956754612180125,0.47956754612180125,,2026-02-04T18:44:43.990869,True,0.0
100,2,0.05,67,151,2000,67,0.052160024642944336,True,False,0.4565589228542608,0.4565589228542608,,2026-02-04T18:44:44.268920,True,0.0
100,2,0.05,68,160,2000,68,0.050228118896484375,True,False,0.44999999999999996,0.44999999999999996,,2026-02-04T18:44:44.541840,True,0.0
100,2,0.05,69,138,2000,69,0.05416703224182129,True,False,0.45652173913043487,0.45652173913043487,,2026-02-04T18:44:44.822540,True,0.0
100,2,0.05,70,164,2000,70,0.0524289608001709,True,False,0.45055026769779893,0.45055026769779893,,2026-02-04T18:44:45.100371,True,0.0
100,2,0.05,71,165,2000,71,0.05130720138549805,True,False,0.4555371900826445,0.46427915518824603,,2026-02-04T18:44:45.376772,False,0.008741965105601546
100,2,0.05,72,135,2000,72,0.053346872329711914,True,False,0.4657338820301783,0.4657338820301783,,2026-02-04T18:44:45.654019,True,0.0
100,2,0.05,73,157,2000,73,0.05534195899963379,True,False,0.4699582133149418,0.4699582133149418,,2026-02-04T18:44:45.935508,True,0.0
100,2,0.05,74,144,2000,74,0.05069279670715332,True,False,0.45823688271604945,0.45823688271604945,,2026-02-04T18:44:46.209626,True,0.0
100,2,0.05,75,159,2000,75,0.054277896881103516,True,False,0.4439697796764368,0.44729243305249,,2026-02-04T18:44:46.490909,False,0.0033226533760531973
100,2,0.05,76,160,2000,76,0.05006694793701172,True,False,0.45654296875,0.45654296875,,2026-02-04T18:44:46.766658,True,0.0
100,2,0.05,77,150,2000,77,0.05196690559387207,True,False,0.47191111111111106,0.47191111111111106,,2026-02-04T18:44:47.042757,True,0.0
100,2,0.05,78,152,2000,78,0.05451083183288574,True,False,0.45392572714681434,0.45392572714681434,,2026-02-04T18:44:47.322515,True,0.0
100,2,0.05,79,153,2000,79,0.05286908149719238,True,False,0.4702464863941219,0.4702464863941219,,2026-02-04T18:44:47.598633,True,0.0
100,2,0.05,80,166,2000,80,0.053436994552612305,True,False,0.45011975613296573,0.45011975613296573,,2026-02-04T18:44:47.878471,True,0.0
100,2,0.05,81,154,2000,81,0.05070638656616211,True,False,0.4433926463147243,0.4433926463147243,,2026-02-04T18:44:48.158124,True,0.0
100,2,0.05,82,158,2000,82,0.053223371505737305,True,False,0.46817417080596063,0.46817417080596063,,2026-02-04T18:44:48.437999,True,0.0
100,2,0.05,83,153,2000,83,0.04796910285949707,True,False,0.44544833183818194,0.44544833183818194,,2026-02-04T18:44:48.709417,True,0.0
100,2,0.05,84,151,2000,84,0.06016898155212402,True,False,0.44101135915091433,0.44101135915091433,,2026-02-04T18:44:48.994915,True,0.0
100,2,0.05,85,151,2000,85,0.05397295951843262,True,False,0.45171264418227264,0.4603964738388667,,2026-02-04T18:44:49.316462,False,0.008683829656594089
100,2,0.05,86,150,2000,86,0.05276298522949219,True,False,0.4733333333333334,0.4733333333333334,,2026-02-04T18:44:49.633604,True,0.0
100,2,0.05,87,155,2000,87,0.05165982246398926,True,False,0.4596045785639957,0.4596045785639957,,2026-02-04T18:44:49.920012,True,0.0
100,2,0.05,88,160,2000,88,0.07771015167236328,True,False,0.44218749999999996,0.44218749999999996,,2026-02-04T18:44:50.279587,True,0.0
100,2,0.05,89,151,2000,89,0.05282092094421387,True,False,0.46258936011578444,0.46258936011578444,,2026-02-04T18:44:50.579365,True,0.0
100,2,0.05,90,168,2000,90,0.05292963981628418,True,False,0.45060941043083896,0.45060941043083896,,2026-02-04T18:44:50.862711,True,0.0
100,2,0.05,91,155,2000,91,0.0519411563873291,True,False,0.4741727367325702,0.4741727367325702,,2026-02-04T18:44:51.149643,True,0.0
100,2,0.05,92,157,2000,92,0.052343130111694336,True,False,0.4655766968234006,0.4655766968234006,,2026-02-04T18:44:51.432896,True,0.0
100,2,0.05,93,153,2000,93,0.053397178649902344,True,False,0.4494852407193815,0.4500619419881243,,2026-02-04T18:44:51.714663,False,0.0005767012687428186
100,2,0.05,94,141,2000,94,0.05491185188293457,True,False,0.44391630199688137,0.44391630199688137,,2026-02-04T18:44:52.000062,True,0.0
100,2,0.05,95,162,2000,95,0.05298900604248047,True,False,0.4814624295076969,0.4814624295076969,,2026-02-04T18:44:52.285597,True,0.0
100,2,0.05,96,161,2000,96,0.052596092224121094,True,False,0.47513599012383784,0.47513599012383784,,2026-02-04T18:44:52.562792,True,0.0
100,2,0.05,97,157,2000,97,0.049067020416259766,True,False,0.4346423790011765,0.4346423790011765,,2026-02-04T18:44:52.836801,True,0.0
100,2,0.05,98,147,2000,98,0.0491178035736084,True,False,0.4558980054606877,0.4558980054606877,,2026-02-04T18:44:53.110747,True,0.0
100,2,0.05,99,152,2000,99,0.05487179756164551,True,False,0.4736842105263158,0.4736842105263158,,2026-02-04T18:44:53.393922,True,0.0
100,2,0.05,0,149,5000,0,0.12762761116027832,True,False,0.4326832124679068,0.4326832124679068,,2026-02-04T18:44:53.745955,True,0.0
100,2,0.05,1,152,5000,1,0.12179303169250488,True,False,0.4374783587257618,0.4374783587257618,,2026-02-04T18:44:54.094553,True,0.0
100,2,0.05,2,142,5000,2,0.1185150146484375,True,False,0.4506794286847847,0.4506794286847847,,2026-02-04T18:44:54.440486,True,0.0
100,2,0.05,3,141,5000,3,0.11550521850585938,True,False,0.47832101000955685,0.47832101000955685,,2026-02-04T18:44:54.781177,True,0.0
100,2,0.05,4,154,5000,4,0.1281580924987793,True,False,0.4498018215550683,0.4498018215550683,,2026-02-04T18:44:55.134122,True,0.0
100,2,0.05,5,158,5000,5,0.11366796493530273,True,False,0.4695561608716552,0.4695561608716552,,2026-02-04T18:44:55.474897,True,0.0
100,2,0.05,6,154,5000,6,0.1275768280029297,True,False,0.4602799797604993,0.4602799797604993,,2026-02-04T18:44:55.828716,True,0.0
100,2,0.05,7,149,5000,7,0.11414933204650879,True,False,0.4815098418990136,0.4815098418990136,,2026-02-04T18:44:56.165179,True,0.0
100,2,0.05,8,154,5000,8,0.12013816833496094,True,False,0.4433926463147243,0.4433926463147243,,2026-02-04T18:44:56.512423,True,0.0
100,2,0.05,9,147,5000,9,0.12099695205688477,True,False,0.4835947984636032,0.4835947984636032,,2026-02-04T18:44:56.857080,True,0.0
100,2,0.05,10,148,5000,10,0.12193918228149414,True,False,0.46619338933528126,0.46619338933528126,,2026-02-04T18:44:57.202869,True,0.0
100,2,0.05,11,151,5000,11,0.13131284713745117,True,False,0.4671724924345423,0.4671724924345423,,2026-02-04T18:44:57.559360,True,0.0
100,2,0.05,12,161,5000,12,0.12082386016845703,True,False,0.45067705721229884,0.45067705721229884,,2026-02-04T18:44:57.905492,True,0.0
100,2,0.05,13,155,5000,13,0.11661314964294434,True,False,0.4860770031217482,0.4860770031217482,,2026-02-04T18:44:58.247252,True,0.0
100,2,0.05,14,151,5000,14,0.1127781867980957,True,False,0.4389939037761501,0.4389939037761501,,2026-02-04T18:44:58.589175,True,0.0
100,2,0.05,15,140,5000,15,0.12185192108154297,True,False,0.44997448979591836,0.44997448979591836,,2026-02-04T18:44:58.961428,True,0.0
100,2,0.05,16,155,5000,16,0.1221311092376709,True,False,0.47232049947970856,0.47232049947970856,,2026-02-04T18:44:59.341933,True,0.0
100,2,0.05,17,156,5000,17,0.11957502365112305,True,False,0.46349030243261014,0.46349030243261014,,2026-02-04T18:44:59.728499,True,0.0
100,2,0.05,18,155,5000,18,0.11568903923034668,True,False,0.45367325702393335,0.4552757544224766,,2026-02-04T18:45:00.072055,False,0.0016024973985432345
100,2,0.05,19,161,5000,19,0.12594914436340332,True,False,0.46664866324601684,0.46664866324601684,,2026-02-04T18:45:00.442021,True,0.0
100,2,0.05,20,147,5000,20,0.13007688522338867,True,False,0.4586052107917997,0.4586052107917997,,2026-02-04T18:45:00.819202,True,0.0
100,2,0.05,21,149,5000,21,0.11845564842224121,True,False,0.4570064411512995,0.4570064411512995,,2026-02-04T18:45:01.198811,True,0.0
100,2,0.05,22,154,5000,22,0.12238121032714844,True,False,0.454524371732164,0.454524371732164,,2026-02-04T18:45:01.548499,True,0.0
100,2,0.05,23,151,5000,23,0.13373017311096191,True,False,0.4733125740099118,0.4733125740099118,,2026-02-04T18:45:01.910077,True,0.0
100,2,0.05,24,171,5000,24,0.12415313720703125,True,False,0.45244690674053545,0.45244690674053545,,2026-02-04T18:45:02.261281,True,0.0
100,2,0.05,25,142,5000,25,0.12434625625610352,True,False,0.4561594921642531,0.4561594921642531,,2026-02-04T18:45:02.614233,True,0.0
100,2,0.05,26,168,5000,26,0.1147458553314209,True,False,0.4384920634920635,0.4384920634920635,,2026-02-04T18:45:02.956048,True,0.0
100,2,0.05,27,168,5000,27,0.1263730525970459,True,False,0.46285076530612246,0.46285076530612246,,2026-02-04T18:45:03.307820,True,0.0
100,2,0.05,28,170,5000,28,0.11947321891784668,True,False,0.4491349480968857,0.4491349480968857,,2026-02-04T18:45:03.654762,True,0.0
100,2,0.05,29,156,5000,29,0.12354612350463867,True,False,0.4723044049967127,0.4723044049967127,,2026-02-04T18:45:04.004709,True,0.0
100,2,0.05,30,155,5000,30,0.11947488784790039,True,False,0.44237252861602494,0.44237252861602494,,2026-02-04T18:45:04.349068,True,0.0
100,2,0.05,31,140,5000,31,0.11430573463439941,True,False,0.456734693877551,0.456734693877551,,2026-02-04T18:45:04.690542,True,0.0
100,2,0.05,32,146,5000,32,0.11600899696350098,True,False,0.4612497654344154,0.46500281478701433,,2026-02-04T18:45:05.040951,False,0.003753049352598903
100,2,0.05,33,155,5000,33,0.11942696571350098,True,False,0.4631841831425598,0.4631841831425598,,2026-02-04T18:45:05.397926,True,0.0
100,2,0.05,34,165,5000,34,0.13199186325073242,True,False,0.46361799816345267,0.46361799816345267,,2026-02-04T18:45:05.763502,True,0.0
100,2,0.05,35,154,5000,35,0.11959505081176758,True,False,0.433947545960533,0.433947545960533,,2026-02-04T18:45:06.127193,True,0.0
100,2,0.05,36,153,5000,36,0.11850881576538086,True,False,0.4500619419881243,0.4511726259131104,,2026-02-04T18:45:06.501321,False,0.001110683924986089
100,2,0.05,37,165,5000,37,0.12217307090759277,True,False,0.4417998163452708,0.4417998163452708,,2026-02-04T18:45:06.873954,True,0.0
100,2,0.05,38,152,5000,38,0.11769676208496094,True,False,0.4798303324099724,0.4798303324099724,,2026-02-04T18:45:07.234687,True,0.0
100,2,0.05,39,161,5000,39,0.12588095664978027,True,False,0.4875390609930173,0.4875390609930173,,2026-02-04T18:45:07.604291,True,0.0
100,2,0.05,40,151,5000,40,0.1219170093536377,True,False,0.47173369589053105,0.47173369589053105,,2026-02-04T18:45:07.963867,True,0.0
100,2,0.05,41,139,5000,41,0.12122225761413574,True,False,0.46092334765281306,0.46540034159722576,,2026-02-04T18:45:08.322224,False,0.004476993944412699
100,2,0.05,42,150,5000,42,0.11501908302307129,True,False,0.46486666666666654,0.46486666666666654,,2026-02-04T18:45:08.670336,True,0.0
100,2,0.05,43,161,5000,43,0.12312602996826172,True,False,0.45158365803788436,0.45158365803788436,,2026-02-04T18:45:09.025637,True,0.0
100,2,0.05,44,157,5000,44,0.12390589714050293,True,False,0.4574627773946205,0.4574627773946205,,2026-02-04T18:45:09.385608,True,0.0
100,2,0.05,45,160,5000,45,0.11599493026733398,True,False,0.43341796875,0.43341796875,,2026-02-04T18:45:09.733973,True,0.0
100,2,0.05,46,143,5000,46,0.11358499526977539,True,False,0.4654506332828011,0.4654506332828011,,2026-02-04T18:45:10.084284,True,0.0
100,2,0.05,47,154,5000,47,0.12821292877197266,True,False,0.47326699274751216,0.47326699274751216,,2026-02-04T18:45:10.447259,True,0.0
100,2,0.05,48,147,5000,48,0.12400507926940918,True,False,0.4614512471655329,0.4614512471655329,,2026-02-04T18:45:10.804205,True,0.0
100,2,0.05,49,166,5000,49,0.12615013122558594,True,False,0.4759036144578314,0.4759036144578314,,2026-02-04T18:45:11.162368,True,0.0
100,2,0.05,50,161,5000,50,0.11427092552185059,True,False,0.42938158250067515,0.42938158250067515,,2026-02-04T18:45:11.504422,True,0.0
100,2,0.05,51,135,5000,51,0.1222691535949707,True,False,0.4441975308641975,0.4441975308641975,,2026-02-04T18:45:11.852875,True,0.0
100,2,0.05,52,164,5000,52,0.11671590805053711,True,False,0.48079640095181436,0.48079640095181436,,2026-02-04T18:45:12.196810,True,0.0
100,2,0.05,53,150,5000,53,0.13221311569213867,True,False,0.453311111111111,0.4556444444444444,,2026-02-04T18:45:12.555414,False,0.0023333333333334094
100,2,0.05,54,150,5000,54,0.12160515785217285,True,False,0.4483333333333333,0.4483333333333333,,2026-02-04T18:45:12.901355,True,0.0
100,2,0.05,55,155,5000,55,0.11255192756652832,True,False,0.4507596253902185,0.4507596253902185,,2026-02-04T18:45:13.239778,True,0.0
100,2,0.05,56,159,5000,56,0.13254809379577637,True,False,0.44919109212452035,0.44919109212452035,,2026-02-04T18:45:13.598661,True,0.0
100,2,0.05,57,150,5000,57,0.12065792083740234,True,False,0.45864444444444435,0.45864444444444435,,2026-02-04T18:45:13.945599,True,0.0
100,2,0.05,58,151,5000,58,0.11361098289489746,True,False,0.46383930529362744,0.46383930529362744,,2026-02-04T18:45:14.284814,True,0.0
100,2,0.05,59,156,5000,59,0.1133432388305664,True,False,0.4546145627876397,0.4562787639710716,,2026-02-04T18:45:14.625256,False,0.0016642011834319126
100,2,0.05,60,154,5000,60,0.11536931991577148,True,False,0.4627888345420812,0.4627888345420812,,2026-02-04T18:45:14.969476,True,0.0
100,2,0.05,61,152,5000,61,0.12364387512207031,True,False,0.458362188365651,0.458362188365651,,2026-02-04T18:45:15.318377,True,0.0
100,2,0.05,62,165,5000,62,0.12211823463439941,True,False,0.4757392102846648,0.4757392102846648,,2026-02-04T18:45:15.666506,True,0.0
100,2,0.05,63,165,5000,63,0.12331318855285645,True,False,0.4362901744719926,0.4362901744719926,,2026-02-04T18:45:16.015793,True,0.0
100,2,0.05,64,145,5000,64,0.11261987686157227,True,False,0.4744589774078478,0.4744589774078478,,2026-02-04T18:45:16.353522,True,0.0
100,2,0.05,65,141,5000,65,0.12241101264953613,True,False,0.45742165887027814,0.45742165887027814,,2026-02-04T18:45:16.704424,True,0.0
100,2,0.05,66,142,5000,66,0.12769412994384766,True,False,0.47956754612180125,0.47956754612180125,,2026-02-04T18:45:17.059746,True,0.0
100,2,0.05,67,151,5000,67,0.12016606330871582,True,False,0.4565589228542608,0.4565589228542608,,2026-02-04T18:45:17.405528,True,0.0
100,2,0.05,68,160,5000,68,0.11597990989685059,True,False,0.44999999999999996,0.44999999999999996,,2026-02-04T18:45:17.751625,True,0.0
100,2,0.05,69,138,5000,69,0.12699103355407715,True,False,0.45652173913043487,0.45652173913043487,,2026-02-04T18:45:18.104957,True,0.0
100,2,0.05,70,164,5000,70,0.1232151985168457,True,False,0.45055026769779893,0.45055026769779893,,2026-02-04T18:45:18.456110,True,0.0
100,2,0.05,71,165,5000,71,0.13736295700073242,True,False,0.4570064279155188,0.46427915518824603,,2026-02-04T18:45:18.821387,False,0.0072727272727272085
100,2,0.05,72,135,5000,72,0.12039399147033691,True,False,0.4657338820301783,0.4657338820301783,,2026-02-04T18:45:19.183744,True,0.0
100,2,0.05,73,157,5000,73,0.12501788139343262,True,False,0.4699582133149418,0.4699582133149418,,2026-02-04T18:45:19.539120,True,0.0
100,2,0.05,74,144,5000,74,0.11760473251342773,True,False,0.45823688271604945,0.45823688271604945,,2026-02-04T18:45:19.883325,True,0.0
100,2,0.05,75,159,5000,75,0.12517094612121582,True,False,0.44729243305249,0.44729243305249,,2026-02-04T18:45:20.237864,True,0.0
100,2,0.05,76,160,5000,76,0.12127995491027832,True,False,0.45654296875,0.45654296875,,2026-02-04T18:45:20.586888,True,0.0
100,2,0.05,77,150,5000,77,0.11899495124816895,True,False,0.47191111111111106,0.47191111111111106,,2026-02-04T18:45:20.932950,True,0.0
100,2,0.05,78,152,5000,78,0.12197613716125488,True,False,0.45392572714681434,0.45392572714681434,,2026-02-04T18:45:21.282525,True,0.0
100,2,0.05,79,153,5000,79,0.12477326393127441,True,False,0.4702464863941219,0.4702464863941219,,2026-02-04T18:45:21.637335,True,0.0
100,2,0.05,80,166,5000,80,0.12049198150634766,True,False,0.45011975613296573,0.45011975613296573,,2026-02-04T18:45:21.985156,True,0.0
100,2,0.05,81,154,5000,81,0.11877799034118652,True,False,0.4433926463147243,0.4433926463147243,,2026-02-04T18:45:22.330691,True,0.0
100,2,0.05,82,158,5000,82,0.12029910087585449,True,False,0.46817417080596063,0.46817417080596063,,2026-02-04T18:45:22.687467,True,0.0
100,2,0.05,83,153,5000,83,0.11145591735839844,True,False,0.44544833183818194,0.44544833183818194,,2026-02-04T18:45:23.028550,True,0.0
100,2,0.05,84,151,5000,84,0.11943602561950684,True,False,0.44101135915091433,0.44101135915091433,,2026-02-04T18:45:23.381357,True,0.0
100,2,0.05,85,151,5000,85,0.11517691612243652,True,False,0.45171264418227264,0.4603964738388667,,2026-02-04T18:45:23.728478,False,0.008683829656594089
100,2,0.05,86,150,5000,86,0.11786103248596191,True,False,0.4733333333333334,0.4733333333333334,,2026-02-04T18:45:24.074439,True,0.0
100,2,0.05,87,155,5000,87,0.11737608909606934,True,False,0.4596045785639957,0.4596045785639957,,2026-02-04T18:45:24.419874,True,0.0
100,2,0.05,88,160,5000,88,0.11999106407165527,True,False,0.44218749999999996,0.44218749999999996,,2026-02-04T18:45:24.770242,True,0.0
100,2,0.05,89,151,5000,89,0.12230801582336426,True,False,0.46258936011578444,0.46258936011578444,,2026-02-04T18:45:25.119559,True,0.0
100,2,0.05,90,168,5000,90,0.11890506744384766,True,False,0.45060941043083896,0.45060941043083896,,2026-02-04T18:45:25.466105,True,0.0
100,2,0.05,91,155,5000,91,0.11744022369384766,True,False,0.4741727367325702,0.4741727367325702,,2026-02-04T18:45:25.811641,True,0.0
100,2,0.05,92,157,5000,92,0.12184715270996094,True,False,0.4655766968234006,0.4655766968234006,,2026-02-04T18:45:26.159518,True,0.0
100,2,0.05,93,153,5000,93,0.12206697463989258,True,False,0.4494852407193815,0.4500619419881243,,2026-02-04T18:45:26.508244,False,0.0005767012687428186
100,2,0.05,94,141,5000,94,0.12898588180541992,True,False,0.44391630199688137,0.44391630199688137,,2026-02-04T18:45:26.865747,True,0.0
100,2,0.05,95,162,5000,95,0.12211394309997559,True,False,0.4814624295076969,0.4814624295076969,,2026-02-04T18:45:27.214419,True,0.0
100,2,0.05,96,161,5000,96,0.12450408935546875,True,False,0.47513599012383784,0.47513599012383784,,2026-02-04T18:45:27.565998,True,0.0
100,2,0.05,97,157,5000,97,0.1135711669921875,True,False,0.4346423790011765,0.4346423790011765,,2026-02-04T18:45:27.911092,True,0.0
100,2,0.05,98,147,5000,98,0.11370086669921875,True,False,0.4558980054606877,0.4558980054606877,,2026-02-04T18:45:28.253092,True,0.0
100,2,0.05,99,152,5000,99,0.12442874908447266,True,False,0.4736842105263158,0.4736842105263158,,2026-02-04T18:45:28.605547,True,0.0
100,2,0.05,0,149,10000,0,0.23877191543579102,True,False,0.4326832124679068,0.4326832124679068,,2026-02-04T18:45:29.069954,True,0.0
100,2,0.05,1,152,10000,1,0.24290084838867188,True,False,0.4374783587257618,0.4374783587257618,,2026-02-04T18:45:29.540149,True,0.0
100,2,0.05,2,142,10000,2,0.2311849594116211,True,False,0.4506794286847847,0.4506794286847847,,2026-02-04T18:45:29.997135,True,0.0
100,2,0.05,3,141,10000,3,0.22626423835754395,True,False,0.47832101000955685,0.47832101000955685,,2026-02-04T18:45:30.454251,True,0.0
100,2,0.05,4,154,10000,4,0.24926400184631348,True,False,0.4498018215550683,0.4498018215550683,,2026-02-04T18:45:30.936059,True,0.0
100,2,0.05,5,158,10000,5,0.22182083129882812,True,False,0.4695561608716552,0.4695561608716552,,2026-02-04T18:45:31.388316,True,0.0
100,2,0.05,6,154,10000,6,0.24862217903137207,True,False,0.4602799797604993,0.4602799797604993,,2026-02-04T18:45:31.867783,True,0.0
100,2,0.05,7,149,10000,7,0.21631693840026855,True,False,0.4815098418990136,0.4815098418990136,,2026-02-04T18:45:32.309896,True,0.0
100,2,0.05,8,154,10000,8,0.2327899932861328,True,False,0.4433926463147243,0.4433926463147243,,2026-02-04T18:45:32.768738,True,0.0
100,2,0.05,9,147,10000,9,0.23344707489013672,True,False,0.4835947984636032,0.4835947984636032,,2026-02-04T18:45:33.229536,True,0.0
100,2,0.05,10,148,10000,10,0.23763108253479004,True,False,0.46619338933528126,0.46619338933528126,,2026-02-04T18:45:33.692595,True,0.0
100,2,0.05,11,151,10000,11,0.24611520767211914,True,False,0.4671724924345423,0.4671724924345423,,2026-02-04T18:45:34.168552,True,0.0
100,2,0.05,12,161,10000,12,0.23877716064453125,True,False,0.45067705721229884,0.45067705721229884,,2026-02-04T18:45:34.633736,True,0.0
100,2,0.05,13,155,10000,13,0.22914981842041016,True,False,0.4860770031217482,0.4860770031217482,,2026-02-04T18:45:35.090501,True,0.0
100,2,0.05,14,151,10000,14,0.21776700019836426,True,False,0.4389939037761501,0.4389939037761501,,2026-02-04T18:45:35.535519,True,0.0
100,2,0.05,15,140,10000,15,0.24031615257263184,True,False,0.44997448979591836,0.44997448979591836,,2026-02-04T18:45:36.004434,True,0.0
100,2,0.05,16,155,10000,16,0.23697590827941895,True,False,0.47232049947970856,0.47232049947970856,,2026-02-04T18:45:36.471255,True,0.0
100,2,0.05,17,156,10000,17,0.2371068000793457,True,False,0.46349030243261014,0.46349030243261014,,2026-02-04T18:45:36.937160,True,0.0
100,2,0.05,18,155,10000,18,0.2265028953552246,True,False,0.4552757544224766,0.4552757544224766,,2026-02-04T18:45:37.391157,True,0.0
100,2,0.05,19,161,10000,19,0.2355656623840332,True,False,0.46664866324601684,0.46664866324601684,,2026-02-04T18:45:37.854466,True,0.0
100,2,0.05,20,147,10000,20,0.24960899353027344,True,False,0.4586052107917997,0.4586052107917997,,2026-02-04T18:45:38.329731,True,0.0
100,2,0.05,21,149,10000,21,0.23026108741760254,True,False,0.4570064411512995,0.4570064411512995,,2026-02-04T18:45:38.787389,True,0.0
100,2,0.05,22,154,10000,22,0.24004125595092773,True,False,0.454524371732164,0.454524371732164,,2026-02-04T18:45:39.263976,True,0.0
100,2,0.05,23,151,10000,23,0.26282715797424316,True,False,0.4733125740099118,0.4733125740099118,,2026-02-04T18:45:39.764106,True,0.0
100,2,0.05,24,171,10000,24,0.24706220626831055,True,False,0.45244690674053545,0.45244690674053545,,2026-02-04T18:45:40.238115,True,0.0
100,2,0.05,25,142,10000,25,0.24180889129638672,True,False,0.4561594921642531,0.4561594921642531,,2026-02-04T18:45:40.706442,True,0.0
100,2,0.05,26,168,10000,26,0.2252039909362793,True,False,0.4384920634920635,0.4384920634920635,,2026-02-04T18:45:41.160130,True,0.0
100,2,0.05,27,168,10000,27,0.23299503326416016,True,False,0.46285076530612246,0.46285076530612246,,2026-02-04T18:45:41.622370,True,0.0
100,2,0.05,28,170,10000,28,0.2300100326538086,True,False,0.4491349480968857,0.4491349480968857,,2026-02-04T18:45:42.080837,True,0.0
100,2,0.05,29,156,10000,29,0.242264986038208,True,False,0.4723044049967127,0.4723044049967127,,2026-02-04T18:45:42.552943,True,0.0
100,2,0.05,30,155,10000,30,0.22762608528137207,True,False,0.44237252861602494,0.44237252861602494,,2026-02-04T18:45:43.007666,True,0.0
100,2,0.05,31,140,10000,31,0.2231159210205078,True,False,0.456734693877551,0.456734693877551,,2026-02-04T18:45:43.456687,True,0.0
100,2,0.05,32,146,10000,32,0.2225339412689209,True,False,0.4612497654344154,0.46500281478701433,,2026-02-04T18:45:43.906213,False,0.003753049352598903
100,2,0.05,33,155,10000,33,0.24044108390808105,True,False,0.4631841831425598,0.4631841831425598,,2026-02-04T18:45:44.372718,True,0.0
100,2,0.05,34,165,10000,34,0.24538397789001465,True,False,0.46361799816345267,0.46361799816345267,,2026-02-04T18:45:44.846235,True,0.0
100,2,0.05,35,154,10000,35,0.22362399101257324,True,False,0.433947545960533,0.433947545960533,,2026-02-04T18:45:45.297910,True,0.0
100,2,0.05,36,153,10000,36,0.22823810577392578,True,False,0.4500619419881243,0.4511726259131104,,2026-02-04T18:45:45.752156,False,0.001110683924986089
100,2,0.05,37,165,10000,37,0.23852086067199707,True,False,0.4417998163452708,0.4417998163452708,,2026-02-04T18:45:46.220533,True,0.0
100,2,0.05,38,152,10000,38,0.22062897682189941,True,False,0.4798303324099724,0.4798303324099724,,2026-02-04T18:45:46.669049,True,0.0
100,2,0.05,39,161,10000,39,0.2489330768585205,True,False,0.4875390609930173,0.4875390609930173,,2026-02-04T18:45:47.146395,True,0.0
100,2,0.05,40,151,10000,40,0.23028111457824707,True,False,0.47173369589053105,0.47173369589053105,,2026-02-04T18:45:47.607042,True,0.0
100,2,0.05,41,139,10000,41,0.23111605644226074,True,False,0.46092334765281306,0.46540034159722576,,2026-02-04T18:45:48.067363,False,0.004476993944412699
100,2,0.05,42,150,10000,42,0.22799110412597656,True,False,0.46486666666666654,0.46486666666666654,,2026-02-04T18:45:48.523329,True,0.0
100,2,0.05,43,161,10000,43,0.25775909423828125,True,False,0.45158365803788436,0.45158365803788436,,2026-02-04T18:45:49.013364,True,0.0
100,2,0.05,44,157,10000,44,0.273468017578125,True,False,0.4574627773946205,0.4574627773946205,,2026-02-04T18:45:49.595730,True,0.0
100,2,0.05,45,160,10000,45,0.24524497985839844,True,False,0.43341796875,0.43341796875,,2026-02-04T18:45:50.185974,True,0.0
100,2,0.05,46,143,10000,46,0.22196078300476074,True,False,0.4654506332828011,0.4654506332828011,,2026-02-04T18:45:50.740258,True,0.0
100,2,0.05,47,154,10000,47,0.2561800479888916,True,False,0.47326699274751216,0.47326699274751216,,2026-02-04T18:45:51.256928,True,0.0
100,2,0.05,48,147,10000,48,0.23388123512268066,True,False,0.4614512471655329,0.4614512471655329,,2026-02-04T18:45:51.718662,True,0.0
100,2,0.05,49,166,10000,49,0.24943161010742188,True,False,0.4759036144578314,0.4759036144578314,,2026-02-04T18:45:52.194033,True,0.0
100,2,0.05,50,161,10000,50,0.22506189346313477,True,False,0.42938158250067515,0.42938158250067515,,2026-02-04T18:45:52.664383,True,0.0
100,2,0.05,51,135,10000,51,0.23589777946472168,True,False,0.4441975308641975,0.4441975308641975,,2026-02-04T18:45:53.124351,True,0.0
100,2,0.05,52,164,10000,52,0.22497296333312988,True,False,0.48079640095181436,0.48079640095181436,,2026-02-04T18:45:53.574738,True,0.0
100,2,0.05,53,150,10000,53,0.24565505981445312,True,False,0.453311111111111,0.4556444444444444,,2026-02-04T18:45:54.046430,False,0.0023333333333334094
100,2,0.05,54,150,10000,54,0.23309803009033203,True,False,0.4483333333333333,0.4483333333333333,,2026-02-04T18:45:54.503927,True,0.0
100,2,0.05,55,155,10000,55,0.2253429889678955,True,False,0.4507596253902185,0.4507596253902185,,2026-02-04T18:45:54.953905,True,0.0
100,2,0.05,56,159,10000,56,0.2594168186187744,True,False,0.44919109212452035,0.44919109212452035,,2026-02-04T18:45:55.470686,True,0.0
100,2,0.05,57,150,10000,57,0.23003101348876953,True,False,0.45864444444444435,0.45864444444444435,,2026-02-04T18:45:55.932269,True,0.0
100,2,0.05,58,151,10000,58,0.22343802452087402,True,False,0.46383930529362744,0.46383930529362744,,2026-02-04T18:45:56.378865,True,0.0
100,2,0.05,59,156,10000,59,0.21607422828674316,True,False,0.4546145627876397,0.4562787639710716,,2026-02-04T18:45:56.817862,False,0.0016642011834319126
100,2,0.05,60,154,10000,60,0.22407865524291992,True,False,0.4627888345420812,0.4627888345420812,,2026-02-04T18:45:57.268632,True,0.0
100,2,0.05,61,152,10000,61,0.23739004135131836,True,False,0.458362188365651,0.458362188365651,,2026-02-04T18:45:57.732551,True,0.0
100,2,0.05,62,165,10000,62,0.23404812812805176,True,False,0.4757392102846648,0.4757392102846648,,2026-02-04T18:45:58.192681,True,0.0
100,2,0.05,63,165,10000,63,0.2411351203918457,True,False,0.4362901744719926,0.4362901744719926,,2026-02-04T18:45:58.657480,True,0.0
100,2,0.05,64,145,10000,64,0.21864914894104004,True,False,0.4744589774078478,0.4744589774078478,,2026-02-04T18:45:59.113433,True,0.0
100,2,0.05,65,141,10000,65,0.2590200901031494,True,False,0.45742165887027814,0.45742165887027814,,2026-02-04T18:45:59.613618,True,0.0
100,2,0.05,66,142,10000,66,0.24800395965576172,True,False,0.47956754612180125,0.47956754612180125,,2026-02-04T18:46:00.107148,True,0.0
100,2,0.05,67,151,10000,67,0.23582816123962402,True,False,0.4565589228542608,0.4565589228542608,,2026-02-04T18:46:00.581431,True,0.0
100,2,0.05,68,160,10000,68,0.2340240478515625,True,False,0.44999999999999996,0.44999999999999996,,2026-02-04T18:46:01.065044,True,0.0
100,2,0.05,69,138,10000,69,0.24575209617614746,True,False,0.45652173913043487,0.45652173913043487,,2026-02-04T18:46:01.590257,True,0.0
100,2,0.05,70,164,10000,70,0.2387831211090088,True,False,0.45055026769779893,0.45055026769779893,,2026-02-04T18:46:02.053787,True,0.0
100,2,0.05,71,165,10000,71,0.24164390563964844,True,False,0.46427915518824603,0.46427915518824603,,2026-02-04T18:46:02.519965,True,0.0
100,2,0.05,72,135,10000,72,0.23027992248535156,True,False,0.4657338820301783,0.4657338820301783,,2026-02-04T18:46:02.975865,True,0.0
100,2,0.05,73,157,10000,73,0.24817109107971191,True,False,0.4699582133149418,0.4699582133149418,,2026-02-04T18:46:03.447930,True,0.0
100,2,0.05,74,144,10000,74,0.22542595863342285,True,False,0.45823688271604945,0.45823688271604945,,2026-02-04T18:46:03.899329,True,0.0
100,2,0.05,75,159,10000,75,0.239732027053833,True,False,0.44729243305249,0.44729243305249,,2026-02-04T18:46:04.363730,True,0.0
100,2,0.05,76,160,10000,76,0.23166608810424805,True,False,0.45654296875,0.45654296875,,2026-02-04T18:46:04.819748,True,0.0
100,2,0.05,77,150,10000,77,0.2290818691253662,True,False,0.47191111111111106,0.47191111111111106,,2026-02-04T18:46:05.273719,True,0.0
100,2,0.05,78,152,10000,78,0.23917412757873535,True,False,0.45392572714681434,0.45392572714681434,,2026-02-04T18:46:05.739945,True,0.0
100,2,0.05,79,153,10000,79,0.24061322212219238,True,False,0.4702464863941219,0.4702464863941219,,2026-02-04T18:46:06.207410,True,0.0
100,2,0.05,80,166,10000,80,0.2381911277770996,True,False,0.45011975613296573,0.45011975613296573,,2026-02-04T18:46:06.671341,True,0.0
100,2,0.05,81,154,10000,81,0.22959089279174805,True,False,0.4433926463147243,0.4433926463147243,,2026-02-04T18:46:07.125580,True,0.0
100,2,0.05,82,158,10000,82,0.23923778533935547,True,False,0.46817417080596063,0.46817417080596063,,2026-02-04T18:46:07.589399,True,0.0
100,2,0.05,83,153,10000,83,0.2169020175933838,True,False,0.44544833183818194,0.44544833183818194,,2026-02-04T18:46:08.030304,True,0.0
100,2,0.05,84,151,10000,84,0.22914385795593262,True,False,0.44101135915091433,0.44101135915091433,,2026-02-04T18:46:08.483888,True,0.0
100,2,0.05,85,151,10000,85,0.22531509399414062,True,False,0.45171264418227264,0.4603964738388667,,2026-02-04T18:46:08.934275,False,0.008683829656594089
100,2,0.05,86,150,10000,86,0.2268848419189453,True,False,0.4733333333333334,0.4733333333333334,,2026-02-04T18:46:09.387216,True,0.0
100,2,0.05,87,155,10000,87,0.22777390480041504,True,False,0.4596045785639957,0.4596045785639957,,2026-02-04T18:46:09.839660,True,0.0
100,2,0.05,88,160,10000,88,0.23058605194091797,True,False,0.44218749999999996,0.44218749999999996,,2026-02-04T18:46:10.296700,True,0.0
100,2,0.05,89,151,10000,89,0.23644065856933594,True,False,0.46258936011578444,0.46258936011578444,,2026-02-04T18:46:10.758134,True,0.0
100,2,0.05,90,168,10000,90,0.2366328239440918,True,False,0.45060941043083896,0.45060941043083896,,2026-02-04T18:46:11.219061,True,0.0
100,2,0.05,91,155,10000,91,0.2281510829925537,True,False,0.4741727367325702,0.4741727367325702,,2026-02-04T18:46:11.672081,True,0.0
100,2,0.05,92,157,10000,92,0.2371530532836914,True,False,0.4655766968234006,0.4655766968234006,,2026-02-04T18:46:12.133682,True,0.0
100,2,0.05,93,153,10000,93,0.23949527740478516,True,False,0.4494852407193815,0.4500619419881243,,2026-02-04T18:46:12.604024,False,0.0005767012687428186
100,2,0.05,94,141,10000,94,0.25225329399108887,True,False,0.44391630199688137,0.44391630199688137,,2026-02-04T18:46:13.080472,True,0.0
100,2,0.05,95,162,10000,95,0.24168133735656738,True,False,0.4814624295076969,0.4814624295076969,,2026-02-04T18:46:13.548812,True,0.0
100,2,0.05,96,161,10000,96,0.23077988624572754,True,False,0.47513599012383784,0.47513599012383784,,2026-02-04T18:46:14.006115,True,0.0
100,2,0.05,97,157,10000,97,0.21915602684020996,True,False,0.4346423790011765,0.4346423790011765,,2026-02-04T18:46:14.449720,True,0.0
100,2,0.05,98,147,10000,98,0.22942900657653809,True,False,0.4558980054606877,0.4558980054606877,,2026-02-04T18:46:14.905466,True,0.0
100,2,0.05,99,152,10000,99,0.24551606178283691,True,False,0.4736842105263158,0.4736842105263158,,2026-02-04T18:46:15.374052,True,0.0
100,2,0.1,0,149,1,0,0.007631063461303711,True,False,0.37917210936444307,0.431061663889014,,2026-02-04T18:47:07.491921,False,0.05188955452457095
100,2,0.1,1,152,1,1,0.0058820247650146484,True,False,0.42105263157894735,0.4342105263157895,,2026-02-04T18:47:07.722795,False,0.013157894736842146
100,2,0.1,2,142,1,2,0.006497859954833984,True,False,0.4225104146002777,0.4411823050981948,,2026-02-04T18:47:07.954964,False,0.018671890497917065
100,2,0.1,3,141,1,3,0.006302833557128906,True,False,0.46443840853075796,0.4673809164528947,,2026-02-04T18:47:08.185885,False,0.002942507922136739
100,2,0.1,4,154,1,4,0.006307840347290039,True,False,0.428550345758138,0.43961882273570585,,2026-02-04T18:47:08.416179,False,0.011068476977567854
100,2,0.1,5,158,1,5,0.00594782829284668,True,False,0.441415638519468,0.44544143566736105,,2026-02-04T18:47:08.643138,False,0.004025797147893029
100,2,0.1,6,154,1,6,0.005792140960693359,True,False,0.42174059706527234,0.4260204081632653,,2026-02-04T18:47:08.874086,False,0.004279811097992969
100,2,0.1,7,149,1,7,0.006501913070678711,True,False,0.4395973154362416,0.4570064411512995,,2026-02-04T18:47:09.104277,False,0.017409125715057927
100,2,0.1,8,154,1,8,0.006380796432495117,True,False,0.463821892393321,0.463821892393321,,2026-02-04T18:47:09.332701,True,0.0
100,2,0.1,9,147,1,9,0.0062792301177978516,True,False,0.41834420843167197,0.44370401221713174,,2026-02-04T18:47:09.560045,False,0.025359803785459767
100,2,0.1,10,148,1,10,0.00605010986328125,True,False,0.4121393352812272,0.46619338933528126,,2026-02-04T18:47:09.788210,False,0.05405405405405406
100,2,0.1,11,151,1,11,0.006080150604248047,True,False,0.4072628393491513,0.4403973509933775,,2026-02-04T18:47:10.018251,False,0.033134511644226206
100,2,0.1,12,161,1,12,0.0060808658599853516,True,False,0.4192546583850931,0.4254272597507812,,2026-02-04T18:47:10.246396,False,0.006172601365688091
100,2,0.1,13,155,1,13,0.005702972412109375,True,False,0.39023933402705513,0.44836628511966703,,2026-02-04T18:47:10.474726,False,0.0581269510926119
100,2,0.1,14,151,1,14,0.006276130676269531,True,False,0.4480285952370511,0.4480285952370511,,2026-02-04T18:47:10.705225,True,0.0
100,2,0.1,15,140,1,15,0.005940914154052734,True,False,0.4642602040816326,0.4642602040816326,,2026-02-04T18:47:10.936671,True,0.0
100,2,0.1,16,155,1,16,0.005731105804443359,True,False,0.43529656607700307,0.467741935483871,,2026-02-04T18:47:11.164784,False,0.03244536940686793
100,2,0.1,17,156,1,17,0.005739927291870117,True,False,0.41664612097304404,0.4294666337935569,,2026-02-04T18:47:11.393635,False,0.01282051282051283
100,2,0.1,18,155,1,18,0.0067789554595947266,True,False,0.39675338189386056,0.42255983350676385,,2026-02-04T18:47:11.623101,False,0.02580645161290329
100,2,0.1,19,161,1,19,0.0063381195068359375,True,False,0.4335480884225146,0.4335480884225146,,2026-02-04T18:47:11.851068,True,0.0
100,2,0.1,20,147,1,20,0.00556492805480957,True,False,0.3775278819010597,0.4772779860243418,,2026-02-04T18:47:12.078644,False,0.09975010412328211
100,2,0.1,21,149,1,21,0.006166934967041016,True,False,0.35906040268456374,0.42608441061213453,,2026-02-04T18:47:12.307712,False,0.0670240079275708
100,2,0.1,22,154,1,22,0.00854182243347168,True,False,0.4528377466689154,0.4528377466689154,,2026-02-04T18:47:12.540597,True,0.0
100,2,0.1,23,151,1,23,0.006418943405151367,True,False,0.3888425946230429,0.4337529055743169,,2026-02-04T18:47:12.772888,False,0.04491031095127401
100,2,0.1,24,171,1,24,0.006676912307739258,True,False,0.4406826031941451,0.45796997366711123,,2026-02-04T18:47:13.002360,False,0.017287370472966135
100,2,0.1,25,142,1,25,0.0063169002532958984,True,False,0.38025689347351715,0.4561594921642531,,2026-02-04T18:47:13.231047,False,0.07590259869073596
100,2,0.1,26,168,1,26,0.0054857730865478516,True,False,0.3795174319727891,0.43053784013605434,,2026-02-04T18:47:13.463952,False,0.05102040816326525
100,2,0.1,27,168,1,27,0.005780935287475586,True,False,0.32736323696145125,0.4214852607709751,,2026-02-04T18:47:13.691305,False,0.09412202380952384
100,2,0.1,28,170,1,28,0.0058138370513916016,True,False,0.4314013840830449,0.4344463667820069,,2026-02-04T18:47:13.920760,False,0.0030449826989619733
100,2,0.1,29,156,1,29,0.005532264709472656,True,False,0.4294666337935569,0.45948389217619984,,2026-02-04T18:47:14.148992,False,0.030017258382642964
100,2,0.1,30,155,1,30,0.005968809127807617,True,False,0.4507596253902185,0.4507596253902185,,2026-02-04T18:47:14.377637,True,0.0
100,2,0.1,31,140,1,31,0.005782127380371094,True,False,0.3857142857142857,0.4483418367346938,,2026-02-04T18:47:14.606446,False,0.06262755102040812
100,2,0.1,32,146,1,32,0.006648063659667969,True,False,0.4585288046537811,0.4585288046537811,,2026-02-04T18:47:14.835193,True,0.0
100,2,0.1,33,155,1,33,0.0063991546630859375,True,False,0.3709469302809574,0.43496357960457854,,2026-02-04T18:47:15.064887,False,0.06401664932362117
100,2,0.1,34,165,1,34,0.006820201873779297,True,False,0.42725436179981635,0.42725436179981635,,2026-02-04T18:47:15.295559,True,0.0
100,2,0.1,35,154,1,35,0.005626678466796875,True,False,0.42081295328048585,0.4412211165457919,,2026-02-04T18:47:15.523738,False,0.020408163265306034
100,2,0.1,36,153,1,36,0.006968021392822266,True,False,0.38233158187022087,0.4179589046947755,,2026-02-04T18:47:15.752600,False,0.03562732282455461
100,2,0.1,37,165,1,37,0.0059490203857421875,True,False,0.4500275482093664,0.4500275482093664,,2026-02-04T18:47:15.982242,True,0.0
100,2,0.1,38,152,1,38,0.007547140121459961,True,False,0.401294148199446,0.4535145429362881,,2026-02-04T18:47:16.211417,False,0.052220394736842146
100,2,0.1,39,161,1,39,0.005658149719238281,True,False,0.4018942170440956,0.45459280120365725,,2026-02-04T18:47:16.441519,False,0.052698584159561634
100,2,0.1,40,151,1,40,0.007225990295410156,True,False,0.4239945616420333,0.44524362966536557,,2026-02-04T18:47:16.670974,False,0.021249068023332263
100,2,0.1,41,139,1,41,0.006176948547363281,True,False,0.4280316753791212,0.43796904922105484,,2026-02-04T18:47:16.901378,False,0.009937373841933661
100,2,0.1,42,150,1,42,0.006624937057495117,True,False,0.4074666666666666,0.43191111111111113,,2026-02-04T18:47:17.132923,False,0.024444444444444546
100,2,0.1,43,161,1,43,0.005787849426269531,True,False,0.437714594344354,0.44286485860884994,,2026-02-04T18:47:17.362219,False,0.005150264264495941
100,2,0.1,44,157,1,44,0.006120920181274414,True,False,0.41080774067913517,0.4235465941823199,,2026-02-04T18:47:17.591416,False,0.01273885350318471
100,2,0.1,45,160,1,45,0.0056989192962646484,True,False,0.42263671875,0.43341796875,,2026-02-04T18:47:17.821538,False,0.01078125000000002
100,2,0.1,46,143,1,46,0.006094932556152344,True,False,0.430045478996528,0.4560614210963862,,2026-02-04T18:47:18.052021,False,0.02601594209985819
100,2,0.1,47,154,1,47,0.005731105804443359,True,False,0.42207792207792205,0.4412211165457919,,2026-02-04T18:47:18.283387,False,0.01914319446786983
100,2,0.1,48,147,1,48,0.00565791130065918,True,False,0.4573094543940025,0.4600629367393216,,2026-02-04T18:47:18.517081,False,0.0027534823453190804
100,2,0.1,49,166,1,49,0.006758928298950195,True,False,0.42166860211932067,0.46385542168674704,,2026-02-04T18:47:18.756722,False,0.04218681956742637
100,2,0.1,50,161,1,50,0.005698680877685547,True,False,0.45274102079395084,0.45274102079395084,,2026-02-04T18:47:19.000311,True,0.0
100,2,0.1,51,135,1,51,0.007029294967651367,True,False,0.4037037037037037,0.4175308641975308,,2026-02-04T18:47:19.241012,False,0.01382716049382715
100,2,0.1,52,164,1,52,0.006745815277099609,True,False,0.4693448839976204,0.4693448839976204,,2026-02-04T18:47:19.478251,True,0.0
100,2,0.1,53,150,1,53,0.006896257400512695,True,False,0.38764444444444446,0.44586666666666663,,2026-02-04T18:47:19.711572,False,0.058222222222222175
100,2,0.1,54,150,1,54,0.005759000778198242,True,False,0.38,0.4463111111111111,,2026-02-04T18:47:19.942736,False,0.0663111111111111
100,2,0.1,55,155,1,55,0.005600929260253906,True,False,0.4518418314255983,0.4518418314255983,,2026-02-04T18:47:20.176752,True,0.0
100,2,0.1,56,159,1,56,0.006315946578979492,True,False,0.47434832482892286,0.47434832482892286,,2026-02-04T18:47:20.410048,True,0.0
100,2,0.1,57,150,1,57,0.006237030029296875,True,False,0.39980000000000004,0.4335777777777777,,2026-02-04T18:47:20.647578,False,0.03377777777777763
100,2,0.1,58,151,1,58,0.005751609802246094,True,False,0.4406824262093768,0.4406824262093768,,2026-02-04T18:47:20.876833,True,0.0
100,2,0.1,59,156,1,59,0.005831241607666016,True,False,0.40524326101249175,0.4417940499671268,,2026-02-04T18:47:21.106136,False,0.03655078895463504
100,2,0.1,60,154,1,60,0.0065610408782958984,True,False,0.4079102715466351,0.441537358745151,,2026-02-04T18:47:21.339674,False,0.03362708719851587
100,2,0.1,61,152,1,61,0.006141185760498047,True,False,0.45392572714681434,0.458362188365651,,2026-02-04T18:47:21.572928,False,0.004436461218836674
100,2,0.1,62,165,1,62,0.0061070919036865234,True,False,0.42121212121212126,0.44545454545454544,,2026-02-04T18:47:21.804238,False,0.024242424242424176
100,2,0.1,63,165,1,63,0.005868196487426758,True,False,0.4046831955922865,0.42275482093663913,,2026-02-04T18:47:22.036716,False,0.018071625344352638
100,2,0.1,64,145,1,64,0.006273984909057617,True,False,0.4194768133174792,0.4456361474435196,,2026-02-04T18:47:22.268314,False,0.02615933412604038
100,2,0.1,65,141,1,65,0.007004976272583008,True,False,0.43617021276595747,0.4562144761329912,,2026-02-04T18:47:22.500066,False,0.020044263367033743
100,2,0.1,66,142,1,66,0.006043910980224609,True,False,0.4225104146002777,0.4516712953779013,,2026-02-04T18:47:22.731720,False,0.029160880777623577
100,2,0.1,67,151,1,67,0.006958723068237305,True,False,0.38741721854304634,0.4178764089294329,,2026-02-04T18:47:22.961774,False,0.03045919038638656
100,2,0.1,68,160,1,68,0.0060727596282958984,True,False,0.40623046875,0.43625,,2026-02-04T18:47:23.192117,False,0.03001953125000001
100,2,0.1,69,138,1,69,0.006357908248901367,True,False,0.4420289855072464,0.44609850871665613,,2026-02-04T18:47:23.422380,False,0.004069523209409731
100,2,0.1,70,164,1,70,0.006154060363769531,True,False,0.4247285841760857,0.43783462224866143,,2026-02-04T18:47:23.653428,False,0.01310603807257571
100,2,0.1,71,165,1,71,0.00675201416015625,True,False,0.42064279155188244,0.438494031221304,,2026-02-04T18:47:23.885672,False,0.017851239669421537
100,2,0.1,72,135,1,72,0.005850791931152344,True,False,0.39561042524005485,0.4258984910836763,,2026-02-04T18:47:24.117136,False,0.030288065843621426
100,2,0.1,73,157,1,73,0.00635218620300293,True,False,0.43425696782830947,0.44137693212706397,,2026-02-04T18:47:24.345909,False,0.0071199642987545
100,2,0.1,74,144,1,74,0.005936861038208008,True,False,0.4286024305555556,0.4598524305555556,,2026-02-04T18:47:24.577290,False,0.03125
100,2,0.1,75,159,1,75,0.005758047103881836,True,False,0.4048099363158103,0.4308176100628931,,2026-02-04T18:47:24.805823,False,0.026007673747082793
100,2,0.1,76,160,1,76,0.006139039993286133,True,False,0.3746875,0.4375,,2026-02-04T18:47:25.037680,False,0.0628125
100,2,0.1,77,150,1,77,0.0068531036376953125,True,False,0.43191111111111113,0.43333333333333335,,2026-02-04T18:47:25.269331,False,0.0014222222222222136
100,2,0.1,78,152,1,78,0.0062940120697021484,True,False,0.44520429362880876,0.447693040166205,,2026-02-04T18:47:25.502213,False,0.0024887465373962248
100,2,0.1,79,153,1,79,0.005796194076538086,True,False,0.4466658122944167,0.4466658122944167,,2026-02-04T18:47:25.733753,True,0.0
100,2,0.1,80,166,1,80,0.006144046783447266,True,False,0.4057011177239077,0.43444258963565113,,2026-02-04T18:47:25.965343,False,0.02874147191174342
100,2,0.1,81,154,1,81,0.007150888442993164,True,False,0.33732501264968795,0.43226092089728463,,2026-02-04T18:47:26.199414,False,0.09493590824759668
100,2,0.1,82,158,1,82,0.005869150161743164,True,False,0.4490466271430861,0.45567617369011376,,2026-02-04T18:47:26.430482,False,0.006629546547027687
100,2,0.1,83,153,1,83,0.0059051513671875,True,False,0.4050365244136871,0.4500619419881243,,2026-02-04T18:47:26.660224,False,0.04502541757443723
100,2,0.1,84,151,1,84,0.006178140640258789,True,False,0.4177886934783561,0.4316258058857067,,2026-02-04T18:47:26.891716,False,0.013837112407350582
100,2,0.1,85,151,1,85,0.0068531036376953125,True,False,0.39129862725319065,0.4337529055743169,,2026-02-04T18:47:27.123110,False,0.04245427832112625
100,2,0.1,86,150,1,86,0.006469249725341797,True,False,0.426111111111111,0.44691111111111104,,2026-02-04T18:47:27.352994,False,0.02080000000000004
100,2,0.1,87,155,1,87,0.006287097930908203,True,False,0.4086368366285119,0.4329656607700311,,2026-02-04T18:47:27.585554,False,0.024328824141519212
100,2,0.1,88,160,1,88,0.0069200992584228516,True,False,0.453046875,0.453046875,,2026-02-04T18:47:27.816147,True,0.0
100,2,0.1,89,151,1,89,0.006023883819580078,True,False,0.36092715231788075,0.45285294504626983,,2026-02-04T18:47:28.046903,False,0.09192579272838908
100,2,0.1,90,168,1,90,0.005669832229614258,True,False,0.4323802437641723,0.4512471655328798,,2026-02-04T18:47:28.275160,False,0.018866921768707523
100,2,0.1,91,155,1,91,0.005862236022949219,True,False,0.4547554630593132,0.4547554630593132,,2026-02-04T18:47:28.507601,True,0.0
100,2,0.1,92,157,1,92,0.00629115104675293,True,False,0.42736013631384645,0.42993630573248415,,2026-02-04T18:47:28.741034,False,0.002576169418637697
100,2,0.1,93,153,1,93,0.00602412223815918,True,False,0.40539963261993256,0.4273356401384083,,2026-02-04T18:47:28.969488,False,0.021936007518475742
100,2,0.1,94,141,1,94,0.006108999252319336,True,False,0.42399778683164835,0.4359941652834364,,2026-02-04T18:47:29.201247,False,0.011996378451788026
100,2,0.1,95,162,1,95,0.0070972442626953125,True,False,0.4320797134583142,0.4439681450998323,,2026-02-04T18:47:29.434017,False,0.011888431641518094
100,2,0.1,96,161,1,96,0.006175041198730469,True,False,0.3571428571428571,0.4378689093784962,,2026-02-04T18:47:29.664324,False,0.08072605223563911
100,2,0.1,97,157,1,97,0.0057909488677978516,True,False,0.4044585987261147,0.4270152947381233,,2026-02-04T18:47:29.896190,False,0.022556696012008548
100,2,0.1,98,147,1,98,0.0061991214752197266,True,False,0.42544773011245307,0.45090008792632696,,2026-02-04T18:47:30.125935,False,0.025452357813873894
100,2,0.1,99,152,1,99,0.0065958499908447266,True,False,0.39473684210526316,0.4473684210526315,,2026-02-04T18:47:30.358434,False,0.05263157894736836
100,2,0.1,0,149,2,0,0.006363868713378906,True,False,0.37917210936444307,0.431061663889014,,2026-02-04T18:47:30.592660,False,0.05188955452457095
100,2,0.1,1,152,2,1,0.006391048431396484,True,False,0.42105263157894735,0.4342105263157895,,2026-02-04T18:47:30.823396,False,0.013157894736842146
100,2,0.1,2,142,2,2,0.00690007209777832,True,False,0.4225104146002777,0.4411823050981948,,2026-02-04T18:47:31.053517,False,0.018671890497917065
100,2,0.1,3,141,2,3,0.00596308708190918,True,False,0.46443840853075796,0.4673809164528947,,2026-02-04T18:47:31.284625,False,0.002942507922136739
100,2,0.1,4,154,2,4,0.006382942199707031,True,False,0.428550345758138,0.43961882273570585,,2026-02-04T18:47:31.515765,False,0.011068476977567854
100,2,0.1,5,158,2,5,0.006048917770385742,True,False,0.441415638519468,0.44544143566736105,,2026-02-04T18:47:31.748168,False,0.004025797147893029
100,2,0.1,6,154,2,6,0.0064198970794677734,True,False,0.42174059706527234,0.4260204081632653,,2026-02-04T18:47:31.979879,False,0.004279811097992969
100,2,0.1,7,149,2,7,0.0059452056884765625,True,False,0.4395973154362416,0.4570064411512995,,2026-02-04T18:47:32.211025,False,0.017409125715057927
100,2,0.1,8,154,2,8,0.0060160160064697266,True,False,0.463821892393321,0.463821892393321,,2026-02-04T18:47:32.444029,True,0.0
100,2,0.1,9,147,2,9,0.006242036819458008,True,False,0.41834420843167197,0.44370401221713174,,2026-02-04T18:47:32.675338,False,0.025359803785459767
100,2,0.1,10,148,2,10,0.0059719085693359375,True,False,0.46619338933528126,0.46619338933528126,,2026-02-04T18:47:32.906050,True,0.0
100,2,0.1,11,151,2,11,0.006073951721191406,True,False,0.4072628393491513,0.4403973509933775,,2026-02-04T18:47:33.135721,False,0.033134511644226206
100,2,0.1,12,161,2,12,0.006478786468505859,True,False,0.4192546583850931,0.4254272597507812,,2026-02-04T18:47:33.365535,False,0.006172601365688091
100,2,0.1,13,155,2,13,0.0060880184173583984,True,False,0.42255983350676385,0.44836628511966703,,2026-02-04T18:47:33.596653,False,0.02580645161290318
100,2,0.1,14,151,2,14,0.007610797882080078,True,False,0.4480285952370511,0.4480285952370511,,2026-02-04T18:47:33.828043,True,0.0
100,2,0.1,15,140,2,15,0.006083965301513672,True,False,0.4642602040816326,0.4642602040816326,,2026-02-04T18:47:34.060120,True,0.0
100,2,0.1,16,155,2,16,0.005712747573852539,True,False,0.43529656607700307,0.467741935483871,,2026-02-04T18:47:34.291736,False,0.03244536940686793
100,2,0.1,17,156,2,17,0.0068340301513671875,True,False,0.41664612097304404,0.4294666337935569,,2026-02-04T18:47:34.521755,False,0.01282051282051283
100,2,0.1,18,155,2,18,0.005802154541015625,True,False,0.39675338189386056,0.42255983350676385,,2026-02-04T18:47:34.754062,False,0.02580645161290329
100,2,0.1,19,161,2,19,0.006108999252319336,True,False,0.4335480884225146,0.4335480884225146,,2026-02-04T18:47:34.984722,True,0.0
100,2,0.1,20,147,2,20,0.006011009216308594,True,False,0.3775278819010597,0.4772779860243418,,2026-02-04T18:47:35.215228,False,0.09975010412328211
100,2,0.1,21,149,2,21,0.0059850215911865234,True,False,0.35906040268456374,0.42608441061213453,,2026-02-04T18:47:35.447634,False,0.0670240079275708
100,2,0.1,22,154,2,22,0.006139278411865234,True,False,0.4528377466689154,0.4528377466689154,,2026-02-04T18:47:35.678799,True,0.0
100,2,0.1,23,151,2,23,0.00612187385559082,True,False,0.3888425946230429,0.4337529055743169,,2026-02-04T18:47:35.908963,False,0.04491031095127401
100,2,0.1,24,171,2,24,0.006039142608642578,True,False,0.4406826031941451,0.45796997366711123,,2026-02-04T18:47:36.138919,False,0.017287370472966135
100,2,0.1,25,142,2,25,0.005697011947631836,True,False,0.38025689347351715,0.4561594921642531,,2026-02-04T18:47:36.369669,False,0.07590259869073596
100,2,0.1,26,168,2,26,0.006944179534912109,True,False,0.3795174319727891,0.43053784013605434,,2026-02-04T18:47:36.602748,False,0.05102040816326525
100,2,0.1,27,168,2,27,0.0067479610443115234,True,False,0.32736323696145125,0.4214852607709751,,2026-02-04T18:47:36.835080,False,0.09412202380952384
100,2,0.1,28,170,2,28,0.006018161773681641,True,False,0.4314013840830449,0.4344463667820069,,2026-02-04T18:47:37.066477,False,0.0030449826989619733
100,2,0.1,29,156,2,29,0.00615692138671875,True,False,0.4294666337935569,0.45948389217619984,,2026-02-04T18:47:37.298645,False,0.030017258382642964
100,2,0.1,30,155,2,30,0.009047746658325195,True,False,0.4507596253902185,0.4507596253902185,,2026-02-04T18:47:37.531396,True,0.0
100,2,0.1,31,140,2,31,0.005873918533325195,True,False,0.3857142857142857,0.4483418367346938,,2026-02-04T18:47:37.763485,False,0.06262755102040812
100,2,0.1,32,146,2,32,0.00620579719543457,True,False,0.4585288046537811,0.4585288046537811,,2026-02-04T18:47:37.992882,True,0.0
100,2,0.1,33,155,2,33,0.006175041198730469,True,False,0.3709469302809574,0.43496357960457854,,2026-02-04T18:47:38.225210,False,0.06401664932362117
100,2,0.1,34,165,2,34,0.006088972091674805,True,False,0.42725436179981635,0.42725436179981635,,2026-02-04T18:47:38.456435,True,0.0
100,2,0.1,35,154,2,35,0.006044149398803711,True,False,0.42081295328048585,0.4412211165457919,,2026-02-04T18:47:38.686900,False,0.020408163265306034
100,2,0.1,36,153,2,36,0.00630497932434082,True,False,0.38233158187022087,0.4179589046947755,,2026-02-04T18:47:38.917065,False,0.03562732282455461
100,2,0.1,37,165,2,37,0.0068569183349609375,True,False,0.4500275482093664,0.4500275482093664,,2026-02-04T18:47:39.148411,True,0.0
100,2,0.1,38,152,2,38,0.006211042404174805,True,False,0.401294148199446,0.4535145429362881,,2026-02-04T18:47:39.378789,False,0.052220394736842146
100,2,0.1,39,161,2,39,0.005934000015258789,True,False,0.4018942170440956,0.45459280120365725,,2026-02-04T18:47:39.606568,False,0.052698584159561634
100,2,0.1,40,151,2,40,0.006273984909057617,True,False,0.4239945616420333,0.44524362966536557,,2026-02-04T18:47:39.840009,False,0.021249068023332263
100,2,0.1,41,139,2,41,0.006181955337524414,True,False,0.4280316753791212,0.43796904922105484,,2026-02-04T18:47:40.070776,False,0.009937373841933661
100,2,0.1,42,150,2,42,0.005884885787963867,True,False,0.4074666666666666,0.43191111111111113,,2026-02-04T18:47:40.301526,False,0.024444444444444546
100,2,0.1,43,161,2,43,0.006711721420288086,True,False,0.437714594344354,0.44286485860884994,,2026-02-04T18:47:40.530301,False,0.005150264264495941
100,2,0.1,44,157,2,44,0.006468772888183594,True,False,0.41080774067913517,0.4235465941823199,,2026-02-04T18:47:40.759413,False,0.01273885350318471
100,2,0.1,45,160,2,45,0.006114006042480469,True,False,0.42263671875,0.43341796875,,2026-02-04T18:47:40.990705,False,0.01078125000000002
100,2,0.1,46,143,2,46,0.006077289581298828,True,False,0.430045478996528,0.4560614210963862,,2026-02-04T18:47:41.222579,False,0.02601594209985819
100,2,0.1,47,154,2,47,0.0064809322357177734,True,False,0.42207792207792205,0.4412211165457919,,2026-02-04T18:47:41.454180,False,0.01914319446786983
100,2,0.1,48,147,2,48,0.0064182281494140625,True,False,0.4573094543940025,0.4600629367393216,,2026-02-04T18:47:41.684912,False,0.0027534823453190804
100,2,0.1,49,166,2,49,0.00621795654296875,True,False,0.42166860211932067,0.46385542168674704,,2026-02-04T18:47:41.916719,False,0.04218681956742637
100,2,0.1,50,161,2,50,0.0063707828521728516,True,False,0.45274102079395084,0.45274102079395084,,2026-02-04T18:47:42.148937,True,0.0
100,2,0.1,51,135,2,51,0.0063631534576416016,True,False,0.4037037037037037,0.4175308641975308,,2026-02-04T18:47:42.380604,False,0.01382716049382715
100,2,0.1,52,164,2,52,0.006855010986328125,True,False,0.4693448839976204,0.4693448839976204,,2026-02-04T18:47:42.612054,True,0.0
100,2,0.1,53,150,2,53,0.0063190460205078125,True,False,0.38764444444444446,0.44586666666666663,,2026-02-04T18:47:42.844989,False,0.058222222222222175
100,2,0.1,54,150,2,54,0.006061077117919922,True,False,0.3933333333333333,0.4463111111111111,,2026-02-04T18:47:43.078796,False,0.05297777777777779
100,2,0.1,55,155,2,55,0.006148099899291992,True,False,0.4518418314255983,0.4518418314255983,,2026-02-04T18:47:43.310863,True,0.0
100,2,0.1,56,159,2,56,0.0064928531646728516,True,False,0.47434832482892286,0.47434832482892286,,2026-02-04T18:47:43.541529,True,0.0
100,2,0.1,57,150,2,57,0.006183147430419922,True,False,0.39980000000000004,0.4335777777777777,,2026-02-04T18:47:43.776197,False,0.03377777777777763
100,2,0.1,58,151,2,58,0.006491184234619141,True,False,0.4406824262093768,0.4406824262093768,,2026-02-04T18:47:44.007432,True,0.0
100,2,0.1,59,156,2,59,0.006386280059814453,True,False,0.40524326101249175,0.4417940499671268,,2026-02-04T18:47:44.237938,False,0.03655078895463504
100,2,0.1,60,154,2,60,0.0058879852294921875,True,False,0.4079102715466351,0.441537358745151,,2026-02-04T18:47:44.468186,False,0.03362708719851587
100,2,0.1,61,152,2,61,0.006201744079589844,True,False,0.45392572714681434,0.458362188365651,,2026-02-04T18:47:44.698561,False,0.004436461218836674
100,2,0.1,62,165,2,62,0.006543159484863281,True,False,0.42121212121212126,0.44545454545454544,,2026-02-04T18:47:44.935234,False,0.024242424242424176
100,2,0.1,63,165,2,63,0.006118059158325195,True,False,0.4046831955922865,0.42275482093663913,,2026-02-04T18:47:45.164618,False,0.018071625344352638
100,2,0.1,64,145,2,64,0.005981922149658203,True,False,0.4194768133174792,0.4456361474435196,,2026-02-04T18:47:45.394525,False,0.02615933412604038
100,2,0.1,65,141,2,65,0.005910158157348633,True,False,0.43617021276595747,0.4562144761329912,,2026-02-04T18:47:45.623038,False,0.020044263367033743
100,2,0.1,66,142,2,66,0.006748199462890625,True,False,0.4225104146002777,0.4516712953779013,,2026-02-04T18:47:45.856033,False,0.029160880777623577
100,2,0.1,67,151,2,67,0.0060460567474365234,True,False,0.38741721854304634,0.4178764089294329,,2026-02-04T18:47:46.086336,False,0.03045919038638656
100,2,0.1,68,160,2,68,0.006289243698120117,True,False,0.40623046875,0.43625,,2026-02-04T18:47:46.316796,False,0.03001953125000001
100,2,0.1,69,138,2,69,0.006653785705566406,True,False,0.4420289855072464,0.44609850871665613,,2026-02-04T18:47:46.546228,False,0.004069523209409731
100,2,0.1,70,164,2,70,0.006754159927368164,True,False,0.4247285841760857,0.43783462224866143,,2026-02-04T18:47:46.778801,False,0.01310603807257571
100,2,0.1,71,165,2,71,0.005881786346435547,True,False,0.42064279155188244,0.438494031221304,,2026-02-04T18:47:47.009557,False,0.017851239669421537
100,2,0.1,72,135,2,72,0.006031990051269531,True,False,0.39561042524005485,0.4258984910836763,,2026-02-04T18:47:47.239173,False,0.030288065843621426
100,2,0.1,73,157,2,73,0.006424903869628906,True,False,0.43425696782830947,0.44137693212706397,,2026-02-04T18:47:47.470529,False,0.0071199642987545
100,2,0.1,74,144,2,74,0.006207942962646484,True,False,0.4286024305555556,0.4598524305555556,,2026-02-04T18:47:47.702055,False,0.03125
100,2,0.1,75,159,2,75,0.00630497932434082,True,False,0.4048099363158103,0.4308176100628931,,2026-02-04T18:47:47.934175,False,0.026007673747082793
100,2,0.1,76,160,2,76,0.00603485107421875,True,False,0.4375,0.4375,,2026-02-04T18:47:48.163359,True,0.0
100,2,0.1,77,150,2,77,0.0059931278228759766,True,False,0.43191111111111113,0.43333333333333335,,2026-02-04T18:47:48.395357,False,0.0014222222222222136
100,2,0.1,78,152,2,78,0.006600856781005859,True,False,0.44520429362880876,0.447693040166205,,2026-02-04T18:47:48.626339,False,0.0024887465373962248
100,2,0.1,79,153,2,79,0.005799770355224609,True,False,0.4466658122944167,0.4466658122944167,,2026-02-04T18:47:48.858668,True,0.0
100,2,0.1,80,166,2,80,0.008603811264038086,True,False,0.4057011177239077,0.43444258963565113,,2026-02-04T18:47:49.160391,False,0.02874147191174342
100,2,0.1,81,154,2,81,0.0069429874420166016,True,False,0.33732501264968795,0.43226092089728463,,2026-02-04T18:47:49.474304,False,0.09493590824759668
100,2,0.1,82,158,2,82,0.012241125106811523,True,False,0.4490466271430861,0.45567617369011376,,2026-02-04T18:47:49.738929,False,0.006629546547027687
100,2,0.1,83,153,2,83,0.006519794464111328,True,False,0.4084753727198941,0.4500619419881243,,2026-02-04T18:47:50.057072,False,0.041586569268230233
100,2,0.1,84,151,2,84,0.00678706169128418,True,False,0.4177886934783561,0.4316258058857067,,2026-02-04T18:47:50.419239,False,0.013837112407350582
100,2,0.1,85,151,2,85,0.006634235382080078,True,False,0.39129862725319065,0.4337529055743169,,2026-02-04T18:47:50.672632,False,0.04245427832112625
100,2,0.1,86,150,2,86,0.006758928298950195,True,False,0.426111111111111,0.44691111111111104,,2026-02-04T18:47:50.919058,False,0.02080000000000004
100,2,0.1,87,155,2,87,0.006512165069580078,True,False,0.4086368366285119,0.4329656607700311,,2026-02-04T18:47:51.186524,False,0.024328824141519212
100,2,0.1,88,160,2,88,0.006218910217285156,True,False,0.453046875,0.453046875,,2026-02-04T18:47:51.419284,True,0.0
100,2,0.1,89,151,2,89,0.005928993225097656,True,False,0.36092715231788075,0.45285294504626983,,2026-02-04T18:47:51.648495,False,0.09192579272838908
100,2,0.1,90,168,2,90,0.0060999393463134766,True,False,0.4323802437641723,0.4512471655328798,,2026-02-04T18:47:51.879241,False,0.018866921768707523
100,2,0.1,91,155,2,91,0.005995035171508789,True,False,0.4547554630593132,0.4547554630593132,,2026-02-04T18:47:52.111105,True,0.0
100,2,0.1,92,157,2,92,0.006392002105712891,True,False,0.42736013631384645,0.42993630573248415,,2026-02-04T18:47:52.351031,False,0.002576169418637697
100,2,0.1,93,153,2,93,0.007266044616699219,True,False,0.40539963261993256,0.4273356401384083,,2026-02-04T18:47:52.583472,False,0.021936007518475742
100,2,0.1,94,141,2,94,0.005836963653564453,True,False,0.42399778683164835,0.4359941652834364,,2026-02-04T18:47:52.813722,False,0.011996378451788026
100,2,0.1,95,162,2,95,0.0062100887298583984,True,False,0.4320797134583142,0.4439681450998323,,2026-02-04T18:47:53.048654,False,0.011888431641518094
100,2,0.1,96,161,2,96,0.006811857223510742,True,False,0.3571428571428571,0.4378689093784962,,2026-02-04T18:47:53.281558,False,0.08072605223563911
100,2,0.1,97,157,2,97,0.006134986877441406,True,False,0.4044585987261147,0.4270152947381233,,2026-02-04T18:47:53.510520,False,0.022556696012008548
100,2,0.1,98,147,2,98,0.006371736526489258,True,False,0.42544773011245307,0.45090008792632696,,2026-02-04T18:47:53.741135,False,0.025452357813873894
100,2,0.1,99,152,2,99,0.006616115570068359,True,False,0.39473684210526316,0.4473684210526315,,2026-02-04T18:47:53.974093,False,0.05263157894736836
100,2,0.1,0,149,5,0,0.006028175354003906,True,False,0.4060177469483357,0.431061663889014,,2026-02-04T18:47:54.201776,False,0.025043916940678312
100,2,0.1,1,152,5,1,0.005858182907104492,True,False,0.42105263157894735,0.4342105263157895,,2026-02-04T18:47:54.434523,False,0.013157894736842146
100,2,0.1,2,142,5,2,0.006105899810791016,True,False,0.4411823050981948,0.4411823050981948,,2026-02-04T18:47:54.661346,True,0.0
100,2,0.1,3,141,5,3,0.006777048110961914,True,False,0.4673809164528947,0.4673809164528947,,2026-02-04T18:47:54.892906,True,0.0
100,2,0.1,4,154,5,4,0.010122060775756836,True,False,0.428550345758138,0.43961882273570585,,2026-02-04T18:47:55.131468,False,0.011068476977567854
100,2,0.1,5,158,5,5,0.008085966110229492,True,False,0.441415638519468,0.44544143566736105,,2026-02-04T18:47:55.385310,False,0.004025797147893029
100,2,0.1,6,154,5,6,0.00630497932434082,True,False,0.42174059706527234,0.4260204081632653,,2026-02-04T18:47:55.617381,False,0.004279811097992969
100,2,0.1,7,149,5,7,0.0067560672760009766,True,False,0.4395973154362416,0.4570064411512995,,2026-02-04T18:47:55.848854,False,0.017409125715057927
100,2,0.1,8,154,5,8,0.006386756896972656,True,False,0.463821892393321,0.463821892393321,,2026-02-04T18:47:56.085557,True,0.0
100,2,0.1,9,147,5,9,0.0063402652740478516,True,False,0.41834420843167197,0.44370401221713174,,2026-02-04T18:47:56.317620,False,0.025359803785459767
100,2,0.1,10,148,5,10,0.006889820098876953,True,False,0.46619338933528126,0.46619338933528126,,2026-02-04T18:47:56.549259,True,0.0
100,2,0.1,11,151,5,11,0.0064160823822021484,True,False,0.4072628393491513,0.4403973509933775,,2026-02-04T18:47:56.779988,False,0.033134511644226206
100,2,0.1,12,161,5,12,0.006879091262817383,True,False,0.423131823617916,0.4254272597507812,,2026-02-04T18:47:57.013607,False,0.002295436132865203
100,2,0.1,13,155,5,13,0.0065991878509521484,True,False,0.44836628511966703,0.44836628511966703,,2026-02-04T18:47:57.241776,True,0.0
100,2,0.1,14,151,5,14,0.006869077682495117,True,False,0.4480285952370511,0.4480285952370511,,2026-02-04T18:47:57.475202,True,0.0
100,2,0.1,15,140,5,15,0.0058231353759765625,True,False,0.4642602040816326,0.4642602040816326,,2026-02-04T18:47:57.703158,True,0.0
100,2,0.1,16,155,5,16,0.006539106369018555,True,False,0.467741935483871,0.467741935483871,,2026-02-04T18:47:57.932085,True,0.0
100,2,0.1,17,156,5,17,0.0065729618072509766,True,False,0.41664612097304404,0.4294666337935569,,2026-02-04T18:47:58.164882,False,0.01282051282051283
100,2,0.1,18,155,5,18,0.006810903549194336,True,False,0.39675338189386056,0.42255983350676385,,2026-02-04T18:47:58.395691,False,0.02580645161290329
100,2,0.1,19,161,5,19,0.007245063781738281,True,False,0.4335480884225146,0.4335480884225146,,2026-02-04T18:47:58.642019,True,0.0
100,2,0.1,20,147,5,20,0.006616115570068359,True,False,0.47258086908232677,0.4772779860243418,,2026-02-04T18:47:58.895183,False,0.004697116942015023
100,2,0.1,21,149,5,21,0.006349802017211914,True,False,0.4069861717940633,0.42608441061213453,,2026-02-04T18:47:59.140454,False,0.01909823881807121
100,2,0.1,22,154,5,22,0.006866931915283203,True,False,0.4528377466689154,0.4528377466689154,,2026-02-04T18:47:59.387416,True,0.0
100,2,0.1,23,151,5,23,0.0063741207122802734,True,False,0.4337529055743169,0.4337529055743169,,2026-02-04T18:47:59.671830,True,0.0
100,2,0.1,24,171,5,24,0.006824970245361328,True,False,0.44936903662665434,0.45796997366711123,,2026-02-04T18:47:59.923703,False,0.00860093704045689
100,2,0.1,25,142,5,25,0.006332874298095703,True,False,0.4561594921642531,0.4561594921642531,,2026-02-04T18:48:00.180933,True,0.0
100,2,0.1,26,168,5,26,0.00690007209777832,True,False,0.43053784013605434,0.43053784013605434,,2026-02-04T18:48:00.429072,True,0.0
100,2,0.1,27,168,5,27,0.006524801254272461,True,False,0.3987918083900227,0.4214852607709751,,2026-02-04T18:48:00.679258,False,0.022693452380952384
100,2,0.1,28,170,5,28,0.006864309310913086,True,False,0.4314013840830449,0.4344463667820069,,2026-02-04T18:48:00.929269,False,0.0030449826989619733
100,2,0.1,29,156,5,29,0.013488054275512695,True,False,0.45948389217619984,0.45948389217619984,,2026-02-04T18:48:01.189350,True,0.0
100,2,0.1,30,155,5,30,0.00617671012878418,True,False,0.4507596253902185,0.4507596253902185,,2026-02-04T18:48:01.459430,True,0.0
100,2,0.1,31,140,5,31,0.006154060363769531,True,False,0.4214030612244898,0.4483418367346938,,2026-02-04T18:48:01.691088,False,0.026938775510204016
100,2,0.1,32,146,5,32,0.006323814392089844,True,False,0.4585288046537811,0.4585288046537811,,2026-02-04T18:48:01.922972,True,0.0
100,2,0.1,33,155,5,33,0.005857944488525391,True,False,0.42903225806451617,0.43496357960457854,,2026-02-04T18:48:02.154010,False,0.005931321540062373
100,2,0.1,34,165,5,34,0.007627010345458984,True,False,0.42725436179981635,0.42725436179981635,,2026-02-04T18:48:02.384146,True,0.0
100,2,0.1,35,154,5,35,0.006321907043457031,True,False,0.428550345758138,0.4412211165457919,,2026-02-04T18:48:02.612077,False,0.012670770787653884
100,2,0.1,36,153,5,36,0.0063359737396240234,True,False,0.3954034772950575,0.4179589046947755,,2026-02-04T18:48:02.843187,False,0.022555427399717998
100,2,0.1,37,165,5,37,0.006645917892456055,True,False,0.4500275482093664,0.4500275482093664,,2026-02-04T18:48:03.075015,True,0.0
100,2,0.1,38,152,5,38,0.0065441131591796875,True,False,0.43386426592797783,0.4535145429362881,,2026-02-04T18:48:03.304145,False,0.01965027700831029
100,2,0.1,39,161,5,39,0.006147146224975586,True,False,0.4498283245245168,0.45459280120365725,,2026-02-04T18:48:03.534878,False,0.004764476679140428
100,2,0.1,40,151,5,40,0.006017923355102539,True,False,0.4239945616420333,0.44524362966536557,,2026-02-04T18:48:03.763714,False,0.021249068023332263
100,2,0.1,41,139,5,41,0.006602048873901367,True,False,0.4280316753791212,0.43796904922105484,,2026-02-04T18:48:03.992396,False,0.009937373841933661
100,2,0.1,42,150,5,42,0.006500959396362305,True,False,0.4266444444444444,0.43191111111111113,,2026-02-04T18:48:04.222125,False,0.005266666666666753
100,2,0.1,43,161,5,43,0.006730079650878906,True,False,0.437714594344354,0.44286485860884994,,2026-02-04T18:48:04.450742,False,0.005150264264495941
100,2,0.1,44,157,5,44,0.006348133087158203,True,False,0.41338391009777276,0.4235465941823199,,2026-02-04T18:48:04.680994,False,0.010162684084547124
100,2,0.1,45,160,5,45,0.006507158279418945,True,False,0.42263671875,0.43341796875,,2026-02-04T18:48:04.910946,False,0.01078125000000002
100,2,0.1,46,143,5,46,0.0071370601654052734,True,False,0.4428578414592401,0.4560614210963862,,2026-02-04T18:48:05.141105,False,0.013203579637146079
100,2,0.1,47,154,5,47,0.007294893264770508,True,False,0.4410313712261764,0.4412211165457919,,2026-02-04T18:48:05.372289,False,0.00018974531961546415
100,2,0.1,48,147,5,48,0.006211996078491211,True,False,0.4573094543940025,0.4600629367393216,,2026-02-04T18:48:05.601438,False,0.0027534823453190804
100,2,0.1,49,166,5,49,0.006722211837768555,True,False,0.43371679489040504,0.46385542168674704,,2026-02-04T18:48:05.832587,False,0.030138626796341994
100,2,0.1,50,161,5,50,0.006878376007080078,True,False,0.45274102079395084,0.45274102079395084,,2026-02-04T18:48:06.062832,True,0.0
100,2,0.1,51,135,5,51,0.0061571598052978516,True,False,0.4037037037037037,0.4175308641975308,,2026-02-04T18:48:06.291122,False,0.01382716049382715
100,2,0.1,52,164,5,52,0.005918979644775391,True,False,0.4693448839976204,0.4693448839976204,,2026-02-04T18:48:06.521471,True,0.0
100,2,0.1,53,150,5,53,0.006491184234619141,True,False,0.4394444444444444,0.44586666666666663,,2026-02-04T18:48:06.752952,False,0.006422222222222218
100,2,0.1,54,150,5,54,0.006662130355834961,True,False,0.4066666666666666,0.4463111111111111,,2026-02-04T18:48:06.981828,False,0.03964444444444448
100,2,0.1,55,155,5,55,0.005692005157470703,True,False,0.4518418314255983,0.4518418314255983,,2026-02-04T18:48:07.210056,True,0.0
100,2,0.1,56,159,5,56,0.0057048797607421875,True,False,0.47434832482892286,0.47434832482892286,,2026-02-04T18:48:07.436265,True,0.0
100,2,0.1,57,150,5,57,0.006779909133911133,True,False,0.42557777777777783,0.4335777777777777,,2026-02-04T18:48:07.666195,False,0.00799999999999984
100,2,0.1,58,151,5,58,0.006223917007446289,True,False,0.4406824262093768,0.4406824262093768,,2026-02-04T18:48:07.896893,True,0.0
100,2,0.1,59,156,5,59,0.006499052047729492,True,False,0.41214661406969094,0.4417940499671268,,2026-02-04T18:48:08.126365,False,0.029647435897435848
100,2,0.1,60,154,5,60,0.006529808044433594,True,False,0.4079102715466351,0.441537358745151,,2026-02-04T18:48:08.356102,False,0.03362708719851587
100,2,0.1,61,152,5,61,0.00704503059387207,True,False,0.458362188365651,0.458362188365651,,2026-02-04T18:48:08.588054,True,0.0
100,2,0.1,62,165,5,62,0.0062258243560791016,True,False,0.4436179981634527,0.44545454545454544,,2026-02-04T18:48:08.817249,False,0.0018365472910927272
100,2,0.1,63,165,5,63,0.006407976150512695,True,False,0.42196510560146916,0.42275482093663913,,2026-02-04T18:48:09.046492,False,0.0007897153351699715
100,2,0.1,64,145,5,64,0.006464958190917969,True,False,0.44290130796670635,0.4456361474435196,,2026-02-04T18:48:09.275267,False,0.0027348394768132445
100,2,0.1,65,141,5,65,0.006913900375366211,True,False,0.43617021276595747,0.4562144761329912,,2026-02-04T18:48:09.505383,False,0.020044263367033743
100,2,0.1,66,142,5,66,0.006134986877441406,True,False,0.4295774647887324,0.4516712953779013,,2026-02-04T18:48:09.735679,False,0.022093830589168917
100,2,0.1,67,151,5,67,0.00638580322265625,True,False,0.39548704004210344,0.4178764089294329,,2026-02-04T18:48:09.964881,False,0.022389368887329453
100,2,0.1,68,160,5,68,0.006865978240966797,True,False,0.4246875,0.43625,,2026-02-04T18:48:10.197145,False,0.011562500000000031
100,2,0.1,69,138,5,69,0.005867958068847656,True,False,0.4420289855072464,0.44609850871665613,,2026-02-04T18:48:10.426807,False,0.004069523209409731
100,2,0.1,70,164,5,70,0.0066568851470947266,True,False,0.4247285841760857,0.43783462224866143,,2026-02-04T18:48:10.658095,False,0.01310603807257571
100,2,0.1,71,165,5,71,0.007828950881958008,True,False,0.4241689623507805,0.438494031221304,,2026-02-04T18:48:10.888635,False,0.014325068870523483
100,2,0.1,72,135,5,72,0.006747245788574219,True,False,0.4258984910836763,0.4258984910836763,,2026-02-04T18:48:11.116880,True,0.0
100,2,0.1,73,157,5,73,0.006026029586791992,True,False,0.43425696782830947,0.44137693212706397,,2026-02-04T18:48:11.347167,False,0.0071199642987545
100,2,0.1,74,144,5,74,0.00629878044128418,True,False,0.45679012345679015,0.4598524305555556,,2026-02-04T18:48:11.577807,False,0.0030623070987654266
100,2,0.1,75,159,5,75,0.006181955337524414,True,False,0.408607254459871,0.4308176100628931,,2026-02-04T18:48:11.806958,False,0.02221035560302209
100,2,0.1,76,160,5,76,0.0067348480224609375,True,False,0.4375,0.4375,,2026-02-04T18:48:12.035491,True,0.0
100,2,0.1,77,150,5,77,0.00626683235168457,True,False,0.43191111111111113,0.43333333333333335,,2026-02-04T18:48:12.266382,False,0.0014222222222222136
100,2,0.1,78,152,5,78,0.006165027618408203,True,False,0.44520429362880876,0.447693040166205,,2026-02-04T18:48:12.494768,False,0.0024887465373962248
100,2,0.1,79,153,5,79,0.0069119930267333984,True,False,0.4466658122944167,0.4466658122944167,,2026-02-04T18:48:12.726493,True,0.0
100,2,0.1,80,166,5,80,0.0064487457275390625,True,False,0.43226520539991287,0.43444258963565113,,2026-02-04T18:48:12.955658,False,0.0021773842357382667
100,2,0.1,81,154,5,81,0.0065920352935791016,True,False,0.42966773486254006,0.43226092089728463,,2026-02-04T18:48:13.186229,False,0.0025931860347445657
100,2,0.1,82,158,5,82,0.006018877029418945,True,False,0.4490466271430861,0.45567617369011376,,2026-02-04T18:48:13.418099,False,0.006629546547027687
100,2,0.1,83,153,5,83,0.006124019622802734,True,False,0.4244521337946944,0.4500619419881243,,2026-02-04T18:48:13.651943,False,0.02560980819342995
100,2,0.1,84,151,5,84,0.0066220760345458984,True,False,0.4177886934783561,0.4316258058857067,,2026-02-04T18:48:13.882511,False,0.013837112407350582
100,2,0.1,85,151,5,85,0.0057909488677978516,True,False,0.4139072847682119,0.4337529055743169,,2026-02-04T18:48:14.114473,False,0.01984562080610497
100,2,0.1,86,150,5,86,0.006054878234863281,True,False,0.43333333333333335,0.44691111111111104,,2026-02-04T18:48:14.346071,False,0.013577777777777689
100,2,0.1,87,155,5,87,0.005861759185791016,True,False,0.4329656607700311,0.4329656607700311,,2026-02-04T18:48:14.577156,True,0.0
100,2,0.1,88,160,5,88,0.0065271854400634766,True,False,0.453046875,0.453046875,,2026-02-04T18:48:14.809267,True,0.0
100,2,0.1,89,151,5,89,0.006368160247802734,True,False,0.45285294504626983,0.45285294504626983,,2026-02-04T18:48:15.041369,True,0.0
100,2,0.1,90,168,5,90,0.006515979766845703,True,False,0.4512471655328798,0.4512471655328798,,2026-02-04T18:48:15.274735,True,0.0
100,2,0.1,91,155,5,91,0.006566047668457031,True,False,0.4547554630593132,0.4547554630593132,,2026-02-04T18:48:15.505655,True,0.0
100,2,0.1,92,157,5,92,0.005937099456787109,True,False,0.42736013631384645,0.42993630573248415,,2026-02-04T18:48:15.738832,False,0.002576169418637697
100,2,0.1,93,153,5,93,0.006290912628173828,True,False,0.40539963261993256,0.4273356401384083,,2026-02-04T18:48:15.967370,False,0.021936007518475742
100,2,0.1,94,141,5,94,0.006437063217163086,True,False,0.4297319048337608,0.4359941652834364,,2026-02-04T18:48:16.199513,False,0.006262260449675594
100,2,0.1,95,162,5,95,0.0062062740325927734,True,False,0.4320797134583142,0.4439681450998323,,2026-02-04T18:48:16.429578,False,0.011888431641518094
100,2,0.1,96,161,5,96,0.005754947662353516,True,False,0.4378689093784962,0.4378689093784962,,2026-02-04T18:48:16.659537,True,0.0
100,2,0.1,97,157,5,97,0.00631403923034668,True,False,0.4044585987261147,0.4270152947381233,,2026-02-04T18:48:16.890461,False,0.022556696012008548
100,2,0.1,98,147,5,98,0.0061151981353759766,True,False,0.42544773011245307,0.45090008792632696,,2026-02-04T18:48:17.121803,False,0.025452357813873894
100,2,0.1,99,152,5,99,0.005909919738769531,True,False,0.4473684210526315,0.4473684210526315,,2026-02-04T18:48:17.351360,True,0.0
100,2,0.1,0,149,10,0,0.007185935974121094,True,False,0.42040899058600967,0.431061663889014,,2026-02-04T18:48:17.583961,False,0.010652673303004345
100,2,0.1,1,152,10,1,0.006997823715209961,True,False,0.42105263157894735,0.4342105263157895,,2026-02-04T18:48:17.816289,False,0.013157894736842146
100,2,0.1,2,142,10,2,0.006987094879150391,True,False,0.4411823050981948,0.4411823050981948,,2026-02-04T18:48:18.046209,True,0.0
100,2,0.1,3,141,10,3,0.006257772445678711,True,False,0.4673809164528947,0.4673809164528947,,2026-02-04T18:48:18.279721,True,0.0
100,2,0.1,4,154,10,4,0.006185054779052734,True,False,0.428550345758138,0.43961882273570585,,2026-02-04T18:48:18.510169,False,0.011068476977567854
100,2,0.1,5,158,10,5,0.0060160160064697266,True,False,0.44544143566736105,0.44544143566736105,,2026-02-04T18:48:18.743770,True,0.0
100,2,0.1,6,154,10,6,0.006685018539428711,True,False,0.42174059706527234,0.4260204081632653,,2026-02-04T18:48:18.978681,False,0.004279811097992969
100,2,0.1,7,149,10,7,0.006176948547363281,True,False,0.4395973154362416,0.4570064411512995,,2026-02-04T18:48:19.214049,False,0.017409125715057927
100,2,0.1,8,154,10,8,0.007028102874755859,True,False,0.463821892393321,0.463821892393321,,2026-02-04T18:48:19.446833,True,0.0
100,2,0.1,9,147,10,9,0.006586790084838867,True,False,0.44370401221713174,0.44370401221713174,,2026-02-04T18:48:19.676621,True,0.0
100,2,0.1,10,148,10,10,0.007180929183959961,True,False,0.46619338933528126,0.46619338933528126,,2026-02-04T18:48:19.907895,True,0.0
100,2,0.1,11,151,10,11,0.0062770843505859375,True,False,0.4072628393491513,0.4403973509933775,,2026-02-04T18:48:20.138717,False,0.033134511644226206
100,2,0.1,12,161,10,12,0.0061299800872802734,True,False,0.423131823617916,0.4254272597507812,,2026-02-04T18:48:20.370262,False,0.002295436132865203
100,2,0.1,13,155,10,13,0.006596088409423828,True,False,0.44836628511966703,0.44836628511966703,,2026-02-04T18:48:20.601625,True,0.0
100,2,0.1,14,151,10,14,0.00626683235168457,True,False,0.4480285952370511,0.4480285952370511,,2026-02-04T18:48:20.835524,True,0.0
100,2,0.1,15,140,10,15,0.006639242172241211,True,False,0.4642602040816326,0.4642602040816326,,2026-02-04T18:48:21.068139,True,0.0
100,2,0.1,16,155,10,16,0.006623029708862305,True,False,0.467741935483871,0.467741935483871,,2026-02-04T18:48:21.301327,True,0.0
100,2,0.1,17,156,10,17,0.0060846805572509766,True,False,0.4270011505588428,0.4294666337935569,,2026-02-04T18:48:21.532423,False,0.002465483234714072
100,2,0.1,18,155,10,18,0.006677865982055664,True,False,0.39675338189386056,0.42255983350676385,,2026-02-04T18:48:21.766093,False,0.02580645161290329
100,2,0.1,19,161,10,19,0.006907939910888672,True,False,0.4335480884225146,0.4335480884225146,,2026-02-04T18:48:21.997601,True,0.0
100,2,0.1,20,147,10,20,0.009049654006958008,True,False,0.47258086908232677,0.4772779860243418,,2026-02-04T18:48:22.233065,False,0.004697116942015023
100,2,0.1,21,149,10,21,0.00622105598449707,True,False,0.4069861717940633,0.42608441061213453,,2026-02-04T18:48:22.464597,False,0.01909823881807121
100,2,0.1,22,154,10,22,0.006635904312133789,True,False,0.4528377466689154,0.4528377466689154,,2026-02-04T18:48:22.697963,True,0.0
100,2,0.1,23,151,10,23,0.006227254867553711,True,False,0.4337529055743169,0.4337529055743169,,2026-02-04T18:48:22.929347,True,0.0
100,2,0.1,24,171,10,24,0.006399869918823242,True,False,0.44936903662665434,0.45796997366711123,,2026-02-04T18:48:23.160393,False,0.00860093704045689
100,2,0.1,25,142,10,25,0.006663084030151367,True,False,0.4561594921642531,0.4561594921642531,,2026-02-04T18:48:23.390786,True,0.0
100,2,0.1,26,168,10,26,0.00739288330078125,True,False,0.43053784013605434,0.43053784013605434,,2026-02-04T18:48:23.624553,True,0.0
100,2,0.1,27,168,10,27,0.007119655609130859,True,False,0.419625141723356,0.4214852607709751,,2026-02-04T18:48:23.858116,False,0.0018601190476190688
100,2,0.1,28,170,10,28,0.006248950958251953,True,False,0.4314013840830449,0.4344463667820069,,2026-02-04T18:48:24.088685,False,0.0030449826989619733
100,2,0.1,29,156,10,29,0.005860805511474609,True,False,0.45948389217619984,0.45948389217619984,,2026-02-04T18:48:24.318767,True,0.0
100,2,0.1,30,155,10,30,0.006819009780883789,True,False,0.4507596253902185,0.4507596253902185,,2026-02-04T18:48:24.549900,True,0.0
100,2,0.1,31,140,10,31,0.006877899169921875,True,False,0.4214030612244898,0.4483418367346938,,2026-02-04T18:48:24.780967,False,0.026938775510204016
100,2,0.1,32,146,10,32,0.006473064422607422,True,False,0.4585288046537811,0.4585288046537811,,2026-02-04T18:48:25.011977,True,0.0
100,2,0.1,33,155,10,33,0.006072282791137695,True,False,0.43496357960457854,0.43496357960457854,,2026-02-04T18:48:25.244106,True,0.0
100,2,0.1,34,165,10,34,0.006791114807128906,True,False,0.42725436179981635,0.42725436179981635,,2026-02-04T18:48:25.474499,True,0.0
100,2,0.1,35,154,10,35,0.0064198970794677734,True,False,0.428550345758138,0.4412211165457919,,2026-02-04T18:48:25.704131,False,0.012670770787653884
100,2,0.1,36,153,10,36,0.006374835968017578,True,False,0.4136656841385792,0.4179589046947755,,2026-02-04T18:48:25.934119,False,0.004293220556196298
100,2,0.1,37,165,10,37,0.006742000579833984,True,False,0.4500275482093664,0.4500275482093664,,2026-02-04T18:48:26.166872,True,0.0
100,2,0.1,38,152,10,38,0.006616115570068359,True,False,0.43386426592797783,0.4535145429362881,,2026-02-04T18:48:26.400658,False,0.01965027700831029
100,2,0.1,39,161,10,39,0.005857229232788086,True,False,0.4498283245245168,0.45459280120365725,,2026-02-04T18:48:26.630378,False,0.004764476679140428
100,2,0.1,40,151,10,40,0.00664520263671875,True,False,0.4239945616420333,0.44524362966536557,,2026-02-04T18:48:26.861979,False,0.021249068023332263
100,2,0.1,41,139,10,41,0.006793975830078125,True,False,0.4280316753791212,0.43796904922105484,,2026-02-04T18:48:27.098882,False,0.009937373841933661
100,2,0.1,42,150,10,42,0.006176948547363281,True,False,0.4266444444444444,0.43191111111111113,,2026-02-04T18:48:27.333311,False,0.005266666666666753
100,2,0.1,43,161,10,43,0.006270170211791992,True,False,0.437714594344354,0.44286485860884994,,2026-02-04T18:48:27.563381,False,0.005150264264495941
100,2,0.1,44,157,10,44,0.006150007247924805,True,False,0.41338391009777276,0.4235465941823199,,2026-02-04T18:48:27.795158,False,0.010162684084547124
100,2,0.1,45,160,10,45,0.006521940231323242,True,False,0.42263671875,0.43341796875,,2026-02-04T18:48:28.032328,False,0.01078125000000002
100,2,0.1,46,143,10,46,0.006539821624755859,True,False,0.4428578414592401,0.4560614210963862,,2026-02-04T18:48:28.268410,False,0.013203579637146079
100,2,0.1,47,154,10,47,0.00668787956237793,True,False,0.4410313712261764,0.4412211165457919,,2026-02-04T18:48:28.500376,False,0.00018974531961546415
100,2,0.1,48,147,10,48,0.0065898895263671875,True,False,0.4600629367393216,0.4600629367393216,,2026-02-04T18:48:28.730338,True,0.0
100,2,0.1,49,166,10,49,0.006826877593994141,True,False,0.46385542168674704,0.46385542168674704,,2026-02-04T18:48:28.963721,True,0.0
100,2,0.1,50,161,10,50,0.006840944290161133,True,False,0.45274102079395084,0.45274102079395084,,2026-02-04T18:48:29.197440,True,0.0
100,2,0.1,51,135,10,51,0.006577253341674805,True,False,0.4037037037037037,0.4175308641975308,,2026-02-04T18:48:29.430471,False,0.01382716049382715
100,2,0.1,52,164,10,52,0.006805896759033203,True,False,0.4693448839976204,0.4693448839976204,,2026-02-04T18:48:29.660151,True,0.0
100,2,0.1,53,150,10,53,0.006889820098876953,True,False,0.4394444444444444,0.44586666666666663,,2026-02-04T18:48:29.893675,False,0.006422222222222218
100,2,0.1,54,150,10,54,0.006455898284912109,True,False,0.43731111111111115,0.4463111111111111,,2026-02-04T18:48:30.124325,False,0.008999999999999952
100,2,0.1,55,155,10,55,0.005943775177001953,True,False,0.4518418314255983,0.4518418314255983,,2026-02-04T18:48:30.355081,True,0.0
100,2,0.1,56,159,10,56,0.0060579776763916016,True,False,0.47434832482892286,0.47434832482892286,,2026-02-04T18:48:30.587128,True,0.0
100,2,0.1,57,150,10,57,0.006309032440185547,True,False,0.42557777777777783,0.4335777777777777,,2026-02-04T18:48:30.818455,False,0.00799999999999984
100,2,0.1,58,151,10,58,0.006623268127441406,True,False,0.4406824262093768,0.4406824262093768,,2026-02-04T18:48:31.049055,True,0.0
100,2,0.1,59,156,10,59,0.00701904296875,True,False,0.42059089414858636,0.4417940499671268,,2026-02-04T18:48:31.279440,False,0.02120315581854043
100,2,0.1,60,154,10,60,0.006502866744995117,True,False,0.4079102715466351,0.441537358745151,,2026-02-04T18:48:31.508970,False,0.03362708719851587
100,2,0.1,61,152,10,61,0.006843090057373047,True,False,0.458362188365651,0.458362188365651,,2026-02-04T18:48:31.740932,True,0.0
100,2,0.1,62,165,10,62,0.006522178649902344,True,False,0.44545454545454544,0.44545454545454544,,2026-02-04T18:48:31.971764,True,0.0
100,2,0.1,63,165,10,63,0.005964994430541992,True,False,0.42196510560146916,0.42275482093663913,,2026-02-04T18:48:32.200381,False,0.0007897153351699715
100,2,0.1,64,145,10,64,0.006210803985595703,True,False,0.44290130796670635,0.4456361474435196,,2026-02-04T18:48:32.435062,False,0.0027348394768132445
100,2,0.1,65,141,10,65,0.0060749053955078125,True,False,0.4502540113676374,0.4562144761329912,,2026-02-04T18:48:32.667447,False,0.0059604647653538345
100,2,0.1,66,142,10,66,0.006181955337524414,True,False,0.4295774647887324,0.4516712953779013,,2026-02-04T18:48:32.900896,False,0.022093830589168917
100,2,0.1,67,151,10,67,0.005939960479736328,True,False,0.4072628393491513,0.4178764089294329,,2026-02-04T18:48:33.153625,False,0.01061356958028159
100,2,0.1,68,160,10,68,0.006754875183105469,True,False,0.4246875,0.43625,,2026-02-04T18:48:33.391448,False,0.011562500000000031
100,2,0.1,69,138,10,69,0.005987882614135742,True,False,0.4420289855072464,0.44609850871665613,,2026-02-04T18:48:33.622438,False,0.004069523209409731
100,2,0.1,70,164,10,70,0.006451129913330078,True,False,0.432908239143367,0.43783462224866143,,2026-02-04T18:48:33.854342,False,0.0049263831052944185
100,2,0.1,71,165,10,71,0.006357908248901367,True,False,0.4241689623507805,0.438494031221304,,2026-02-04T18:48:34.083947,False,0.014325068870523483
100,2,0.1,72,135,10,72,0.007809162139892578,True,False,0.4258984910836763,0.4258984910836763,,2026-02-04T18:48:34.316862,True,0.0
100,2,0.1,73,157,10,73,0.0064182281494140625,True,False,0.43425696782830947,0.44137693212706397,,2026-02-04T18:48:34.547741,False,0.0071199642987545
100,2,0.1,74,144,10,74,0.006407737731933594,True,False,0.45679012345679015,0.4598524305555556,,2026-02-04T18:48:34.779523,False,0.0030623070987654266
100,2,0.1,75,159,10,75,0.0064809322357177734,True,False,0.4174478857640125,0.4308176100628931,,2026-02-04T18:48:35.010767,False,0.013369724298880614
100,2,0.1,76,160,10,76,0.0071599483489990234,True,False,0.4375,0.4375,,2026-02-04T18:48:35.240286,True,0.0
100,2,0.1,77,150,10,77,0.0065460205078125,True,False,0.43191111111111113,0.43333333333333335,,2026-02-04T18:48:35.471360,False,0.0014222222222222136
100,2,0.1,78,152,10,78,0.007266044616699219,True,False,0.447693040166205,0.447693040166205,,2026-02-04T18:48:35.704125,True,0.0
100,2,0.1,79,153,10,79,0.007292985916137695,True,False,0.4466658122944167,0.4466658122944167,,2026-02-04T18:48:35.938010,True,0.0
100,2,0.1,80,166,10,80,0.00616002082824707,True,False,0.43226520539991287,0.43444258963565113,,2026-02-04T18:48:36.169541,False,0.0021773842357382667
100,2,0.1,81,154,10,81,0.0069010257720947266,True,False,0.42966773486254006,0.43226092089728463,,2026-02-04T18:48:36.401850,False,0.0025931860347445657
100,2,0.1,82,158,10,82,0.006742000579833984,True,False,0.45567617369011376,0.45567617369011376,,2026-02-04T18:48:36.633298,True,0.0
100,2,0.1,83,153,10,83,0.006662845611572266,True,False,0.4476910589944039,0.4500619419881243,,2026-02-04T18:48:36.866606,False,0.0023708829937204023
100,2,0.1,84,151,10,84,0.0063228607177734375,True,False,0.4177886934783561,0.4316258058857067,,2026-02-04T18:48:37.098274,False,0.013837112407350582
100,2,0.1,85,151,10,85,0.007708072662353516,True,False,0.41838077277312397,0.4337529055743169,,2026-02-04T18:48:37.329828,False,0.015372132801192928
100,2,0.1,86,150,10,86,0.006190061569213867,True,False,0.43333333333333335,0.44691111111111104,,2026-02-04T18:48:37.563928,False,0.013577777777777689
100,2,0.1,87,155,10,87,0.006880998611450195,True,False,0.4329656607700311,0.4329656607700311,,2026-02-04T18:48:37.795901,True,0.0
100,2,0.1,88,160,10,88,0.006550788879394531,True,False,0.453046875,0.453046875,,2026-02-04T18:48:38.029496,True,0.0
100,2,0.1,89,151,10,89,0.006229877471923828,True,False,0.45285294504626983,0.45285294504626983,,2026-02-04T18:48:38.257640,True,0.0
100,2,0.1,90,168,10,90,0.006769895553588867,True,False,0.4512471655328798,0.4512471655328798,,2026-02-04T18:48:38.490371,True,0.0
100,2,0.1,91,155,10,91,0.006101846694946289,True,False,0.4547554630593132,0.4547554630593132,,2026-02-04T18:48:38.720082,True,0.0
100,2,0.1,92,157,10,92,0.005835056304931641,True,False,0.42736013631384645,0.42993630573248415,,2026-02-04T18:48:38.952153,False,0.002576169418637697
100,2,0.1,93,153,10,93,0.006248950958251953,True,False,0.41426374471357175,0.4273356401384083,,2026-02-04T18:48:39.183520,False,0.013071895424836555
100,2,0.1,94,141,10,94,0.006373882293701172,True,False,0.4297319048337608,0.4359941652834364,,2026-02-04T18:48:39.416467,False,0.006262260449675594
100,2,0.1,95,162,10,95,0.00668025016784668,True,False,0.4320797134583142,0.4439681450998323,,2026-02-04T18:48:39.650311,False,0.011888431641518094
100,2,0.1,96,161,10,96,0.0062961578369140625,True,False,0.4378689093784962,0.4378689093784962,,2026-02-04T18:48:39.880977,True,0.0
100,2,0.1,97,157,10,97,0.006114006042480469,True,False,0.4044585987261147,0.4270152947381233,,2026-02-04T18:48:40.109285,False,0.022556696012008548
100,2,0.1,98,147,10,98,0.006700992584228516,True,False,0.45090008792632696,0.45090008792632696,,2026-02-04T18:48:40.341064,True,0.0
100,2,0.1,99,152,10,99,0.005831718444824219,True,False,0.4473684210526315,0.4473684210526315,,2026-02-04T18:48:40.571805,True,0.0
100,2,0.1,0,149,20,0,0.007932186126708984,True,False,0.42040899058600967,0.431061663889014,,2026-02-04T18:48:40.804408,False,0.010652673303004345
100,2,0.1,1,152,20,1,0.006297111511230469,True,False,0.42258916204986147,0.4342105263157895,,2026-02-04T18:48:41.036666,False,0.011621364265928025
100,2,0.1,2,142,20,2,0.006844758987426758,True,False,0.4411823050981948,0.4411823050981948,,2026-02-04T18:48:41.267391,True,0.0
100,2,0.1,3,141,20,3,0.006443023681640625,True,False,0.4673809164528947,0.4673809164528947,,2026-02-04T18:48:41.498792,True,0.0
100,2,0.1,4,154,20,4,0.006120920181274414,True,False,0.43209225839095977,0.43961882273570585,,2026-02-04T18:48:41.729132,False,0.007526564344746078
100,2,0.1,5,158,20,5,0.006288290023803711,True,False,0.44544143566736105,0.44544143566736105,,2026-02-04T18:48:41.961326,True,0.0
100,2,0.1,6,154,20,6,0.006742238998413086,True,False,0.42174059706527234,0.4260204081632653,,2026-02-04T18:48:42.193620,False,0.004279811097992969
100,2,0.1,7,149,20,7,0.006381034851074219,True,False,0.44628620332417457,0.4570064411512995,,2026-02-04T18:48:42.425396,False,0.010720237827124945
100,2,0.1,8,154,20,8,0.006489992141723633,True,False,0.463821892393321,0.463821892393321,,2026-02-04T18:48:42.655503,True,0.0
100,2,0.1,9,147,20,9,0.006186008453369141,True,False,0.44370401221713174,0.44370401221713174,,2026-02-04T18:48:42.885604,True,0.0
100,2,0.1,10,148,20,10,0.006532907485961914,True,False,0.46619338933528126,0.46619338933528126,,2026-02-04T18:48:43.118216,True,0.0
100,2,0.1,11,151,20,11,0.008022785186767578,True,False,0.42715231788079466,0.4403973509933775,,2026-02-04T18:48:43.351396,False,0.013245033112582849
100,2,0.1,12,161,20,12,0.0065767765045166016,True,False,0.4254272597507812,0.4254272597507812,,2026-02-04T18:48:43.581370,True,0.0
100,2,0.1,13,155,20,13,0.006824970245361328,True,False,0.44836628511966703,0.44836628511966703,,2026-02-04T18:48:43.810856,True,0.0
100,2,0.1,14,151,20,14,0.006471872329711914,True,False,0.4480285952370511,0.4480285952370511,,2026-02-04T18:48:44.042624,True,0.0
100,2,0.1,15,140,20,15,0.0063970088958740234,True,False,0.4642602040816326,0.4642602040816326,,2026-02-04T18:48:44.273290,True,0.0
100,2,0.1,16,155,20,16,0.006412982940673828,True,False,0.467741935483871,0.467741935483871,,2026-02-04T18:48:44.505231,True,0.0
100,2,0.1,17,156,20,17,0.006349802017211914,True,False,0.4270011505588428,0.4294666337935569,,2026-02-04T18:48:44.735223,False,0.002465483234714072
100,2,0.1,18,155,20,18,0.00616765022277832,True,False,0.41506763787721124,0.42255983350676385,,2026-02-04T18:48:44.965632,False,0.0074921956295526115
100,2,0.1,19,161,20,19,0.006417751312255859,True,False,0.4335480884225146,0.4335480884225146,,2026-02-04T18:48:45.198375,True,0.0
100,2,0.1,20,147,20,20,0.006834983825683594,True,False,0.4772779860243418,0.4772779860243418,,2026-02-04T18:48:45.428683,True,0.0
100,2,0.1,21,149,20,21,0.006403923034667969,True,False,0.42608441061213453,0.42608441061213453,,2026-02-04T18:48:45.658629,True,0.0
100,2,0.1,22,154,20,22,0.0060672760009765625,True,False,0.4528377466689154,0.4528377466689154,,2026-02-04T18:48:45.890212,True,0.0
100,2,0.1,23,151,20,23,0.006403923034667969,True,False,0.4337529055743169,0.4337529055743169,,2026-02-04T18:48:46.124004,True,0.0
100,2,0.1,24,171,20,24,0.006422996520996094,True,False,0.44936903662665434,0.45796997366711123,,2026-02-04T18:48:46.354503,False,0.00860093704045689
100,2,0.1,25,142,20,25,0.006254911422729492,True,False,0.4561594921642531,0.4561594921642531,,2026-02-04T18:48:46.587192,True,0.0
100,2,0.1,26,168,20,26,0.006970882415771484,True,False,0.43053784013605434,0.43053784013605434,,2026-02-04T18:48:46.819956,True,0.0
100,2,0.1,27,168,20,27,0.00710606575012207,True,False,0.419625141723356,0.4214852607709751,,2026-02-04T18:48:47.052881,False,0.0018601190476190688
100,2,0.1,28,170,20,28,0.006933927536010742,True,False,0.4314013840830449,0.4344463667820069,,2026-02-04T18:48:47.284968,False,0.0030449826989619733
100,2,0.1,29,156,20,29,0.007937908172607422,True,False,0.45948389217619984,0.45948389217619984,,2026-02-04T18:48:47.517075,True,0.0
100,2,0.1,30,155,20,30,0.006530046463012695,True,False,0.4507596253902185,0.4507596253902185,,2026-02-04T18:48:47.748160,True,0.0
100,2,0.1,31,140,20,31,0.006735801696777344,True,False,0.4469387755102041,0.4483418367346938,,2026-02-04T18:48:47.980861,False,0.0014030612244896878
100,2,0.1,32,146,20,32,0.00622105598449707,True,False,0.4585288046537811,0.4585288046537811,,2026-02-04T18:48:48.211570,True,0.0
100,2,0.1,33,155,20,33,0.006373167037963867,True,False,0.43496357960457854,0.43496357960457854,,2026-02-04T18:48:48.444809,True,0.0
100,2,0.1,34,165,20,34,0.006662845611572266,True,False,0.42725436179981635,0.42725436179981635,,2026-02-04T18:48:48.676127,True,0.0
100,2,0.1,35,154,20,35,0.007049083709716797,True,False,0.4412211165457919,0.4412211165457919,,2026-02-04T18:48:48.907833,True,0.0
100,2,0.1,36,153,20,36,0.008176088333129883,True,False,0.4136656841385792,0.4179589046947755,,2026-02-04T18:48:49.196063,False,0.004293220556196298
100,2,0.1,37,165,20,37,0.007612943649291992,True,False,0.4500275482093664,0.4500275482093664,,2026-02-04T18:48:49.483556,True,0.0
100,2,0.1,38,152,20,38,0.008723974227905273,True,False,0.43386426592797783,0.4535145429362881,,2026-02-04T18:48:49.739799,False,0.01965027700831029
100,2,0.1,39,161,20,39,0.009848833084106445,True,False,0.45459280120365725,0.45459280120365725,,2026-02-04T18:48:49.990047,True,0.0
100,2,0.1,40,151,20,40,0.006863832473754883,True,False,0.44524362966536557,0.44524362966536557,,2026-02-04T18:48:50.343483,True,0.0
100,2,0.1,41,139,20,41,0.007365226745605469,True,False,0.4280316753791212,0.43796904922105484,,2026-02-04T18:48:50.587969,False,0.009937373841933661
100,2,0.1,42,150,20,42,0.007218837738037109,True,False,0.4266444444444444,0.43191111111111113,,2026-02-04T18:48:50.826538,False,0.005266666666666753
100,2,0.1,43,161,20,43,0.006820201873779297,True,False,0.437714594344354,0.44286485860884994,,2026-02-04T18:48:51.064900,False,0.005150264264495941
100,2,0.1,44,157,20,44,0.006482362747192383,True,False,0.41719745222929944,0.4235465941823199,,2026-02-04T18:48:51.297278,False,0.006349141953020443
100,2,0.1,45,160,20,45,0.006679058074951172,True,False,0.42263671875,0.43341796875,,2026-02-04T18:48:51.534425,False,0.01078125000000002
100,2,0.1,46,143,20,46,0.006930112838745117,True,False,0.44853049048853244,0.4560614210963862,,2026-02-04T18:48:51.769143,False,0.0075309306078537586
100,2,0.1,47,154,20,47,0.006728172302246094,True,False,0.4410313712261764,0.4412211165457919,,2026-02-04T18:48:52.006659,False,0.00018974531961546415
100,2,0.1,48,147,20,48,0.006627798080444336,True,False,0.4600629367393216,0.4600629367393216,,2026-02-04T18:48:52.241864,True,0.0
100,2,0.1,49,166,20,49,0.0073130130767822266,True,False,0.46385542168674704,0.46385542168674704,,2026-02-04T18:48:52.474797,True,0.0
100,2,0.1,50,161,20,50,0.006354093551635742,True,False,0.45274102079395084,0.45274102079395084,,2026-02-04T18:48:52.706045,True,0.0
100,2,0.1,51,135,20,51,0.0071010589599609375,True,False,0.4052400548696845,0.4175308641975308,,2026-02-04T18:48:52.938206,False,0.01229080932784632
100,2,0.1,52,164,20,52,0.006839752197265625,True,False,0.4693448839976204,0.4693448839976204,,2026-02-04T18:48:53.171586,True,0.0
100,2,0.1,53,150,20,53,0.005984783172607422,True,False,0.4394444444444444,0.44586666666666663,,2026-02-04T18:48:53.403705,False,0.006422222222222218
100,2,0.1,54,150,20,54,0.006786823272705078,True,False,0.4399777777777777,0.4463111111111111,,2026-02-04T18:48:53.636691,False,0.006333333333333413
100,2,0.1,55,155,20,55,0.006457090377807617,True,False,0.4518418314255983,0.4518418314255983,,2026-02-04T18:48:53.866840,True,0.0
100,2,0.1,56,159,20,56,0.006345987319946289,True,False,0.47434832482892286,0.47434832482892286,,2026-02-04T18:48:54.098809,True,0.0
100,2,0.1,57,150,20,57,0.007013082504272461,True,False,0.42557777777777783,0.4335777777777777,,2026-02-04T18:48:54.330170,False,0.00799999999999984
100,2,0.1,58,151,20,58,0.007102012634277344,True,False,0.4406824262093768,0.4406824262093768,,2026-02-04T18:48:54.564826,True,0.0
100,2,0.1,59,156,20,59,0.006600856781005859,True,False,0.42059089414858636,0.4417940499671268,,2026-02-04T18:48:54.797753,False,0.02120315581854043
100,2,0.1,60,154,20,60,0.007131814956665039,True,False,0.441537358745151,0.441537358745151,,2026-02-04T18:48:55.031782,True,0.0
100,2,0.1,61,152,20,61,0.006994962692260742,True,False,0.458362188365651,0.458362188365651,,2026-02-04T18:48:55.264035,True,0.0
100,2,0.1,62,165,20,62,0.007200002670288086,True,False,0.44545454545454544,0.44545454545454544,,2026-02-04T18:48:55.495545,True,0.0
100,2,0.1,63,165,20,63,0.007682085037231445,True,False,0.42196510560146916,0.42275482093663913,,2026-02-04T18:48:55.729467,False,0.0007897153351699715
100,2,0.1,64,145,20,64,0.006315708160400391,True,False,0.44290130796670635,0.4456361474435196,,2026-02-04T18:48:55.960472,False,0.0027348394768132445
100,2,0.1,65,141,20,65,0.006991863250732422,True,False,0.4502540113676374,0.4562144761329912,,2026-02-04T18:48:56.193157,False,0.0059604647653538345
100,2,0.1,66,142,20,66,0.0074040889739990234,True,False,0.4516712953779013,0.4516712953779013,,2026-02-04T18:48:56.424380,True,0.0
100,2,0.1,67,151,20,67,0.007613182067871094,True,False,0.4072628393491513,0.4178764089294329,,2026-02-04T18:48:56.657585,False,0.01061356958028159
100,2,0.1,68,160,20,68,0.006724119186401367,True,False,0.4246875,0.43625,,2026-02-04T18:48:56.887881,False,0.011562500000000031
100,2,0.1,69,138,20,69,0.006349086761474609,True,False,0.4420289855072464,0.44609850871665613,,2026-02-04T18:48:57.120546,False,0.004069523209409731
100,2,0.1,70,164,20,70,0.007345914840698242,True,False,0.43783462224866143,0.43783462224866143,,2026-02-04T18:48:57.354680,True,0.0
100,2,0.1,71,165,20,71,0.006865978240966797,True,False,0.4241689623507805,0.438494031221304,,2026-02-04T18:48:57.587692,False,0.014325068870523483
100,2,0.1,72,135,20,72,0.006411075592041016,True,False,0.4258984910836763,0.4258984910836763,,2026-02-04T18:48:57.817980,True,0.0
100,2,0.1,73,157,20,73,0.007303953170776367,True,False,0.43425696782830947,0.44137693212706397,,2026-02-04T18:48:58.052049,False,0.0071199642987545
100,2,0.1,74,144,20,74,0.006953001022338867,True,False,0.45679012345679015,0.4598524305555556,,2026-02-04T18:48:58.282210,False,0.0030623070987654266
100,2,0.1,75,159,20,75,0.007011890411376953,True,False,0.4174478857640125,0.4308176100628931,,2026-02-04T18:48:58.522542,False,0.013369724298880614
100,2,0.1,76,160,20,76,0.007116079330444336,True,False,0.4375,0.4375,,2026-02-04T18:48:58.780639,True,0.0
100,2,0.1,77,150,20,77,0.006690025329589844,True,False,0.43333333333333335,0.43333333333333335,,2026-02-04T18:48:59.027650,True,0.0
100,2,0.1,78,152,20,78,0.0067713260650634766,True,False,0.447693040166205,0.447693040166205,,2026-02-04T18:48:59.277747,True,0.0
100,2,0.1,79,153,20,79,0.0065190792083740234,True,False,0.4466658122944167,0.4466658122944167,,2026-02-04T18:48:59.556722,True,0.0
100,2,0.1,80,166,20,80,0.006429195404052734,True,False,0.43226520539991287,0.43444258963565113,,2026-02-04T18:48:59.786423,False,0.0021773842357382667
100,2,0.1,81,154,20,81,0.006537914276123047,True,False,0.42966773486254006,0.43226092089728463,,2026-02-04T18:49:00.017919,False,0.0025931860347445657
100,2,0.1,82,158,20,82,0.00785207748413086,True,False,0.45567617369011376,0.45567617369011376,,2026-02-04T18:49:00.262819,True,0.0
100,2,0.1,83,153,20,83,0.0067920684814453125,True,False,0.4476910589944039,0.4500619419881243,,2026-02-04T18:49:00.514144,False,0.0023708829937204023
100,2,0.1,84,151,20,84,0.00680088996887207,True,False,0.42715231788079466,0.4316258058857067,,2026-02-04T18:49:00.761468,False,0.004473488004912041
100,2,0.1,85,151,20,85,0.006636142730712891,True,False,0.42715231788079466,0.4337529055743169,,2026-02-04T18:49:01.007262,False,0.006600587693522231
100,2,0.1,86,150,20,86,0.007546186447143555,True,False,0.43333333333333335,0.44691111111111104,,2026-02-04T18:49:01.265159,False,0.013577777777777689
100,2,0.1,87,155,20,87,0.006654262542724609,True,False,0.4329656607700311,0.4329656607700311,,2026-02-04T18:49:01.499084,True,0.0
100,2,0.1,88,160,20,88,0.006570100784301758,True,False,0.453046875,0.453046875,,2026-02-04T18:49:01.732723,True,0.0
100,2,0.1,89,151,20,89,0.007311820983886719,True,False,0.45285294504626983,0.45285294504626983,,2026-02-04T18:49:01.966569,True,0.0
100,2,0.1,90,168,20,90,0.006748199462890625,True,False,0.4512471655328798,0.4512471655328798,,2026-02-04T18:49:02.201436,True,0.0
100,2,0.1,91,155,20,91,0.00674891471862793,True,False,0.4547554630593132,0.4547554630593132,,2026-02-04T18:49:02.439038,True,0.0
100,2,0.1,92,157,20,92,0.006803989410400391,True,False,0.42736013631384645,0.42993630573248415,,2026-02-04T18:49:02.674127,False,0.002576169418637697
100,2,0.1,93,153,20,93,0.006693840026855469,True,False,0.41426374471357175,0.4273356401384083,,2026-02-04T18:49:02.906446,False,0.013071895424836555
100,2,0.1,94,141,20,94,0.00673985481262207,True,False,0.4297319048337608,0.4359941652834364,,2026-02-04T18:49:03.138530,False,0.006262260449675594
100,2,0.1,95,162,20,95,0.006495952606201172,True,False,0.4439681450998323,0.4439681450998323,,2026-02-04T18:49:03.371421,True,0.0
100,2,0.1,96,161,20,96,0.006947994232177734,True,False,0.4378689093784962,0.4378689093784962,,2026-02-04T18:49:03.603470,True,0.0
100,2,0.1,97,157,20,97,0.0066220760345458984,True,False,0.4270152947381233,0.4270152947381233,,2026-02-04T18:49:03.836253,True,0.0
100,2,0.1,98,147,20,98,0.006905078887939453,True,False,0.45090008792632696,0.45090008792632696,,2026-02-04T18:49:04.068853,True,0.0
100,2,0.1,99,152,20,99,0.007112979888916016,True,False,0.4473684210526315,0.4473684210526315,,2026-02-04T18:49:04.300787,True,0.0
100,2,0.1,0,149,50,0,0.008385896682739258,True,False,0.42040899058600967,0.431061663889014,,2026-02-04T18:49:04.534344,False,0.010652673303004345
100,2,0.1,1,152,50,1,0.007409095764160156,True,False,0.42258916204986147,0.4342105263157895,,2026-02-04T18:49:04.767672,False,0.011621364265928025
100,2,0.1,2,142,50,2,0.007350921630859375,True,False,0.4411823050981948,0.4411823050981948,,2026-02-04T18:49:04.999388,True,0.0
100,2,0.1,3,141,50,3,0.007745981216430664,True,False,0.4673809164528947,0.4673809164528947,,2026-02-04T18:49:05.231909,True,0.0
100,2,0.1,4,154,50,4,0.007420063018798828,True,False,0.43226092089728463,0.43961882273570585,,2026-02-04T18:49:05.466350,False,0.007357901838421221
100,2,0.1,5,158,50,5,0.006946086883544922,True,False,0.44544143566736105,0.44544143566736105,,2026-02-04T18:49:05.699308,True,0.0
100,2,0.1,6,154,50,6,0.007396221160888672,True,False,0.42174059706527234,0.4260204081632653,,2026-02-04T18:49:05.930591,False,0.004279811097992969
100,2,0.1,7,149,50,7,0.007075071334838867,True,False,0.44628620332417457,0.4570064411512995,,2026-02-04T18:49:06.164182,False,0.010720237827124945
100,2,0.1,8,154,50,8,0.007002115249633789,True,False,0.463821892393321,0.463821892393321,,2026-02-04T18:49:06.393948,True,0.0
100,2,0.1,9,147,50,9,0.007151126861572266,True,False,0.44370401221713174,0.44370401221713174,,2026-02-04T18:49:06.626784,True,0.0
100,2,0.1,10,148,50,10,0.0076138973236083984,True,False,0.46619338933528126,0.46619338933528126,,2026-02-04T18:49:06.858799,True,0.0
100,2,0.1,11,151,50,11,0.008040904998779297,True,False,0.42715231788079466,0.4403973509933775,,2026-02-04T18:49:07.091854,False,0.013245033112582849
100,2,0.1,12,161,50,12,0.007382869720458984,True,False,0.4254272597507812,0.4254272597507812,,2026-02-04T18:49:07.323845,True,0.0
100,2,0.1,13,155,50,13,0.007401227951049805,True,False,0.44836628511966703,0.44836628511966703,,2026-02-04T18:49:07.556111,True,0.0
100,2,0.1,14,151,50,14,0.00769805908203125,True,False,0.4480285952370511,0.4480285952370511,,2026-02-04T18:49:07.790017,True,0.0
100,2,0.1,15,140,50,15,0.0070133209228515625,True,False,0.4642602040816326,0.4642602040816326,,2026-02-04T18:49:08.022387,True,0.0
100,2,0.1,16,155,50,16,0.0072879791259765625,True,False,0.467741935483871,0.467741935483871,,2026-02-04T18:49:08.255703,True,0.0
100,2,0.1,17,156,50,17,0.008200883865356445,True,False,0.4294666337935569,0.4294666337935569,,2026-02-04T18:49:08.488419,True,0.0
100,2,0.1,18,155,50,18,0.007016897201538086,True,False,0.41537981269510926,0.42255983350676385,,2026-02-04T18:49:08.721640,False,0.007180020811654586
100,2,0.1,19,161,50,19,0.0076558589935302734,True,False,0.4335480884225146,0.4335480884225146,,2026-02-04T18:49:08.955173,True,0.0
100,2,0.1,20,147,50,20,0.006863832473754883,True,False,0.4772779860243418,0.4772779860243418,,2026-02-04T18:49:09.187910,True,0.0
100,2,0.1,21,149,50,21,0.0071239471435546875,True,False,0.42608441061213453,0.42608441061213453,,2026-02-04T18:49:09.418803,True,0.0
100,2,0.1,22,154,50,22,0.007658958435058594,True,False,0.4528377466689154,0.4528377466689154,,2026-02-04T18:49:09.650367,True,0.0
100,2,0.1,23,151,50,23,0.007158041000366211,True,False,0.4337529055743169,0.4337529055743169,,2026-02-04T18:49:09.882205,True,0.0
100,2,0.1,24,171,50,24,0.00768589973449707,True,False,0.45796997366711123,0.45796997366711123,,2026-02-04T18:49:10.116494,True,0.0
100,2,0.1,25,142,50,25,0.007463216781616211,True,False,0.4561594921642531,0.4561594921642531,,2026-02-04T18:49:10.347406,True,0.0
100,2,0.1,26,168,50,26,0.007375001907348633,True,False,0.43053784013605434,0.43053784013605434,,2026-02-04T18:49:10.578251,True,0.0
100,2,0.1,27,168,50,27,0.007396221160888672,True,False,0.419625141723356,0.4214852607709751,,2026-02-04T18:49:10.811513,False,0.0018601190476190688
100,2,0.1,28,170,50,28,0.007142066955566406,True,False,0.4314013840830449,0.4344463667820069,,2026-02-04T18:49:11.042001,False,0.0030449826989619733
100,2,0.1,29,156,50,29,0.0073108673095703125,True,False,0.45948389217619984,0.45948389217619984,,2026-02-04T18:49:11.276692,True,0.0
100,2,0.1,30,155,50,30,0.0077838897705078125,True,False,0.4507596253902185,0.4507596253902185,,2026-02-04T18:49:11.509752,True,0.0
100,2,0.1,31,140,50,31,0.007390260696411133,True,False,0.4469387755102041,0.4483418367346938,,2026-02-04T18:49:11.742697,False,0.0014030612244896878
100,2,0.1,32,146,50,32,0.007775068283081055,True,False,0.4585288046537811,0.4585288046537811,,2026-02-04T18:49:11.974872,True,0.0
100,2,0.1,33,155,50,33,0.007189750671386719,True,False,0.43496357960457854,0.43496357960457854,,2026-02-04T18:49:12.207955,True,0.0
100,2,0.1,34,165,50,34,0.007659912109375,True,False,0.42725436179981635,0.42725436179981635,,2026-02-04T18:49:12.439409,True,0.0
100,2,0.1,35,154,50,35,0.007684946060180664,True,False,0.4412211165457919,0.4412211165457919,,2026-02-04T18:49:12.671623,True,0.0
100,2,0.1,36,153,50,36,0.007546901702880859,True,False,0.41503267973856206,0.4179589046947755,,2026-02-04T18:49:12.902065,False,0.002926224956213419
100,2,0.1,37,165,50,37,0.0075109004974365234,True,False,0.4500275482093664,0.4500275482093664,,2026-02-04T18:49:13.135012,True,0.0
100,2,0.1,38,152,50,38,0.006770133972167969,True,False,0.4535145429362881,0.4535145429362881,,2026-02-04T18:49:13.368378,True,0.0
100,2,0.1,39,161,50,39,0.007281780242919922,True,False,0.45459280120365725,0.45459280120365725,,2026-02-04T18:49:13.598629,True,0.0
100,2,0.1,40,151,50,40,0.006831169128417969,True,False,0.44524362966536557,0.44524362966536557,,2026-02-04T18:49:13.831524,True,0.0
100,2,0.1,41,139,50,41,0.007582902908325195,True,False,0.4280316753791212,0.43796904922105484,,2026-02-04T18:49:14.063310,False,0.009937373841933661
100,2,0.1,42,150,50,42,0.007061004638671875,True,False,0.4266444444444444,0.43191111111111113,,2026-02-04T18:49:14.295497,False,0.005266666666666753
100,2,0.1,43,161,50,43,0.00680088996887207,True,False,0.437714594344354,0.44286485860884994,,2026-02-04T18:49:14.527825,False,0.005150264264495941
100,2,0.1,44,157,50,44,0.0072858333587646484,True,False,0.41719745222929944,0.4235465941823199,,2026-02-04T18:49:14.759343,False,0.006349141953020443
100,2,0.1,45,160,50,45,0.0072438716888427734,True,False,0.431171875,0.43341796875,,2026-02-04T18:49:14.994056,False,0.002246093750000011
100,2,0.1,46,143,50,46,0.007309913635253906,True,False,0.4560614210963862,0.4560614210963862,,2026-02-04T18:49:15.227558,True,0.0
100,2,0.1,47,154,50,47,0.007721900939941406,True,False,0.4410313712261764,0.4412211165457919,,2026-02-04T18:49:15.458181,False,0.00018974531961546415
100,2,0.1,48,147,50,48,0.007203102111816406,True,False,0.4600629367393216,0.4600629367393216,,2026-02-04T18:49:15.689180,True,0.0
100,2,0.1,49,166,50,49,0.007231950759887695,True,False,0.46385542168674704,0.46385542168674704,,2026-02-04T18:49:15.920606,True,0.0
100,2,0.1,50,161,50,50,0.0071277618408203125,True,False,0.45274102079395084,0.45274102079395084,,2026-02-04T18:49:16.150994,True,0.0
100,2,0.1,51,135,50,51,0.007441282272338867,True,False,0.41108367626886144,0.4175308641975308,,2026-02-04T18:49:16.384823,False,0.0064471879286693845
100,2,0.1,52,164,50,52,0.006812334060668945,True,False,0.4693448839976204,0.4693448839976204,,2026-02-04T18:49:16.614075,True,0.0
100,2,0.1,53,150,50,53,0.008360862731933594,True,False,0.4394444444444444,0.44586666666666663,,2026-02-04T18:49:16.846119,False,0.006422222222222218
100,2,0.1,54,150,50,54,0.007745027542114258,True,False,0.4399777777777777,0.4463111111111111,,2026-02-04T18:49:17.080217,False,0.006333333333333413
100,2,0.1,55,155,50,55,0.006982088088989258,True,False,0.4518418314255983,0.4518418314255983,,2026-02-04T18:49:17.312278,True,0.0
100,2,0.1,56,159,50,56,0.007201194763183594,True,False,0.47434832482892286,0.47434832482892286,,2026-02-04T18:49:17.544515,True,0.0
100,2,0.1,57,150,50,57,0.007647991180419922,True,False,0.42557777777777783,0.4335777777777777,,2026-02-04T18:49:17.776126,False,0.00799999999999984
100,2,0.1,58,151,50,58,0.0075151920318603516,True,False,0.4406824262093768,0.4406824262093768,,2026-02-04T18:49:18.007441,True,0.0
100,2,0.1,59,156,50,59,0.007547855377197266,True,False,0.4349112426035502,0.4417940499671268,,2026-02-04T18:49:18.237882,False,0.006882807363576604
100,2,0.1,60,154,50,60,0.007380008697509766,True,False,0.441537358745151,0.441537358745151,,2026-02-04T18:49:18.469315,True,0.0
100,2,0.1,61,152,50,61,0.0075531005859375,True,False,0.458362188365651,0.458362188365651,,2026-02-04T18:49:18.702122,True,0.0
100,2,0.1,62,165,50,62,0.008141040802001953,True,False,0.44545454545454544,0.44545454545454544,,2026-02-04T18:49:18.938387,True,0.0
100,2,0.1,63,165,50,63,0.0074880123138427734,True,False,0.42196510560146916,0.42275482093663913,,2026-02-04T18:49:19.174629,False,0.0007897153351699715
100,2,0.1,64,145,50,64,0.007428169250488281,True,False,0.4456361474435196,0.4456361474435196,,2026-02-04T18:49:19.409697,True,0.0
100,2,0.1,65,141,50,65,0.00761103630065918,True,False,0.4562144761329912,0.4562144761329912,,2026-02-04T18:49:19.641394,True,0.0
100,2,0.1,66,142,50,66,0.0072689056396484375,True,False,0.4516712953779013,0.4516712953779013,,2026-02-04T18:49:19.873990,True,0.0
100,2,0.1,67,151,50,67,0.009418010711669922,True,False,0.4165387483005131,0.4178764089294329,,2026-02-04T18:49:20.109191,False,0.0013376606289198234
100,2,0.1,68,160,50,68,0.008050918579101562,True,False,0.43250000000000005,0.43625,,2026-02-04T18:49:20.343660,False,0.0037499999999999756
100,2,0.1,69,138,50,69,0.0071871280670166016,True,False,0.4420289855072464,0.44609850871665613,,2026-02-04T18:49:20.577296,False,0.004069523209409731
100,2,0.1,70,164,50,70,0.007570981979370117,True,False,0.43783462224866143,0.43783462224866143,,2026-02-04T18:49:20.811491,True,0.0
100,2,0.1,71,165,50,71,0.007300853729248047,True,False,0.4312947658402203,0.438494031221304,,2026-02-04T18:49:21.043606,False,0.007199265381083675
100,2,0.1,72,135,50,72,0.00735783576965332,True,False,0.4258984910836763,0.4258984910836763,,2026-02-04T18:49:21.275466,True,0.0
100,2,0.1,73,157,50,73,0.0076291561126708984,True,False,0.4362854476855046,0.44137693212706397,,2026-02-04T18:49:21.508331,False,0.00509148444155938
100,2,0.1,74,144,50,74,0.00722503662109375,True,False,0.4598524305555556,0.4598524305555556,,2026-02-04T18:49:21.738660,True,0.0
100,2,0.1,75,159,50,75,0.00708460807800293,True,False,0.42474585657212927,0.4308176100628931,,2026-02-04T18:49:21.972085,False,0.0060717534907638315
100,2,0.1,76,160,50,76,0.0069370269775390625,True,False,0.4375,0.4375,,2026-02-04T18:49:22.203231,True,0.0
100,2,0.1,77,150,50,77,0.007573843002319336,True,False,0.43333333333333335,0.43333333333333335,,2026-02-04T18:49:22.439152,True,0.0
100,2,0.1,78,152,50,78,0.006899833679199219,True,False,0.447693040166205,0.447693040166205,,2026-02-04T18:49:22.669143,True,0.0
100,2,0.1,79,153,50,79,0.0074100494384765625,True,False,0.4466658122944167,0.4466658122944167,,2026-02-04T18:49:22.901135,True,0.0
100,2,0.1,80,166,50,80,0.007174968719482422,True,False,0.43444258963565113,0.43444258963565113,,2026-02-04T18:49:23.133094,True,0.0
100,2,0.1,81,154,50,81,0.007647037506103516,True,False,0.42966773486254006,0.43226092089728463,,2026-02-04T18:49:23.364546,False,0.0025931860347445657
100,2,0.1,82,158,50,82,0.0071828365325927734,True,False,0.45567617369011376,0.45567617369011376,,2026-02-04T18:49:23.596071,True,0.0
100,2,0.1,83,153,50,83,0.007009029388427734,True,False,0.4476910589944039,0.4500619419881243,,2026-02-04T18:49:23.828186,False,0.0023708829937204023
100,2,0.1,84,151,50,84,0.007332801818847656,True,False,0.43103372659093897,0.4316258058857067,,2026-02-04T18:49:24.059678,False,0.0005920792947677334
100,2,0.1,85,151,50,85,0.007052898406982422,True,False,0.42715231788079466,0.4337529055743169,,2026-02-04T18:49:24.290476,False,0.006600587693522231
100,2,0.1,86,150,50,86,0.007781982421875,True,False,0.43979999999999997,0.44691111111111104,,2026-02-04T18:49:24.524636,False,0.007111111111111068
100,2,0.1,87,155,50,87,0.0076220035552978516,True,False,0.4329656607700311,0.4329656607700311,,2026-02-04T18:49:24.754913,True,0.0
100,2,0.1,88,160,50,88,0.007389068603515625,True,False,0.453046875,0.453046875,,2026-02-04T18:49:24.988178,True,0.0
100,2,0.1,89,151,50,89,0.007121086120605469,True,False,0.45285294504626983,0.45285294504626983,,2026-02-04T18:49:25.219136,True,0.0
100,2,0.1,90,168,50,90,0.0076792240142822266,True,False,0.4512471655328798,0.4512471655328798,,2026-02-04T18:49:25.451585,True,0.0
100,2,0.1,91,155,50,91,0.007244110107421875,True,False,0.4547554630593132,0.4547554630593132,,2026-02-04T18:49:25.683335,True,0.0
100,2,0.1,92,157,50,92,0.007630109786987305,True,False,0.42736013631384645,0.42993630573248415,,2026-02-04T18:49:25.917406,False,0.002576169418637697
100,2,0.1,93,153,50,93,0.007481098175048828,True,False,0.42118415993848524,0.4273356401384083,,2026-02-04T18:49:26.148891,False,0.006151480199923065
100,2,0.1,94,141,50,94,0.007052898406982422,True,False,0.4297319048337608,0.4359941652834364,,2026-02-04T18:49:26.380282,False,0.006262260449675594
100,2,0.1,95,162,50,95,0.007150888442993164,True,False,0.4439681450998323,0.4439681450998323,,2026-02-04T18:49:26.610735,True,0.0
100,2,0.1,96,161,50,96,0.007392168045043945,True,False,0.4378689093784962,0.4378689093784962,,2026-02-04T18:49:26.843071,True,0.0
100,2,0.1,97,157,50,97,0.0070648193359375,True,False,0.4270152947381233,0.4270152947381233,,2026-02-04T18:49:27.077379,True,0.0
100,2,0.1,98,147,50,98,0.007112979888916016,True,False,0.45090008792632696,0.45090008792632696,,2026-02-04T18:49:27.308672,True,0.0
100,2,0.1,99,152,50,99,0.007745027542114258,True,False,0.4473684210526315,0.4473684210526315,,2026-02-04T18:49:27.542335,True,0.0
100,2,0.1,0,149,100,0,0.008135795593261719,True,False,0.42040899058600967,0.431061663889014,,2026-02-04T18:49:27.776806,False,0.010652673303004345
100,2,0.1,1,152,100,1,0.008576154708862305,True,False,0.4342105263157895,0.4342105263157895,,2026-02-04T18:49:28.011764,True,0.0
100,2,0.1,2,142,100,2,0.008224010467529297,True,False,0.4411823050981948,0.4411823050981948,,2026-02-04T18:49:28.246303,True,0.0
100,2,0.1,3,141,100,3,0.008218050003051758,True,False,0.4673809164528947,0.4673809164528947,,2026-02-04T18:49:28.480012,True,0.0
100,2,0.1,4,154,100,4,0.008389949798583984,True,False,0.4366672288750212,0.43961882273570585,,2026-02-04T18:49:28.713405,False,0.0029515938606846648
100,2,0.1,5,158,100,5,0.008206844329833984,True,False,0.44544143566736105,0.44544143566736105,,2026-02-04T18:49:28.947193,True,0.0
100,2,0.1,6,154,100,6,0.008311033248901367,True,False,0.4260204081632653,0.4260204081632653,,2026-02-04T18:49:29.179484,True,0.0
100,2,0.1,7,149,100,7,0.008646965026855469,True,False,0.4570064411512995,0.4570064411512995,,2026-02-04T18:49:29.415022,True,0.0
100,2,0.1,8,154,100,8,0.00905609130859375,True,False,0.463821892393321,0.463821892393321,,2026-02-04T18:49:29.648218,True,0.0
100,2,0.1,9,147,100,9,0.008347034454345703,True,False,0.44370401221713174,0.44370401221713174,,2026-02-04T18:49:29.881150,True,0.0
100,2,0.1,10,148,100,10,0.008299827575683594,True,False,0.46619338933528126,0.46619338933528126,,2026-02-04T18:49:30.113911,True,0.0
100,2,0.1,11,151,100,11,0.008758783340454102,True,False,0.4403973509933775,0.4403973509933775,,2026-02-04T18:49:30.346904,True,0.0
100,2,0.1,12,161,100,12,0.00861811637878418,True,False,0.4254272597507812,0.4254272597507812,,2026-02-04T18:49:30.581440,True,0.0
100,2,0.1,13,155,100,13,0.008713960647583008,True,False,0.44836628511966703,0.44836628511966703,,2026-02-04T18:49:30.814375,True,0.0
100,2,0.1,14,151,100,14,0.008388042449951172,True,False,0.4480285952370511,0.4480285952370511,,2026-02-04T18:49:31.047507,True,0.0
100,2,0.1,15,140,100,15,0.009177207946777344,True,False,0.4642602040816326,0.4642602040816326,,2026-02-04T18:49:31.281115,True,0.0
100,2,0.1,16,155,100,16,0.008311986923217773,True,False,0.467741935483871,0.467741935483871,,2026-02-04T18:49:31.515879,True,0.0
100,2,0.1,17,156,100,17,0.008794069290161133,True,False,0.4294666337935569,0.4294666337935569,,2026-02-04T18:49:31.750627,True,0.0
100,2,0.1,18,155,100,18,0.008185863494873047,True,False,0.41537981269510926,0.42255983350676385,,2026-02-04T18:49:31.986158,False,0.007180020811654586
100,2,0.1,19,161,100,19,0.008447885513305664,True,False,0.4335480884225146,0.4335480884225146,,2026-02-04T18:49:32.219998,True,0.0
100,2,0.1,20,147,100,20,0.008994817733764648,True,False,0.4772779860243418,0.4772779860243418,,2026-02-04T18:49:32.454822,True,0.0
100,2,0.1,21,149,100,21,0.00946187973022461,True,False,0.42608441061213453,0.42608441061213453,,2026-02-04T18:49:32.688513,True,0.0
100,2,0.1,22,154,100,22,0.00898599624633789,True,False,0.4528377466689154,0.4528377466689154,,2026-02-04T18:49:32.921009,True,0.0
100,2,0.1,23,151,100,23,0.00806283950805664,True,False,0.4337529055743169,0.4337529055743169,,2026-02-04T18:49:33.153228,True,0.0
100,2,0.1,24,171,100,24,0.007987022399902344,True,False,0.45796997366711123,0.45796997366711123,,2026-02-04T18:49:33.386300,True,0.0
100,2,0.1,25,142,100,25,0.00831913948059082,True,False,0.4561594921642531,0.4561594921642531,,2026-02-04T18:49:33.621370,True,0.0
100,2,0.1,26,168,100,26,0.008713960647583008,True,False,0.43053784013605434,0.43053784013605434,,2026-02-04T18:49:33.854041,True,0.0
100,2,0.1,27,168,100,27,0.00839996337890625,True,False,0.419625141723356,0.4214852607709751,,2026-02-04T18:49:34.087412,False,0.0018601190476190688
100,2,0.1,28,170,100,28,0.0077550411224365234,True,False,0.4338927335640138,0.4344463667820069,,2026-02-04T18:49:34.322249,False,0.0005536332179930659
100,2,0.1,29,156,100,29,0.008447885513305664,True,False,0.45948389217619984,0.45948389217619984,,2026-02-04T18:49:34.554461,True,0.0
100,2,0.1,30,155,100,30,0.008353233337402344,True,False,0.4507596253902185,0.4507596253902185,,2026-02-04T18:49:34.787494,True,0.0
100,2,0.1,31,140,100,31,0.009056806564331055,True,False,0.4479336734693877,0.4483418367346938,,2026-02-04T18:49:35.025103,False,0.00040816326530607183
100,2,0.1,32,146,100,32,0.008637189865112305,True,False,0.4585288046537811,0.4585288046537811,,2026-02-04T18:49:35.259904,True,0.0
100,2,0.1,33,155,100,33,0.008550882339477539,True,False,0.43496357960457854,0.43496357960457854,,2026-02-04T18:49:35.493729,True,0.0
100,2,0.1,34,165,100,34,0.008208036422729492,True,False,0.42725436179981635,0.42725436179981635,,2026-02-04T18:49:35.728366,True,0.0
100,2,0.1,35,154,100,35,0.008874177932739258,True,False,0.4412211165457919,0.4412211165457919,,2026-02-04T18:49:35.961224,True,0.0
100,2,0.1,36,153,100,36,0.008342981338500977,True,False,0.41503267973856206,0.4179589046947755,,2026-02-04T18:49:36.195105,False,0.002926224956213419
100,2,0.1,37,165,100,37,0.008163690567016602,True,False,0.4500275482093664,0.4500275482093664,,2026-02-04T18:49:36.429356,True,0.0
100,2,0.1,38,152,100,38,0.008999109268188477,True,False,0.4535145429362881,0.4535145429362881,,2026-02-04T18:49:36.666820,True,0.0
100,2,0.1,39,161,100,39,0.008954763412475586,True,False,0.45459280120365725,0.45459280120365725,,2026-02-04T18:49:36.901202,True,0.0
100,2,0.1,40,151,100,40,0.008806228637695312,True,False,0.44524362966536557,0.44524362966536557,,2026-02-04T18:49:37.135901,True,0.0
100,2,0.1,41,139,100,41,0.007879972457885742,True,False,0.4352517985611511,0.43796904922105484,,2026-02-04T18:49:37.367587,False,0.002717250659903747
100,2,0.1,42,150,100,42,0.008418083190917969,True,False,0.4266444444444444,0.43191111111111113,,2026-02-04T18:49:37.601919,False,0.005266666666666753
100,2,0.1,43,161,100,43,0.008490800857543945,True,False,0.437714594344354,0.44286485860884994,,2026-02-04T18:49:37.835022,False,0.005150264264495941
100,2,0.1,44,157,100,44,0.007944107055664062,True,False,0.41770457219359813,0.4235465941823199,,2026-02-04T18:49:38.070128,False,0.005842021988721746
100,2,0.1,45,160,100,45,0.008774042129516602,True,False,0.431171875,0.43341796875,,2026-02-04T18:49:38.301746,False,0.002246093750000011
100,2,0.1,46,143,100,46,0.00878286361694336,True,False,0.4560614210963862,0.4560614210963862,,2026-02-04T18:49:38.537059,True,0.0
100,2,0.1,47,154,100,47,0.009123802185058594,True,False,0.4410313712261764,0.4412211165457919,,2026-02-04T18:49:38.768338,False,0.00018974531961546415
100,2,0.1,48,147,100,48,0.008235931396484375,True,False,0.4600629367393216,0.4600629367393216,,2026-02-04T18:49:39.000445,True,0.0
100,2,0.1,49,166,100,49,0.008543014526367188,True,False,0.46385542168674704,0.46385542168674704,,2026-02-04T18:49:39.234392,True,0.0
100,2,0.1,50,161,100,50,0.008472204208374023,True,False,0.45274102079395084,0.45274102079395084,,2026-02-04T18:49:39.466914,True,0.0
100,2,0.1,51,135,100,51,0.00816202163696289,True,False,0.41108367626886144,0.4175308641975308,,2026-02-04T18:49:39.701230,False,0.0064471879286693845
100,2,0.1,52,164,100,52,0.008524894714355469,True,False,0.4693448839976204,0.4693448839976204,,2026-02-04T18:49:39.934598,True,0.0
100,2,0.1,53,150,100,53,0.008476734161376953,True,False,0.4394444444444444,0.44586666666666663,,2026-02-04T18:49:40.170126,False,0.006422222222222218
100,2,0.1,54,150,100,54,0.008855819702148438,True,False,0.4463111111111111,0.4463111111111111,,2026-02-04T18:49:40.402220,True,0.0
100,2,0.1,55,155,100,55,0.008026123046875,True,False,0.4518418314255983,0.4518418314255983,,2026-02-04T18:49:40.637722,True,0.0
100,2,0.1,56,159,100,56,0.008543014526367188,True,False,0.47434832482892286,0.47434832482892286,,2026-02-04T18:49:40.869851,True,0.0
100,2,0.1,57,150,100,57,0.008059024810791016,True,False,0.42557777777777783,0.4335777777777777,,2026-02-04T18:49:41.102961,False,0.00799999999999984
100,2,0.1,58,151,100,58,0.00815892219543457,True,False,0.4406824262093768,0.4406824262093768,,2026-02-04T18:49:41.337412,True,0.0
100,2,0.1,59,156,100,59,0.008784055709838867,True,False,0.4349112426035502,0.4417940499671268,,2026-02-04T18:49:41.571911,False,0.006882807363576604
100,2,0.1,60,154,100,60,0.008728742599487305,True,False,0.441537358745151,0.441537358745151,,2026-02-04T18:49:41.804396,True,0.0
100,2,0.1,61,152,100,61,0.01023411750793457,True,False,0.458362188365651,0.458362188365651,,2026-02-04T18:49:42.040199,True,0.0
100,2,0.1,62,165,100,62,0.00872182846069336,True,False,0.44545454545454544,0.44545454545454544,,2026-02-04T18:49:42.273753,True,0.0
100,2,0.1,63,165,100,63,0.008163213729858398,True,False,0.42196510560146916,0.42275482093663913,,2026-02-04T18:49:42.505106,False,0.0007897153351699715
100,2,0.1,64,145,100,64,0.00913691520690918,True,False,0.4456361474435196,0.4456361474435196,,2026-02-04T18:49:42.738840,True,0.0
100,2,0.1,65,141,100,65,0.008123159408569336,True,False,0.4562144761329912,0.4562144761329912,,2026-02-04T18:49:42.972071,True,0.0
100,2,0.1,66,142,100,66,0.008081197738647461,True,False,0.4516712953779013,0.4516712953779013,,2026-02-04T18:49:43.209150,True,0.0
100,2,0.1,67,151,100,67,0.008548974990844727,True,False,0.4165387483005131,0.4178764089294329,,2026-02-04T18:49:43.441296,False,0.0013376606289198234
100,2,0.1,68,160,100,68,0.0074841976165771484,True,False,0.43625,0.43625,,2026-02-04T18:49:43.679638,True,0.0
100,2,0.1,69,138,100,69,0.008932828903198242,True,False,0.4420289855072464,0.44609850871665613,,2026-02-04T18:49:43.914960,False,0.004069523209409731
100,2,0.1,70,164,100,70,0.009922027587890625,True,False,0.43783462224866143,0.43783462224866143,,2026-02-04T18:49:44.150764,True,0.0
100,2,0.1,71,165,100,71,0.00869297981262207,True,False,0.438494031221304,0.438494031221304,,2026-02-04T18:49:44.382167,True,0.0
100,2,0.1,72,135,100,72,0.009001016616821289,True,False,0.4258984910836763,0.4258984910836763,,2026-02-04T18:49:44.615213,True,0.0
100,2,0.1,73,157,100,73,0.010957002639770508,True,False,0.4362854476855046,0.44137693212706397,,2026-02-04T18:49:44.850762,False,0.00509148444155938
100,2,0.1,74,144,100,74,0.008520126342773438,True,False,0.4598524305555556,0.4598524305555556,,2026-02-04T18:49:45.085762,True,0.0
100,2,0.1,75,159,100,75,0.008280038833618164,True,False,0.4281476207428503,0.4308176100628931,,2026-02-04T18:49:45.318640,False,0.0026699893200428093
100,2,0.1,76,160,100,76,0.008013725280761719,True,False,0.4375,0.4375,,2026-02-04T18:49:45.550936,True,0.0
100,2,0.1,77,150,100,77,0.008935213088989258,True,False,0.43333333333333335,0.43333333333333335,,2026-02-04T18:49:45.785795,True,0.0
100,2,0.1,78,152,100,78,0.008124113082885742,True,False,0.447693040166205,0.447693040166205,,2026-02-04T18:49:46.016900,True,0.0
100,2,0.1,79,153,100,79,0.0082550048828125,True,False,0.4466658122944167,0.4466658122944167,,2026-02-04T18:49:46.251920,True,0.0
100,2,0.1,80,166,100,80,0.008982181549072266,True,False,0.43444258963565113,0.43444258963565113,,2026-02-04T18:49:46.485251,True,0.0
100,2,0.1,81,154,100,81,0.00863194465637207,True,False,0.42966773486254006,0.43226092089728463,,2026-02-04T18:49:46.719726,False,0.0025931860347445657
100,2,0.1,82,158,100,82,0.008157968521118164,True,False,0.45567617369011376,0.45567617369011376,,2026-02-04T18:49:46.952606,True,0.0
100,2,0.1,83,153,100,83,0.008829832077026367,True,False,0.4494852407193815,0.4500619419881243,,2026-02-04T18:49:47.187743,False,0.0005767012687428186
100,2,0.1,84,151,100,84,0.008903980255126953,True,False,0.43103372659093897,0.4316258058857067,,2026-02-04T18:49:47.421740,False,0.0005920792947677334
100,2,0.1,85,151,100,85,0.008481979370117188,True,False,0.42715231788079466,0.4337529055743169,,2026-02-04T18:49:47.655247,False,0.006600587693522231
100,2,0.1,86,150,100,86,0.008337020874023438,True,False,0.44691111111111104,0.44691111111111104,,2026-02-04T18:49:47.887456,True,0.0
100,2,0.1,87,155,100,87,0.008209228515625,True,False,0.4329656607700311,0.4329656607700311,,2026-02-04T18:49:48.120852,True,0.0
100,2,0.1,88,160,100,88,0.008120059967041016,True,False,0.453046875,0.453046875,,2026-02-04T18:49:48.353075,True,0.0
100,2,0.1,89,151,100,89,0.008713006973266602,True,False,0.45285294504626983,0.45285294504626983,,2026-02-04T18:49:48.588098,True,0.0
100,2,0.1,90,168,100,90,0.01779007911682129,True,False,0.4512471655328798,0.4512471655328798,,2026-02-04T18:49:48.834995,True,0.0
100,2,0.1,91,155,100,91,0.014304161071777344,True,False,0.4547554630593132,0.4547554630593132,,2026-02-04T18:49:49.113072,True,0.0
100,2,0.1,92,157,100,92,0.00927114486694336,True,False,0.42993630573248415,0.42993630573248415,,2026-02-04T18:49:49.400129,True,0.0
100,2,0.1,93,153,100,93,0.016134023666381836,True,False,0.42118415993848524,0.4273356401384083,,2026-02-04T18:49:49.742225,False,0.006151480199923065
100,2,0.1,94,141,100,94,0.009141921997070312,True,False,0.4299582515970022,0.4359941652834364,,2026-02-04T18:49:50.048273,False,0.006035913686434191
100,2,0.1,95,162,100,95,0.010075807571411133,True,False,0.4439681450998323,0.4439681450998323,,2026-02-04T18:49:50.435502,True,0.0
100,2,0.1,96,161,100,96,0.016197919845581055,True,False,0.4378689093784962,0.4378689093784962,,2026-02-04T18:49:50.717892,True,0.0
100,2,0.1,97,157,100,97,0.008430957794189453,True,False,0.4270152947381233,0.4270152947381233,,2026-02-04T18:49:50.997926,True,0.0
100,2,0.1,98,147,100,98,0.008176088333129883,True,False,0.45090008792632696,0.45090008792632696,,2026-02-04T18:49:51.237506,True,0.0
100,2,0.1,99,152,100,99,0.00892186164855957,True,False,0.4473684210526315,0.4473684210526315,,2026-02-04T18:49:51.472791,True,0.0
100,2,0.1,0,149,200,0,0.011102914810180664,True,False,0.42040899058600967,0.431061663889014,,2026-02-04T18:49:51.712499,False,0.010652673303004345
100,2,0.1,1,152,200,1,0.010479927062988281,True,False,0.4342105263157895,0.4342105263157895,,2026-02-04T18:49:51.950084,True,0.0
100,2,0.1,2,142,200,2,0.010455846786499023,True,False,0.4411823050981948,0.4411823050981948,,2026-02-04T18:49:52.187225,True,0.0
100,2,0.1,3,141,200,3,0.010994911193847656,True,False,0.4673809164528947,0.4673809164528947,,2026-02-04T18:49:52.424251,True,0.0
100,2,0.1,4,154,200,4,0.011288881301879883,True,False,0.4366672288750212,0.43961882273570585,,2026-02-04T18:49:52.663313,False,0.0029515938606846648
100,2,0.1,5,158,200,5,0.010277032852172852,True,False,0.44544143566736105,0.44544143566736105,,2026-02-04T18:49:52.900608,True,0.0
100,2,0.1,6,154,200,6,0.010973930358886719,True,False,0.4260204081632653,0.4260204081632653,,2026-02-04T18:49:53.135443,True,0.0
100,2,0.1,7,149,200,7,0.010529041290283203,True,False,0.4570064411512995,0.4570064411512995,,2026-02-04T18:49:53.369802,True,0.0
100,2,0.1,8,154,200,8,0.01121377944946289,True,False,0.463821892393321,0.463821892393321,,2026-02-04T18:49:53.605127,True,0.0
100,2,0.1,9,147,200,9,0.01036691665649414,True,False,0.44370401221713174,0.44370401221713174,,2026-02-04T18:49:53.841087,True,0.0
100,2,0.1,10,148,200,10,0.010957002639770508,True,False,0.46619338933528126,0.46619338933528126,,2026-02-04T18:49:54.075283,True,0.0
100,2,0.1,11,151,200,11,0.011793851852416992,True,False,0.4403973509933775,0.4403973509933775,,2026-02-04T18:49:54.312777,True,0.0
100,2,0.1,12,161,200,12,0.011334896087646484,True,False,0.4254272597507812,0.4254272597507812,,2026-02-04T18:49:54.546292,True,0.0
100,2,0.1,13,155,200,13,0.010452032089233398,True,False,0.44836628511966703,0.44836628511966703,,2026-02-04T18:49:54.779788,True,0.0
100,2,0.1,14,151,200,14,0.01032710075378418,True,False,0.4480285952370511,0.4480285952370511,,2026-02-04T18:49:55.012746,True,0.0
100,2,0.1,15,140,200,15,0.01112985610961914,True,False,0.4642602040816326,0.4642602040816326,,2026-02-04T18:49:55.246490,True,0.0
100,2,0.1,16,155,200,16,0.010718107223510742,True,False,0.467741935483871,0.467741935483871,,2026-02-04T18:49:55.480725,True,0.0
100,2,0.1,17,156,200,17,0.01044607162475586,True,False,0.4294666337935569,0.4294666337935569,,2026-02-04T18:49:55.717452,True,0.0
100,2,0.1,18,155,200,18,0.009968042373657227,True,False,0.41537981269510926,0.42255983350676385,,2026-02-04T18:49:55.951717,False,0.007180020811654586
100,2,0.1,19,161,200,19,0.01170206069946289,True,False,0.4335480884225146,0.4335480884225146,,2026-02-04T18:49:56.185895,True,0.0
100,2,0.1,20,147,200,20,0.010940074920654297,True,False,0.4772779860243418,0.4772779860243418,,2026-02-04T18:49:56.421640,True,0.0
100,2,0.1,21,149,200,21,0.010688066482543945,True,False,0.42608441061213453,0.42608441061213453,,2026-02-04T18:49:56.655896,True,0.0
100,2,0.1,22,154,200,22,0.010226964950561523,True,False,0.4528377466689154,0.4528377466689154,,2026-02-04T18:49:56.892292,True,0.0
100,2,0.1,23,151,200,23,0.01082611083984375,True,False,0.4337529055743169,0.4337529055743169,,2026-02-04T18:49:57.124629,True,0.0
100,2,0.1,24,171,200,24,0.011219978332519531,True,False,0.45796997366711123,0.45796997366711123,,2026-02-04T18:49:57.362664,True,0.0
100,2,0.1,25,142,200,25,0.010965108871459961,True,False,0.4561594921642531,0.4561594921642531,,2026-02-04T18:49:57.595702,True,0.0
100,2,0.1,26,168,200,26,0.010347127914428711,True,False,0.43053784013605434,0.43053784013605434,,2026-02-04T18:49:57.831230,True,0.0
100,2,0.1,27,168,200,27,0.011171102523803711,True,False,0.419625141723356,0.4214852607709751,,2026-02-04T18:49:58.065815,False,0.0018601190476190688
100,2,0.1,28,170,200,28,0.011198997497558594,True,False,0.4338927335640138,0.4344463667820069,,2026-02-04T18:49:58.299221,False,0.0005536332179930659
100,2,0.1,29,156,200,29,0.010689020156860352,True,False,0.45948389217619984,0.45948389217619984,,2026-02-04T18:49:58.539950,True,0.0
100,2,0.1,30,155,200,30,0.01133108139038086,True,False,0.4507596253902185,0.4507596253902185,,2026-02-04T18:49:58.795719,True,0.0
100,2,0.1,31,140,200,31,0.011401891708374023,True,False,0.4479336734693877,0.4483418367346938,,2026-02-04T18:49:59.047275,False,0.00040816326530607183
100,2,0.1,32,146,200,32,0.01193690299987793,True,False,0.4585288046537811,0.4585288046537811,,2026-02-04T18:49:59.303792,True,0.0
100,2,0.1,33,155,200,33,0.011578083038330078,True,False,0.43496357960457854,0.43496357960457854,,2026-02-04T18:49:59.592291,True,0.0
100,2,0.1,34,165,200,34,0.01064300537109375,True,False,0.42725436179981635,0.42725436179981635,,2026-02-04T18:49:59.840897,True,0.0
100,2,0.1,35,154,200,35,0.010928153991699219,True,False,0.4412211165457919,0.4412211165457919,,2026-02-04T18:50:00.079091,True,0.0
100,2,0.1,36,153,200,36,0.012807846069335938,True,False,0.41503267973856206,0.4179589046947755,,2026-02-04T18:50:00.331928,False,0.002926224956213419
100,2,0.1,37,165,200,37,0.011870145797729492,True,False,0.4500275482093664,0.4500275482093664,,2026-02-04T18:50:00.606902,True,0.0
100,2,0.1,38,152,200,38,0.011640071868896484,True,False,0.4535145429362881,0.4535145429362881,,2026-02-04T18:50:00.863370,True,0.0
100,2,0.1,39,161,200,39,0.011903047561645508,True,False,0.45459280120365725,0.45459280120365725,,2026-02-04T18:50:01.143758,True,0.0
100,2,0.1,40,151,200,40,0.011276006698608398,True,False,0.44524362966536557,0.44524362966536557,,2026-02-04T18:50:01.388515,True,0.0
100,2,0.1,41,139,200,41,0.010754823684692383,True,False,0.4352517985611511,0.43796904922105484,,2026-02-04T18:50:01.628462,False,0.002717250659903747
100,2,0.1,42,150,200,42,0.010480165481567383,True,False,0.4266444444444444,0.43191111111111113,,2026-02-04T18:50:01.865636,False,0.005266666666666753
100,2,0.1,43,161,200,43,0.0107269287109375,True,False,0.44286485860884994,0.44286485860884994,,2026-02-04T18:50:02.100482,True,0.0
100,2,0.1,44,157,200,44,0.011497974395751953,True,False,0.41770457219359813,0.4235465941823199,,2026-02-04T18:50:02.337651,False,0.005842021988721746
100,2,0.1,45,160,200,45,0.010380029678344727,True,False,0.431171875,0.43341796875,,2026-02-04T18:50:02.571532,False,0.002246093750000011
100,2,0.1,46,143,200,46,0.010851860046386719,True,False,0.4560614210963862,0.4560614210963862,,2026-02-04T18:50:02.806634,True,0.0
100,2,0.1,47,154,200,47,0.011482954025268555,True,False,0.4410313712261764,0.4412211165457919,,2026-02-04T18:50:03.042857,False,0.00018974531961546415
100,2,0.1,48,147,200,48,0.010951995849609375,True,False,0.4600629367393216,0.4600629367393216,,2026-02-04T18:50:03.277705,True,0.0
100,2,0.1,49,166,200,49,0.010987043380737305,True,False,0.46385542168674704,0.46385542168674704,,2026-02-04T18:50:03.512022,True,0.0
100,2,0.1,50,161,200,50,0.01095890998840332,True,False,0.45274102079395084,0.45274102079395084,,2026-02-04T18:50:03.747604,True,0.0
100,2,0.1,51,135,200,51,0.010783910751342773,True,False,0.41108367626886144,0.4175308641975308,,2026-02-04T18:50:03.983649,False,0.0064471879286693845
100,2,0.1,52,164,200,52,0.010698795318603516,True,False,0.4693448839976204,0.4693448839976204,,2026-02-04T18:50:04.219817,True,0.0
100,2,0.1,53,150,200,53,0.011678934097290039,True,False,0.4394444444444444,0.44586666666666663,,2026-02-04T18:50:04.458124,False,0.006422222222222218
100,2,0.1,54,150,200,54,0.010905027389526367,True,False,0.4463111111111111,0.4463111111111111,,2026-02-04T18:50:04.693507,True,0.0
100,2,0.1,55,155,200,55,0.010448217391967773,True,False,0.4518418314255983,0.4518418314255983,,2026-02-04T18:50:04.928313,True,0.0
100,2,0.1,56,159,200,56,0.012026071548461914,True,False,0.47434832482892286,0.47434832482892286,,2026-02-04T18:50:05.162484,True,0.0
100,2,0.1,57,150,200,57,0.010714054107666016,True,False,0.4335777777777777,0.4335777777777777,,2026-02-04T18:50:05.397621,True,0.0
100,2,0.1,58,151,200,58,0.010497093200683594,True,False,0.4406824262093768,0.4406824262093768,,2026-02-04T18:50:05.630631,True,0.0
100,2,0.1,59,156,200,59,0.010467052459716797,True,False,0.4349112426035502,0.4417940499671268,,2026-02-04T18:50:05.866682,False,0.006882807363576604
100,2,0.1,60,154,200,60,0.01057577133178711,True,False,0.441537358745151,0.441537358745151,,2026-02-04T18:50:06.099544,True,0.0
100,2,0.1,61,152,200,61,0.011278152465820312,True,False,0.458362188365651,0.458362188365651,,2026-02-04T18:50:06.333156,True,0.0
100,2,0.1,62,165,200,62,0.011310100555419922,True,False,0.44545454545454544,0.44545454545454544,,2026-02-04T18:50:06.565967,True,0.0
100,2,0.1,63,165,200,63,0.010940074920654297,True,False,0.42196510560146916,0.42275482093663913,,2026-02-04T18:50:06.799114,False,0.0007897153351699715
100,2,0.1,64,145,200,64,0.010560989379882812,True,False,0.4456361474435196,0.4456361474435196,,2026-02-04T18:50:07.032783,True,0.0
100,2,0.1,65,141,200,65,0.011309146881103516,True,False,0.4562144761329912,0.4562144761329912,,2026-02-04T18:50:07.269579,True,0.0
100,2,0.1,66,142,200,66,0.011037826538085938,True,False,0.4516712953779013,0.4516712953779013,,2026-02-04T18:50:07.504876,True,0.0
100,2,0.1,67,151,200,67,0.010547876358032227,True,False,0.4165387483005131,0.4178764089294329,,2026-02-04T18:50:07.737324,False,0.0013376606289198234
100,2,0.1,68,160,200,68,0.010660886764526367,True,False,0.43625,0.43625,,2026-02-04T18:50:07.974505,True,0.0
100,2,0.1,69,138,200,69,0.010943889617919922,True,False,0.4420289855072464,0.44609850871665613,,2026-02-04T18:50:08.205222,False,0.004069523209409731
100,2,0.1,70,164,200,70,0.010875940322875977,True,False,0.43783462224866143,0.43783462224866143,,2026-02-04T18:50:08.440674,True,0.0
100,2,0.1,71,165,200,71,0.010998010635375977,True,False,0.438494031221304,0.438494031221304,,2026-02-04T18:50:08.674717,True,0.0
100,2,0.1,72,135,200,72,0.010558843612670898,True,False,0.4258984910836763,0.4258984910836763,,2026-02-04T18:50:08.911171,True,0.0
100,2,0.1,73,157,200,73,0.011667251586914062,True,False,0.4362854476855046,0.44137693212706397,,2026-02-04T18:50:09.148770,False,0.00509148444155938
100,2,0.1,74,144,200,74,0.010809183120727539,True,False,0.4598524305555556,0.4598524305555556,,2026-02-04T18:50:09.382773,True,0.0
100,2,0.1,75,159,200,75,0.011529207229614258,True,False,0.4308176100628931,0.4308176100628931,,2026-02-04T18:50:09.617660,True,0.0
100,2,0.1,76,160,200,76,0.010827779769897461,True,False,0.4375,0.4375,,2026-02-04T18:50:09.853985,True,0.0
100,2,0.1,77,150,200,77,0.010704994201660156,True,False,0.43333333333333335,0.43333333333333335,,2026-02-04T18:50:10.088252,True,0.0
100,2,0.1,78,152,200,78,0.011040925979614258,True,False,0.447693040166205,0.447693040166205,,2026-02-04T18:50:10.323748,True,0.0
100,2,0.1,79,153,200,79,0.011116743087768555,True,False,0.4466658122944167,0.4466658122944167,,2026-02-04T18:50:10.559617,True,0.0
100,2,0.1,80,166,200,80,0.011911153793334961,True,False,0.43444258963565113,0.43444258963565113,,2026-02-04T18:50:10.795338,True,0.0
100,2,0.1,81,154,200,81,0.011253833770751953,True,False,0.4320290099510878,0.43226092089728463,,2026-02-04T18:50:11.031670,False,0.00023191094619684494
100,2,0.1,82,158,200,82,0.011215925216674805,True,False,0.45567617369011376,0.45567617369011376,,2026-02-04T18:50:11.270904,True,0.0
100,2,0.1,83,153,200,83,0.010834932327270508,True,False,0.4494852407193815,0.4500619419881243,,2026-02-04T18:50:11.508058,False,0.0005767012687428186
100,2,0.1,84,151,200,84,0.010746002197265625,True,False,0.43103372659093897,0.4316258058857067,,2026-02-04T18:50:11.742788,False,0.0005920792947677334
100,2,0.1,85,151,200,85,0.011097192764282227,True,False,0.42715231788079466,0.4337529055743169,,2026-02-04T18:50:11.981755,False,0.006600587693522231
100,2,0.1,86,150,200,86,0.010943889617919922,True,False,0.44691111111111104,0.44691111111111104,,2026-02-04T18:50:12.234705,True,0.0
100,2,0.1,87,155,200,87,0.010876178741455078,True,False,0.4329656607700311,0.4329656607700311,,2026-02-04T18:50:12.485343,True,0.0
100,2,0.1,88,160,200,88,0.010699033737182617,True,False,0.453046875,0.453046875,,2026-02-04T18:50:12.734262,True,0.0
100,2,0.1,89,151,200,89,0.010668754577636719,True,False,0.45285294504626983,0.45285294504626983,,2026-02-04T18:50:12.977188,True,0.0
100,2,0.1,90,168,200,90,0.01168203353881836,True,False,0.4512471655328798,0.4512471655328798,,2026-02-04T18:50:13.222316,True,0.0
100,2,0.1,91,155,200,91,0.011532068252563477,True,False,0.4547554630593132,0.4547554630593132,,2026-02-04T18:50:13.466896,True,0.0
100,2,0.1,92,157,200,92,0.011661052703857422,True,False,0.42993630573248415,0.42993630573248415,,2026-02-04T18:50:13.706648,True,0.0
100,2,0.1,93,153,200,93,0.010437726974487305,True,False,0.42118415993848524,0.4273356401384083,,2026-02-04T18:50:13.952473,False,0.006151480199923065
100,2,0.1,94,141,200,94,0.011638164520263672,True,False,0.4325486645540968,0.4359941652834364,,2026-02-04T18:50:14.195638,False,0.003445500729339579
100,2,0.1,95,162,200,95,0.010881900787353516,True,False,0.4439681450998323,0.4439681450998323,,2026-02-04T18:50:14.450843,True,0.0
100,2,0.1,96,161,200,96,0.010828733444213867,True,False,0.4378689093784962,0.4378689093784962,,2026-02-04T18:50:14.695785,True,0.0
100,2,0.1,97,157,200,97,0.011662721633911133,True,False,0.4270152947381233,0.4270152947381233,,2026-02-04T18:50:14.947246,True,0.0
100,2,0.1,98,147,200,98,0.011816978454589844,True,False,0.45090008792632696,0.45090008792632696,,2026-02-04T18:50:15.190817,True,0.0
100,2,0.1,99,152,200,99,0.010637044906616211,True,False,0.4473684210526315,0.4473684210526315,,2026-02-04T18:50:15.434543,True,0.0
100,2,0.1,0,149,500,0,0.018454790115356445,True,False,0.42040899058600967,0.431061663889014,,2026-02-04T18:50:15.678914,False,0.010652673303004345
100,2,0.1,1,152,500,1,0.01671123504638672,True,False,0.4342105263157895,0.4342105263157895,,2026-02-04T18:50:15.924512,True,0.0
100,2,0.1,2,142,500,2,0.01769709587097168,True,False,0.4411823050981948,0.4411823050981948,,2026-02-04T18:50:16.167160,True,0.0
100,2,0.1,3,141,500,3,0.017937898635864258,True,False,0.4673809164528947,0.4673809164528947,,2026-02-04T18:50:16.411917,True,0.0
100,2,0.1,4,154,500,4,0.017885923385620117,True,False,0.43961882273570585,0.43961882273570585,,2026-02-04T18:50:16.662144,True,0.0
100,2,0.1,5,158,500,5,0.01713395118713379,True,False,0.44544143566736105,0.44544143566736105,,2026-02-04T18:50:16.903337,True,0.0
100,2,0.1,6,154,500,6,0.01831817626953125,True,False,0.4260204081632653,0.4260204081632653,,2026-02-04T18:50:17.149413,True,0.0
100,2,0.1,7,149,500,7,0.017876863479614258,True,False,0.4570064411512995,0.4570064411512995,,2026-02-04T18:50:17.393972,True,0.0
100,2,0.1,8,154,500,8,0.017976999282836914,True,False,0.463821892393321,0.463821892393321,,2026-02-04T18:50:17.639682,True,0.0
100,2,0.1,9,147,500,9,0.017567157745361328,True,False,0.44370401221713174,0.44370401221713174,,2026-02-04T18:50:17.881774,True,0.0
100,2,0.1,10,148,500,10,0.017597198486328125,True,False,0.46619338933528126,0.46619338933528126,,2026-02-04T18:50:18.126792,True,0.0
100,2,0.1,11,151,500,11,0.0183868408203125,True,False,0.4403973509933775,0.4403973509933775,,2026-02-04T18:50:18.373483,True,0.0
100,2,0.1,12,161,500,12,0.01899099349975586,True,False,0.4254272597507812,0.4254272597507812,,2026-02-04T18:50:18.620076,True,0.0
100,2,0.1,13,155,500,13,0.01753091812133789,True,False,0.44836628511966703,0.44836628511966703,,2026-02-04T18:50:18.863835,True,0.0
100,2,0.1,14,151,500,14,0.01728677749633789,True,False,0.4480285952370511,0.4480285952370511,,2026-02-04T18:50:19.114774,True,0.0
100,2,0.1,15,140,500,15,0.01788783073425293,True,False,0.4642602040816326,0.4642602040816326,,2026-02-04T18:50:19.356419,True,0.0
100,2,0.1,16,155,500,16,0.022563934326171875,True,False,0.467741935483871,0.467741935483871,,2026-02-04T18:50:19.603388,True,0.0
100,2,0.1,17,156,500,17,0.017595767974853516,True,False,0.4294666337935569,0.4294666337935569,,2026-02-04T18:50:19.843406,True,0.0
100,2,0.1,18,155,500,18,0.016793012619018555,True,False,0.42255983350676385,0.42255983350676385,,2026-02-04T18:50:20.084992,True,0.0
100,2,0.1,19,161,500,19,0.017431020736694336,True,False,0.4335480884225146,0.4335480884225146,,2026-02-04T18:50:20.325085,True,0.0
100,2,0.1,20,147,500,20,0.018353939056396484,True,False,0.4772779860243418,0.4772779860243418,,2026-02-04T18:50:20.567424,True,0.0
100,2,0.1,21,149,500,21,0.016927003860473633,True,False,0.42608441061213453,0.42608441061213453,,2026-02-04T18:50:20.807078,True,0.0
100,2,0.1,22,154,500,22,0.017550945281982422,True,False,0.4528377466689154,0.4528377466689154,,2026-02-04T18:50:21.048200,True,0.0
100,2,0.1,23,151,500,23,0.018275022506713867,True,False,0.4337529055743169,0.4337529055743169,,2026-02-04T18:50:21.289571,True,0.0
100,2,0.1,24,171,500,24,0.017671823501586914,True,False,0.45796997366711123,0.45796997366711123,,2026-02-04T18:50:21.532834,True,0.0
100,2,0.1,25,142,500,25,0.018640995025634766,True,False,0.4561594921642531,0.4561594921642531,,2026-02-04T18:50:21.772977,True,0.0
100,2,0.1,26,168,500,26,0.017822980880737305,True,False,0.43053784013605434,0.43053784013605434,,2026-02-04T18:50:22.014133,True,0.0
100,2,0.1,27,168,500,27,0.018211841583251953,True,False,0.41962514172335597,0.4214852607709751,,2026-02-04T18:50:22.253420,False,0.0018601190476191243
100,2,0.1,28,170,500,28,0.01742100715637207,True,False,0.4344463667820069,0.4344463667820069,,2026-02-04T18:50:22.494444,True,0.0
100,2,0.1,29,156,500,29,0.017130136489868164,True,False,0.45948389217619984,0.45948389217619984,,2026-02-04T18:50:22.736687,True,0.0
100,2,0.1,30,155,500,30,0.01761174201965332,True,False,0.4507596253902185,0.4507596253902185,,2026-02-04T18:50:22.977639,True,0.0
100,2,0.1,31,140,500,31,0.0171968936920166,True,False,0.4483418367346938,0.4483418367346938,,2026-02-04T18:50:23.219307,True,0.0
100,2,0.1,32,146,500,32,0.01950383186340332,True,False,0.4585288046537811,0.4585288046537811,,2026-02-04T18:50:23.460993,True,0.0
100,2,0.1,33,155,500,33,0.018276214599609375,True,False,0.43496357960457854,0.43496357960457854,,2026-02-04T18:50:23.702775,True,0.0
100,2,0.1,34,165,500,34,0.01767420768737793,True,False,0.42725436179981635,0.42725436179981635,,2026-02-04T18:50:23.942621,True,0.0
100,2,0.1,35,154,500,35,0.01873016357421875,True,False,0.4412211165457919,0.4412211165457919,,2026-02-04T18:50:24.203533,True,0.0
100,2,0.1,36,153,500,36,0.017647266387939453,True,False,0.41503267973856206,0.4179589046947755,,2026-02-04T18:50:24.452722,False,0.002926224956213419
100,2,0.1,37,165,500,37,0.019469022750854492,True,False,0.4500275482093664,0.4500275482093664,,2026-02-04T18:50:24.701889,True,0.0
100,2,0.1,38,152,500,38,0.01842808723449707,True,False,0.4535145429362881,0.4535145429362881,,2026-02-04T18:50:24.958657,True,0.0
100,2,0.1,39,161,500,39,0.01864790916442871,True,False,0.45459280120365725,0.45459280120365725,,2026-02-04T18:50:25.208554,True,0.0
100,2,0.1,40,151,500,40,0.01799178123474121,True,False,0.44524362966536557,0.44524362966536557,,2026-02-04T18:50:25.449383,True,0.0
100,2,0.1,41,139,500,41,0.01839303970336914,True,False,0.4352517985611511,0.43796904922105484,,2026-02-04T18:50:25.700217,False,0.002717250659903747
100,2,0.1,42,150,500,42,0.017603635787963867,True,False,0.4266444444444444,0.43191111111111113,,2026-02-04T18:50:25.947045,False,0.005266666666666753
100,2,0.1,43,161,500,43,0.01874709129333496,True,False,0.44286485860884994,0.44286485860884994,,2026-02-04T18:50:26.199139,True,0.0
100,2,0.1,44,157,500,44,0.017574071884155273,True,False,0.4235465941823199,0.4235465941823199,,2026-02-04T18:50:26.440397,True,0.0
100,2,0.1,45,160,500,45,0.01717519760131836,True,False,0.431171875,0.43341796875,,2026-02-04T18:50:26.681391,False,0.002246093750000011
100,2,0.1,46,143,500,46,0.018320798873901367,True,False,0.4560614210963862,0.4560614210963862,,2026-02-04T18:50:26.923872,True,0.0
100,2,0.1,47,154,500,47,0.018737077713012695,True,False,0.4410313712261764,0.4412211165457919,,2026-02-04T18:50:27.166018,False,0.00018974531961546415
100,2,0.1,48,147,500,48,0.018134117126464844,True,False,0.4600629367393216,0.4600629367393216,,2026-02-04T18:50:27.415680,True,0.0
100,2,0.1,49,166,500,49,0.0190427303314209,True,False,0.46385542168674704,0.46385542168674704,,2026-02-04T18:50:27.660566,True,0.0
100,2,0.1,50,161,500,50,0.018316030502319336,True,False,0.45274102079395084,0.45274102079395084,,2026-02-04T18:50:27.905539,True,0.0
100,2,0.1,51,135,500,51,0.01856374740600586,True,False,0.41108367626886144,0.4175308641975308,,2026-02-04T18:50:28.154830,False,0.0064471879286693845
100,2,0.1,52,164,500,52,0.01691126823425293,True,False,0.4693448839976204,0.4693448839976204,,2026-02-04T18:50:28.401207,True,0.0
100,2,0.1,53,150,500,53,0.01812577247619629,True,False,0.4394444444444444,0.44586666666666663,,2026-02-04T18:50:28.650588,False,0.006422222222222218
100,2,0.1,54,150,500,54,0.016974925994873047,True,False,0.4463111111111111,0.4463111111111111,,2026-02-04T18:50:28.900747,True,0.0
100,2,0.1,55,155,500,55,0.016794919967651367,True,False,0.4518418314255983,0.4518418314255983,,2026-02-04T18:50:29.152528,True,0.0
100,2,0.1,56,159,500,56,0.018915653228759766,True,False,0.47434832482892286,0.47434832482892286,,2026-02-04T18:50:29.406479,True,0.0
100,2,0.1,57,150,500,57,0.017596960067749023,True,False,0.4335777777777777,0.4335777777777777,,2026-02-04T18:50:29.650029,True,0.0
100,2,0.1,58,151,500,58,0.017496109008789062,True,False,0.4406824262093768,0.4406824262093768,,2026-02-04T18:50:29.902645,True,0.0
100,2,0.1,59,156,500,59,0.017705917358398438,True,False,0.4349112426035502,0.4417940499671268,,2026-02-04T18:50:30.152519,False,0.006882807363576604
100,2,0.1,60,154,500,60,0.017568111419677734,True,False,0.441537358745151,0.441537358745151,,2026-02-04T18:50:30.396897,True,0.0
100,2,0.1,61,152,500,61,0.018796920776367188,True,False,0.458362188365651,0.458362188365651,,2026-02-04T18:50:30.643440,True,0.0
100,2,0.1,62,165,500,62,0.019685029983520508,True,False,0.44545454545454544,0.44545454545454544,,2026-02-04T18:50:30.887469,True,0.0
100,2,0.1,63,165,500,63,0.017889022827148438,True,False,0.42196510560146916,0.42275482093663913,,2026-02-04T18:50:31.129261,False,0.0007897153351699715
100,2,0.1,64,145,500,64,0.01807379722595215,True,False,0.4456361474435196,0.4456361474435196,,2026-02-04T18:50:31.371329,True,0.0
100,2,0.1,65,141,500,65,0.018095970153808594,True,False,0.4562144761329912,0.4562144761329912,,2026-02-04T18:50:31.612832,True,0.0
100,2,0.1,66,142,500,66,0.01793527603149414,True,False,0.4516712953779013,0.4516712953779013,,2026-02-04T18:50:31.855836,True,0.0
100,2,0.1,67,151,500,67,0.017739057540893555,True,False,0.4165387483005131,0.4178764089294329,,2026-02-04T18:50:32.097633,False,0.0013376606289198234
100,2,0.1,68,160,500,68,0.01809382438659668,True,False,0.43625,0.43625,,2026-02-04T18:50:32.338296,True,0.0
100,2,0.1,69,138,500,69,0.01787114143371582,True,False,0.4420289855072464,0.44609850871665613,,2026-02-04T18:50:32.581196,False,0.004069523209409731
100,2,0.1,70,164,500,70,0.01778888702392578,True,False,0.43783462224866143,0.43783462224866143,,2026-02-04T18:50:32.823873,True,0.0
100,2,0.1,71,165,500,71,0.017409086227416992,True,False,0.438494031221304,0.438494031221304,,2026-02-04T18:50:33.066536,True,0.0
100,2,0.1,72,135,500,72,0.01803898811340332,True,False,0.4258984910836763,0.4258984910836763,,2026-02-04T18:50:33.310501,True,0.0
100,2,0.1,73,157,500,73,0.019352197647094727,True,False,0.44137693212706397,0.44137693212706397,,2026-02-04T18:50:33.552521,True,0.0
100,2,0.1,74,144,500,74,0.018871068954467773,True,False,0.4598524305555556,0.4598524305555556,,2026-02-04T18:50:33.794011,True,0.0
100,2,0.1,75,159,500,75,0.017767906188964844,True,False,0.4308176100628931,0.4308176100628931,,2026-02-04T18:50:34.037818,True,0.0
100,2,0.1,76,160,500,76,0.017529010772705078,True,False,0.4375,0.4375,,2026-02-04T18:50:34.281608,True,0.0
100,2,0.1,77,150,500,77,0.017413854598999023,True,False,0.43333333333333335,0.43333333333333335,,2026-02-04T18:50:34.522300,True,0.0
100,2,0.1,78,152,500,78,0.017853975296020508,True,False,0.447693040166205,0.447693040166205,,2026-02-04T18:50:34.763701,True,0.0
100,2,0.1,79,153,500,79,0.017680883407592773,True,False,0.4466658122944167,0.4466658122944167,,2026-02-04T18:50:35.003662,True,0.0
100,2,0.1,80,166,500,80,0.018266916275024414,True,False,0.43444258963565113,0.43444258963565113,,2026-02-04T18:50:35.246150,True,0.0
100,2,0.1,81,154,500,81,0.0170290470123291,True,False,0.43226092089728463,0.43226092089728463,,2026-02-04T18:50:35.488445,True,0.0
100,2,0.1,82,158,500,82,0.018049001693725586,True,False,0.45567617369011376,0.45567617369011376,,2026-02-04T18:50:35.729553,True,0.0
100,2,0.1,83,153,500,83,0.01724100112915039,True,False,0.4494852407193815,0.4500619419881243,,2026-02-04T18:50:35.970394,False,0.0005767012687428186
100,2,0.1,84,151,500,84,0.017832040786743164,True,False,0.43103372659093897,0.4316258058857067,,2026-02-04T18:50:36.211682,False,0.0005920792947677334
100,2,0.1,85,151,500,85,0.017322063446044922,True,False,0.4337529055743169,0.4337529055743169,,2026-02-04T18:50:36.453508,True,0.0
100,2,0.1,86,150,500,86,0.01857590675354004,True,False,0.44691111111111104,0.44691111111111104,,2026-02-04T18:50:36.696751,True,0.0
100,2,0.1,87,155,500,87,0.01774883270263672,True,False,0.4329656607700311,0.4329656607700311,,2026-02-04T18:50:36.938754,True,0.0
100,2,0.1,88,160,500,88,0.01716303825378418,True,False,0.453046875,0.453046875,,2026-02-04T18:50:37.180216,True,0.0
100,2,0.1,89,151,500,89,0.017142057418823242,True,False,0.45285294504626983,0.45285294504626983,,2026-02-04T18:50:37.419559,True,0.0
100,2,0.1,90,168,500,90,0.01788187026977539,True,False,0.4512471655328798,0.4512471655328798,,2026-02-04T18:50:37.664772,True,0.0
100,2,0.1,91,155,500,91,0.017405271530151367,True,False,0.4547554630593132,0.4547554630593132,,2026-02-04T18:50:37.907747,True,0.0
100,2,0.1,92,157,500,92,0.01763606071472168,True,False,0.42993630573248415,0.42993630573248415,,2026-02-04T18:50:38.150650,True,0.0
100,2,0.1,93,153,500,93,0.017024993896484375,True,False,0.4273356401384083,0.4273356401384083,,2026-02-04T18:50:38.392842,True,0.0
100,2,0.1,94,141,500,94,0.018558263778686523,True,False,0.4325486645540968,0.4359941652834364,,2026-02-04T18:50:38.634215,False,0.003445500729339579
100,2,0.1,95,162,500,95,0.017425060272216797,True,False,0.4439681450998323,0.4439681450998323,,2026-02-04T18:50:38.876684,True,0.0
100,2,0.1,96,161,500,96,0.01896810531616211,True,False,0.4378689093784962,0.4378689093784962,,2026-02-04T18:50:39.119741,True,0.0
100,2,0.1,97,157,500,97,0.016637086868286133,True,False,0.4270152947381233,0.4270152947381233,,2026-02-04T18:50:39.362113,True,0.0
100,2,0.1,98,147,500,98,0.01940321922302246,True,False,0.45090008792632696,0.45090008792632696,,2026-02-04T18:50:39.606269,True,0.0
100,2,0.1,99,152,500,99,0.017252206802368164,True,False,0.4473684210526315,0.4473684210526315,,2026-02-04T18:50:39.846070,True,0.0
100,2,0.1,0,149,1000,0,0.029389142990112305,True,False,0.42040899058600967,0.431061663889014,,2026-02-04T18:50:40.102470,False,0.010652673303004345
100,2,0.1,1,152,1000,1,0.0286099910736084,True,False,0.4342105263157895,0.4342105263157895,,2026-02-04T18:50:40.356613,True,0.0
100,2,0.1,2,142,1000,2,0.029539823532104492,True,False,0.4411823050981948,0.4411823050981948,,2026-02-04T18:50:40.608550,True,0.0
100,2,0.1,3,141,1000,3,0.031002283096313477,True,False,0.4673809164528947,0.4673809164528947,,2026-02-04T18:50:40.863434,True,0.0
100,2,0.1,4,154,1000,4,0.030282020568847656,True,False,0.43961882273570585,0.43961882273570585,,2026-02-04T18:50:41.117052,True,0.0
100,2,0.1,5,158,1000,5,0.028136014938354492,True,False,0.44544143566736105,0.44544143566736105,,2026-02-04T18:50:41.368716,True,0.0
100,2,0.1,6,154,1000,6,0.027890920639038086,True,False,0.4260204081632653,0.4260204081632653,,2026-02-04T18:50:41.620010,True,0.0
100,2,0.1,7,149,1000,7,0.02830791473388672,True,False,0.4570064411512995,0.4570064411512995,,2026-02-04T18:50:41.870989,True,0.0
100,2,0.1,8,154,1000,8,0.030632972717285156,True,False,0.463821892393321,0.463821892393321,,2026-02-04T18:50:42.125739,True,0.0
100,2,0.1,9,147,1000,9,0.030218124389648438,True,False,0.44370401221713174,0.44370401221713174,,2026-02-04T18:50:42.380512,True,0.0
100,2,0.1,10,148,1000,10,0.030232906341552734,True,False,0.46619338933528126,0.46619338933528126,,2026-02-04T18:50:42.636108,True,0.0
100,2,0.1,11,151,1000,11,0.02980780601501465,True,False,0.4403973509933775,0.4403973509933775,,2026-02-04T18:50:42.888535,True,0.0
100,2,0.1,12,161,1000,12,0.030566930770874023,True,False,0.4254272597507812,0.4254272597507812,,2026-02-04T18:50:43.143728,True,0.0
100,2,0.1,13,155,1000,13,0.030706167221069336,True,False,0.44836628511966703,0.44836628511966703,,2026-02-04T18:50:43.397762,True,0.0
100,2,0.1,14,151,1000,14,0.029033899307250977,True,False,0.4480285952370511,0.4480285952370511,,2026-02-04T18:50:43.650395,True,0.0
100,2,0.1,15,140,1000,15,0.02885890007019043,True,False,0.4642602040816326,0.4642602040816326,,2026-02-04T18:50:43.902371,True,0.0
100,2,0.1,16,155,1000,16,0.02968621253967285,True,False,0.467741935483871,0.467741935483871,,2026-02-04T18:50:44.155083,True,0.0
100,2,0.1,17,156,1000,17,0.029759883880615234,True,False,0.4294666337935569,0.4294666337935569,,2026-02-04T18:50:44.409212,True,0.0
100,2,0.1,18,155,1000,18,0.027964115142822266,True,False,0.42255983350676385,0.42255983350676385,,2026-02-04T18:50:44.659221,True,0.0
100,2,0.1,19,161,1000,19,0.029473066329956055,True,False,0.4335480884225146,0.4335480884225146,,2026-02-04T18:50:44.914108,True,0.0
100,2,0.1,20,147,1000,20,0.03043198585510254,True,False,0.4772779860243418,0.4772779860243418,,2026-02-04T18:50:45.168648,True,0.0
100,2,0.1,21,149,1000,21,0.028956890106201172,True,False,0.42608441061213453,0.42608441061213453,,2026-02-04T18:50:45.419926,True,0.0
100,2,0.1,22,154,1000,22,0.02823805809020996,True,False,0.4528377466689154,0.4528377466689154,,2026-02-04T18:50:45.671821,True,0.0
100,2,0.1,23,151,1000,23,0.02943706512451172,True,False,0.4337529055743169,0.4337529055743169,,2026-02-04T18:50:45.923572,True,0.0
100,2,0.1,24,171,1000,24,0.02945089340209961,True,False,0.45796997366711123,0.45796997366711123,,2026-02-04T18:50:46.178800,True,0.0
100,2,0.1,25,142,1000,25,0.02951979637145996,True,False,0.4561594921642531,0.4561594921642531,,2026-02-04T18:50:46.432914,True,0.0
100,2,0.1,26,168,1000,26,0.03017115592956543,True,False,0.43053784013605434,0.43053784013605434,,2026-02-04T18:50:46.685629,True,0.0
100,2,0.1,27,168,1000,27,0.02870798110961914,True,False,0.4199971655328798,0.4214852607709751,,2026-02-04T18:50:46.938283,False,0.0014880952380952883
100,2,0.1,28,170,1000,28,0.029435157775878906,True,False,0.4344463667820069,0.4344463667820069,,2026-02-04T18:50:47.190658,True,0.0
100,2,0.1,29,156,1000,29,0.02959275245666504,True,False,0.45948389217619984,0.45948389217619984,,2026-02-04T18:50:47.445459,True,0.0
100,2,0.1,30,155,1000,30,0.02941298484802246,True,False,0.4507596253902185,0.4507596253902185,,2026-02-04T18:50:47.702325,True,0.0
100,2,0.1,31,140,1000,31,0.029175996780395508,True,False,0.4483418367346938,0.4483418367346938,,2026-02-04T18:50:47.956513,True,0.0
100,2,0.1,32,146,1000,32,0.03093719482421875,True,False,0.4585288046537811,0.4585288046537811,,2026-02-04T18:50:48.212994,True,0.0
100,2,0.1,33,155,1000,33,0.028827905654907227,True,False,0.43496357960457854,0.43496357960457854,,2026-02-04T18:50:48.467462,True,0.0
100,2,0.1,34,165,1000,34,0.02899003028869629,True,False,0.42725436179981635,0.42725436179981635,,2026-02-04T18:50:48.723877,True,0.0
100,2,0.1,35,154,1000,35,0.03956484794616699,True,False,0.4412211165457919,0.4412211165457919,,2026-02-04T18:50:48.990776,True,0.0
100,2,0.1,36,153,1000,36,0.03017425537109375,True,False,0.41503267973856206,0.4179589046947755,,2026-02-04T18:50:49.287054,False,0.002926224956213419
100,2,0.1,37,165,1000,37,0.031265974044799805,True,False,0.4500275482093664,0.4500275482093664,,2026-02-04T18:50:49.593136,True,0.0
100,2,0.1,38,152,1000,38,0.03197479248046875,True,False,0.4535145429362881,0.4535145429362881,,2026-02-04T18:50:49.873519,True,0.0
100,2,0.1,39,161,1000,39,0.05995893478393555,True,False,0.45459280120365725,0.45459280120365725,,2026-02-04T18:50:50.183946,True,0.0
100,2,0.1,40,151,1000,40,0.030344009399414062,True,False,0.44524362966536557,0.44524362966536557,,2026-02-04T18:50:50.519201,True,0.0
100,2,0.1,41,139,1000,41,0.028584003448486328,True,False,0.4352517985611511,0.43796904922105484,,2026-02-04T18:50:50.774247,False,0.002717250659903747
100,2,0.1,42,150,1000,42,0.02956080436706543,True,False,0.4266444444444444,0.43191111111111113,,2026-02-04T18:50:51.030674,False,0.005266666666666753
100,2,0.1,43,161,1000,43,0.030040740966796875,True,False,0.44286485860884994,0.44286485860884994,,2026-02-04T18:50:51.288092,True,0.0
100,2,0.1,44,157,1000,44,0.028964996337890625,True,False,0.4235465941823199,0.4235465941823199,,2026-02-04T18:50:51.543949,True,0.0
100,2,0.1,45,160,1000,45,0.028535842895507812,True,False,0.431171875,0.43341796875,,2026-02-04T18:50:51.799681,False,0.002246093750000011
100,2,0.1,46,143,1000,46,0.02894282341003418,True,False,0.4560614210963862,0.4560614210963862,,2026-02-04T18:50:52.054689,True,0.0
100,2,0.1,47,154,1000,47,0.0296170711517334,True,False,0.4410313712261764,0.4412211165457919,,2026-02-04T18:50:52.309767,False,0.00018974531961546415
100,2,0.1,48,147,1000,48,0.02950000762939453,True,False,0.4600629367393216,0.4600629367393216,,2026-02-04T18:50:52.564873,True,0.0
100,2,0.1,49,166,1000,49,0.031148195266723633,True,False,0.46385542168674704,0.46385542168674704,,2026-02-04T18:50:52.819642,True,0.0
100,2,0.1,50,161,1000,50,0.03012824058532715,True,False,0.45274102079395084,0.45274102079395084,,2026-02-04T18:50:53.074986,True,0.0
100,2,0.1,51,135,1000,51,0.028491973876953125,True,False,0.41108367626886144,0.4175308641975308,,2026-02-04T18:50:53.326409,False,0.0064471879286693845
100,2,0.1,52,164,1000,52,0.02804875373840332,True,False,0.4693448839976204,0.4693448839976204,,2026-02-04T18:50:53.581356,True,0.0
100,2,0.1,53,150,1000,53,0.030151844024658203,True,False,0.44586666666666663,0.44586666666666663,,2026-02-04T18:50:53.837021,True,0.0
100,2,0.1,54,150,1000,54,0.028094053268432617,True,False,0.4463111111111111,0.4463111111111111,,2026-02-04T18:50:54.086219,True,0.0
100,2,0.1,55,155,1000,55,0.028360843658447266,True,False,0.4518418314255983,0.4518418314255983,,2026-02-04T18:50:54.339013,True,0.0
100,2,0.1,56,159,1000,56,0.03144097328186035,True,False,0.47434832482892286,0.47434832482892286,,2026-02-04T18:50:54.596418,True,0.0
100,2,0.1,57,150,1000,57,0.029047012329101562,True,False,0.4335777777777777,0.4335777777777777,,2026-02-04T18:50:54.848232,True,0.0
100,2,0.1,58,151,1000,58,0.028766870498657227,True,False,0.4406824262093768,0.4406824262093768,,2026-02-04T18:50:55.104622,True,0.0
100,2,0.1,59,156,1000,59,0.028423070907592773,True,False,0.4349112426035502,0.4417940499671268,,2026-02-04T18:50:55.358447,False,0.006882807363576604
100,2,0.1,60,154,1000,60,0.02838301658630371,True,False,0.441537358745151,0.441537358745151,,2026-02-04T18:50:55.610065,True,0.0
100,2,0.1,61,152,1000,61,0.030703067779541016,True,False,0.458362188365651,0.458362188365651,,2026-02-04T18:50:55.864443,True,0.0
100,2,0.1,62,165,1000,62,0.03067612648010254,True,False,0.44545454545454544,0.44545454545454544,,2026-02-04T18:50:56.119067,True,0.0
100,2,0.1,63,165,1000,63,0.029321908950805664,True,False,0.42196510560146916,0.42275482093663913,,2026-02-04T18:50:56.369856,False,0.0007897153351699715
100,2,0.1,64,145,1000,64,0.029541015625,True,False,0.4456361474435196,0.4456361474435196,,2026-02-04T18:50:56.622191,True,0.0
100,2,0.1,65,141,1000,65,0.029906272888183594,True,False,0.4562144761329912,0.4562144761329912,,2026-02-04T18:50:56.877136,True,0.0
100,2,0.1,66,142,1000,66,0.028765201568603516,True,False,0.4516712953779013,0.4516712953779013,,2026-02-04T18:50:57.127544,True,0.0
100,2,0.1,67,151,1000,67,0.02816295623779297,True,False,0.4165387483005131,0.4178764089294329,,2026-02-04T18:50:57.378994,False,0.0013376606289198234
100,2,0.1,68,160,1000,68,0.028001070022583008,True,False,0.43625,0.43625,,2026-02-04T18:50:57.631272,True,0.0
100,2,0.1,69,138,1000,69,0.029410123825073242,True,False,0.4420289855072464,0.44609850871665613,,2026-02-04T18:50:57.884234,False,0.004069523209409731
100,2,0.1,70,164,1000,70,0.02991175651550293,True,False,0.43783462224866143,0.43783462224866143,,2026-02-04T18:50:58.136036,True,0.0
100,2,0.1,71,165,1000,71,0.029668807983398438,True,False,0.438494031221304,0.438494031221304,,2026-02-04T18:50:58.389320,True,0.0
100,2,0.1,72,135,1000,72,0.0325469970703125,True,False,0.4258984910836763,0.4258984910836763,,2026-02-04T18:50:58.661538,True,0.0
100,2,0.1,73,157,1000,73,0.03163409233093262,True,False,0.44137693212706397,0.44137693212706397,,2026-02-04T18:50:58.933017,True,0.0
100,2,0.1,74,144,1000,74,0.030917882919311523,True,False,0.4598524305555556,0.4598524305555556,,2026-02-04T18:50:59.200190,True,0.0
100,2,0.1,75,159,1000,75,0.05314993858337402,True,False,0.4308176100628931,0.4308176100628931,,2026-02-04T18:50:59.503728,True,0.0
100,2,0.1,76,160,1000,76,0.02988409996032715,True,False,0.4375,0.4375,,2026-02-04T18:50:59.758770,True,0.0
100,2,0.1,77,150,1000,77,0.029647111892700195,True,False,0.43333333333333335,0.43333333333333335,,2026-02-04T18:51:00.012075,True,0.0
100,2,0.1,78,152,1000,78,0.029574871063232422,True,False,0.447693040166205,0.447693040166205,,2026-02-04T18:51:00.274984,True,0.0
100,2,0.1,79,153,1000,79,0.029378890991210938,True,False,0.4466658122944167,0.4466658122944167,,2026-02-04T18:51:00.541872,True,0.0
100,2,0.1,80,166,1000,80,0.0307619571685791,True,False,0.43444258963565113,0.43444258963565113,,2026-02-04T18:51:00.805569,True,0.0
100,2,0.1,81,154,1000,81,0.03771400451660156,True,False,0.43226092089728463,0.43226092089728463,,2026-02-04T18:51:01.082059,True,0.0
100,2,0.1,82,158,1000,82,0.02929401397705078,True,False,0.45567617369011376,0.45567617369011376,,2026-02-04T18:51:01.350281,True,0.0
100,2,0.1,83,153,1000,83,0.027987957000732422,True,False,0.4500619419881243,0.4500619419881243,,2026-02-04T18:51:01.605699,True,0.0
100,2,0.1,84,151,1000,84,0.03065800666809082,True,False,0.43103372659093897,0.4316258058857067,,2026-02-04T18:51:01.863509,False,0.0005920792947677334
100,2,0.1,85,151,1000,85,0.02909684181213379,True,False,0.4337529055743169,0.4337529055743169,,2026-02-04T18:51:02.116674,True,0.0
100,2,0.1,86,150,1000,86,0.029588937759399414,True,False,0.44691111111111104,0.44691111111111104,,2026-02-04T18:51:02.371941,True,0.0
100,2,0.1,87,155,1000,87,0.029530048370361328,True,False,0.4329656607700311,0.4329656607700311,,2026-02-04T18:51:02.624520,True,0.0
100,2,0.1,88,160,1000,88,0.028313875198364258,True,False,0.453046875,0.453046875,,2026-02-04T18:51:02.876741,True,0.0
100,2,0.1,89,151,1000,89,0.02932119369506836,True,False,0.45285294504626983,0.45285294504626983,,2026-02-04T18:51:03.129841,True,0.0
100,2,0.1,90,168,1000,90,0.03006291389465332,True,False,0.4512471655328798,0.4512471655328798,,2026-02-04T18:51:03.385567,True,0.0
100,2,0.1,91,155,1000,91,0.029757976531982422,True,False,0.4547554630593132,0.4547554630593132,,2026-02-04T18:51:03.638961,True,0.0
100,2,0.1,92,157,1000,92,0.028866052627563477,True,False,0.42993630573248415,0.42993630573248415,,2026-02-04T18:51:03.890343,True,0.0
100,2,0.1,93,153,1000,93,0.02778482437133789,True,False,0.4273356401384083,0.4273356401384083,,2026-02-04T18:51:04.143627,True,0.0
100,2,0.1,94,141,1000,94,0.028967857360839844,True,False,0.4325486645540968,0.4359941652834364,,2026-02-04T18:51:04.396915,False,0.003445500729339579
100,2,0.1,95,162,1000,95,0.02821207046508789,True,False,0.4439681450998323,0.4439681450998323,,2026-02-04T18:51:04.648201,True,0.0
100,2,0.1,96,161,1000,96,0.030399084091186523,True,False,0.4378689093784962,0.4378689093784962,,2026-02-04T18:51:04.901827,True,0.0
100,2,0.1,97,157,1000,97,0.028264999389648438,True,False,0.4270152947381233,0.4270152947381233,,2026-02-04T18:51:05.153603,True,0.0
100,2,0.1,98,147,1000,98,0.030439138412475586,True,False,0.45090008792632696,0.45090008792632696,,2026-02-04T18:51:05.409654,True,0.0
100,2,0.1,99,152,1000,99,0.028900861740112305,True,False,0.4473684210526315,0.4473684210526315,,2026-02-04T18:51:05.662282,True,0.0
100,2,0.1,0,149,2000,0,0.05192303657531738,True,False,0.4258141525156524,0.431061663889014,,2026-02-04T18:51:05.937515,False,0.005247511373361602
100,2,0.1,1,152,2000,1,0.05074715614318848,True,False,0.4342105263157895,0.4342105263157895,,2026-02-04T18:51:06.210938,True,0.0
100,2,0.1,2,142,2000,2,0.05119609832763672,True,False,0.4411823050981948,0.4411823050981948,,2026-02-04T18:51:06.487091,True,0.0
100,2,0.1,3,141,2000,3,0.05455374717712402,True,False,0.4673809164528947,0.4673809164528947,,2026-02-04T18:51:06.765523,True,0.0
100,2,0.1,4,154,2000,4,0.05514669418334961,True,False,0.43961882273570585,0.43961882273570585,,2026-02-04T18:51:07.042634,True,0.0
100,2,0.1,5,158,2000,5,0.05146598815917969,True,False,0.44544143566736105,0.44544143566736105,,2026-02-04T18:51:07.318546,True,0.0
100,2,0.1,6,154,2000,6,0.05193805694580078,True,False,0.4260204081632653,0.4260204081632653,,2026-02-04T18:51:07.595086,True,0.0
100,2,0.1,7,149,2000,7,0.05084109306335449,True,False,0.4570064411512995,0.4570064411512995,,2026-02-04T18:51:07.869167,True,0.0
100,2,0.1,8,154,2000,8,0.054051876068115234,True,False,0.463821892393321,0.463821892393321,,2026-02-04T18:51:08.145928,True,0.0
100,2,0.1,9,147,2000,9,0.05401015281677246,True,False,0.44370401221713174,0.44370401221713174,,2026-02-04T18:51:08.424537,True,0.0
100,2,0.1,10,148,2000,10,0.05300617218017578,True,False,0.46619338933528126,0.46619338933528126,,2026-02-04T18:51:08.701720,True,0.0
100,2,0.1,11,151,2000,11,0.05434584617614746,True,False,0.4403973509933775,0.4403973509933775,,2026-02-04T18:51:08.981162,True,0.0
100,2,0.1,12,161,2000,12,0.05474090576171875,True,False,0.4254272597507812,0.4254272597507812,,2026-02-04T18:51:09.259639,True,0.0
100,2,0.1,13,155,2000,13,0.053112030029296875,True,False,0.44836628511966703,0.44836628511966703,,2026-02-04T18:51:09.536014,True,0.0
100,2,0.1,14,151,2000,14,0.04924583435058594,True,False,0.4480285952370511,0.4480285952370511,,2026-02-04T18:51:09.807297,True,0.0
100,2,0.1,15,140,2000,15,0.05415487289428711,True,False,0.4642602040816326,0.4642602040816326,,2026-02-04T18:51:10.083608,True,0.0
100,2,0.1,16,155,2000,16,0.05375075340270996,True,False,0.467741935483871,0.467741935483871,,2026-02-04T18:51:10.359047,True,0.0
100,2,0.1,17,156,2000,17,0.05338287353515625,True,False,0.4294666337935569,0.4294666337935569,,2026-02-04T18:51:10.635850,True,0.0
100,2,0.1,18,155,2000,18,0.04926419258117676,True,False,0.42255983350676385,0.42255983350676385,,2026-02-04T18:51:10.909706,True,0.0
100,2,0.1,19,161,2000,19,0.052477359771728516,True,False,0.4335480884225146,0.4335480884225146,,2026-02-04T18:51:11.186822,True,0.0
100,2,0.1,20,147,2000,20,0.0541529655456543,True,False,0.4772779860243418,0.4772779860243418,,2026-02-04T18:51:11.465461,True,0.0
100,2,0.1,21,149,2000,21,0.05240917205810547,True,False,0.42608441061213453,0.42608441061213453,,2026-02-04T18:51:11.740022,True,0.0
100,2,0.1,22,154,2000,22,0.052017927169799805,True,False,0.4528377466689154,0.4528377466689154,,2026-02-04T18:51:12.015635,True,0.0
100,2,0.1,23,151,2000,23,0.05426907539367676,True,False,0.4337529055743169,0.4337529055743169,,2026-02-04T18:51:12.295002,True,0.0
100,2,0.1,24,171,2000,24,0.0537569522857666,True,False,0.45796997366711123,0.45796997366711123,,2026-02-04T18:51:12.572719,True,0.0
100,2,0.1,25,142,2000,25,0.05220317840576172,True,False,0.4561594921642531,0.4561594921642531,,2026-02-04T18:51:12.851013,True,0.0
100,2,0.1,26,168,2000,26,0.0544741153717041,True,False,0.43053784013605434,0.43053784013605434,,2026-02-04T18:51:13.127526,True,0.0
100,2,0.1,27,168,2000,27,0.05099678039550781,True,False,0.4199971655328798,0.4214852607709751,,2026-02-04T18:51:13.403887,False,0.0014880952380952883
100,2,0.1,28,170,2000,28,0.05289292335510254,True,False,0.4344463667820069,0.4344463667820069,,2026-02-04T18:51:13.680862,True,0.0
100,2,0.1,29,156,2000,29,0.05011272430419922,True,False,0.45948389217619984,0.45948389217619984,,2026-02-04T18:51:13.956651,True,0.0
100,2,0.1,30,155,2000,30,0.05450320243835449,True,False,0.4507596253902185,0.4507596253902185,,2026-02-04T18:51:14.234799,True,0.0
100,2,0.1,31,140,2000,31,0.05114412307739258,True,False,0.4483418367346938,0.4483418367346938,,2026-02-04T18:51:14.510790,True,0.0
100,2,0.1,32,146,2000,32,0.056478261947631836,True,False,0.4585288046537811,0.4585288046537811,,2026-02-04T18:51:14.792680,True,0.0
100,2,0.1,33,155,2000,33,0.051303863525390625,True,False,0.43496357960457854,0.43496357960457854,,2026-02-04T18:51:15.071688,True,0.0
100,2,0.1,34,165,2000,34,0.05245685577392578,True,False,0.42725436179981635,0.42725436179981635,,2026-02-04T18:51:15.348871,True,0.0
100,2,0.1,35,154,2000,35,0.053930044174194336,True,False,0.4412211165457919,0.4412211165457919,,2026-02-04T18:51:15.627564,True,0.0
100,2,0.1,36,153,2000,36,0.04995298385620117,True,False,0.41503267973856206,0.4179589046947755,,2026-02-04T18:51:15.903002,False,0.002926224956213419
100,2,0.1,37,165,2000,37,0.05314898490905762,True,False,0.4500275482093664,0.4500275482093664,,2026-02-04T18:51:16.181494,True,0.0
100,2,0.1,38,152,2000,38,0.05477094650268555,True,False,0.4535145429362881,0.4535145429362881,,2026-02-04T18:51:16.462447,True,0.0
100,2,0.1,39,161,2000,39,0.05502510070800781,True,False,0.45459280120365725,0.45459280120365725,,2026-02-04T18:51:16.742206,True,0.0
100,2,0.1,40,151,2000,40,0.053195953369140625,True,False,0.44524362966536557,0.44524362966536557,,2026-02-04T18:51:17.020352,True,0.0
100,2,0.1,41,139,2000,41,0.05288290977478027,True,False,0.4352517985611511,0.43796904922105484,,2026-02-04T18:51:17.296890,False,0.002717250659903747
100,2,0.1,42,150,2000,42,0.05170869827270508,True,False,0.4266444444444444,0.43191111111111113,,2026-02-04T18:51:17.574395,False,0.005266666666666753
100,2,0.1,43,161,2000,43,0.053299903869628906,True,False,0.44286485860884994,0.44286485860884994,,2026-02-04T18:51:17.852305,True,0.0
100,2,0.1,44,157,2000,44,0.05296015739440918,True,False,0.4235465941823199,0.4235465941823199,,2026-02-04T18:51:18.130334,True,0.0
100,2,0.1,45,160,2000,45,0.05100893974304199,True,False,0.431171875,0.43341796875,,2026-02-04T18:51:18.406545,False,0.002246093750000011
100,2,0.1,46,143,2000,46,0.0515446662902832,True,False,0.4560614210963862,0.4560614210963862,,2026-02-04T18:51:18.683519,True,0.0
100,2,0.1,47,154,2000,47,0.05286812782287598,True,False,0.4410313712261764,0.4412211165457919,,2026-02-04T18:51:18.965903,False,0.00018974531961546415
100,2,0.1,48,147,2000,48,0.053109169006347656,True,False,0.4600629367393216,0.4600629367393216,,2026-02-04T18:51:19.247783,True,0.0
100,2,0.1,49,166,2000,49,0.056427955627441406,True,False,0.46385542168674704,0.46385542168674704,,2026-02-04T18:51:19.529535,True,0.0
100,2,0.1,50,161,2000,50,0.053671836853027344,True,False,0.45274102079395084,0.45274102079395084,,2026-02-04T18:51:19.807328,True,0.0
100,2,0.1,51,135,2000,51,0.05153393745422363,True,False,0.41108367626886144,0.4175308641975308,,2026-02-04T18:51:20.084341,False,0.0064471879286693845
100,2,0.1,52,164,2000,52,0.05000615119934082,True,False,0.4693448839976204,0.4693448839976204,,2026-02-04T18:51:20.359532,True,0.0
100,2,0.1,53,150,2000,53,0.05397677421569824,True,False,0.44586666666666663,0.44586666666666663,,2026-02-04T18:51:20.640058,True,0.0
100,2,0.1,54,150,2000,54,0.051210880279541016,True,False,0.4463111111111111,0.4463111111111111,,2026-02-04T18:51:20.917367,True,0.0
100,2,0.1,55,155,2000,55,0.05203700065612793,True,False,0.4518418314255983,0.4518418314255983,,2026-02-04T18:51:21.196457,True,0.0
100,2,0.1,56,159,2000,56,0.05688595771789551,True,False,0.47434832482892286,0.47434832482892286,,2026-02-04T18:51:21.478355,True,0.0
100,2,0.1,57,150,2000,57,0.053080081939697266,True,False,0.4335777777777777,0.4335777777777777,,2026-02-04T18:51:21.756472,True,0.0
100,2,0.1,58,151,2000,58,0.050859928131103516,True,False,0.4406824262093768,0.4406824262093768,,2026-02-04T18:51:22.031887,True,0.0
100,2,0.1,59,156,2000,59,0.050776004791259766,True,False,0.4349112426035502,0.4417940499671268,,2026-02-04T18:51:22.306826,False,0.006882807363576604
100,2,0.1,60,154,2000,60,0.05014300346374512,True,False,0.441537358745151,0.441537358745151,,2026-02-04T18:51:22.584530,True,0.0
100,2,0.1,61,152,2000,61,0.05572986602783203,True,False,0.458362188365651,0.458362188365651,,2026-02-04T18:51:22.865793,True,0.0
100,2,0.1,62,165,2000,62,0.054837703704833984,True,False,0.44545454545454544,0.44545454545454544,,2026-02-04T18:51:23.147390,True,0.0
100,2,0.1,63,165,2000,63,0.05267214775085449,True,False,0.42275482093663913,0.42275482093663913,,2026-02-04T18:51:23.424466,True,0.0
100,2,0.1,64,145,2000,64,0.05290102958679199,True,False,0.4456361474435196,0.4456361474435196,,2026-02-04T18:51:23.705721,True,0.0
100,2,0.1,65,141,2000,65,0.052659034729003906,True,False,0.4562144761329912,0.4562144761329912,,2026-02-04T18:51:23.983065,True,0.0
100,2,0.1,66,142,2000,66,0.05317378044128418,True,False,0.4516712953779013,0.4516712953779013,,2026-02-04T18:51:24.262420,True,0.0
100,2,0.1,67,151,2000,67,0.049262046813964844,True,False,0.4165387483005131,0.4178764089294329,,2026-02-04T18:51:24.536824,False,0.0013376606289198234
100,2,0.1,68,160,2000,68,0.0514218807220459,True,False,0.43625,0.43625,,2026-02-04T18:51:24.815514,True,0.0
100,2,0.1,69,138,2000,69,0.05255913734436035,True,False,0.4420289855072464,0.44609850871665613,,2026-02-04T18:51:25.096389,False,0.004069523209409731
100,2,0.1,70,164,2000,70,0.05399203300476074,True,False,0.43783462224866143,0.43783462224866143,,2026-02-04T18:51:25.376017,True,0.0
100,2,0.1,71,165,2000,71,0.053562164306640625,True,False,0.438494031221304,0.438494031221304,,2026-02-04T18:51:25.654226,True,0.0
100,2,0.1,72,135,2000,72,0.052207231521606445,True,False,0.4258984910836763,0.4258984910836763,,2026-02-04T18:51:25.931961,True,0.0
100,2,0.1,73,157,2000,73,0.0552210807800293,True,False,0.44137693212706397,0.44137693212706397,,2026-02-04T18:51:26.211639,True,0.0
100,2,0.1,74,144,2000,74,0.05422711372375488,True,False,0.4598524305555556,0.4598524305555556,,2026-02-04T18:51:26.490536,True,0.0
100,2,0.1,75,159,2000,75,0.05352497100830078,True,False,0.4308176100628931,0.4308176100628931,,2026-02-04T18:51:26.768643,True,0.0
100,2,0.1,76,160,2000,76,0.0520327091217041,True,False,0.4375,0.4375,,2026-02-04T18:51:27.045545,True,0.0
100,2,0.1,77,150,2000,77,0.052033185958862305,True,False,0.43333333333333335,0.43333333333333335,,2026-02-04T18:51:27.321800,True,0.0
100,2,0.1,78,152,2000,78,0.05205821990966797,True,False,0.447693040166205,0.447693040166205,,2026-02-04T18:51:27.597319,True,0.0
100,2,0.1,79,153,2000,79,0.051976919174194336,True,False,0.4466658122944167,0.4466658122944167,,2026-02-04T18:51:27.873363,True,0.0
100,2,0.1,80,166,2000,80,0.0555112361907959,True,False,0.43444258963565113,0.43444258963565113,,2026-02-04T18:51:28.153730,True,0.0
100,2,0.1,81,154,2000,81,0.05021095275878906,True,False,0.43226092089728463,0.43226092089728463,,2026-02-04T18:51:28.428466,True,0.0
100,2,0.1,82,158,2000,82,0.05178403854370117,True,False,0.45567617369011376,0.45567617369011376,,2026-02-04T18:51:28.703964,True,0.0
100,2,0.1,83,153,2000,83,0.04968404769897461,True,False,0.4500619419881243,0.4500619419881243,,2026-02-04T18:51:28.980612,True,0.0
100,2,0.1,84,151,2000,84,0.054289817810058594,True,False,0.43103372659093897,0.4316258058857067,,2026-02-04T18:51:29.259239,False,0.0005920792947677334
100,2,0.1,85,151,2000,85,0.0532841682434082,True,False,0.4337529055743169,0.4337529055743169,,2026-02-04T18:51:29.538921,True,0.0
100,2,0.1,86,150,2000,86,0.05342221260070801,True,False,0.44691111111111104,0.44691111111111104,,2026-02-04T18:51:29.818095,True,0.0
100,2,0.1,87,155,2000,87,0.05248093605041504,True,False,0.4329656607700311,0.4329656607700311,,2026-02-04T18:51:30.097069,True,0.0
100,2,0.1,88,160,2000,88,0.051271915435791016,True,False,0.453046875,0.453046875,,2026-02-04T18:51:30.373690,True,0.0
100,2,0.1,89,151,2000,89,0.05204415321350098,True,False,0.45285294504626983,0.45285294504626983,,2026-02-04T18:51:30.649984,True,0.0
100,2,0.1,90,168,2000,90,0.05466318130493164,True,False,0.4512471655328798,0.4512471655328798,,2026-02-04T18:51:30.930071,True,0.0
100,2,0.1,91,155,2000,91,0.0527951717376709,True,False,0.4547554630593132,0.4547554630593132,,2026-02-04T18:51:31.207371,True,0.0
100,2,0.1,92,157,2000,92,0.051650047302246094,True,False,0.42993630573248415,0.42993630573248415,,2026-02-04T18:51:31.483403,True,0.0
100,2,0.1,93,153,2000,93,0.049266815185546875,True,False,0.4273356401384083,0.4273356401384083,,2026-02-04T18:51:31.757157,True,0.0
100,2,0.1,94,141,2000,94,0.053227901458740234,True,False,0.4325486645540968,0.4359941652834364,,2026-02-04T18:51:32.036912,False,0.003445500729339579
100,2,0.1,95,162,2000,95,0.05069279670715332,True,False,0.4439681450998323,0.4439681450998323,,2026-02-04T18:51:32.312019,True,0.0
100,2,0.1,96,161,2000,96,0.05449080467224121,True,False,0.4378689093784962,0.4378689093784962,,2026-02-04T18:51:32.590022,True,0.0
100,2,0.1,97,157,2000,97,0.05066084861755371,True,False,0.4270152947381233,0.4270152947381233,,2026-02-04T18:51:32.863024,True,0.0
100,2,0.1,98,147,2000,98,0.05493927001953125,True,False,0.45090008792632696,0.45090008792632696,,2026-02-04T18:51:33.143767,True,0.0
100,2,0.1,99,152,2000,99,0.04977703094482422,True,False,0.4473684210526315,0.4473684210526315,,2026-02-04T18:51:33.417810,True,0.0
100,2,0.1,0,149,5000,0,0.11902093887329102,True,False,0.431061663889014,0.431061663889014,,2026-02-04T18:51:33.761720,True,0.0
100,2,0.1,1,152,5000,1,0.11826586723327637,True,False,0.4342105263157895,0.4342105263157895,,2026-02-04T18:51:34.105707,True,0.0
100,2,0.1,2,142,5000,2,0.12201595306396484,True,False,0.4411823050981948,0.4411823050981948,,2026-02-04T18:51:34.451773,True,0.0
100,2,0.1,3,141,5000,3,0.12346887588500977,True,False,0.4673809164528947,0.4673809164528947,,2026-02-04T18:51:34.800258,True,0.0
100,2,0.1,4,154,5000,4,0.12310028076171875,True,False,0.43961882273570585,0.43961882273570585,,2026-02-04T18:51:35.149005,True,0.0
100,2,0.1,5,158,5000,5,0.11951708793640137,True,False,0.44544143566736105,0.44544143566736105,,2026-02-04T18:51:35.491656,True,0.0
100,2,0.1,6,154,5000,6,0.11857914924621582,True,False,0.4260204081632653,0.4260204081632653,,2026-02-04T18:51:35.835773,True,0.0
100,2,0.1,7,149,5000,7,0.1184377670288086,True,False,0.4570064411512995,0.4570064411512995,,2026-02-04T18:51:36.177194,True,0.0
100,2,0.1,8,154,5000,8,0.13078022003173828,True,False,0.463821892393321,0.463821892393321,,2026-02-04T18:51:36.532537,True,0.0
100,2,0.1,9,147,5000,9,0.12559103965759277,True,False,0.44370401221713174,0.44370401221713174,,2026-02-04T18:51:36.885419,True,0.0
100,2,0.1,10,148,5000,10,0.1197199821472168,True,False,0.46619338933528126,0.46619338933528126,,2026-02-04T18:51:37.231216,True,0.0
100,2,0.1,11,151,5000,11,0.12337112426757812,True,False,0.4403973509933775,0.4403973509933775,,2026-02-04T18:51:37.579928,True,0.0
100,2,0.1,12,161,5000,12,0.12757205963134766,True,False,0.4254272597507812,0.4254272597507812,,2026-02-04T18:51:37.931485,True,0.0
100,2,0.1,13,155,5000,13,0.12190485000610352,True,False,0.44836628511966703,0.44836628511966703,,2026-02-04T18:51:38.278399,True,0.0
100,2,0.1,14,151,5000,14,0.11438584327697754,True,False,0.4480285952370511,0.4480285952370511,,2026-02-04T18:51:38.618548,True,0.0
100,2,0.1,15,140,5000,15,0.11836528778076172,True,False,0.4642602040816326,0.4642602040816326,,2026-02-04T18:51:38.961256,True,0.0
100,2,0.1,16,155,5000,16,0.126021146774292,True,False,0.467741935483871,0.467741935483871,,2026-02-04T18:51:39.312886,True,0.0
100,2,0.1,17,156,5000,17,0.12404704093933105,True,False,0.4294666337935569,0.4294666337935569,,2026-02-04T18:51:39.661810,True,0.0
100,2,0.1,18,155,5000,18,0.11539673805236816,True,False,0.42255983350676385,0.42255983350676385,,2026-02-04T18:51:40.001891,True,0.0
100,2,0.1,19,161,5000,19,0.12903809547424316,True,False,0.4335480884225146,0.4335480884225146,,2026-02-04T18:51:40.355860,True,0.0
100,2,0.1,20,147,5000,20,0.12744784355163574,True,False,0.4772779860243418,0.4772779860243418,,2026-02-04T18:51:40.707956,True,0.0
100,2,0.1,21,149,5000,21,0.11736297607421875,True,False,0.42608441061213453,0.42608441061213453,,2026-02-04T18:51:41.048966,True,0.0
100,2,0.1,22,154,5000,22,0.11806297302246094,True,False,0.4528377466689154,0.4528377466689154,,2026-02-04T18:51:41.392432,True,0.0
100,2,0.1,23,151,5000,23,0.1221933364868164,True,False,0.4337529055743169,0.4337529055743169,,2026-02-04T18:51:41.740201,True,0.0
100,2,0.1,24,171,5000,24,0.12675976753234863,True,False,0.45796997366711123,0.45796997366711123,,2026-02-04T18:51:42.089323,True,0.0
100,2,0.1,25,142,5000,25,0.12176704406738281,True,False,0.4561594921642531,0.4561594921642531,,2026-02-04T18:51:42.436735,True,0.0
100,2,0.1,26,168,5000,26,0.1260237693786621,True,False,0.43053784013605434,0.43053784013605434,,2026-02-04T18:51:42.786388,True,0.0
100,2,0.1,27,168,5000,27,0.11787605285644531,True,False,0.4199971655328798,0.4214852607709751,,2026-02-04T18:51:43.127395,False,0.0014880952380952883
100,2,0.1,28,170,5000,28,0.12024784088134766,True,False,0.4344463667820069,0.4344463667820069,,2026-02-04T18:51:43.472838,True,0.0
100,2,0.1,29,156,5000,29,0.11740779876708984,True,False,0.45948389217619984,0.45948389217619984,,2026-02-04T18:51:43.814635,True,0.0
100,2,0.1,30,155,5000,30,0.12651515007019043,True,False,0.4507596253902185,0.4507596253902185,,2026-02-04T18:51:44.166548,True,0.0
100,2,0.1,31,140,5000,31,0.11757516860961914,True,False,0.4483418367346938,0.4483418367346938,,2026-02-04T18:51:44.507552,True,0.0
100,2,0.1,32,146,5000,32,0.1312260627746582,True,False,0.4585288046537811,0.4585288046537811,,2026-02-04T18:51:44.862468,True,0.0
100,2,0.1,33,155,5000,33,0.11948895454406738,True,False,0.43496357960457854,0.43496357960457854,,2026-02-04T18:51:45.209901,True,0.0
100,2,0.1,34,165,5000,34,0.12089705467224121,True,False,0.42725436179981635,0.42725436179981635,,2026-02-04T18:51:45.558035,True,0.0
100,2,0.1,35,154,5000,35,0.12498712539672852,True,False,0.4412211165457919,0.4412211165457919,,2026-02-04T18:51:45.907146,True,0.0
100,2,0.1,36,153,5000,36,0.11820173263549805,True,False,0.41503267973856206,0.4179589046947755,,2026-02-04T18:51:46.248371,False,0.002926224956213419
100,2,0.1,37,165,5000,37,0.1240849494934082,True,False,0.4500275482093664,0.4500275482093664,,2026-02-04T18:51:46.597049,True,0.0
100,2,0.1,38,152,5000,38,0.12817788124084473,True,False,0.4535145429362881,0.4535145429362881,,2026-02-04T18:51:46.947650,True,0.0
100,2,0.1,39,161,5000,39,0.12879300117492676,True,False,0.45459280120365725,0.45459280120365725,,2026-02-04T18:51:47.301406,True,0.0
100,2,0.1,40,151,5000,40,0.14638829231262207,True,False,0.44524362966536557,0.44524362966536557,,2026-02-04T18:51:47.671259,True,0.0
100,2,0.1,41,139,5000,41,0.12170004844665527,True,False,0.4352517985611511,0.43796904922105484,,2026-02-04T18:51:48.021626,False,0.002717250659903747
100,2,0.1,42,150,5000,42,0.11781811714172363,True,False,0.4266444444444444,0.43191111111111113,,2026-02-04T18:51:48.366560,False,0.005266666666666753
100,2,0.1,43,161,5000,43,0.12715482711791992,True,False,0.44286485860884994,0.44286485860884994,,2026-02-04T18:51:48.719314,True,0.0
100,2,0.1,44,157,5000,44,0.14164209365844727,True,False,0.4235465941823199,0.4235465941823199,,2026-02-04T18:51:49.086420,True,0.0
100,2,0.1,45,160,5000,45,0.14546990394592285,True,False,0.431171875,0.43341796875,,2026-02-04T18:51:49.522688,False,0.002246093750000011
100,2,0.1,46,143,5000,46,0.12372899055480957,True,False,0.4560614210963862,0.4560614210963862,,2026-02-04T18:51:49.974059,True,0.0
100,2,0.1,47,154,5000,47,0.18439602851867676,True,False,0.4412211165457919,0.4412211165457919,,2026-02-04T18:51:50.479717,True,0.0
100,2,0.1,48,147,5000,48,0.13080286979675293,True,False,0.4600629367393216,0.4600629367393216,,2026-02-04T18:51:50.850761,True,0.0
100,2,0.1,49,166,5000,49,0.13000822067260742,True,False,0.46385542168674704,0.46385542168674704,,2026-02-04T18:51:51.242197,True,0.0
100,2,0.1,50,161,5000,50,0.12206315994262695,True,False,0.45274102079395084,0.45274102079395084,,2026-02-04T18:51:51.589299,True,0.0
100,2,0.1,51,135,5000,51,0.11838603019714355,True,False,0.41108367626886144,0.4175308641975308,,2026-02-04T18:51:51.939390,False,0.0064471879286693845
100,2,0.1,52,164,5000,52,0.11526131629943848,True,False,0.4693448839976204,0.4693448839976204,,2026-02-04T18:51:52.283745,True,0.0
100,2,0.1,53,150,5000,53,0.12828516960144043,True,False,0.44586666666666663,0.44586666666666663,,2026-02-04T18:51:52.637147,True,0.0
100,2,0.1,54,150,5000,54,0.11658382415771484,True,False,0.4463111111111111,0.4463111111111111,,2026-02-04T18:51:52.977736,True,0.0
100,2,0.1,55,155,5000,55,0.11612796783447266,True,False,0.4518418314255983,0.4518418314255983,,2026-02-04T18:51:53.320051,True,0.0
100,2,0.1,56,159,5000,56,0.1329479217529297,True,False,0.47434832482892286,0.47434832482892286,,2026-02-04T18:51:53.677439,True,0.0
100,2,0.1,57,150,5000,57,0.12315201759338379,True,False,0.4335777777777777,0.4335777777777777,,2026-02-04T18:51:54.026965,True,0.0
100,2,0.1,58,151,5000,58,0.11688613891601562,True,False,0.4406824262093768,0.4406824262093768,,2026-02-04T18:51:54.369707,True,0.0
100,2,0.1,59,156,5000,59,0.11838793754577637,True,False,0.4417940499671268,0.4417940499671268,,2026-02-04T18:51:54.711442,True,0.0
100,2,0.1,60,154,5000,60,0.11571192741394043,True,False,0.441537358745151,0.441537358745151,,2026-02-04T18:51:55.052778,True,0.0
100,2,0.1,61,152,5000,61,0.12714505195617676,True,False,0.458362188365651,0.458362188365651,,2026-02-04T18:51:55.402935,True,0.0
100,2,0.1,62,165,5000,62,0.12691378593444824,True,False,0.44545454545454544,0.44545454545454544,,2026-02-04T18:51:55.755983,True,0.0
100,2,0.1,63,165,5000,63,0.1222531795501709,True,False,0.42275482093663913,0.42275482093663913,,2026-02-04T18:51:56.101718,True,0.0
100,2,0.1,64,145,5000,64,0.12474513053894043,True,False,0.4456361474435196,0.4456361474435196,,2026-02-04T18:51:56.452264,True,0.0
100,2,0.1,65,141,5000,65,0.12407994270324707,True,False,0.4562144761329912,0.4562144761329912,,2026-02-04T18:51:56.800944,True,0.0
100,2,0.1,66,142,5000,66,0.12196922302246094,True,False,0.4516712953779013,0.4516712953779013,,2026-02-04T18:51:57.146399,True,0.0
100,2,0.1,67,151,5000,67,0.11640596389770508,True,False,0.4165387483005131,0.4178764089294329,,2026-02-04T18:51:57.486583,False,0.0013376606289198234
100,2,0.1,68,160,5000,68,0.12408781051635742,True,False,0.43625,0.43625,,2026-02-04T18:51:57.833666,True,0.0
100,2,0.1,69,138,5000,69,0.12156295776367188,True,False,0.4420289855072464,0.44609850871665613,,2026-02-04T18:51:58.186835,False,0.004069523209409731
100,2,0.1,70,164,5000,70,0.12587213516235352,True,False,0.43783462224866143,0.43783462224866143,,2026-02-04T18:51:58.534361,True,0.0
100,2,0.1,71,165,5000,71,0.12297821044921875,True,False,0.438494031221304,0.438494031221304,,2026-02-04T18:51:58.905958,True,0.0
100,2,0.1,72,135,5000,72,0.12177896499633789,True,False,0.4258984910836763,0.4258984910836763,,2026-02-04T18:51:59.265377,True,0.0
100,2,0.1,73,157,5000,73,0.159559965133667,True,False,0.44137693212706397,0.44137693212706397,,2026-02-04T18:51:59.665487,True,0.0
100,2,0.1,74,144,5000,74,0.1396329402923584,True,False,0.4598524305555556,0.4598524305555556,,2026-02-04T18:52:00.046016,True,0.0
100,2,0.1,75,159,5000,75,0.1262359619140625,True,False,0.4308176100628931,0.4308176100628931,,2026-02-04T18:52:00.409163,True,0.0
100,2,0.1,76,160,5000,76,0.12170600891113281,True,False,0.4375,0.4375,,2026-02-04T18:52:00.781774,True,0.0
100,2,0.1,77,150,5000,77,0.12409687042236328,True,False,0.43333333333333335,0.43333333333333335,,2026-02-04T18:52:01.150759,True,0.0
100,2,0.1,78,152,5000,78,0.12952303886413574,True,False,0.447693040166205,0.447693040166205,,2026-02-04T18:52:01.560832,True,0.0
100,2,0.1,79,153,5000,79,0.12088418006896973,True,False,0.4466658122944167,0.4466658122944167,,2026-02-04T18:52:01.906922,True,0.0
100,2,0.1,80,166,5000,80,0.12875890731811523,True,False,0.43444258963565113,0.43444258963565113,,2026-02-04T18:52:02.260900,True,0.0
100,2,0.1,81,154,5000,81,0.11669516563415527,True,False,0.43226092089728463,0.43226092089728463,,2026-02-04T18:52:02.604090,True,0.0
100,2,0.1,82,158,5000,82,0.12093591690063477,True,False,0.45567617369011376,0.45567617369011376,,2026-02-04T18:52:02.950758,True,0.0
100,2,0.1,83,153,5000,83,0.11608600616455078,True,False,0.4500619419881243,0.4500619419881243,,2026-02-04T18:52:03.288657,True,0.0
100,2,0.1,84,151,5000,84,0.12667083740234375,True,False,0.43103372659093897,0.4316258058857067,,2026-02-04T18:52:03.642147,False,0.0005920792947677334
100,2,0.1,85,151,5000,85,0.11989903450012207,True,False,0.4337529055743169,0.4337529055743169,,2026-02-04T18:52:03.984165,True,0.0
100,2,0.1,86,150,5000,86,0.12381696701049805,True,False,0.44691111111111104,0.44691111111111104,,2026-02-04T18:52:04.335650,True,0.0
100,2,0.1,87,155,5000,87,0.12059187889099121,True,False,0.4329656607700311,0.4329656607700311,,2026-02-04T18:52:04.679111,True,0.0
100,2,0.1,88,160,5000,88,0.12411093711853027,True,False,0.453046875,0.453046875,,2026-02-04T18:52:05.026017,True,0.0
100,2,0.1,89,151,5000,89,0.1191720962524414,True,False,0.45285294504626983,0.45285294504626983,,2026-02-04T18:52:05.371560,True,0.0
100,2,0.1,90,168,5000,90,0.12642478942871094,True,False,0.4512471655328798,0.4512471655328798,,2026-02-04T18:52:05.718242,True,0.0
100,2,0.1,91,155,5000,91,0.12176108360290527,True,False,0.4547554630593132,0.4547554630593132,,2026-02-04T18:52:06.065078,True,0.0
100,2,0.1,92,157,5000,92,0.12053298950195312,True,False,0.42993630573248415,0.42993630573248415,,2026-02-04T18:52:06.409476,True,0.0
100,2,0.1,93,153,5000,93,0.11505293846130371,True,False,0.4273356401384083,0.4273356401384083,,2026-02-04T18:52:06.748142,True,0.0
100,2,0.1,94,141,5000,94,0.1228790283203125,True,False,0.4325486645540968,0.4359941652834364,,2026-02-04T18:52:07.092632,False,0.003445500729339579
100,2,0.1,95,162,5000,95,0.11582088470458984,True,False,0.4439681450998323,0.4439681450998323,,2026-02-04T18:52:07.468402,True,0.0
100,2,0.1,96,161,5000,96,0.12766289710998535,True,False,0.4378689093784962,0.4378689093784962,,2026-02-04T18:52:07.822306,True,0.0
100,2,0.1,97,157,5000,97,0.11718177795410156,True,False,0.4270152947381233,0.4270152947381233,,2026-02-04T18:52:08.160973,True,0.0
100,2,0.1,98,147,5000,98,0.12873482704162598,True,False,0.45090008792632696,0.45090008792632696,,2026-02-04T18:52:08.516458,True,0.0
100,2,0.1,99,152,5000,99,0.12221479415893555,True,False,0.4473684210526315,0.4473684210526315,,2026-02-04T18:52:08.861332,True,0.0
100,2,0.1,0,149,10000,0,0.22580981254577637,True,False,0.431061663889014,0.431061663889014,,2026-02-04T18:52:09.314712,True,0.0
100,2,0.1,1,152,10000,1,0.22980570793151855,True,False,0.4342105263157895,0.4342105263157895,,2026-02-04T18:52:09.770151,True,0.0
100,2,0.1,2,142,10000,2,0.23509812355041504,True,False,0.4411823050981948,0.4411823050981948,,2026-02-04T18:52:10.227529,True,0.0
100,2,0.1,3,141,10000,3,0.24672198295593262,True,False,0.4673809164528947,0.4673809164528947,,2026-02-04T18:52:10.697821,True,0.0
100,2,0.1,4,154,10000,4,0.23919296264648438,True,False,0.43961882273570585,0.43961882273570585,,2026-02-04T18:52:11.162996,True,0.0
100,2,0.1,5,158,10000,5,0.22536897659301758,True,False,0.44544143566736105,0.44544143566736105,,2026-02-04T18:52:11.612827,True,0.0
100,2,0.1,6,154,10000,6,0.2331690788269043,True,False,0.4260204081632653,0.4260204081632653,,2026-02-04T18:52:12.069242,True,0.0
100,2,0.1,7,149,10000,7,0.2311251163482666,True,False,0.4570064411512995,0.4570064411512995,,2026-02-04T18:52:12.520142,True,0.0
100,2,0.1,8,154,10000,8,0.2460329532623291,True,False,0.463821892393321,0.463821892393321,,2026-02-04T18:52:12.992213,True,0.0
100,2,0.1,9,147,10000,9,0.2445230484008789,True,False,0.44370401221713174,0.44370401221713174,,2026-02-04T18:52:13.462017,True,0.0
100,2,0.1,10,148,10000,10,0.23819804191589355,True,False,0.46619338933528126,0.46619338933528126,,2026-02-04T18:52:13.924105,True,0.0
100,2,0.1,11,151,10000,11,0.24027585983276367,True,False,0.4403973509933775,0.4403973509933775,,2026-02-04T18:52:14.387548,True,0.0
100,2,0.1,12,161,10000,12,0.24457812309265137,True,False,0.4254272597507812,0.4254272597507812,,2026-02-04T18:52:14.857016,True,0.0
100,2,0.1,13,155,10000,13,0.24190783500671387,True,False,0.44836628511966703,0.44836628511966703,,2026-02-04T18:52:15.326644,True,0.0
100,2,0.1,14,151,10000,14,0.22179818153381348,True,False,0.4480285952370511,0.4480285952370511,,2026-02-04T18:52:15.773535,True,0.0
100,2,0.1,15,140,10000,15,0.2359631061553955,True,False,0.4642602040816326,0.4642602040816326,,2026-02-04T18:52:16.229974,True,0.0
100,2,0.1,16,155,10000,16,0.24075007438659668,True,False,0.467741935483871,0.467741935483871,,2026-02-04T18:52:16.696337,True,0.0
100,2,0.1,17,156,10000,17,0.24137616157531738,True,False,0.4294666337935569,0.4294666337935569,,2026-02-04T18:52:17.162924,True,0.0
100,2,0.1,18,155,10000,18,0.22241520881652832,True,False,0.42255983350676385,0.42255983350676385,,2026-02-04T18:52:17.612859,True,0.0
100,2,0.1,19,161,10000,19,0.24019932746887207,True,False,0.4335480884225146,0.4335480884225146,,2026-02-04T18:52:18.077013,True,0.0
100,2,0.1,20,147,10000,20,0.24929213523864746,True,False,0.4772779860243418,0.4772779860243418,,2026-02-04T18:52:18.549487,True,0.0
100,2,0.1,21,149,10000,21,0.26444387435913086,True,False,0.42608441061213453,0.42608441061213453,,2026-02-04T18:52:19.039320,True,0.0
100,2,0.1,22,154,10000,22,0.23160600662231445,True,False,0.4528377466689154,0.4528377466689154,,2026-02-04T18:52:19.501641,True,0.0
100,2,0.1,23,151,10000,23,0.24375104904174805,True,False,0.4337529055743169,0.4337529055743169,,2026-02-04T18:52:19.968522,True,0.0
100,2,0.1,24,171,10000,24,0.24556589126586914,True,False,0.45796997366711123,0.45796997366711123,,2026-02-04T18:52:20.436627,True,0.0
100,2,0.1,25,142,10000,25,0.23642206192016602,True,False,0.4561594921642531,0.4561594921642531,,2026-02-04T18:52:20.898260,True,0.0
100,2,0.1,26,168,10000,26,0.24396300315856934,True,False,0.43053784013605434,0.43053784013605434,,2026-02-04T18:52:21.370624,True,0.0
100,2,0.1,27,168,10000,27,0.23307418823242188,True,False,0.4199971655328798,0.4214852607709751,,2026-02-04T18:52:21.827858,False,0.0014880952380952883
100,2,0.1,28,170,10000,28,0.23560619354248047,True,False,0.4344463667820069,0.4344463667820069,,2026-02-04T18:52:22.287178,True,0.0
100,2,0.1,29,156,10000,29,0.2299058437347412,True,False,0.45948389217619984,0.45948389217619984,,2026-02-04T18:52:22.743200,True,0.0
100,2,0.1,30,155,10000,30,0.24654889106750488,True,False,0.4507596253902185,0.4507596253902185,,2026-02-04T18:52:23.215033,True,0.0
100,2,0.1,31,140,10000,31,0.22964096069335938,True,False,0.4483418367346938,0.4483418367346938,,2026-02-04T18:52:23.669094,True,0.0
100,2,0.1,32,146,10000,32,0.2581169605255127,True,False,0.4585288046537811,0.4585288046537811,,2026-02-04T18:52:24.154769,True,0.0
100,2,0.1,33,155,10000,33,0.23160815238952637,True,False,0.43496357960457854,0.43496357960457854,,2026-02-04T18:52:24.608988,True,0.0
100,2,0.1,34,165,10000,34,0.23410415649414062,True,False,0.42725436179981635,0.42725436179981635,,2026-02-04T18:52:25.068924,True,0.0
100,2,0.1,35,154,10000,35,0.24670791625976562,True,False,0.4412211165457919,0.4412211165457919,,2026-02-04T18:52:25.538943,True,0.0
100,2,0.1,36,153,10000,36,0.23108482360839844,True,False,0.41503267973856206,0.4179589046947755,,2026-02-04T18:52:25.992214,False,0.002926224956213419
100,2,0.1,37,165,10000,37,0.24064397811889648,True,False,0.4500275482093664,0.4500275482093664,,2026-02-04T18:52:26.458325,True,0.0
100,2,0.1,38,152,10000,38,0.24897408485412598,True,False,0.4535145429362881,0.4535145429362881,,2026-02-04T18:52:26.931228,True,0.0
100,2,0.1,39,161,10000,39,0.2505042552947998,True,False,0.45459280120365725,0.45459280120365725,,2026-02-04T18:52:27.404894,True,0.0
100,2,0.1,40,151,10000,40,0.24686503410339355,True,False,0.44524362966536557,0.44524362966536557,,2026-02-04T18:52:27.875384,True,0.0
100,2,0.1,41,139,10000,41,0.24514198303222656,True,False,0.4352517985611511,0.43796904922105484,,2026-02-04T18:52:28.344388,False,0.002717250659903747
100,2,0.1,42,150,10000,42,0.22908997535705566,True,False,0.43191111111111113,0.43191111111111113,,2026-02-04T18:52:28.797701,True,0.0
100,2,0.1,43,161,10000,43,0.23406577110290527,True,False,0.44286485860884994,0.44286485860884994,,2026-02-04T18:52:29.254685,True,0.0
100,2,0.1,44,157,10000,44,0.24081206321716309,True,False,0.4235465941823199,0.4235465941823199,,2026-02-04T18:52:29.718977,True,0.0
100,2,0.1,45,160,10000,45,0.22395920753479004,True,False,0.431171875,0.43341796875,,2026-02-04T18:52:30.165429,False,0.002246093750000011
100,2,0.1,46,143,10000,46,0.23059511184692383,True,False,0.4560614210963862,0.4560614210963862,,2026-02-04T18:52:30.621104,True,0.0
100,2,0.1,47,154,10000,47,0.24224615097045898,True,False,0.4412211165457919,0.4412211165457919,,2026-02-04T18:52:31.088035,True,0.0
100,2,0.1,48,147,10000,48,0.24511194229125977,True,False,0.4600629367393216,0.4600629367393216,,2026-02-04T18:52:31.557878,True,0.0
100,2,0.1,49,166,10000,49,0.2553441524505615,True,False,0.46385542168674704,0.46385542168674704,,2026-02-04T18:52:32.034775,True,0.0
100,2,0.1,50,161,10000,50,0.23979735374450684,True,False,0.45274102079395084,0.45274102079395084,,2026-02-04T18:52:32.498320,True,0.0
100,2,0.1,51,135,10000,51,0.2323000431060791,True,False,0.4175308641975308,0.4175308641975308,,2026-02-04T18:52:32.955531,True,0.0
100,2,0.1,52,164,10000,52,0.2269442081451416,True,False,0.4693448839976204,0.4693448839976204,,2026-02-04T18:52:33.405090,True,0.0
100,2,0.1,53,150,10000,53,0.24897408485412598,True,False,0.44586666666666663,0.44586666666666663,,2026-02-04T18:52:33.875371,True,0.0
100,2,0.1,54,150,10000,54,0.23014092445373535,True,False,0.4463111111111111,0.4463111111111111,,2026-02-04T18:52:34.328732,True,0.0
100,2,0.1,55,155,10000,55,0.22154498100280762,True,False,0.4518418314255983,0.4518418314255983,,2026-02-04T18:52:34.773859,True,0.0
100,2,0.1,56,159,10000,56,0.2585287094116211,True,False,0.47434832482892286,0.47434832482892286,,2026-02-04T18:52:35.253341,True,0.0
100,2,0.1,57,150,10000,57,0.23917102813720703,True,False,0.4335777777777777,0.4335777777777777,,2026-02-04T18:52:35.715259,True,0.0
100,2,0.1,58,151,10000,58,0.228179931640625,True,False,0.4406824262093768,0.4406824262093768,,2026-02-04T18:52:36.165308,True,0.0
100,2,0.1,59,156,10000,59,0.23035812377929688,True,False,0.4417940499671268,0.4417940499671268,,2026-02-04T18:52:36.621420,True,0.0
100,2,0.1,60,154,10000,60,0.2262108325958252,True,False,0.441537358745151,0.441537358745151,,2026-02-04T18:52:37.070448,True,0.0
100,2,0.1,61,152,10000,61,0.2535700798034668,True,False,0.458362188365651,0.458362188365651,,2026-02-04T18:52:37.544702,True,0.0
100,2,0.1,62,165,10000,62,0.24328398704528809,True,False,0.44545454545454544,0.44545454545454544,,2026-02-04T18:52:38.009601,True,0.0
100,2,0.1,63,165,10000,63,0.23824787139892578,True,False,0.42275482093663913,0.42275482093663913,,2026-02-04T18:52:38.471357,True,0.0
100,2,0.1,64,145,10000,64,0.2435469627380371,True,False,0.4456361474435196,0.4456361474435196,,2026-02-04T18:52:38.939369,True,0.0
100,2,0.1,65,141,10000,65,0.2432079315185547,True,False,0.4562144761329912,0.4562144761329912,,2026-02-04T18:52:39.409694,True,0.0
100,2,0.1,66,142,10000,66,0.23343825340270996,True,False,0.4516712953779013,0.4516712953779013,,2026-02-04T18:52:39.865446,True,0.0
100,2,0.1,67,151,10000,67,0.21845197677612305,True,False,0.4165387483005131,0.4178764089294329,,2026-02-04T18:52:40.304813,False,0.0013376606289198234
100,2,0.1,68,160,10000,68,0.22681522369384766,True,False,0.43625,0.43625,,2026-02-04T18:52:40.753578,True,0.0
100,2,0.1,69,138,10000,69,0.24197888374328613,True,False,0.44609850871665613,0.44609850871665613,,2026-02-04T18:52:41.218748,True,0.0
100,2,0.1,70,164,10000,70,0.2426619529724121,True,False,0.43783462224866143,0.43783462224866143,,2026-02-04T18:52:41.684008,True,0.0
100,2,0.1,71,165,10000,71,0.23442387580871582,True,False,0.438494031221304,0.438494031221304,,2026-02-04T18:52:42.141917,True,0.0
100,2,0.1,72,135,10000,72,0.23696112632751465,True,False,0.4258984910836763,0.4258984910836763,,2026-02-04T18:52:42.605271,True,0.0
100,2,0.1,73,157,10000,73,0.25379014015197754,True,False,0.44137693212706397,0.44137693212706397,,2026-02-04T18:52:43.083253,True,0.0
100,2,0.1,74,144,10000,74,0.24846601486206055,True,False,0.4598524305555556,0.4598524305555556,,2026-02-04T18:52:43.554586,True,0.0
100,2,0.1,75,159,10000,75,0.2417902946472168,True,False,0.4308176100628931,0.4308176100628931,,2026-02-04T18:52:44.018533,True,0.0
100,2,0.1,76,160,10000,76,0.23315119743347168,True,False,0.4375,0.4375,,2026-02-04T18:52:44.476404,True,0.0
100,2,0.1,77,150,10000,77,0.23610687255859375,True,False,0.43333333333333335,0.43333333333333335,,2026-02-04T18:52:44.934485,True,0.0
100,2,0.1,78,152,10000,78,0.24333810806274414,True,False,0.447693040166205,0.447693040166205,,2026-02-04T18:52:45.400118,True,0.0
100,2,0.1,79,153,10000,79,0.23765778541564941,True,False,0.4466658122944167,0.4466658122944167,,2026-02-04T18:52:45.860115,True,0.0
100,2,0.1,80,166,10000,80,0.24952983856201172,True,False,0.43444258963565113,0.43444258963565113,,2026-02-04T18:52:46.334034,True,0.0
100,2,0.1,81,154,10000,81,0.23038578033447266,True,False,0.43226092089728463,0.43226092089728463,,2026-02-04T18:52:46.786301,True,0.0
100,2,0.1,82,158,10000,82,0.23834514617919922,True,False,0.45567617369011376,0.45567617369011376,,2026-02-04T18:52:47.246165,True,0.0
100,2,0.1,83,153,10000,83,0.2257840633392334,True,False,0.4500619419881243,0.4500619419881243,,2026-02-04T18:52:47.694950,True,0.0
100,2,0.1,84,151,10000,84,0.24492692947387695,True,False,0.43103372659093897,0.4316258058857067,,2026-02-04T18:52:48.163298,False,0.0005920792947677334
100,2,0.1,85,151,10000,85,0.2414228916168213,True,False,0.4337529055743169,0.4337529055743169,,2026-02-04T18:52:48.629271,True,0.0
100,2,0.1,86,150,10000,86,0.25364208221435547,True,False,0.44691111111111104,0.44691111111111104,,2026-02-04T18:52:49.106818,True,0.0
100,2,0.1,87,155,10000,87,0.25186991691589355,True,False,0.4329656607700311,0.4329656607700311,,2026-02-04T18:52:49.627461,True,0.0
100,2,0.1,88,160,10000,88,0.25049686431884766,True,False,0.453046875,0.453046875,,2026-02-04T18:52:50.129059,True,0.0
100,2,0.1,89,151,10000,89,0.23538517951965332,True,False,0.45285294504626983,0.45285294504626983,,2026-02-04T18:52:50.693026,True,0.0
100,2,0.1,90,168,10000,90,0.2523379325866699,True,False,0.4512471655328798,0.4512471655328798,,2026-02-04T18:52:51.169655,True,0.0
100,2,0.1,91,155,10000,91,0.23473691940307617,True,False,0.4547554630593132,0.4547554630593132,,2026-02-04T18:52:51.629907,True,0.0
100,2,0.1,92,157,10000,92,0.23020696640014648,True,False,0.42993630573248415,0.42993630573248415,,2026-02-04T18:52:52.085639,True,0.0
100,2,0.1,93,153,10000,93,0.2302241325378418,True,False,0.4273356401384083,0.4273356401384083,,2026-02-04T18:52:52.541643,True,0.0
100,2,0.1,94,141,10000,94,0.23653888702392578,True,False,0.4325486645540968,0.4359941652834364,,2026-02-04T18:52:53.001382,False,0.003445500729339579
100,2,0.1,95,162,10000,95,0.22772812843322754,True,False,0.4439681450998323,0.4439681450998323,,2026-02-04T18:52:53.453206,True,0.0
100,2,0.1,96,161,10000,96,0.2474958896636963,True,False,0.4378689093784962,0.4378689093784962,,2026-02-04T18:52:53.925553,True,0.0
100,2,0.1,97,157,10000,97,0.22552490234375,True,False,0.4270152947381233,0.4270152947381233,,2026-02-04T18:52:54.375818,True,0.0
100,2,0.1,98,147,10000,98,0.2617161273956299,True,False,0.45090008792632696,0.45090008792632696,,2026-02-04T18:52:54.861428,True,0.0
100,2,0.1,99,152,10000,99,0.2281029224395752,True,False,0.4473684210526315,0.4473684210526315,,2026-02-04T18:52:55.311227,True,0.0
100,2,0.15,0,149,1,0,0.007424116134643555,True,False,0.3949146434845277,0.4083374622764741,,2026-02-04T18:54:39.220424,False,0.0134228187919464
100,2,0.15,1,152,1,1,0.006945610046386719,True,False,0.4023545706371191,0.4207063711911357,,2026-02-04T18:54:39.455875,False,0.018351800554016584
100,2,0.15,2,142,1,2,0.006894826889038086,True,False,0.38732394366197187,0.41539377107716724,,2026-02-04T18:54:39.688043,False,0.02806982741519537
100,2,0.15,3,141,1,3,0.006707906723022461,True,False,0.41486846738091643,0.429052864544037,,2026-02-04T18:54:39.918769,False,0.014184397163120588
100,2,0.15,4,154,1,4,0.00663304328918457,True,False,0.41320205768257723,0.43295665373587455,,2026-02-04T18:54:40.150158,False,0.019754596053297324
100,2,0.15,5,158,1,5,0.006638765335083008,True,False,0.4342052555680179,0.4396531004646691,,2026-02-04T18:54:40.382092,False,0.005447844896651177
100,2,0.15,6,154,1,6,0.0058329105377197266,True,False,0.415563332771125,0.415563332771125,,2026-02-04T18:54:40.614028,True,0.0
100,2,0.15,7,149,1,7,0.008024930953979492,True,False,0.4328633845322283,0.4328633845322283,,2026-02-04T18:54:40.849048,True,0.0
100,2,0.15,8,154,1,8,0.00610804557800293,True,False,0.4036937088885141,0.4472929667734863,,2026-02-04T18:54:41.082647,False,0.04359925788497221
100,2,0.15,9,147,1,9,0.005997180938720703,True,False,0.3951825628210467,0.4387755102040817,,2026-02-04T18:54:41.314297,False,0.043592947383034986
100,2,0.15,10,148,1,10,0.0064542293548583984,True,False,0.39862582176771366,0.39862582176771366,,2026-02-04T18:54:41.546215,True,0.0
100,2,0.15,11,151,1,11,0.0064601898193359375,True,False,0.4126134818648305,0.4319985965527827,,2026-02-04T18:54:41.780239,False,0.019385114687952232
100,2,0.15,12,161,1,12,0.00603485107421875,True,False,0.42938158250067515,0.42938158250067515,,2026-02-04T18:54:42.011957,True,0.0
100,2,0.15,13,155,1,13,0.00586700439453125,True,False,0.4032258064516129,0.4354630593132154,,2026-02-04T18:54:42.243665,False,0.032237252861602506
100,2,0.15,14,151,1,14,0.005947113037109375,True,False,0.4228542607780361,0.4228542607780361,,2026-02-04T18:54:42.475680,True,0.0
100,2,0.15,15,140,1,15,0.005911827087402344,True,False,0.3857142857142857,0.4285714285714286,,2026-02-04T18:54:42.706936,False,0.04285714285714293
100,2,0.15,16,155,1,16,0.006238222122192383,True,False,0.34328824141519243,0.4237044745057231,,2026-02-04T18:54:42.938474,False,0.0804162330905307
100,2,0.15,17,156,1,17,0.005789995193481445,True,False,0.3589743589743589,0.41025641025641024,,2026-02-04T18:54:43.176098,False,0.05128205128205132
100,2,0.15,18,155,1,18,0.006197690963745117,True,False,0.39675338189386056,0.4354630593132154,,2026-02-04T18:54:43.411283,False,0.03870967741935483
100,2,0.15,19,161,1,19,0.006439208984375,True,False,0.39379267775162996,0.4143165772925427,,2026-02-04T18:54:43.641935,False,0.020523899540912716
100,2,0.15,20,147,1,20,0.00597381591796875,True,False,0.4251700680272109,0.4386829561756675,,2026-02-04T18:54:43.873874,False,0.013512888148456581
100,2,0.15,21,149,1,21,0.006072044372558594,True,False,0.34563758389261745,0.4189000495473177,,2026-02-04T18:54:44.107295,False,0.07326246565470024
100,2,0.15,22,154,1,22,0.0068988800048828125,True,False,0.3771293641423511,0.42500843312531617,,2026-02-04T18:54:44.340145,False,0.04787906898296507
100,2,0.15,23,151,1,23,0.005892038345336914,True,False,0.3807727731239857,0.42636287882110435,,2026-02-04T18:54:44.570847,False,0.04559010569711863
100,2,0.15,24,171,1,24,0.007035017013549805,True,False,0.4181115556923497,0.4324749495571286,,2026-02-04T18:54:44.804888,False,0.014363393864778917
100,2,0.15,25,142,1,25,0.0060138702392578125,True,False,0.40961614758976395,0.4324290815314421,,2026-02-04T18:54:45.037124,False,0.02281293394167816
100,2,0.15,26,168,1,26,0.007194995880126953,True,False,0.37356505102040816,0.40970450680272097,,2026-02-04T18:54:45.268851,False,0.03613945578231281
100,2,0.15,27,168,1,27,0.007119178771972656,True,False,0.38031462585034004,0.38577097505668934,,2026-02-04T18:54:45.501416,False,0.005456349206349298
100,2,0.15,28,170,1,28,0.006018877029418945,True,False,0.38821799307958477,0.40676470588235286,,2026-02-04T18:54:45.733473,False,0.018546712802768095
100,2,0.15,29,156,1,29,0.0057239532470703125,True,False,0.34615384615384615,0.41025641025641024,,2026-02-04T18:54:45.966049,False,0.0641025641025641
100,2,0.15,30,155,1,30,0.006345987319946289,True,False,0.3709469302809574,0.4011446409989594,,2026-02-04T18:54:46.197506,False,0.030197710718002035
100,2,0.15,31,140,1,31,0.00618433952331543,True,False,0.3840816326530612,0.4171173469387755,,2026-02-04T18:54:46.429012,False,0.03303571428571428
100,2,0.15,32,146,1,32,0.006676912307739258,True,False,0.39723681741414896,0.43150684931506844,,2026-02-04T18:54:46.662683,False,0.034270031900919484
100,2,0.15,33,155,1,33,0.00634312629699707,True,False,0.3516129032258064,0.4161290322580645,,2026-02-04T18:54:46.894850,False,0.06451612903225812
100,2,0.15,34,165,1,34,0.006609916687011719,True,False,0.42121212121212126,0.42121212121212126,,2026-02-04T18:54:47.127015,True,0.0
100,2,0.15,35,154,1,35,0.00642704963684082,True,False,0.4248608534322821,0.42500843312531617,,2026-02-04T18:54:47.361258,False,0.00014757969303408336
100,2,0.15,36,153,1,36,0.006094217300415039,True,False,0.4315434234696057,0.4410910333632364,,2026-02-04T18:54:47.592727,False,0.009547609893630682
100,2,0.15,37,165,1,37,0.005909919738769531,True,False,0.40301193755739206,0.4231404958677685,,2026-02-04T18:54:47.826049,False,0.02012855831037641
100,2,0.15,38,152,1,38,0.00589299201965332,True,False,0.37497835872576174,0.438170879501385,,2026-02-04T18:54:48.055284,False,0.06319252077562326
100,2,0.15,39,161,1,39,0.006414175033569336,True,False,0.3812352918483083,0.4413217082674279,,2026-02-04T18:54:48.287060,False,0.060086416419119604
100,2,0.15,40,151,1,40,0.0064890384674072266,True,False,0.4139072847682119,0.4382044647164598,,2026-02-04T18:54:48.519829,False,0.02429717994824787
100,2,0.15,41,139,1,41,0.005783796310424805,True,False,0.3704777185445888,0.44242016458775424,,2026-02-04T18:54:48.753172,False,0.07194244604316546
100,2,0.15,42,150,1,42,0.017604827880859375,True,False,0.38664444444444435,0.43624444444444443,,2026-02-04T18:54:49.044753,False,0.04960000000000009
100,2,0.15,43,161,1,43,0.006478071212768555,True,False,0.400138883530728,0.4040546275220863,,2026-02-04T18:54:49.309343,False,0.0039157439913583
100,2,0.15,44,157,1,44,0.00732111930847168,True,False,0.4235465941823199,0.4480506308572356,,2026-02-04T18:54:49.594555,False,0.02450403667491574
100,2,0.15,45,160,1,45,0.006539821624755859,True,False,0.40623046875,0.4125,,2026-02-04T18:54:49.841496,False,0.00626953124999996
100,2,0.15,46,143,1,46,0.012428760528564453,True,False,0.3945425204166463,0.4280893931243582,,2026-02-04T18:54:50.114024,False,0.033546872707711894
100,2,0.15,47,154,1,47,0.0072209835052490234,True,False,0.3441558441558441,0.4320290099510878,,2026-02-04T18:54:50.453010,False,0.08787316579524368
100,2,0.15,48,147,1,48,0.0061571598052978516,True,False,0.4328520523855801,0.44555509278541344,,2026-02-04T18:54:50.689351,False,0.012703040399833332
100,2,0.15,49,166,1,49,0.006032705307006836,True,False,0.37347583103498333,0.41566265060240964,,2026-02-04T18:54:50.921490,False,0.042186819567426315
100,2,0.15,50,161,1,50,0.0062830448150634766,True,False,0.40613788048300603,0.4192546583850931,,2026-02-04T18:54:51.164846,False,0.013116777902087096
100,2,0.15,51,135,1,51,0.006097078323364258,True,False,0.3740740740740741,0.4258984910836763,,2026-02-04T18:54:51.396993,False,0.051824417009602164
100,2,0.15,52,164,1,52,0.005989789962768555,True,False,0.3780487804878049,0.408517995240928,,2026-02-04T18:54:51.627924,False,0.03046921475312314
100,2,0.15,53,150,1,53,0.005749940872192383,True,False,0.38664444444444435,0.4329777777777777,,2026-02-04T18:54:51.860755,False,0.04633333333333334
100,2,0.15,54,150,1,54,0.005984067916870117,True,False,0.3533333333333334,0.4133111111111111,,2026-02-04T18:54:52.096633,False,0.059977777777777685
100,2,0.15,55,155,1,55,0.006079912185668945,True,False,0.4120499479708636,0.4134027055150885,,2026-02-04T18:54:52.328454,False,0.0013527575442249251
100,2,0.15,56,159,1,56,0.006075143814086914,True,False,0.4056603773584906,0.4119299078359242,,2026-02-04T18:54:52.559604,False,0.006269530477433616
100,2,0.15,57,150,1,57,0.006133079528808594,True,False,0.38664444444444435,0.43013333333333337,,2026-02-04T18:54:52.789604,False,0.04348888888888902
100,2,0.15,58,151,1,58,0.00585484504699707,True,False,0.4003113898513223,0.4311214420420157,,2026-02-04T18:54:53.020907,False,0.030810052190693382
100,2,0.15,59,156,1,59,0.005962371826171875,True,False,0.3704799474030243,0.4294666337935569,,2026-02-04T18:54:53.251229,False,0.05898668639053256
100,2,0.15,60,154,1,60,0.007032155990600586,True,False,0.3441558441558441,0.402576319784112,,2026-02-04T18:54:53.485804,False,0.05842047562826791
100,2,0.15,61,152,1,61,0.005995750427246094,True,False,0.37292243767313016,0.42587863573407203,,2026-02-04T18:54:53.717025,False,0.05295619806094187
100,2,0.15,62,165,1,62,0.006632804870605469,True,False,0.3666483011937557,0.396969696969697,,2026-02-04T18:54:53.947290,False,0.030321395775941284
100,2,0.15,63,165,1,63,0.006002187728881836,True,False,0.406813590449954,0.40909090909090906,,2026-02-04T18:54:54.176293,False,0.0022773186409550394
100,2,0.15,64,145,1,64,0.005864143371582031,True,False,0.4080618311533888,0.4379310344827586,,2026-02-04T18:54:54.409288,False,0.02986920332936982
100,2,0.15,65,141,1,65,0.006318807601928711,True,False,0.39985413208591114,0.42704089331522554,,2026-02-04T18:54:54.641389,False,0.027186761229314405
100,2,0.15,66,142,1,66,0.006246089935302734,True,False,0.3837532235667527,0.4365949216425312,,2026-02-04T18:54:54.874943,False,0.05284169807577854
100,2,0.15,67,151,1,67,0.006962776184082031,True,False,0.4139072847682119,0.4311214420420157,,2026-02-04T18:54:55.105413,False,0.017214157273803765
100,2,0.15,68,160,1,68,0.005877017974853516,True,False,0.35,0.42304687500000004,,2026-02-04T18:54:55.336851,False,0.07304687500000007
100,2,0.15,69,138,1,69,0.0059969425201416016,True,False,0.4271949170342366,0.42753623188405804,,2026-02-04T18:54:55.570674,False,0.0003413148498214169
100,2,0.15,70,164,1,70,0.006108999252319336,True,False,0.42071311719214755,0.43716537775133846,,2026-02-04T18:54:55.804197,False,0.016452260559190912
100,2,0.15,71,165,1,71,0.0061550140380859375,True,False,0.41432506887052334,0.43386593204775026,,2026-02-04T18:54:56.036745,False,0.01954086317722692
100,2,0.15,72,135,1,72,0.006765842437744141,True,False,0.4185185185185185,0.4245816186556927,,2026-02-04T18:54:56.266351,False,0.006063100137174204
100,2,0.15,73,157,1,73,0.005956888198852539,True,False,0.3343746196600269,0.43869933871556654,,2026-02-04T18:54:56.498071,False,0.10432471905553964
100,2,0.15,74,144,1,74,0.005982160568237305,True,False,0.39523051697530864,0.4305555555555556,,2026-02-04T18:54:56.729195,False,0.03532503858024694
100,2,0.15,75,159,1,75,0.006052732467651367,True,False,0.3645227641311656,0.42007831968672127,,2026-02-04T18:54:56.961302,False,0.05555555555555569
100,2,0.15,76,160,1,76,0.005861997604370117,True,False,0.38625,0.4131054687499999,,2026-02-04T18:54:57.192753,False,0.026855468749999944
100,2,0.15,77,150,1,77,0.006556034088134766,True,False,0.4065777777777778,0.4239777777777778,,2026-02-04T18:54:57.424741,False,0.01739999999999997
100,2,0.15,78,152,1,78,0.006494045257568359,True,False,0.38328860803324094,0.42760993767313016,,2026-02-04T18:54:57.658592,False,0.04432132963988922
100,2,0.15,79,153,1,79,0.006891012191772461,True,False,0.38888888888888884,0.41084625571361444,,2026-02-04T18:54:57.890349,False,0.0219573668247256
100,2,0.15,80,166,1,80,0.006060123443603516,True,False,0.4067353752358834,0.4241544491217884,,2026-02-04T18:54:58.120691,False,0.017419073885905023
100,2,0.15,81,154,1,81,0.00648188591003418,True,False,0.37660229381008603,0.4343059537864733,,2026-02-04T18:54:58.351725,False,0.05770365997638727
100,2,0.15,82,158,1,82,0.0076520442962646484,True,False,0.45567617369011376,0.45567617369011376,,2026-02-04T18:54:58.597825,True,0.0
100,2,0.15,83,153,1,83,0.006378889083862305,True,False,0.38752189328890596,0.43641334529454495,,2026-02-04T18:54:58.854521,False,0.04889145200563899
100,2,0.15,84,151,1,84,0.006398916244506836,True,False,0.35428270689882013,0.4117143984912942,,2026-02-04T18:54:59.102042,False,0.05743169159247408
100,2,0.15,85,151,1,85,0.006265878677368164,True,False,0.3410376737862374,0.42050787246173404,,2026-02-04T18:54:59.350511,False,0.07947019867549665
100,2,0.15,86,150,1,86,0.0065500736236572266,True,False,0.44666666666666666,0.44666666666666666,,2026-02-04T18:54:59.631677,True,0.0
100,2,0.15,87,155,1,87,0.0060579776763916016,True,False,0.3516129032258064,0.4021644120707596,,2026-02-04T18:54:59.864413,False,0.050551508844953186
100,2,0.15,88,160,1,88,0.006692171096801758,True,False,0.42263671875,0.42263671875,,2026-02-04T18:55:00.094508,True,0.0
100,2,0.15,89,151,1,89,0.008060932159423828,True,False,0.39401780623656857,0.4337529055743169,,2026-02-04T18:55:00.350146,False,0.039735099337748325
100,2,0.15,90,168,1,90,0.006479024887084961,True,False,0.33333333333333337,0.4267998866213152,,2026-02-04T18:55:00.604118,False,0.09346655328798181
100,2,0.15,91,155,1,91,0.006690025329589844,True,False,0.33223725286160255,0.4032258064516129,,2026-02-04T18:55:00.849465,False,0.07098855359001033
100,2,0.15,92,157,1,92,0.008939981460571289,True,False,0.38533003367276575,0.4219238102965638,,2026-02-04T18:55:01.101963,False,0.036593776623798036
100,2,0.15,93,153,1,93,0.006351947784423828,True,False,0.39828698363877146,0.3998248536887522,,2026-02-04T18:55:01.355775,False,0.0015378700499807385
100,2,0.15,94,141,1,94,0.005872011184692383,True,False,0.40068407021779584,0.429052864544037,,2026-02-04T18:55:01.596771,False,0.028368794326241176
100,2,0.15,95,162,1,95,0.005828142166137695,True,False,0.4320797134583142,0.4320797134583142,,2026-02-04T18:55:01.831145,True,0.0
100,2,0.15,96,161,1,96,0.0062961578369140625,True,False,0.36333474788781295,0.4189460283168088,,2026-02-04T18:55:02.064020,False,0.05561128042899588
100,2,0.15,97,157,1,97,0.006445884704589844,True,False,0.37259118016958104,0.41900279930220297,,2026-02-04T18:55:02.296126,False,0.04641161913262193
100,2,0.15,98,147,1,98,0.006239891052246094,True,False,0.42917302975612015,0.43673932157897166,,2026-02-04T18:55:02.525640,False,0.007566291822851512
100,2,0.15,99,152,1,99,0.006276130676269531,True,False,0.36182046398891965,0.4342105263157895,,2026-02-04T18:55:02.758987,False,0.07239006232686984
100,2,0.15,0,149,2,0,0.0064618587493896484,True,False,0.3949146434845277,0.4083374622764741,,2026-02-04T18:55:02.990654,False,0.0134228187919464
100,2,0.15,1,152,2,1,0.006524324417114258,True,False,0.4023545706371191,0.4207063711911357,,2026-02-04T18:55:03.222233,False,0.018351800554016584
100,2,0.15,2,142,2,2,0.006268978118896484,True,False,0.38732394366197187,0.41539377107716724,,2026-02-04T18:55:03.455295,False,0.02806982741519537
100,2,0.15,3,141,2,3,0.0057718753814697266,True,False,0.41486846738091643,0.429052864544037,,2026-02-04T18:55:03.684368,False,0.014184397163120588
100,2,0.15,4,154,2,4,0.0069200992584228516,True,False,0.41320205768257723,0.43295665373587455,,2026-02-04T18:55:03.915423,False,0.019754596053297324
100,2,0.15,5,158,2,5,0.006036996841430664,True,False,0.4342052555680179,0.4396531004646691,,2026-02-04T18:55:04.147351,False,0.005447844896651177
100,2,0.15,6,154,2,6,0.006097078323364258,True,False,0.415563332771125,0.415563332771125,,2026-02-04T18:55:04.379126,True,0.0
100,2,0.15,7,149,2,7,0.006456851959228516,True,False,0.4328633845322283,0.4328633845322283,,2026-02-04T18:55:04.610636,True,0.0
100,2,0.15,8,154,2,8,0.005939960479736328,True,False,0.4036937088885141,0.4472929667734863,,2026-02-04T18:55:04.840756,False,0.04359925788497221
100,2,0.15,9,147,2,9,0.006361961364746094,True,False,0.3951825628210467,0.4387755102040817,,2026-02-04T18:55:05.071837,False,0.043592947383034986
100,2,0.15,10,148,2,10,0.00640416145324707,True,False,0.39862582176771366,0.39862582176771366,,2026-02-04T18:55:05.301959,True,0.0
100,2,0.15,11,151,2,11,0.006204366683959961,True,False,0.4126134818648305,0.4319985965527827,,2026-02-04T18:55:05.533441,False,0.019385114687952232
100,2,0.15,12,161,2,12,0.00663304328918457,True,False,0.42938158250067515,0.42938158250067515,,2026-02-04T18:55:05.762898,True,0.0
100,2,0.15,13,155,2,13,0.006243228912353516,True,False,0.4032258064516129,0.4354630593132154,,2026-02-04T18:55:05.993329,False,0.032237252861602506
100,2,0.15,14,151,2,14,0.006312847137451172,True,False,0.4228542607780361,0.4228542607780361,,2026-02-04T18:55:06.221685,True,0.0
100,2,0.15,15,140,2,15,0.006060123443603516,True,False,0.3857142857142857,0.4285714285714286,,2026-02-04T18:55:06.450587,False,0.04285714285714293
100,2,0.15,16,155,2,16,0.0070040225982666016,True,False,0.34328824141519243,0.4237044745057231,,2026-02-04T18:55:06.682802,False,0.0804162330905307
100,2,0.15,17,156,2,17,0.005672931671142578,True,False,0.3653640696909927,0.41025641025641024,,2026-02-04T18:55:06.912722,False,0.04489234056541752
100,2,0.15,18,155,2,18,0.00672602653503418,True,False,0.4161290322580645,0.4354630593132154,,2026-02-04T18:55:07.144062,False,0.01933402705515086
100,2,0.15,19,161,2,19,0.006734132766723633,True,False,0.39379267775162996,0.4143165772925427,,2026-02-04T18:55:07.373327,False,0.020523899540912716
100,2,0.15,20,147,2,20,0.006590127944946289,True,False,0.4251700680272109,0.4386829561756675,,2026-02-04T18:55:07.602905,False,0.013512888148456581
100,2,0.15,21,149,2,21,0.006201982498168945,True,False,0.34563758389261745,0.4189000495473177,,2026-02-04T18:55:07.832980,False,0.07326246565470024
100,2,0.15,22,154,2,22,0.005931854248046875,True,False,0.3771293641423511,0.42500843312531617,,2026-02-04T18:55:08.062464,False,0.04787906898296507
100,2,0.15,23,151,2,23,0.0060939788818359375,True,False,0.3807727731239857,0.42636287882110435,,2026-02-04T18:55:08.292913,False,0.04559010569711863
100,2,0.15,24,171,2,24,0.00596308708190918,True,False,0.4181115556923497,0.4324749495571286,,2026-02-04T18:55:08.522395,False,0.014363393864778917
100,2,0.15,25,142,2,25,0.006075143814086914,True,False,0.40961614758976395,0.4324290815314421,,2026-02-04T18:55:08.753079,False,0.02281293394167816
100,2,0.15,26,168,2,26,0.005897998809814453,True,False,0.3868870464852608,0.40970450680272097,,2026-02-04T18:55:08.984195,False,0.02281746031746018
100,2,0.15,27,168,2,27,0.006307840347290039,True,False,0.38031462585034004,0.38577097505668934,,2026-02-04T18:55:09.212979,False,0.005456349206349298
100,2,0.15,28,170,2,28,0.006180763244628906,True,False,0.38821799307958477,0.40676470588235286,,2026-02-04T18:55:09.442317,False,0.018546712802768095
100,2,0.15,29,156,2,29,0.005920886993408203,True,False,0.34615384615384615,0.41025641025641024,,2026-02-04T18:55:09.673473,False,0.0641025641025641
100,2,0.15,30,155,2,30,0.006011962890625,True,False,0.3709469302809574,0.4011446409989594,,2026-02-04T18:55:09.903833,False,0.030197710718002035
100,2,0.15,31,140,2,31,0.006780147552490234,True,False,0.3840816326530612,0.4171173469387755,,2026-02-04T18:55:10.135925,False,0.03303571428571428
100,2,0.15,32,146,2,32,0.006588935852050781,True,False,0.39723681741414896,0.43150684931506844,,2026-02-04T18:55:10.365573,False,0.034270031900919484
100,2,0.15,33,155,2,33,0.007344245910644531,True,False,0.3516129032258064,0.4161290322580645,,2026-02-04T18:55:10.596160,False,0.06451612903225812
100,2,0.15,34,165,2,34,0.006617069244384766,True,False,0.42121212121212126,0.42121212121212126,,2026-02-04T18:55:10.828649,True,0.0
100,2,0.15,35,154,2,35,0.006397247314453125,True,False,0.4248608534322821,0.42500843312531617,,2026-02-04T18:55:11.058367,False,0.00014757969303408336
100,2,0.15,36,153,2,36,0.00616002082824707,True,False,0.4315434234696057,0.4410910333632364,,2026-02-04T18:55:11.287963,False,0.009547609893630682
100,2,0.15,37,165,2,37,0.006315946578979492,True,False,0.40301193755739206,0.4231404958677685,,2026-02-04T18:55:11.518392,False,0.02012855831037641
100,2,0.15,38,152,2,38,0.005799770355224609,True,False,0.37497835872576174,0.438170879501385,,2026-02-04T18:55:11.748979,False,0.06319252077562326
100,2,0.15,39,161,2,39,0.005965232849121094,True,False,0.3812352918483083,0.4413217082674279,,2026-02-04T18:55:11.979602,False,0.060086416419119604
100,2,0.15,40,151,2,40,0.006046295166015625,True,False,0.4139072847682119,0.4382044647164598,,2026-02-04T18:55:12.209553,False,0.02429717994824787
100,2,0.15,41,139,2,41,0.00606989860534668,True,False,0.3704777185445888,0.44242016458775424,,2026-02-04T18:55:12.439519,False,0.07194244604316546
100,2,0.15,42,150,2,42,0.0058879852294921875,True,False,0.38664444444444435,0.43624444444444443,,2026-02-04T18:55:12.668229,False,0.04960000000000009
100,2,0.15,43,161,2,43,0.0072782039642333984,True,False,0.400138883530728,0.4040546275220863,,2026-02-04T18:55:12.898521,False,0.0039157439913583
100,2,0.15,44,157,2,44,0.00604701042175293,True,False,0.4235465941823199,0.4480506308572356,,2026-02-04T18:55:13.129890,False,0.02450403667491574
100,2,0.15,45,160,2,45,0.005738973617553711,True,False,0.40623046875,0.4125,,2026-02-04T18:55:13.358842,False,0.00626953124999996
100,2,0.15,46,143,2,46,0.006649017333984375,True,False,0.3945425204166463,0.4280893931243582,,2026-02-04T18:55:13.587278,False,0.033546872707711894
100,2,0.15,47,154,2,47,0.005803108215332031,True,False,0.37660229381008603,0.4320290099510878,,2026-02-04T18:55:13.817759,False,0.05542671614100175
100,2,0.15,48,147,2,48,0.005995988845825195,True,False,0.4328520523855801,0.44555509278541344,,2026-02-04T18:55:14.047333,False,0.012703040399833332
100,2,0.15,49,166,2,49,0.005805015563964844,True,False,0.37347583103498333,0.41566265060240964,,2026-02-04T18:55:14.279138,False,0.042186819567426315
100,2,0.15,50,161,2,50,0.006494283676147461,True,False,0.40613788048300603,0.4192546583850931,,2026-02-04T18:55:14.509931,False,0.013116777902087096
100,2,0.15,51,135,2,51,0.007158994674682617,True,False,0.3740740740740741,0.4258984910836763,,2026-02-04T18:55:14.740922,False,0.051824417009602164
100,2,0.15,52,164,2,52,0.005835056304931641,True,False,0.3780487804878049,0.408517995240928,,2026-02-04T18:55:14.971423,False,0.03046921475312314
100,2,0.15,53,150,2,53,0.006524324417114258,True,False,0.38664444444444435,0.4329777777777777,,2026-02-04T18:55:15.201605,False,0.04633333333333334
100,2,0.15,54,150,2,54,0.00578618049621582,True,False,0.3533333333333334,0.4133111111111111,,2026-02-04T18:55:15.432311,False,0.059977777777777685
100,2,0.15,55,155,2,55,0.006447792053222656,True,False,0.4120499479708636,0.4134027055150885,,2026-02-04T18:55:15.662118,False,0.0013527575442249251
100,2,0.15,56,159,2,56,0.006186962127685547,True,False,0.4056603773584906,0.4119299078359242,,2026-02-04T18:55:15.892724,False,0.006269530477433616
100,2,0.15,57,150,2,57,0.005767107009887695,True,False,0.3933333333333333,0.43013333333333337,,2026-02-04T18:55:16.121553,False,0.036800000000000055
100,2,0.15,58,151,2,58,0.006008625030517578,True,False,0.4003113898513223,0.4311214420420157,,2026-02-04T18:55:16.352111,False,0.030810052190693382
100,2,0.15,59,156,2,59,0.00632786750793457,True,False,0.3846153846153846,0.4294666337935569,,2026-02-04T18:55:16.581247,False,0.04485124917817229
100,2,0.15,60,154,2,60,0.006381034851074219,True,False,0.3441558441558441,0.402576319784112,,2026-02-04T18:55:16.811648,False,0.05842047562826791
100,2,0.15,61,152,2,61,0.006329059600830078,True,False,0.37292243767313016,0.42587863573407203,,2026-02-04T18:55:17.042266,False,0.05295619806094187
100,2,0.15,62,165,2,62,0.005797147750854492,True,False,0.3666483011937557,0.396969696969697,,2026-02-04T18:55:17.271886,False,0.030321395775941284
100,2,0.15,63,165,2,63,0.006196022033691406,True,False,0.406813590449954,0.40909090909090906,,2026-02-04T18:55:17.503111,False,0.0022773186409550394
100,2,0.15,64,145,2,64,0.0061798095703125,True,False,0.4080618311533888,0.4379310344827586,,2026-02-04T18:55:17.731206,False,0.02986920332936982
100,2,0.15,65,141,2,65,0.0061571598052978516,True,False,0.39985413208591114,0.42704089331522554,,2026-02-04T18:55:17.961310,False,0.027186761229314405
100,2,0.15,66,142,2,66,0.005950927734375,True,False,0.3837532235667527,0.4365949216425312,,2026-02-04T18:55:18.191548,False,0.05284169807577854
100,2,0.15,67,151,2,67,0.006536960601806641,True,False,0.4139072847682119,0.4311214420420157,,2026-02-04T18:55:18.420107,False,0.017214157273803765
100,2,0.15,68,160,2,68,0.0058329105377197266,True,False,0.35,0.42304687500000004,,2026-02-04T18:55:18.652514,False,0.07304687500000007
100,2,0.15,69,138,2,69,0.006279945373535156,True,False,0.4271949170342366,0.42753623188405804,,2026-02-04T18:55:18.889396,False,0.0003413148498214169
100,2,0.15,70,164,2,70,0.00641322135925293,True,False,0.42071311719214755,0.43716537775133846,,2026-02-04T18:55:19.125658,False,0.016452260559190912
100,2,0.15,71,165,2,71,0.005701780319213867,True,False,0.41432506887052334,0.43386593204775026,,2026-02-04T18:55:19.358391,False,0.01954086317722692
100,2,0.15,72,135,2,72,0.005862236022949219,True,False,0.4185185185185185,0.4245816186556927,,2026-02-04T18:55:19.589125,False,0.006063100137174204
100,2,0.15,73,157,2,73,0.0061910152435302734,True,False,0.3343746196600269,0.43869933871556654,,2026-02-04T18:55:19.819411,False,0.10432471905553964
100,2,0.15,74,144,2,74,0.005839109420776367,True,False,0.39523051697530864,0.4305555555555556,,2026-02-04T18:55:20.051678,False,0.03532503858024694
100,2,0.15,75,159,2,75,0.00603485107421875,True,False,0.3645227641311656,0.42007831968672127,,2026-02-04T18:55:20.280102,False,0.05555555555555569
100,2,0.15,76,160,2,76,0.006053924560546875,True,False,0.39373046875,0.4131054687499999,,2026-02-04T18:55:20.509383,False,0.01937499999999992
100,2,0.15,77,150,2,77,0.006049633026123047,True,False,0.4065777777777778,0.4239777777777778,,2026-02-04T18:55:20.738483,False,0.01739999999999997
100,2,0.15,78,152,2,78,0.0060808658599853516,True,False,0.38328860803324094,0.42760993767313016,,2026-02-04T18:55:20.968505,False,0.04432132963988922
100,2,0.15,79,153,2,79,0.006715059280395508,True,False,0.38888888888888884,0.41084625571361444,,2026-02-04T18:55:21.198822,False,0.0219573668247256
100,2,0.15,80,166,2,80,0.005756855010986328,True,False,0.4067353752358834,0.4241544491217884,,2026-02-04T18:55:21.430078,False,0.017419073885905023
100,2,0.15,81,154,2,81,0.005740165710449219,True,False,0.37660229381008603,0.4343059537864733,,2026-02-04T18:55:21.660459,False,0.05770365997638727
100,2,0.15,82,158,2,82,0.0058977603912353516,True,False,0.45567617369011376,0.45567617369011376,,2026-02-04T18:55:21.892707,True,0.0
100,2,0.15,83,153,2,83,0.005922794342041016,True,False,0.38752189328890596,0.43641334529454495,,2026-02-04T18:55:22.124532,False,0.04889145200563899
100,2,0.15,84,151,2,84,0.005972862243652344,True,False,0.35428270689882013,0.4117143984912942,,2026-02-04T18:55:22.354511,False,0.05743169159247408
100,2,0.15,85,151,2,85,0.00652313232421875,True,False,0.36092715231788075,0.42050787246173404,,2026-02-04T18:55:22.585753,False,0.059580720143853294
100,2,0.15,86,150,2,86,0.006103038787841797,True,False,0.44666666666666666,0.44666666666666666,,2026-02-04T18:55:22.816233,True,0.0
100,2,0.15,87,155,2,87,0.006378889083862305,True,False,0.3516129032258064,0.4021644120707596,,2026-02-04T18:55:23.046997,False,0.050551508844953186
100,2,0.15,88,160,2,88,0.00668025016784668,True,False,0.42263671875,0.42263671875,,2026-02-04T18:55:23.277580,True,0.0
100,2,0.15,89,151,2,89,0.005703926086425781,True,False,0.39401780623656857,0.4337529055743169,,2026-02-04T18:55:23.504751,False,0.039735099337748325
100,2,0.15,90,168,2,90,0.005669116973876953,True,False,0.33333333333333337,0.4267998866213152,,2026-02-04T18:55:23.735851,False,0.09346655328798181
100,2,0.15,91,155,2,91,0.0058460235595703125,True,False,0.33223725286160255,0.4032258064516129,,2026-02-04T18:55:23.964913,False,0.07098855359001033
100,2,0.15,92,157,2,92,0.006318092346191406,True,False,0.38533003367276575,0.4219238102965638,,2026-02-04T18:55:24.196008,False,0.036593776623798036
100,2,0.15,93,153,2,93,0.006190061569213867,True,False,0.39828698363877146,0.3998248536887522,,2026-02-04T18:55:24.428152,False,0.0015378700499807385
100,2,0.15,94,141,2,94,0.007047891616821289,True,False,0.40068407021779584,0.429052864544037,,2026-02-04T18:55:24.660337,False,0.028368794326241176
100,2,0.15,95,162,2,95,0.005868196487426758,True,False,0.4320797134583142,0.4320797134583142,,2026-02-04T18:55:24.893572,True,0.0
100,2,0.15,96,161,2,96,0.005683183670043945,True,False,0.36333474788781295,0.4189460283168088,,2026-02-04T18:55:25.125207,False,0.05561128042899588
100,2,0.15,97,157,2,97,0.006413936614990234,True,False,0.37259118016958104,0.41900279930220297,,2026-02-04T18:55:25.356453,False,0.04641161913262193
100,2,0.15,98,147,2,98,0.005795717239379883,True,False,0.42917302975612015,0.43673932157897166,,2026-02-04T18:55:25.586756,False,0.007566291822851512
100,2,0.15,99,152,2,99,0.005952119827270508,True,False,0.36182046398891965,0.4342105263157895,,2026-02-04T18:55:25.819358,False,0.07239006232686984
100,2,0.15,0,149,5,0,0.006783962249755859,True,False,0.3985180847709562,0.4083374622764741,,2026-02-04T18:55:26.050778,False,0.009819377505517923
100,2,0.15,1,152,5,1,0.006109952926635742,True,False,0.4049298822714681,0.4207063711911357,,2026-02-04T18:55:26.280635,False,0.015776488919667597
100,2,0.15,2,142,5,2,0.006299018859863281,True,False,0.38732394366197187,0.41539377107716724,,2026-02-04T18:55:26.510400,False,0.02806982741519537
100,2,0.15,3,141,5,3,0.0059719085693359375,True,False,0.429052864544037,0.429052864544037,,2026-02-04T18:55:26.741447,True,0.0
100,2,0.15,4,154,5,4,0.0060808658599853516,True,False,0.41320205768257723,0.43295665373587455,,2026-02-04T18:55:26.971089,False,0.019754596053297324
100,2,0.15,5,158,5,5,0.005900144577026367,True,False,0.4342052555680179,0.4396531004646691,,2026-02-04T18:55:27.203020,False,0.005447844896651177
100,2,0.15,6,154,5,6,0.006444692611694336,True,False,0.415563332771125,0.415563332771125,,2026-02-04T18:55:27.434278,True,0.0
100,2,0.15,7,149,5,7,0.00668787956237793,True,False,0.4328633845322283,0.4328633845322283,,2026-02-04T18:55:27.664288,True,0.0
100,2,0.15,8,154,5,8,0.006471157073974609,True,False,0.428550345758138,0.4472929667734863,,2026-02-04T18:55:27.894716,False,0.018742621015348293
100,2,0.15,9,147,5,9,0.005836009979248047,True,False,0.39640890369753345,0.4387755102040817,,2026-02-04T18:55:28.126169,False,0.04236660650654822
100,2,0.15,10,148,5,10,0.006132841110229492,True,False,0.39862582176771366,0.39862582176771366,,2026-02-04T18:55:28.355405,True,0.0
100,2,0.15,11,151,5,11,0.006085872650146484,True,False,0.42715231788079466,0.4319985965527827,,2026-02-04T18:55:28.590002,False,0.004846278671988058
100,2,0.15,12,161,5,12,0.006319999694824219,True,False,0.42938158250067515,0.42938158250067515,,2026-02-04T18:55:28.822642,True,0.0
100,2,0.15,13,155,5,13,0.006359100341796875,True,False,0.4032258064516129,0.4354630593132154,,2026-02-04T18:55:29.054249,False,0.032237252861602506
100,2,0.15,14,151,5,14,0.0068359375,True,False,0.4228542607780361,0.4228542607780361,,2026-02-04T18:55:29.285810,True,0.0
100,2,0.15,15,140,5,15,0.006415843963623047,True,False,0.41428571428571426,0.4285714285714286,,2026-02-04T18:55:29.516833,False,0.014285714285714346
100,2,0.15,16,155,5,16,0.00646209716796875,True,False,0.3451404786680541,0.4237044745057231,,2026-02-04T18:55:29.748834,False,0.07856399583766904
100,2,0.15,17,156,5,17,0.0073299407958984375,True,False,0.40359960552268237,0.41025641025641024,,2026-02-04T18:55:29.981968,False,0.006656804733727872
100,2,0.15,18,155,5,18,0.006106853485107422,True,False,0.4161290322580645,0.4354630593132154,,2026-02-04T18:55:30.215667,False,0.01933402705515086
100,2,0.15,19,161,5,19,0.006163835525512695,True,False,0.4134099764669573,0.4143165772925427,,2026-02-04T18:55:30.447552,False,0.0009066008255853575
100,2,0.15,20,147,5,20,0.006287813186645508,True,False,0.4251700680272109,0.4386829561756675,,2026-02-04T18:55:30.679497,False,0.013512888148456581
100,2,0.15,21,149,5,21,0.007534980773925781,True,False,0.36680780145038516,0.4189000495473177,,2026-02-04T18:55:30.912392,False,0.052092248096932525
100,2,0.15,22,154,5,22,0.006687164306640625,True,False,0.402576319784112,0.42500843312531617,,2026-02-04T18:55:31.148641,False,0.022432113341204152
100,2,0.15,23,151,5,23,0.006102085113525391,True,False,0.4067365466426911,0.42636287882110435,,2026-02-04T18:55:31.378808,False,0.019626332178413253
100,2,0.15,24,171,5,24,0.00609898567199707,True,False,0.4181115556923497,0.4324749495571286,,2026-02-04T18:55:31.608971,False,0.014363393864778917
100,2,0.15,25,142,5,25,0.006400108337402344,True,False,0.40961614758976395,0.4324290815314421,,2026-02-04T18:55:31.841411,False,0.02281293394167816
100,2,0.15,26,168,5,26,0.006161928176879883,True,False,0.3868870464852608,0.40970450680272097,,2026-02-04T18:55:32.074524,False,0.02281746031746018
100,2,0.15,27,168,5,27,0.006582021713256836,True,False,0.38031462585034004,0.38577097505668934,,2026-02-04T18:55:32.305265,False,0.005456349206349298
100,2,0.15,28,170,5,28,0.005899190902709961,True,False,0.3999826989619377,0.40676470588235286,,2026-02-04T18:55:32.541683,False,0.00678200692041514
100,2,0.15,29,156,5,29,0.005816221237182617,True,False,0.3846153846153846,0.41025641025641024,,2026-02-04T18:55:32.787318,False,0.02564102564102566
100,2,0.15,30,155,5,30,0.006516933441162109,True,False,0.3709469302809574,0.4011446409989594,,2026-02-04T18:55:33.027021,False,0.030197710718002035
100,2,0.15,31,140,5,31,0.006573200225830078,True,False,0.3928316326530612,0.4171173469387755,,2026-02-04T18:55:33.266295,False,0.0242857142857143
100,2,0.15,32,146,5,32,0.005960941314697266,True,False,0.43150684931506844,0.43150684931506844,,2026-02-04T18:55:33.504356,True,0.0
100,2,0.15,33,155,5,33,0.005875110626220703,True,False,0.39675338189386056,0.4161290322580645,,2026-02-04T18:55:33.736337,False,0.019375650364203967
100,2,0.15,34,165,5,34,0.0059549808502197266,True,False,0.42121212121212126,0.42121212121212126,,2026-02-04T18:55:33.971154,True,0.0
100,2,0.15,35,154,5,35,0.0064389705657958984,True,False,0.4248608534322821,0.42500843312531617,,2026-02-04T18:55:34.205070,False,0.00014757969303408336
100,2,0.15,36,153,5,36,0.0063550472259521484,True,False,0.4315434234696057,0.4410910333632364,,2026-02-04T18:55:34.436940,False,0.009547609893630682
100,2,0.15,37,165,5,37,0.00602412223815918,True,False,0.4231404958677685,0.4231404958677685,,2026-02-04T18:55:34.670483,True,0.0
100,2,0.15,38,152,5,38,0.0060498714447021484,True,False,0.41445204293628807,0.438170879501385,,2026-02-04T18:55:34.902676,False,0.023718836565096935
100,2,0.15,39,161,5,39,0.005881071090698242,True,False,0.437714594344354,0.4413217082674279,,2026-02-04T18:55:35.133994,False,0.0036071139230738902
100,2,0.15,40,151,5,40,0.0060939788818359375,True,False,0.4139072847682119,0.4382044647164598,,2026-02-04T18:55:35.367544,False,0.02429717994824787
100,2,0.15,41,139,5,41,0.006392002105712891,True,False,0.4280316753791212,0.44242016458775424,,2026-02-04T18:55:35.601160,False,0.01438848920863306
100,2,0.15,42,150,5,42,0.005500078201293945,True,False,0.43624444444444443,0.43624444444444443,,2026-02-04T18:55:35.838291,True,0.0
100,2,0.15,43,161,5,43,0.005853891372680664,True,False,0.400138883530728,0.4040546275220863,,2026-02-04T18:55:36.069432,False,0.0039157439913583
100,2,0.15,44,157,5,44,0.0057888031005859375,True,False,0.44228974806280175,0.4480506308572356,,2026-02-04T18:55:36.301626,False,0.005760882794433875
100,2,0.15,45,160,5,45,0.005627155303955078,True,False,0.40623046875,0.4125,,2026-02-04T18:55:36.533420,False,0.00626953124999996
100,2,0.15,46,143,5,46,0.006361246109008789,True,False,0.4020734510245,0.4280893931243582,,2026-02-04T18:55:36.768148,False,0.02601594209985819
100,2,0.15,47,154,5,47,0.006367206573486328,True,False,0.389589306797099,0.4320290099510878,,2026-02-04T18:55:37.000810,False,0.04243970315398876
100,2,0.15,48,147,5,48,0.006128072738647461,True,False,0.4328520523855801,0.44555509278541344,,2026-02-04T18:55:37.234047,False,0.012703040399833332
100,2,0.15,49,166,5,49,0.005937099456787109,True,False,0.397572216577152,0.41566265060240964,,2026-02-04T18:55:37.465545,False,0.018090434025257618
100,2,0.15,50,161,5,50,0.00592494010925293,True,False,0.41286987384745955,0.4192546583850931,,2026-02-04T18:55:37.697878,False,0.006384784537633581
100,2,0.15,51,135,5,51,0.0063419342041015625,True,False,0.4258984910836763,0.4258984910836763,,2026-02-04T18:55:37.929153,True,0.0
100,2,0.15,52,164,5,52,0.0061609745025634766,True,False,0.408517995240928,0.408517995240928,,2026-02-04T18:55:38.158730,True,0.0
100,2,0.15,53,150,5,53,0.0065460205078125,True,False,0.42646666666666666,0.4329777777777777,,2026-02-04T18:55:38.389782,False,0.006511111111111023
100,2,0.15,54,150,5,54,0.006276845932006836,True,False,0.39297777777777776,0.4133111111111111,,2026-02-04T18:55:38.622122,False,0.020333333333333314
100,2,0.15,55,155,5,55,0.006140947341918945,True,False,0.4120499479708636,0.4134027055150885,,2026-02-04T18:55:38.853930,False,0.0013527575442249251
100,2,0.15,56,159,5,56,0.0064470767974853516,True,False,0.4056603773584906,0.4119299078359242,,2026-02-04T18:55:39.086318,False,0.006269530477433616
100,2,0.15,57,150,5,57,0.005944013595581055,True,False,0.39980000000000004,0.43013333333333337,,2026-02-04T18:55:39.315714,False,0.030333333333333323
100,2,0.15,58,151,5,58,0.0063152313232421875,True,False,0.4023507740888558,0.4311214420420157,,2026-02-04T18:55:39.548513,False,0.028770667953159912
100,2,0.15,59,156,5,59,0.0065081119537353516,True,False,0.4294666337935569,0.4294666337935569,,2026-02-04T18:55:39.778967,True,0.0
100,2,0.15,60,154,5,60,0.00664067268371582,True,False,0.3876707707876539,0.402576319784112,,2026-02-04T18:55:40.010286,False,0.014905548996458129
100,2,0.15,61,152,5,61,0.005795955657958984,True,False,0.39473684210526316,0.42587863573407203,,2026-02-04T18:55:40.240177,False,0.031141793628808867
100,2,0.15,62,165,5,62,0.005991935729980469,True,False,0.3666483011937557,0.396969696969697,,2026-02-04T18:55:40.470270,False,0.030321395775941284
100,2,0.15,63,165,5,63,0.006145000457763672,True,False,0.406813590449954,0.40909090909090906,,2026-02-04T18:55:40.702319,False,0.0022773186409550394
100,2,0.15,64,145,5,64,0.006710052490234375,True,False,0.417217598097503,0.4379310344827586,,2026-02-04T18:55:40.936256,False,0.020713436385255635
100,2,0.15,65,141,5,65,0.006386995315551758,True,False,0.39985413208591114,0.42704089331522554,,2026-02-04T18:55:41.170607,False,0.027186761229314405
100,2,0.15,66,142,5,66,0.006478071212768555,True,False,0.4072356675262844,0.4365949216425312,,2026-02-04T18:55:41.402373,False,0.029359254116246847
100,2,0.15,67,151,5,67,0.005970954895019531,True,False,0.42050787246173404,0.4311214420420157,,2026-02-04T18:55:41.633821,False,0.010613569580281645
100,2,0.15,68,160,5,68,0.006333351135253906,True,False,0.39373046875,0.42304687500000004,,2026-02-04T18:55:41.865033,False,0.029316406250000038
100,2,0.15,69,138,5,69,0.005738973617553711,True,False,0.4271949170342366,0.42753623188405804,,2026-02-04T18:55:42.097596,False,0.0003413148498214169
100,2,0.15,70,164,5,70,0.005839824676513672,True,False,0.426829268292683,0.43716537775133846,,2026-02-04T18:55:42.331144,False,0.010336109458655485
100,2,0.15,71,165,5,71,0.005913734436035156,True,False,0.41432506887052334,0.43386593204775026,,2026-02-04T18:55:42.562522,False,0.01954086317722692
100,2,0.15,72,135,5,72,0.006459951400756836,True,False,0.4185185185185185,0.4245816186556927,,2026-02-04T18:55:42.796058,False,0.006063100137174204
100,2,0.15,73,157,5,73,0.006041765213012695,True,False,0.41719745222929944,0.43869933871556654,,2026-02-04T18:55:43.028379,False,0.021501886486267108
100,2,0.15,74,144,5,74,0.006507158279418945,True,False,0.41666666666666663,0.4305555555555556,,2026-02-04T18:55:43.260798,False,0.01388888888888895
100,2,0.15,75,159,5,75,0.0061321258544921875,True,False,0.4158063367746529,0.42007831968672127,,2026-02-04T18:55:43.491921,False,0.004271982912068373
100,2,0.15,76,160,5,76,0.005825996398925781,True,False,0.39373046875,0.4131054687499999,,2026-02-04T18:55:43.722344,False,0.01937499999999992
100,2,0.15,77,150,5,77,0.005950927734375,True,False,0.4065777777777778,0.4239777777777778,,2026-02-04T18:55:43.956269,False,0.01739999999999997
100,2,0.15,78,152,5,78,0.0060269832611083984,True,False,0.42105263157894735,0.42760993767313016,,2026-02-04T18:55:44.188956,False,0.006557306094182813
100,2,0.15,79,153,5,79,0.00644683837890625,True,False,0.38888888888888884,0.41084625571361444,,2026-02-04T18:55:44.419408,False,0.0219573668247256
100,2,0.15,80,166,5,80,0.006669044494628906,True,False,0.4091849325010887,0.4241544491217884,,2026-02-04T18:55:44.650503,False,0.014969516620699674
100,2,0.15,81,154,5,81,0.006117820739746094,True,False,0.38790268173385056,0.4343059537864733,,2026-02-04T18:55:44.884859,False,0.046403272052622735
100,2,0.15,82,158,5,82,0.006459236145019531,True,False,0.45567617369011376,0.45567617369011376,,2026-02-04T18:55:45.117327,True,0.0
100,2,0.15,83,153,5,83,0.006061077117919922,True,False,0.38752189328890596,0.43641334529454495,,2026-02-04T18:55:45.349708,False,0.04889145200563899
100,2,0.15,84,151,5,84,0.006150960922241211,True,False,0.39401780623656857,0.4117143984912942,,2026-02-04T18:55:45.580224,False,0.01769659225472564
100,2,0.15,85,151,5,85,0.0063860416412353516,True,False,0.39417130827595276,0.42050787246173404,,2026-02-04T18:55:45.814339,False,0.026336564185781286
100,2,0.15,86,150,5,86,0.005878925323486328,True,False,0.44666666666666666,0.44666666666666666,,2026-02-04T18:55:46.048380,True,0.0
100,2,0.15,87,155,5,87,0.006229877471923828,True,False,0.3709469302809574,0.4021644120707596,,2026-02-04T18:55:46.280283,False,0.031217481789802215
100,2,0.15,88,160,5,88,0.0068361759185791016,True,False,0.42263671875,0.42263671875,,2026-02-04T18:55:46.512979,True,0.0
100,2,0.15,89,151,5,89,0.006127834320068359,True,False,0.4311214420420157,0.4337529055743169,,2026-02-04T18:55:46.743874,False,0.0026314635323012037
100,2,0.15,90,168,5,90,0.006888151168823242,True,False,0.4267998866213152,0.4267998866213152,,2026-02-04T18:55:46.977727,True,0.0
100,2,0.15,91,155,5,91,0.006088972091674805,True,False,0.39032258064516134,0.4032258064516129,,2026-02-04T18:55:47.209189,False,0.012903225806451535
100,2,0.15,92,157,5,92,0.006749153137207031,True,False,0.39806888717595046,0.4219238102965638,,2026-02-04T18:55:47.440751,False,0.023854923120613325
100,2,0.15,93,153,5,93,0.005856990814208984,True,False,0.3990772779700116,0.3998248536887522,,2026-02-04T18:55:47.673570,False,0.0007475757187406229
100,2,0.15,94,141,5,94,0.0066258907318115234,True,False,0.4179870227855741,0.429052864544037,,2026-02-04T18:55:47.906039,False,0.011065841758462924
100,2,0.15,95,162,5,95,0.006289005279541016,True,False,0.4320797134583142,0.4320797134583142,,2026-02-04T18:55:48.142030,True,0.0
100,2,0.15,96,161,5,96,0.00625920295715332,True,False,0.406832298136646,0.4189460283168088,,2026-02-04T18:55:48.372785,False,0.012113730180162818
100,2,0.15,97,157,5,97,0.007197141647338867,True,False,0.37259118016958104,0.41900279930220297,,2026-02-04T18:55:48.604692,False,0.04641161913262193
100,2,0.15,98,147,5,98,0.0065610408782958984,True,False,0.42917302975612015,0.43673932157897166,,2026-02-04T18:55:48.838153,False,0.007566291822851512
100,2,0.15,99,152,5,99,0.009036064147949219,True,False,0.42760993767313016,0.4342105263157895,,2026-02-04T18:55:49.133966,False,0.006600588642659333
100,2,0.15,0,149,10,0,0.008463144302368164,True,False,0.4060177469483357,0.4083374622764741,,2026-02-04T18:55:49.450572,False,0.0023197153281384053
100,2,0.15,1,152,10,1,0.006929159164428711,True,False,0.4049298822714681,0.4207063711911357,,2026-02-04T18:55:49.780551,False,0.015776488919667597
100,2,0.15,2,142,10,2,0.0069429874420166016,True,False,0.38732394366197187,0.41539377107716724,,2026-02-04T18:55:50.079453,False,0.02806982741519537
100,2,0.15,3,141,10,3,0.008309125900268555,True,False,0.429052864544037,0.429052864544037,,2026-02-04T18:55:50.480549,True,0.0
100,2,0.15,4,154,10,4,0.00673222541809082,True,False,0.43295665373587455,0.43295665373587455,,2026-02-04T18:55:50.728728,True,0.0
100,2,0.15,5,158,10,5,0.007129669189453125,True,False,0.4342052555680179,0.4396531004646691,,2026-02-04T18:55:50.978225,False,0.005447844896651177
100,2,0.15,6,154,10,6,0.006815910339355469,True,False,0.415563332771125,0.415563332771125,,2026-02-04T18:55:51.242272,True,0.0
100,2,0.15,7,149,10,7,0.0062961578369140625,True,False,0.4328633845322283,0.4328633845322283,,2026-02-04T18:55:51.477001,True,0.0
100,2,0.15,8,154,10,8,0.006102800369262695,True,False,0.428550345758138,0.4472929667734863,,2026-02-04T18:55:51.708416,False,0.018742621015348293
100,2,0.15,9,147,10,9,0.006922006607055664,True,False,0.41815910037484383,0.4387755102040817,,2026-02-04T18:55:51.938497,False,0.020616409829237847
100,2,0.15,10,148,10,10,0.00640416145324707,True,False,0.39862582176771366,0.39862582176771366,,2026-02-04T18:55:52.174005,True,0.0
100,2,0.15,11,151,10,11,0.006986856460571289,True,False,0.42715231788079466,0.4319985965527827,,2026-02-04T18:55:52.407849,False,0.004846278671988058
100,2,0.15,12,161,10,12,0.0069522857666015625,True,False,0.42938158250067515,0.42938158250067515,,2026-02-04T18:55:52.640761,True,0.0
100,2,0.15,13,155,10,13,0.006072044372558594,True,False,0.42255983350676385,0.4354630593132154,,2026-02-04T18:55:52.873740,False,0.012903225806451535
100,2,0.15,14,151,10,14,0.006181240081787109,True,False,0.4228542607780361,0.4228542607780361,,2026-02-04T18:55:53.104490,True,0.0
100,2,0.15,15,140,10,15,0.006492137908935547,True,False,0.41428571428571426,0.4285714285714286,,2026-02-04T18:55:53.335864,False,0.014285714285714346
100,2,0.15,16,155,10,16,0.0064182281494140625,True,False,0.39032258064516134,0.4237044745057231,,2026-02-04T18:55:53.567782,False,0.033381893860561784
100,2,0.15,17,156,10,17,0.006711006164550781,True,False,0.40359960552268237,0.41025641025641024,,2026-02-04T18:55:53.799793,False,0.006656804733727872
100,2,0.15,18,155,10,18,0.006323099136352539,True,False,0.42786680541103006,0.4354630593132154,,2026-02-04T18:55:54.032286,False,0.007596253902185324
100,2,0.15,19,161,10,19,0.0058441162109375,True,False,0.4134099764669573,0.4143165772925427,,2026-02-04T18:55:54.264162,False,0.0009066008255853575
100,2,0.15,20,147,10,20,0.006662130355834961,True,False,0.4251700680272109,0.4386829561756675,,2026-02-04T18:55:54.494025,False,0.013512888148456581
100,2,0.15,21,149,10,21,0.006050586700439453,True,False,0.36680780145038516,0.4189000495473177,,2026-02-04T18:55:54.722982,False,0.052092248096932525
100,2,0.15,22,154,10,22,0.006894111633300781,True,False,0.402576319784112,0.42500843312531617,,2026-02-04T18:55:54.953344,False,0.022432113341204152
100,2,0.15,23,151,10,23,0.006626129150390625,True,False,0.4139072847682119,0.42636287882110435,,2026-02-04T18:55:55.188778,False,0.012455594052892427
100,2,0.15,24,171,10,24,0.007718801498413086,True,False,0.4181115556923497,0.4324749495571286,,2026-02-04T18:55:55.420873,False,0.014363393864778917
100,2,0.15,25,142,10,25,0.005923032760620117,True,False,0.4291807181114858,0.4324290815314421,,2026-02-04T18:55:55.651704,False,0.003248363419956324
100,2,0.15,26,168,10,26,0.006430149078369141,True,False,0.3868870464852608,0.40970450680272097,,2026-02-04T18:55:55.885092,False,0.02281746031746018
100,2,0.15,27,168,10,27,0.005982875823974609,True,False,0.38095238095238093,0.38577097505668934,,2026-02-04T18:55:56.114410,False,0.004818594104308405
100,2,0.15,28,170,10,28,0.00814509391784668,True,False,0.3999826989619377,0.40676470588235286,,2026-02-04T18:55:56.352747,False,0.00678200692041514
100,2,0.15,29,156,10,29,0.007091999053955078,True,False,0.3846153846153846,0.41025641025641024,,2026-02-04T18:55:56.587850,False,0.02564102564102566
100,2,0.15,30,155,10,30,0.006231784820556641,True,False,0.39450572320499483,0.4011446409989594,,2026-02-04T18:55:56.818260,False,0.006638917793964583
100,2,0.15,31,140,10,31,0.006426095962524414,True,False,0.3928316326530612,0.4171173469387755,,2026-02-04T18:55:57.051019,False,0.0242857142857143
100,2,0.15,32,146,10,32,0.006316184997558594,True,False,0.43150684931506844,0.43150684931506844,,2026-02-04T18:55:57.280114,True,0.0
100,2,0.15,33,155,10,33,0.0066030025482177734,True,False,0.39675338189386056,0.4161290322580645,,2026-02-04T18:55:57.515417,False,0.019375650364203967
100,2,0.15,34,165,10,34,0.006742954254150391,True,False,0.42121212121212126,0.42121212121212126,,2026-02-04T18:55:57.749548,True,0.0
100,2,0.15,35,154,10,35,0.006512880325317383,True,False,0.4248608534322821,0.42500843312531617,,2026-02-04T18:55:57.980761,False,0.00014757969303408336
100,2,0.15,36,153,10,36,0.0070400238037109375,True,False,0.4315434234696057,0.4410910333632364,,2026-02-04T18:55:58.212534,False,0.009547609893630682
100,2,0.15,37,165,10,37,0.006155967712402344,True,False,0.4231404958677685,0.4231404958677685,,2026-02-04T18:55:58.443523,True,0.0
100,2,0.15,38,152,10,38,0.007380008697509766,True,False,0.41445204293628807,0.438170879501385,,2026-02-04T18:55:58.687860,False,0.023718836565096935
100,2,0.15,39,161,10,39,0.008220911026000977,True,False,0.437714594344354,0.4413217082674279,,2026-02-04T18:55:58.943213,False,0.0036071139230738902
100,2,0.15,40,151,10,40,0.0067751407623291016,True,False,0.42743739309679396,0.4382044647164598,,2026-02-04T18:55:59.191979,False,0.010767071619665836
100,2,0.15,41,139,10,41,0.006742000579833984,True,False,0.43152528337042606,0.44242016458775424,,2026-02-04T18:55:59.437954,False,0.010894881217328178
100,2,0.15,42,150,10,42,0.0069048404693603516,True,False,0.43624444444444443,0.43624444444444443,,2026-02-04T18:55:59.738028,True,0.0
100,2,0.15,43,161,10,43,0.006453990936279297,True,False,0.400138883530728,0.4040546275220863,,2026-02-04T18:55:59.982875,False,0.0039157439913583
100,2,0.15,44,157,10,44,0.005838871002197266,True,False,0.44228974806280175,0.4480506308572356,,2026-02-04T18:56:00.230325,False,0.005760882794433875
100,2,0.15,45,160,10,45,0.006700992584228516,True,False,0.40623046875,0.4125,,2026-02-04T18:56:00.477195,False,0.00626953124999996
100,2,0.15,46,143,10,46,0.006421089172363281,True,False,0.4065479974570883,0.4280893931243582,,2026-02-04T18:56:00.727446,False,0.02154139566726987
100,2,0.15,47,154,10,47,0.00652313232421875,True,False,0.40909090909090906,0.4320290099510878,,2026-02-04T18:56:00.971389,False,0.022938100860178723
100,2,0.15,48,147,10,48,0.006788015365600586,True,False,0.44555509278541344,0.44555509278541344,,2026-02-04T18:56:01.218716,True,0.0
100,2,0.15,49,166,10,49,0.008130788803100586,True,False,0.397572216577152,0.41566265060240964,,2026-02-04T18:56:01.507669,False,0.018090434025257618
100,2,0.15,50,161,10,50,0.006581306457519531,True,False,0.41286987384745955,0.4192546583850931,,2026-02-04T18:56:01.741733,False,0.006384784537633581
100,2,0.15,51,135,10,51,0.005956888198852539,True,False,0.4258984910836763,0.4258984910836763,,2026-02-04T18:56:01.976684,True,0.0
100,2,0.15,52,164,10,52,0.00618290901184082,True,False,0.408517995240928,0.408517995240928,,2026-02-04T18:56:02.206265,True,0.0
100,2,0.15,53,150,10,53,0.0064198970794677734,True,False,0.42646666666666666,0.4329777777777777,,2026-02-04T18:56:02.438810,False,0.006511111111111023
100,2,0.15,54,150,10,54,0.006211996078491211,True,False,0.39997777777777765,0.4133111111111111,,2026-02-04T18:56:02.674986,False,0.01333333333333342
100,2,0.15,55,155,10,55,0.005946159362792969,True,False,0.4131321540062435,0.4134027055150885,,2026-02-04T18:56:02.905751,False,0.00027055150884502943
100,2,0.15,56,159,10,56,0.006665945053100586,True,False,0.4056603773584906,0.4119299078359242,,2026-02-04T18:56:03.137552,False,0.006269530477433616
100,2,0.15,57,150,10,57,0.0068318843841552734,True,False,0.4133111111111111,0.43013333333333337,,2026-02-04T18:56:03.370605,False,0.016822222222222294
100,2,0.15,58,151,10,58,0.006543874740600586,True,False,0.4023507740888558,0.4311214420420157,,2026-02-04T18:56:03.603105,False,0.028770667953159912
100,2,0.15,59,156,10,59,0.006104946136474609,True,False,0.4294666337935569,0.4294666337935569,,2026-02-04T18:56:03.835184,True,0.0
100,2,0.15,60,154,10,60,0.006263017654418945,True,False,0.3876707707876539,0.402576319784112,,2026-02-04T18:56:04.064890,False,0.014905548996458129
100,2,0.15,61,152,10,61,0.006800174713134766,True,False,0.39473684210526316,0.42587863573407203,,2026-02-04T18:56:04.296239,False,0.031141793628808867
100,2,0.15,62,165,10,62,0.0064699649810791016,True,False,0.3666483011937557,0.396969696969697,,2026-02-04T18:56:04.525185,False,0.030321395775941284
100,2,0.15,63,165,10,63,0.006806135177612305,True,False,0.40727272727272723,0.40909090909090906,,2026-02-04T18:56:04.756167,False,0.0018181818181818299
100,2,0.15,64,145,10,64,0.006542682647705078,True,False,0.417217598097503,0.4379310344827586,,2026-02-04T18:56:04.987562,False,0.020713436385255635
100,2,0.15,65,141,10,65,0.006036043167114258,True,False,0.4061918414566671,0.42704089331522554,,2026-02-04T18:56:05.217178,False,0.020849051858558454
100,2,0.15,66,142,10,66,0.006027936935424805,True,False,0.4154929577464789,0.4365949216425312,,2026-02-04T18:56:05.446054,False,0.021101963896052345
100,2,0.15,67,151,10,67,0.006430149078369141,True,False,0.42636287882110435,0.4311214420420157,,2026-02-04T18:56:05.677806,False,0.004758563220911338
100,2,0.15,68,160,10,68,0.006306886672973633,True,False,0.39373046875,0.42304687500000004,,2026-02-04T18:56:05.904821,False,0.029316406250000038
100,2,0.15,69,138,10,69,0.006201982498168945,True,False,0.42753623188405804,0.42753623188405804,,2026-02-04T18:56:06.135448,True,0.0
100,2,0.15,70,164,10,70,0.006845951080322266,True,False,0.43246207614515164,0.43716537775133846,,2026-02-04T18:56:06.365393,False,0.004703301606186816
100,2,0.15,71,165,10,71,0.006184101104736328,True,False,0.41432506887052334,0.43386593204775026,,2026-02-04T18:56:06.592858,False,0.01954086317722692
100,2,0.15,72,135,10,72,0.0059888362884521484,True,False,0.4185185185185185,0.4245816186556927,,2026-02-04T18:56:06.823662,False,0.006063100137174204
100,2,0.15,73,157,10,73,0.006422758102416992,True,False,0.41719745222929944,0.43869933871556654,,2026-02-04T18:56:07.055489,False,0.021501886486267108
100,2,0.15,74,144,10,74,0.006848812103271484,True,False,0.41666666666666663,0.4305555555555556,,2026-02-04T18:56:07.286083,False,0.01388888888888895
100,2,0.15,75,159,10,75,0.0068128108978271484,True,False,0.4158063367746529,0.42007831968672127,,2026-02-04T18:56:07.517246,False,0.004271982912068373
100,2,0.15,76,160,10,76,0.006490945816040039,True,False,0.39373046875,0.4131054687499999,,2026-02-04T18:56:07.745930,False,0.01937499999999992
100,2,0.15,77,150,10,77,0.006477832794189453,True,False,0.4133111111111111,0.4239777777777778,,2026-02-04T18:56:07.977546,False,0.010666666666666713
100,2,0.15,78,152,10,78,0.006095170974731445,True,False,0.42105263157894735,0.42760993767313016,,2026-02-04T18:56:08.206034,False,0.006557306094182813
100,2,0.15,79,153,10,79,0.0075418949127197266,True,False,0.38888888888888884,0.41084625571361444,,2026-02-04T18:56:08.435827,False,0.0219573668247256
100,2,0.15,80,166,10,80,0.0061190128326416016,True,False,0.40962040934823635,0.4241544491217884,,2026-02-04T18:56:08.666945,False,0.014534039773552054
100,2,0.15,81,154,10,81,0.006259918212890625,True,False,0.4343059537864733,0.4343059537864733,,2026-02-04T18:56:08.894894,True,0.0
100,2,0.15,82,158,10,82,0.006190061569213867,True,False,0.45567617369011376,0.45567617369011376,,2026-02-04T18:56:09.125974,True,0.0
100,2,0.15,83,153,10,83,0.006622791290283203,True,False,0.3977743602887779,0.43641334529454495,,2026-02-04T18:56:09.355282,False,0.03863898500576707
100,2,0.15,84,151,10,84,0.006150007247924805,True,False,0.39401780623656857,0.4117143984912942,,2026-02-04T18:56:09.584111,False,0.01769659225472564
100,2,0.15,85,151,10,85,0.005866050720214844,True,False,0.41085917284329637,0.42050787246173404,,2026-02-04T18:56:09.813667,False,0.009648699618437673
100,2,0.15,86,150,10,86,0.006040096282958984,True,False,0.44666666666666666,0.44666666666666666,,2026-02-04T18:56:10.042961,True,0.0
100,2,0.15,87,155,10,87,0.0066699981689453125,True,False,0.3778563995837668,0.4021644120707596,,2026-02-04T18:56:10.272850,False,0.02430801248699277
100,2,0.15,88,160,10,88,0.006799936294555664,True,False,0.42263671875,0.42263671875,,2026-02-04T18:56:10.504209,True,0.0
100,2,0.15,89,151,10,89,0.0064389705657958984,True,False,0.4337529055743169,0.4337529055743169,,2026-02-04T18:56:10.733924,True,0.0
100,2,0.15,90,168,10,90,0.005967855453491211,True,False,0.4267998866213152,0.4267998866213152,,2026-02-04T18:56:10.964199,True,0.0
100,2,0.15,91,155,10,91,0.0061419010162353516,True,False,0.4032258064516129,0.4032258064516129,,2026-02-04T18:56:11.194950,True,0.0
100,2,0.15,92,157,10,92,0.006798744201660156,True,False,0.39806888717595046,0.4219238102965638,,2026-02-04T18:56:11.424147,False,0.023854923120613325
100,2,0.15,93,153,10,93,0.006991147994995117,True,False,0.3990772779700116,0.3998248536887522,,2026-02-04T18:56:11.656363,False,0.0007475757187406229
100,2,0.15,94,141,10,94,0.006164073944091797,True,False,0.4179870227855741,0.429052864544037,,2026-02-04T18:56:11.885336,False,0.011065841758462924
100,2,0.15,95,162,10,95,0.00622105598449707,True,False,0.4320797134583142,0.4320797134583142,,2026-02-04T18:56:12.114565,True,0.0
100,2,0.15,96,161,10,96,0.006742000579833984,True,False,0.406832298136646,0.4189460283168088,,2026-02-04T18:56:12.345301,False,0.012113730180162818
100,2,0.15,97,157,10,97,0.006128072738647461,True,False,0.38533003367276575,0.41900279930220297,,2026-02-04T18:56:12.573499,False,0.03367276562943722
100,2,0.15,98,147,10,98,0.0070037841796875,True,False,0.42917302975612015,0.43673932157897166,,2026-02-04T18:56:12.804126,False,0.007566291822851512
100,2,0.15,99,152,10,99,0.005887031555175781,True,False,0.42760993767313016,0.4342105263157895,,2026-02-04T18:56:13.034856,False,0.006600588642659333
100,2,0.15,0,149,20,0,0.0067441463470458984,True,False,0.4060177469483357,0.4083374622764741,,2026-02-04T18:56:13.263576,False,0.0023197153281384053
100,2,0.15,1,152,20,1,0.006152153015136719,True,False,0.4049298822714681,0.4207063711911357,,2026-02-04T18:56:13.494084,False,0.015776488919667597
100,2,0.15,2,142,20,2,0.0062830448150634766,True,False,0.3943414005157707,0.41539377107716724,,2026-02-04T18:56:13.723006,False,0.021052370561396527
100,2,0.15,3,141,20,3,0.006433010101318359,True,False,0.429052864544037,0.429052864544037,,2026-02-04T18:56:13.952165,True,0.0
100,2,0.15,4,154,20,4,0.006381988525390625,True,False,0.43295665373587455,0.43295665373587455,,2026-02-04T18:56:14.185043,True,0.0
100,2,0.15,5,158,20,5,0.007395029067993164,True,False,0.43670886075949367,0.4396531004646691,,2026-02-04T18:56:14.414545,False,0.002944239705175433
100,2,0.15,6,154,20,6,0.006884098052978516,True,False,0.415563332771125,0.415563332771125,,2026-02-04T18:56:14.644417,True,0.0
100,2,0.15,7,149,20,7,0.006747245788574219,True,False,0.4328633845322283,0.4328633845322283,,2026-02-04T18:56:14.875855,True,0.0
100,2,0.15,8,154,20,8,0.0066680908203125,True,False,0.428550345758138,0.4472929667734863,,2026-02-04T18:56:15.105632,False,0.018742621015348293
100,2,0.15,9,147,20,9,0.006119966506958008,True,False,0.41834420843167197,0.4387755102040817,,2026-02-04T18:56:15.336285,False,0.020431301772409705
100,2,0.15,10,148,20,10,0.0062940120697021484,True,False,0.39862582176771366,0.39862582176771366,,2026-02-04T18:56:15.566877,True,0.0
100,2,0.15,11,151,20,11,0.0062868595123291016,True,False,0.4319985965527827,0.4319985965527827,,2026-02-04T18:56:15.795748,True,0.0
100,2,0.15,12,161,20,12,0.006761074066162109,True,False,0.42938158250067515,0.42938158250067515,,2026-02-04T18:56:16.025658,True,0.0
100,2,0.15,13,155,20,13,0.006020069122314453,True,False,0.42903225806451617,0.4354630593132154,,2026-02-04T18:56:16.254336,False,0.006430801248699214
100,2,0.15,14,151,20,14,0.00653529167175293,True,False,0.4228542607780361,0.4228542607780361,,2026-02-04T18:56:16.485171,True,0.0
100,2,0.15,15,140,20,15,0.007191181182861328,True,False,0.41428571428571426,0.4285714285714286,,2026-02-04T18:56:16.716654,False,0.014285714285714346
100,2,0.15,16,155,20,16,0.007119178771972656,True,False,0.4237044745057231,0.4237044745057231,,2026-02-04T18:56:16.945561,True,0.0
100,2,0.15,17,156,20,17,0.006700754165649414,True,False,0.40359960552268237,0.41025641025641024,,2026-02-04T18:56:17.177440,False,0.006656804733727872
100,2,0.15,18,155,20,18,0.006757974624633789,True,False,0.4283870967741935,0.4354630593132154,,2026-02-04T18:56:17.407818,False,0.007075962539021874
100,2,0.15,19,161,20,19,0.0076141357421875,True,False,0.4134099764669573,0.4143165772925427,,2026-02-04T18:56:17.638702,False,0.0009066008255853575
100,2,0.15,20,147,20,20,0.006554841995239258,True,False,0.4251700680272109,0.4386829561756675,,2026-02-04T18:56:17.870259,False,0.013512888148456581
100,2,0.15,21,149,20,21,0.0069789886474609375,True,False,0.3925949281563894,0.4189000495473177,,2026-02-04T18:56:18.100147,False,0.026305121390928277
100,2,0.15,22,154,20,22,0.006075859069824219,True,False,0.40909090909090906,0.42500843312531617,,2026-02-04T18:56:18.330663,False,0.015917524034407105
100,2,0.15,23,151,20,23,0.006100177764892578,True,False,0.4139072847682119,0.42636287882110435,,2026-02-04T18:56:18.567661,False,0.012455594052892427
100,2,0.15,24,171,20,24,0.04134202003479004,True,False,0.4324749495571286,0.4324749495571286,,2026-02-04T18:56:18.832328,True,0.0
100,2,0.15,25,142,20,25,0.006104946136474609,True,False,0.4291807181114858,0.4324290815314421,,2026-02-04T18:56:19.075747,False,0.003248363419956324
100,2,0.15,26,168,20,26,0.0067980289459228516,True,False,0.3973745748299319,0.40970450680272097,,2026-02-04T18:56:19.306329,False,0.012329931972789088
100,2,0.15,27,168,20,27,0.006693840026855469,True,False,0.38095238095238093,0.38577097505668934,,2026-02-04T18:56:19.535391,False,0.004818594104308405
100,2,0.15,28,170,20,28,0.006563901901245117,True,False,0.3999826989619377,0.40676470588235286,,2026-02-04T18:56:19.765406,False,0.00678200692041514
100,2,0.15,29,156,20,29,0.00654911994934082,True,False,0.41025641025641024,0.41025641025641024,,2026-02-04T18:56:19.995634,True,0.0
100,2,0.15,30,155,20,30,0.008428812026977539,True,False,0.39789802289281995,0.4011446409989594,,2026-02-04T18:56:20.241052,False,0.003246618106139465
100,2,0.15,31,140,20,31,0.00691676139831543,True,False,0.40711734693877544,0.4171173469387755,,2026-02-04T18:56:20.538095,False,0.010000000000000064
100,2,0.15,32,146,20,32,0.006358146667480469,True,False,0.43150684931506844,0.43150684931506844,,2026-02-04T18:56:20.772929,True,0.0
100,2,0.15,33,155,20,33,0.006378889083862305,True,False,0.4120499479708636,0.4161290322580645,,2026-02-04T18:56:21.006780,False,0.00407908428720094
100,2,0.15,34,165,20,34,0.0068569183349609375,True,False,0.42121212121212126,0.42121212121212126,,2026-02-04T18:56:21.239773,True,0.0
100,2,0.15,35,154,20,35,0.006426811218261719,True,False,0.4248608534322821,0.42500843312531617,,2026-02-04T18:56:21.474726,False,0.00014757969303408336
100,2,0.15,36,153,20,36,0.006269216537475586,True,False,0.4346191635695673,0.4410910333632364,,2026-02-04T18:56:21.707572,False,0.006471869793669094
100,2,0.15,37,165,20,37,0.0062601566314697266,True,False,0.4231404958677685,0.4231404958677685,,2026-02-04T18:56:21.938604,True,0.0
100,2,0.15,38,152,20,38,0.007503032684326172,True,False,0.43297697368421056,0.438170879501385,,2026-02-04T18:56:22.170392,False,0.005193905817174438
100,2,0.15,39,161,20,39,0.0062541961669921875,True,False,0.4413217082674279,0.4413217082674279,,2026-02-04T18:56:22.402520,True,0.0
100,2,0.15,40,151,20,40,0.007092952728271484,True,False,0.42743739309679396,0.4382044647164598,,2026-02-04T18:56:22.637223,False,0.010767071619665836
100,2,0.15,41,139,20,41,0.009095907211303711,True,False,0.4422131359660474,0.44242016458775424,,2026-02-04T18:56:22.871921,False,0.00020702862170685066
100,2,0.15,42,150,20,42,0.007148027420043945,True,False,0.43624444444444443,0.43624444444444443,,2026-02-04T18:56:23.104400,True,0.0
100,2,0.15,43,161,20,43,0.00654292106628418,True,False,0.400138883530728,0.4040546275220863,,2026-02-04T18:56:23.337418,False,0.0039157439913583
100,2,0.15,44,157,20,44,0.0064029693603515625,True,False,0.44228974806280175,0.4480506308572356,,2026-02-04T18:56:23.569670,False,0.005760882794433875
100,2,0.15,45,160,20,45,0.0071527957916259766,True,False,0.40623046875,0.4125,,2026-02-04T18:56:23.802432,False,0.00626953124999996
100,2,0.15,46,143,20,46,0.006585121154785156,True,False,0.4226857059024891,0.4280893931243582,,2026-02-04T18:56:24.035789,False,0.005403687221869069
100,2,0.15,47,154,20,47,0.007000923156738281,True,False,0.40909090909090906,0.4320290099510878,,2026-02-04T18:56:24.267928,False,0.022938100860178723
100,2,0.15,48,147,20,48,0.007650136947631836,True,False,0.44555509278541344,0.44555509278541344,,2026-02-04T18:56:24.500253,True,0.0
100,2,0.15,49,166,20,49,0.009588241577148438,True,False,0.397572216577152,0.41566265060240964,,2026-02-04T18:56:24.734834,False,0.018090434025257618
100,2,0.15,50,161,20,50,0.00632023811340332,True,False,0.4130241888816018,0.4192546583850931,,2026-02-04T18:56:24.965835,False,0.0062304695034913204
100,2,0.15,51,135,20,51,0.0072917938232421875,True,False,0.4258984910836763,0.4258984910836763,,2026-02-04T18:56:25.198444,True,0.0
100,2,0.15,52,164,20,52,0.006360769271850586,True,False,0.408517995240928,0.408517995240928,,2026-02-04T18:56:25.430659,True,0.0
100,2,0.15,53,150,20,53,0.006796121597290039,True,False,0.4329777777777777,0.4329777777777777,,2026-02-04T18:56:25.663534,True,0.0
100,2,0.15,54,150,20,54,0.007874011993408203,True,False,0.4133111111111111,0.4133111111111111,,2026-02-04T18:56:25.896806,True,0.0
100,2,0.15,55,155,20,55,0.006850004196166992,True,False,0.4131321540062435,0.4134027055150885,,2026-02-04T18:56:26.126479,False,0.00027055150884502943
100,2,0.15,56,159,20,56,0.0068852901458740234,True,False,0.4056603773584906,0.4119299078359242,,2026-02-04T18:56:26.359241,False,0.006269530477433616
100,2,0.15,57,150,20,57,0.00632023811340332,True,False,0.4143111111111111,0.43013333333333337,,2026-02-04T18:56:26.588237,False,0.015822222222222293
100,2,0.15,58,151,20,58,0.006618976593017578,True,False,0.4165387483005131,0.4311214420420157,,2026-02-04T18:56:26.819443,False,0.014582693741502617
100,2,0.15,59,156,20,59,0.006596088409423828,True,False,0.4294666337935569,0.4294666337935569,,2026-02-04T18:56:27.051977,True,0.0
100,2,0.15,60,154,20,60,0.006613016128540039,True,False,0.389589306797099,0.402576319784112,,2026-02-04T18:56:27.283751,False,0.012987012987012991
100,2,0.15,61,152,20,61,0.006170034408569336,True,False,0.4168109418282548,0.42587863573407203,,2026-02-04T18:56:27.515221,False,0.009067693905817242
100,2,0.15,62,165,20,62,0.0063610076904296875,True,False,0.37876951331496783,0.396969696969697,,2026-02-04T18:56:27.747774,False,0.01820018365472914
100,2,0.15,63,165,20,63,0.006618022918701172,True,False,0.40879706152433426,0.40909090909090906,,2026-02-04T18:56:27.978236,False,0.0002938475665748008
100,2,0.15,64,145,20,64,0.0069468021392822266,True,False,0.4379310344827586,0.4379310344827586,,2026-02-04T18:56:28.209393,True,0.0
100,2,0.15,65,141,20,65,0.007070779800415039,True,False,0.42704089331522554,0.42704089331522554,,2026-02-04T18:56:28.441958,True,0.0
100,2,0.15,66,142,20,66,0.006623268127441406,True,False,0.4154929577464789,0.4365949216425312,,2026-02-04T18:56:28.674387,False,0.021101963896052345
100,2,0.15,67,151,20,67,0.006545066833496094,True,False,0.4311214420420157,0.4311214420420157,,2026-02-04T18:56:28.904782,True,0.0
100,2,0.15,68,160,20,68,0.0073931217193603516,True,False,0.41873046875000003,0.42304687500000004,,2026-02-04T18:56:29.135570,False,0.0043164062500000155
100,2,0.15,69,138,20,69,0.006935834884643555,True,False,0.42753623188405804,0.42753623188405804,,2026-02-04T18:56:29.366425,True,0.0
100,2,0.15,70,164,20,70,0.006249904632568359,True,False,0.43246207614515164,0.43716537775133846,,2026-02-04T18:56:29.600611,False,0.004703301606186816
100,2,0.15,71,165,20,71,0.007023811340332031,True,False,0.4312947658402203,0.43386593204775026,,2026-02-04T18:56:29.831297,False,0.0025711662075299513
100,2,0.15,72,135,20,72,0.006490945816040039,True,False,0.4185185185185185,0.4245816186556927,,2026-02-04T18:56:30.064037,False,0.006063100137174204
100,2,0.15,73,157,20,73,0.006136655807495117,True,False,0.43869933871556654,0.43869933871556654,,2026-02-04T18:56:30.296218,True,0.0
100,2,0.15,74,144,20,74,0.007193803787231445,True,False,0.41666666666666663,0.4305555555555556,,2026-02-04T18:56:30.529516,False,0.01388888888888895
100,2,0.15,75,159,20,75,0.00646662712097168,True,False,0.4158063367746529,0.42007831968672127,,2026-02-04T18:56:30.761832,False,0.004271982912068373
100,2,0.15,76,160,20,76,0.0069408416748046875,True,False,0.39373046875,0.4131054687499999,,2026-02-04T18:56:30.993435,False,0.01937499999999992
100,2,0.15,77,150,20,77,0.006985902786254883,True,False,0.4133111111111111,0.4239777777777778,,2026-02-04T18:56:31.227451,False,0.010666666666666713
100,2,0.15,78,152,20,78,0.006743192672729492,True,False,0.42760993767313016,0.42760993767313016,,2026-02-04T18:56:31.460442,True,0.0
100,2,0.15,79,153,20,79,0.006524085998535156,True,False,0.3954034772950575,0.41084625571361444,,2026-02-04T18:56:31.693154,False,0.015442778418556957
100,2,0.15,80,166,20,80,0.007057905197143555,True,False,0.41513644941210637,0.4241544491217884,,2026-02-04T18:56:31.925480,False,0.009017999709682034
100,2,0.15,81,154,20,81,0.006190061569213867,True,False,0.4343059537864733,0.4343059537864733,,2026-02-04T18:56:32.157132,True,0.0
100,2,0.15,82,158,20,82,0.0064470767974853516,True,False,0.45567617369011376,0.45567617369011376,,2026-02-04T18:56:32.388268,True,0.0
100,2,0.15,83,153,20,83,0.0062253475189208984,True,False,0.4342560553633218,0.43641334529454495,,2026-02-04T18:56:32.617575,False,0.002157289931223161
100,2,0.15,84,151,20,84,0.006284236907958984,True,False,0.40960922766545327,0.4117143984912942,,2026-02-04T18:56:32.852915,False,0.0021051708258409407
100,2,0.15,85,151,20,85,0.006512165069580078,True,False,0.41085917284329637,0.42050787246173404,,2026-02-04T18:56:33.085178,False,0.009648699618437673
100,2,0.15,86,150,20,86,0.0065038204193115234,True,False,0.44666666666666666,0.44666666666666666,,2026-02-04T18:56:33.315048,True,0.0
100,2,0.15,87,155,20,87,0.0065059661865234375,True,False,0.4021644120707596,0.4021644120707596,,2026-02-04T18:56:33.548264,True,0.0
100,2,0.15,88,160,20,88,0.006823301315307617,True,False,0.42263671875,0.42263671875,,2026-02-04T18:56:33.780825,True,0.0
100,2,0.15,89,151,20,89,0.0066699981689453125,True,False,0.4337529055743169,0.4337529055743169,,2026-02-04T18:56:34.010285,True,0.0
100,2,0.15,90,168,20,90,0.006317853927612305,True,False,0.4267998866213152,0.4267998866213152,,2026-02-04T18:56:34.242680,True,0.0
100,2,0.15,91,155,20,91,0.0066890716552734375,True,False,0.4032258064516129,0.4032258064516129,,2026-02-04T18:56:34.476554,True,0.0
100,2,0.15,92,157,20,92,0.006942033767700195,True,False,0.39806888717595046,0.4219238102965638,,2026-02-04T18:56:34.707994,False,0.023854923120613325
100,2,0.15,93,153,20,93,0.006338834762573242,True,False,0.3990772779700116,0.3998248536887522,,2026-02-04T18:56:34.938585,False,0.0007475757187406229
100,2,0.15,94,141,20,94,0.0072710514068603516,True,False,0.42482772496353294,0.429052864544037,,2026-02-04T18:56:35.170560,False,0.004225139580504078
100,2,0.15,95,162,20,95,0.0068531036376953125,True,False,0.4320797134583142,0.4320797134583142,,2026-02-04T18:56:35.401660,True,0.0
100,2,0.15,96,161,20,96,0.005939960479736328,True,False,0.4130241888816018,0.4189460283168088,,2026-02-04T18:56:35.630897,False,0.005921839435207021
100,2,0.15,97,157,20,97,0.006449222564697266,True,False,0.41062517749198757,0.41900279930220297,,2026-02-04T18:56:35.862256,False,0.008377621810215397
100,2,0.15,98,147,20,98,0.006628990173339844,True,False,0.43673932157897166,0.43673932157897166,,2026-02-04T18:56:36.093731,True,0.0
100,2,0.15,99,152,20,99,0.006283998489379883,True,False,0.42760993767313016,0.4342105263157895,,2026-02-04T18:56:36.324397,False,0.006600588642659333
100,2,0.15,0,149,50,0,0.007394075393676758,True,False,0.4083374622764741,0.4083374622764741,,2026-02-04T18:56:36.558546,True,0.0
100,2,0.15,1,152,50,1,0.007417201995849609,True,False,0.4078947368421053,0.4207063711911357,,2026-02-04T18:56:36.791608,False,0.012811634349030376
100,2,0.15,2,142,50,2,0.00721287727355957,True,False,0.4014084507042254,0.41539377107716724,,2026-02-04T18:56:37.023756,False,0.013985320372941867
100,2,0.15,3,141,50,3,0.007472991943359375,True,False,0.429052864544037,0.429052864544037,,2026-02-04T18:56:37.258602,True,0.0
100,2,0.15,4,154,50,4,0.006958961486816406,True,False,0.43295665373587455,0.43295665373587455,,2026-02-04T18:56:37.488739,True,0.0
100,2,0.15,5,158,50,5,0.0072612762451171875,True,False,0.43670886075949367,0.4396531004646691,,2026-02-04T18:56:37.722220,False,0.002944239705175433
100,2,0.15,6,154,50,6,0.006949186325073242,True,False,0.415563332771125,0.415563332771125,,2026-02-04T18:56:37.952344,True,0.0
100,2,0.15,7,149,50,7,0.007169008255004883,True,False,0.4328633845322283,0.4328633845322283,,2026-02-04T18:56:38.183521,True,0.0
100,2,0.15,8,154,50,8,0.007096052169799805,True,False,0.428550345758138,0.4472929667734863,,2026-02-04T18:56:38.416548,False,0.018742621015348293
100,2,0.15,9,147,50,9,0.007814884185791016,True,False,0.4387755102040817,0.4387755102040817,,2026-02-04T18:56:38.648473,True,0.0
100,2,0.15,10,148,50,10,0.007111072540283203,True,False,0.39862582176771366,0.39862582176771366,,2026-02-04T18:56:38.881107,True,0.0
100,2,0.15,11,151,50,11,0.007239103317260742,True,False,0.4319985965527827,0.4319985965527827,,2026-02-04T18:56:39.111472,True,0.0
100,2,0.15,12,161,50,12,0.00699925422668457,True,False,0.42938158250067515,0.42938158250067515,,2026-02-04T18:56:39.343070,True,0.0
100,2,0.15,13,155,50,13,0.007002830505371094,True,False,0.4354630593132154,0.4354630593132154,,2026-02-04T18:56:39.576329,True,0.0
100,2,0.15,14,151,50,14,0.007226228713989258,True,False,0.4228542607780361,0.4228542607780361,,2026-02-04T18:56:39.807250,True,0.0
100,2,0.15,15,140,50,15,0.007631778717041016,True,False,0.41428571428571426,0.4285714285714286,,2026-02-04T18:56:40.038155,False,0.014285714285714346
100,2,0.15,16,155,50,16,0.007157802581787109,True,False,0.4237044745057231,0.4237044745057231,,2026-02-04T18:56:40.272650,True,0.0
100,2,0.15,17,156,50,17,0.007207155227661133,True,False,0.40359960552268237,0.41025641025641024,,2026-02-04T18:56:40.502496,False,0.006656804733727872
100,2,0.15,18,155,50,18,0.00741887092590332,True,False,0.4283870967741935,0.4354630593132154,,2026-02-04T18:56:40.737043,False,0.007075962539021874
100,2,0.15,19,161,50,19,0.007547140121459961,True,False,0.4134099764669573,0.4143165772925427,,2026-02-04T18:56:40.970202,False,0.0009066008255853575
100,2,0.15,20,147,50,20,0.007133960723876953,True,False,0.4386829561756675,0.4386829561756675,,2026-02-04T18:56:41.204590,True,0.0
100,2,0.15,21,149,50,21,0.007314920425415039,True,False,0.412751677852349,0.4189000495473177,,2026-02-04T18:56:41.438548,False,0.0061483716949686795
100,2,0.15,22,154,50,22,0.0070989131927490234,True,False,0.415563332771125,0.42500843312531617,,2026-02-04T18:56:41.670292,False,0.00944510035419116
100,2,0.15,23,151,50,23,0.0072269439697265625,True,False,0.42636287882110435,0.42636287882110435,,2026-02-04T18:56:41.901712,True,0.0
100,2,0.15,24,171,50,24,0.007341861724853516,True,False,0.4324749495571286,0.4324749495571286,,2026-02-04T18:56:42.134452,True,0.0
100,2,0.15,25,142,50,25,0.007218360900878906,True,False,0.4291807181114858,0.4324290815314421,,2026-02-04T18:56:42.366652,False,0.003248363419956324
100,2,0.15,26,168,50,26,0.007338047027587891,True,False,0.40970450680272097,0.40970450680272097,,2026-02-04T18:56:42.599956,True,0.0
100,2,0.15,27,168,50,27,0.007061958312988281,True,False,0.38095238095238093,0.38577097505668934,,2026-02-04T18:56:42.831280,False,0.004818594104308405
100,2,0.15,28,170,50,28,0.007119894027709961,True,False,0.40676470588235286,0.40676470588235286,,2026-02-04T18:56:43.062370,True,0.0
100,2,0.15,29,156,50,29,0.0069849491119384766,True,False,0.41025641025641024,0.41025641025641024,,2026-02-04T18:56:43.296562,True,0.0
100,2,0.15,30,155,50,30,0.008141040802001953,True,False,0.39789802289281995,0.4011446409989594,,2026-02-04T18:56:43.526861,False,0.003246618106139465
100,2,0.15,31,140,50,31,0.007039070129394531,True,False,0.40711734693877544,0.4171173469387755,,2026-02-04T18:56:43.758661,False,0.010000000000000064
100,2,0.15,32,146,50,32,0.0073969364166259766,True,False,0.43150684931506844,0.43150684931506844,,2026-02-04T18:56:43.989492,True,0.0
100,2,0.15,33,155,50,33,0.007704973220825195,True,False,0.41537981269510926,0.4161290322580645,,2026-02-04T18:56:44.220959,False,0.0007492195629552612
100,2,0.15,34,165,50,34,0.006963968276977539,True,False,0.42121212121212126,0.42121212121212126,,2026-02-04T18:56:44.453663,True,0.0
100,2,0.15,35,154,50,35,0.0070400238037109375,True,False,0.4248608534322821,0.42500843312531617,,2026-02-04T18:56:44.685517,False,0.00014757969303408336
100,2,0.15,36,153,50,36,0.0072667598724365234,True,False,0.43699004656328766,0.4410910333632364,,2026-02-04T18:56:44.918680,False,0.004100986799948747
100,2,0.15,37,165,50,37,0.00718379020690918,True,False,0.4231404958677685,0.4231404958677685,,2026-02-04T18:56:45.152534,True,0.0
100,2,0.15,38,152,50,38,0.0075871944427490234,True,False,0.43386426592797783,0.438170879501385,,2026-02-04T18:56:45.384585,False,0.00430661357340717
100,2,0.15,39,161,50,39,0.007261037826538086,True,False,0.4413217082674279,0.4413217082674279,,2026-02-04T18:56:45.618327,True,0.0
100,2,0.15,40,151,50,40,0.007143974304199219,True,False,0.43541949914477435,0.4382044647164598,,2026-02-04T18:56:45.851379,False,0.0027849655716854493
100,2,0.15,41,139,50,41,0.007101297378540039,True,False,0.44242016458775424,0.44242016458775424,,2026-02-04T18:56:46.083875,True,0.0
100,2,0.15,42,150,50,42,0.007661104202270508,True,False,0.43624444444444443,0.43624444444444443,,2026-02-04T18:56:46.316267,True,0.0
100,2,0.15,43,161,50,43,0.007272958755493164,True,False,0.4040546275220863,0.4040546275220863,,2026-02-04T18:56:46.546316,True,0.0
100,2,0.15,44,157,50,44,0.007133007049560547,True,False,0.44228974806280175,0.4480506308572356,,2026-02-04T18:56:46.780076,False,0.005760882794433875
100,2,0.15,45,160,50,45,0.006908893585205078,True,False,0.41242187500000005,0.4125,,2026-02-04T18:56:47.012355,False,7.812499999992895e-05
100,2,0.15,46,143,50,46,0.00666499137878418,True,False,0.4280893931243582,0.4280893931243582,,2026-02-04T18:56:47.243141,True,0.0
100,2,0.15,47,154,50,47,0.007383823394775391,True,False,0.428550345758138,0.4320290099510878,,2026-02-04T18:56:47.474681,False,0.0034786641929497875
100,2,0.15,48,147,50,48,0.007129192352294922,True,False,0.44555509278541344,0.44555509278541344,,2026-02-04T18:56:47.707802,True,0.0
100,2,0.15,49,166,50,49,0.007049083709716797,True,False,0.41566265060240964,0.41566265060240964,,2026-02-04T18:56:47.939528,True,0.0
100,2,0.15,50,161,50,50,0.0075397491455078125,True,False,0.4192546583850931,0.4192546583850931,,2026-02-04T18:56:48.172118,True,0.0
100,2,0.15,51,135,50,51,0.007527351379394531,True,False,0.4258984910836763,0.4258984910836763,,2026-02-04T18:56:48.405638,True,0.0
100,2,0.15,52,164,50,52,0.007814168930053711,True,False,0.408517995240928,0.408517995240928,,2026-02-04T18:56:48.641967,True,0.0
100,2,0.15,53,150,50,53,0.007042884826660156,True,False,0.4329777777777777,0.4329777777777777,,2026-02-04T18:56:48.874668,True,0.0
100,2,0.15,54,150,50,54,0.008949995040893555,True,False,0.4133111111111111,0.4133111111111111,,2026-02-04T18:56:49.150133,True,0.0
100,2,0.15,55,155,50,55,0.007650852203369141,True,False,0.4131321540062435,0.4134027055150885,,2026-02-04T18:56:49.437937,False,0.00027055150884502943
100,2,0.15,56,159,50,56,0.0077359676361083984,True,False,0.4056603773584906,0.4119299078359242,,2026-02-04T18:56:49.691653,False,0.006269530477433616
100,2,0.15,57,150,50,57,0.007349967956542969,True,False,0.4202444444444444,0.43013333333333337,,2026-02-04T18:56:49.936821,False,0.009888888888888947
100,2,0.15,58,151,50,58,0.00934600830078125,True,False,0.4311214420420157,0.4311214420420157,,2026-02-04T18:56:50.201207,True,0.0
100,2,0.15,59,156,50,59,0.007740020751953125,True,False,0.4294666337935569,0.4294666337935569,,2026-02-04T18:56:50.538411,True,0.0
100,2,0.15,60,154,50,60,0.0072362422943115234,True,False,0.389589306797099,0.402576319784112,,2026-02-04T18:56:50.775828,False,0.012987012987012991
100,2,0.15,61,152,50,61,0.007241010665893555,True,False,0.4168109418282548,0.42587863573407203,,2026-02-04T18:56:51.011269,False,0.009067693905817242
100,2,0.15,62,165,50,62,0.007219076156616211,True,False,0.38639118457300275,0.396969696969697,,2026-02-04T18:56:51.248018,False,0.010578512396694217
100,2,0.15,63,165,50,63,0.007182121276855469,True,False,0.40879706152433426,0.40909090909090906,,2026-02-04T18:56:51.482764,False,0.0002938475665748008
100,2,0.15,64,145,50,64,0.008296012878417969,True,False,0.4379310344827586,0.4379310344827586,,2026-02-04T18:56:51.715841,True,0.0
100,2,0.15,65,141,50,65,0.007071018218994141,True,False,0.42704089331522554,0.42704089331522554,,2026-02-04T18:56:51.948464,True,0.0
100,2,0.15,66,142,50,66,0.007128238677978516,True,False,0.4365949216425312,0.4365949216425312,,2026-02-04T18:56:52.188869,True,0.0
100,2,0.15,67,151,50,67,0.007233858108520508,True,False,0.4311214420420157,0.4311214420420157,,2026-02-04T18:56:52.423929,True,0.0
100,2,0.15,68,160,50,68,0.007436037063598633,True,False,0.41873046875000003,0.42304687500000004,,2026-02-04T18:56:52.656564,False,0.0043164062500000155
100,2,0.15,69,138,50,69,0.007447957992553711,True,False,0.42753623188405804,0.42753623188405804,,2026-02-04T18:56:52.891013,True,0.0
100,2,0.15,70,164,50,70,0.007983207702636719,True,False,0.43246207614515164,0.43716537775133846,,2026-02-04T18:56:53.124829,False,0.004703301606186816
100,2,0.15,71,165,50,71,0.007477998733520508,True,False,0.4312947658402203,0.43386593204775026,,2026-02-04T18:56:53.360785,False,0.0025711662075299513
100,2,0.15,72,135,50,72,0.007542133331298828,True,False,0.4185185185185185,0.4245816186556927,,2026-02-04T18:56:53.595969,False,0.006063100137174204
100,2,0.15,73,157,50,73,0.0075337886810302734,True,False,0.43869933871556654,0.43869933871556654,,2026-02-04T18:56:53.829478,True,0.0
100,2,0.15,74,144,50,74,0.00667881965637207,True,False,0.41666666666666663,0.4305555555555556,,2026-02-04T18:56:54.062999,False,0.01388888888888895
100,2,0.15,75,159,50,75,0.007020711898803711,True,False,0.41697322099600487,0.42007831968672127,,2026-02-04T18:56:54.296795,False,0.0031050986907164013
100,2,0.15,76,160,50,76,0.0073850154876708984,True,False,0.4131054687499999,0.4131054687499999,,2026-02-04T18:56:54.531559,True,0.0
100,2,0.15,77,150,50,77,0.007325887680053711,True,False,0.4133111111111111,0.4239777777777778,,2026-02-04T18:56:54.774093,False,0.010666666666666713
100,2,0.15,78,152,50,78,0.011143922805786133,True,False,0.42760993767313016,0.42760993767313016,,2026-02-04T18:56:55.025567,True,0.0
100,2,0.15,79,153,50,79,0.007536172866821289,True,False,0.4084753727198941,0.41084625571361444,,2026-02-04T18:56:55.257058,False,0.002370882993720347
100,2,0.15,80,166,50,80,0.007308006286621094,True,False,0.4241544491217884,0.4241544491217884,,2026-02-04T18:56:55.489921,True,0.0
100,2,0.15,81,154,50,81,0.007288932800292969,True,False,0.4343059537864733,0.4343059537864733,,2026-02-04T18:56:55.724308,True,0.0
100,2,0.15,82,158,50,82,0.007258176803588867,True,False,0.45567617369011376,0.45567617369011376,,2026-02-04T18:56:55.956468,True,0.0
100,2,0.15,83,153,50,83,0.007851123809814453,True,False,0.4342560553633218,0.43641334529454495,,2026-02-04T18:56:56.190136,False,0.002157289931223161
100,2,0.15,84,151,50,84,0.007169961929321289,True,False,0.40960922766545327,0.4117143984912942,,2026-02-04T18:56:56.422083,False,0.0021051708258409407
100,2,0.15,85,151,50,85,0.007703065872192383,True,False,0.41085917284329637,0.42050787246173404,,2026-02-04T18:56:56.654763,False,0.009648699618437673
100,2,0.15,86,150,50,86,0.008239984512329102,True,False,0.44666666666666666,0.44666666666666666,,2026-02-04T18:56:56.887763,True,0.0
100,2,0.15,87,155,50,87,0.008423089981079102,True,False,0.4021644120707596,0.4021644120707596,,2026-02-04T18:56:57.119924,True,0.0
100,2,0.15,88,160,50,88,0.006947040557861328,True,False,0.42263671875,0.42263671875,,2026-02-04T18:56:57.350066,True,0.0
100,2,0.15,89,151,50,89,0.007098197937011719,True,False,0.4337529055743169,0.4337529055743169,,2026-02-04T18:56:57.582038,True,0.0
100,2,0.15,90,168,50,90,0.007662773132324219,True,False,0.4267998866213152,0.4267998866213152,,2026-02-04T18:56:57.817243,True,0.0
100,2,0.15,91,155,50,91,0.006772756576538086,True,False,0.4032258064516129,0.4032258064516129,,2026-02-04T18:56:58.047580,True,0.0
100,2,0.15,92,157,50,92,0.007924795150756836,True,False,0.4171163130350116,0.4219238102965638,,2026-02-04T18:56:58.281735,False,0.004807497261552163
100,2,0.15,93,153,50,93,0.007803916931152344,True,False,0.3990772779700116,0.3998248536887522,,2026-02-04T18:56:58.523828,False,0.0007475757187406229
100,2,0.15,94,141,50,94,0.008153915405273438,True,False,0.42482772496353294,0.429052864544037,,2026-02-04T18:56:58.779766,False,0.004225139580504078
100,2,0.15,95,162,50,95,0.0071868896484375,True,False,0.4320797134583142,0.4320797134583142,,2026-02-04T18:56:59.026235,True,0.0
100,2,0.15,96,161,50,96,0.007607936859130859,True,False,0.4130241888816018,0.4189460283168088,,2026-02-04T18:56:59.270532,False,0.005921839435207021
100,2,0.15,97,157,50,97,0.01455998420715332,True,False,0.4168120410564323,0.41900279930220297,,2026-02-04T18:56:59.534634,False,0.002190758245770641
100,2,0.15,98,147,50,98,0.007050991058349609,True,False,0.43673932157897166,0.43673932157897166,,2026-02-04T18:56:59.781048,True,0.0
100,2,0.15,99,152,50,99,0.007234096527099609,True,False,0.43343144044321336,0.4342105263157895,,2026-02-04T18:57:00.014386,False,0.0007790858725761352
100,2,0.15,0,149,100,0,0.008821964263916016,True,False,0.4083374622764741,0.4083374622764741,,2026-02-04T18:57:00.250859,True,0.0
100,2,0.15,1,152,100,1,0.01027822494506836,True,False,0.4078947368421053,0.4207063711911357,,2026-02-04T18:57:00.510435,False,0.012811634349030376
100,2,0.15,2,142,100,2,0.008665800094604492,True,False,0.4084259075580242,0.41539377107716724,,2026-02-04T18:57:00.764873,False,0.006967863519143025
100,2,0.15,3,141,100,3,0.008908748626708984,True,False,0.429052864544037,0.429052864544037,,2026-02-04T18:57:01.012518,True,0.0
100,2,0.15,4,154,100,4,0.01484537124633789,True,False,0.43295665373587455,0.43295665373587455,,2026-02-04T18:57:01.286663,True,0.0
100,2,0.15,5,158,100,5,0.016988039016723633,True,False,0.43670886075949367,0.4396531004646691,,2026-02-04T18:57:01.535679,False,0.002944239705175433
100,2,0.15,6,154,100,6,0.008929729461669922,True,False,0.415563332771125,0.415563332771125,,2026-02-04T18:57:01.772024,True,0.0
100,2,0.15,7,149,100,7,0.008199214935302734,True,False,0.4328633845322283,0.4328633845322283,,2026-02-04T18:57:02.008008,True,0.0
100,2,0.15,8,154,100,8,0.008886098861694336,True,False,0.441537358745151,0.4472929667734863,,2026-02-04T18:57:02.241681,False,0.005755608028335302
100,2,0.15,9,147,100,9,0.008221864700317383,True,False,0.4387755102040817,0.4387755102040817,,2026-02-04T18:57:02.476193,True,0.0
100,2,0.15,10,148,100,10,0.008997917175292969,True,False,0.39862582176771366,0.39862582176771366,,2026-02-04T18:57:02.709458,True,0.0
100,2,0.15,11,151,100,11,0.008280038833618164,True,False,0.4319985965527827,0.4319985965527827,,2026-02-04T18:57:02.942292,True,0.0
100,2,0.15,12,161,100,12,0.008682012557983398,True,False,0.42938158250067515,0.42938158250067515,,2026-02-04T18:57:03.176887,True,0.0
100,2,0.15,13,155,100,13,0.008494853973388672,True,False,0.4354630593132154,0.4354630593132154,,2026-02-04T18:57:03.408735,True,0.0
100,2,0.15,14,151,100,14,0.008107662200927734,True,False,0.4228542607780361,0.4228542607780361,,2026-02-04T18:57:03.640988,True,0.0
100,2,0.15,15,140,100,15,0.008519887924194336,True,False,0.4285714285714286,0.4285714285714286,,2026-02-04T18:57:03.874970,True,0.0
100,2,0.15,16,155,100,16,0.008844852447509766,True,False,0.4237044745057231,0.4237044745057231,,2026-02-04T18:57:04.109069,True,0.0
100,2,0.15,17,156,100,17,0.008506059646606445,True,False,0.41025641025641024,0.41025641025641024,,2026-02-04T18:57:04.342191,True,0.0
100,2,0.15,18,155,100,18,0.008491039276123047,True,False,0.4354630593132154,0.4354630593132154,,2026-02-04T18:57:04.576814,True,0.0
100,2,0.15,19,161,100,19,0.008134841918945312,True,False,0.4134099764669573,0.4143165772925427,,2026-02-04T18:57:04.807572,False,0.0009066008255853575
100,2,0.15,20,147,100,20,0.00791311264038086,True,False,0.4386829561756675,0.4386829561756675,,2026-02-04T18:57:05.038733,True,0.0
100,2,0.15,21,149,100,21,0.008232831954956055,True,False,0.412751677852349,0.4189000495473177,,2026-02-04T18:57:05.270709,False,0.0061483716949686795
100,2,0.15,22,154,100,22,0.00917506217956543,True,False,0.415563332771125,0.42500843312531617,,2026-02-04T18:57:05.504657,False,0.00944510035419116
100,2,0.15,23,151,100,23,0.008291959762573242,True,False,0.42636287882110435,0.42636287882110435,,2026-02-04T18:57:05.739112,True,0.0
100,2,0.15,24,171,100,24,0.008383035659790039,True,False,0.4324749495571286,0.4324749495571286,,2026-02-04T18:57:05.972936,True,0.0
100,2,0.15,25,142,100,25,0.009299039840698242,True,False,0.4295774647887324,0.4324290815314421,,2026-02-04T18:57:06.206232,False,0.0028516167427097283
100,2,0.15,26,168,100,26,0.008370161056518555,True,False,0.40970450680272097,0.40970450680272097,,2026-02-04T18:57:06.438329,True,0.0
100,2,0.15,27,168,100,27,0.008048295974731445,True,False,0.38095238095238093,0.38577097505668934,,2026-02-04T18:57:06.668826,False,0.004818594104308405
100,2,0.15,28,170,100,28,0.009012937545776367,True,False,0.40676470588235286,0.40676470588235286,,2026-02-04T18:57:06.901501,True,0.0
100,2,0.15,29,156,100,29,0.008182048797607422,True,False,0.41025641025641024,0.41025641025641024,,2026-02-04T18:57:07.133904,True,0.0
100,2,0.15,30,155,100,30,0.008066892623901367,True,False,0.39789802289281995,0.4011446409989594,,2026-02-04T18:57:07.366165,False,0.003246618106139465
100,2,0.15,31,140,100,31,0.008876800537109375,True,False,0.41428571428571426,0.4171173469387755,,2026-02-04T18:57:07.600873,False,0.0028316326530612446
100,2,0.15,32,146,100,32,0.008445024490356445,True,False,0.43150684931506844,0.43150684931506844,,2026-02-04T18:57:07.832665,True,0.0
100,2,0.15,33,155,100,33,0.009039163589477539,True,False,0.41537981269510926,0.4161290322580645,,2026-02-04T18:57:08.066746,False,0.0007492195629552612
100,2,0.15,34,165,100,34,0.00805807113647461,True,False,0.42121212121212126,0.42121212121212126,,2026-02-04T18:57:08.297947,True,0.0
100,2,0.15,35,154,100,35,0.00797891616821289,True,False,0.4248608534322821,0.42500843312531617,,2026-02-04T18:57:08.531078,False,0.00014757969303408336
100,2,0.15,36,153,100,36,0.009287118911743164,True,False,0.4410910333632364,0.4410910333632364,,2026-02-04T18:57:08.765053,True,0.0
100,2,0.15,37,165,100,37,0.008740901947021484,True,False,0.4231404958677685,0.4231404958677685,,2026-02-04T18:57:08.997575,True,0.0
100,2,0.15,38,152,100,38,0.009168148040771484,True,False,0.438170879501385,0.438170879501385,,2026-02-04T18:57:09.230418,True,0.0
100,2,0.15,39,161,100,39,0.009850740432739258,True,False,0.4413217082674279,0.4413217082674279,,2026-02-04T18:57:09.462945,True,0.0
100,2,0.15,40,151,100,40,0.00866079330444336,True,False,0.43541949914477435,0.4382044647164598,,2026-02-04T18:57:09.695382,False,0.0027849655716854493
100,2,0.15,41,139,100,41,0.008383989334106445,True,False,0.44242016458775424,0.44242016458775424,,2026-02-04T18:57:09.927746,True,0.0
100,2,0.15,42,150,100,42,0.008064985275268555,True,False,0.43624444444444443,0.43624444444444443,,2026-02-04T18:57:10.162362,True,0.0
100,2,0.15,43,161,100,43,0.008357763290405273,True,False,0.4040546275220863,0.4040546275220863,,2026-02-04T18:57:10.395673,True,0.0
100,2,0.15,44,157,100,44,0.008419036865234375,True,False,0.44259402004138104,0.4480506308572356,,2026-02-04T18:57:10.628620,False,0.005456610815854579
100,2,0.15,45,160,100,45,0.008324146270751953,True,False,0.41242187500000005,0.4125,,2026-02-04T18:57:10.860888,False,7.812499999992895e-05
100,2,0.15,46,143,100,46,0.008437156677246094,True,False,0.4280893931243582,0.4280893931243582,,2026-02-04T18:57:11.094645,True,0.0
100,2,0.15,47,154,100,47,0.008384943008422852,True,False,0.428550345758138,0.4320290099510878,,2026-02-04T18:57:11.326678,False,0.0034786641929497875
100,2,0.15,48,147,100,48,0.008414983749389648,True,False,0.44555509278541344,0.44555509278541344,,2026-02-04T18:57:11.559328,True,0.0
100,2,0.15,49,166,100,49,0.008398056030273438,True,False,0.41566265060240964,0.41566265060240964,,2026-02-04T18:57:11.793809,True,0.0
100,2,0.15,50,161,100,50,0.008560895919799805,True,False,0.4192546583850931,0.4192546583850931,,2026-02-04T18:57:12.026085,True,0.0
100,2,0.15,51,135,100,51,0.008138895034790039,True,False,0.4258984910836763,0.4258984910836763,,2026-02-04T18:57:12.261626,True,0.0
100,2,0.15,52,164,100,52,0.008198022842407227,True,False,0.408517995240928,0.408517995240928,,2026-02-04T18:57:12.493545,True,0.0
100,2,0.15,53,150,100,53,0.00808095932006836,True,False,0.4329777777777777,0.4329777777777777,,2026-02-04T18:57:12.726014,True,0.0
100,2,0.15,54,150,100,54,0.008507013320922852,True,False,0.4133111111111111,0.4133111111111111,,2026-02-04T18:57:12.960267,True,0.0
100,2,0.15,55,155,100,55,0.008128881454467773,True,False,0.4131321540062435,0.4134027055150885,,2026-02-04T18:57:13.198149,False,0.00027055150884502943
100,2,0.15,56,159,100,56,0.009608268737792969,True,False,0.4119299078359242,0.4119299078359242,,2026-02-04T18:57:13.435779,True,0.0
100,2,0.15,57,150,100,57,0.008126020431518555,True,False,0.4202444444444444,0.43013333333333337,,2026-02-04T18:57:13.666757,False,0.009888888888888947
100,2,0.15,58,151,100,58,0.009280920028686523,True,False,0.4311214420420157,0.4311214420420157,,2026-02-04T18:57:13.899357,True,0.0
100,2,0.15,59,156,100,59,0.008584022521972656,True,False,0.4294666337935569,0.4294666337935569,,2026-02-04T18:57:14.133969,True,0.0
100,2,0.15,60,154,100,60,0.00878596305847168,True,False,0.39610389610389607,0.402576319784112,,2026-02-04T18:57:14.366129,False,0.006472423680215944
100,2,0.15,61,152,100,61,0.009557962417602539,True,False,0.4198190789473684,0.42587863573407203,,2026-02-04T18:57:14.601519,False,0.006059556786703613
100,2,0.15,62,165,100,62,0.008858203887939453,True,False,0.3966758494031221,0.396969696969697,,2026-02-04T18:57:14.835259,False,0.00029384756657485633
100,2,0.15,63,165,100,63,0.008597135543823242,True,False,0.40879706152433426,0.40909090909090906,,2026-02-04T18:57:15.068717,False,0.0002938475665748008
100,2,0.15,64,145,100,64,0.00851297378540039,True,False,0.4379310344827586,0.4379310344827586,,2026-02-04T18:57:15.302448,True,0.0
100,2,0.15,65,141,100,65,0.007901906967163086,True,False,0.42704089331522554,0.42704089331522554,,2026-02-04T18:57:15.535084,True,0.0
100,2,0.15,66,142,100,66,0.008105993270874023,True,False,0.4365949216425312,0.4365949216425312,,2026-02-04T18:57:15.768441,True,0.0
100,2,0.15,67,151,100,67,0.00852203369140625,True,False,0.4311214420420157,0.4311214420420157,,2026-02-04T18:57:16.004088,True,0.0
100,2,0.15,68,160,100,68,0.009022951126098633,True,False,0.41873046875000003,0.42304687500000004,,2026-02-04T18:57:16.236946,False,0.0043164062500000155
100,2,0.15,69,138,100,69,0.008748054504394531,True,False,0.42753623188405804,0.42753623188405804,,2026-02-04T18:57:16.469505,True,0.0
100,2,0.15,70,164,100,70,0.008486270904541016,True,False,0.43246207614515164,0.43716537775133846,,2026-02-04T18:57:16.701708,False,0.004703301606186816
100,2,0.15,71,165,100,71,0.008976221084594727,True,False,0.43386593204775026,0.43386593204775026,,2026-02-04T18:57:16.932829,True,0.0
100,2,0.15,72,135,100,72,0.008826971054077148,True,False,0.4185185185185185,0.4245816186556927,,2026-02-04T18:57:17.167560,False,0.006063100137174204
100,2,0.15,73,157,100,73,0.008260011672973633,True,False,0.43869933871556654,0.43869933871556654,,2026-02-04T18:57:17.398234,True,0.0
100,2,0.15,74,144,100,74,0.008980035781860352,True,False,0.4301697530864198,0.4305555555555556,,2026-02-04T18:57:17.630407,False,0.0003858024691357764
100,2,0.15,75,159,100,75,0.008316993713378906,True,False,0.4181598829160239,0.42007831968672127,,2026-02-04T18:57:17.861118,False,0.0019184367706973626
100,2,0.15,76,160,100,76,0.008181095123291016,True,False,0.4131054687499999,0.4131054687499999,,2026-02-04T18:57:18.093514,True,0.0
100,2,0.15,77,150,100,77,0.009027719497680664,True,False,0.4239777777777778,0.4239777777777778,,2026-02-04T18:57:18.328851,True,0.0
100,2,0.15,78,152,100,78,0.008103132247924805,True,False,0.42760993767313016,0.42760993767313016,,2026-02-04T18:57:18.562250,True,0.0
100,2,0.15,79,153,100,79,0.04046893119812012,True,False,0.4084753727198941,0.41084625571361444,,2026-02-04T18:57:18.824851,False,0.002370882993720347
100,2,0.15,80,166,100,80,0.008136987686157227,True,False,0.4241544491217884,0.4241544491217884,,2026-02-04T18:57:19.063534,True,0.0
100,2,0.15,81,154,100,81,0.00900411605834961,True,False,0.4343059537864733,0.4343059537864733,,2026-02-04T18:57:19.297015,True,0.0
100,2,0.15,82,158,100,82,0.008313894271850586,True,False,0.45567617369011376,0.45567617369011376,,2026-02-04T18:57:19.530241,True,0.0
100,2,0.15,83,153,100,83,0.008163213729858398,True,False,0.4342560553633218,0.43641334529454495,,2026-02-04T18:57:19.762670,False,0.002157289931223161
100,2,0.15,84,151,100,84,0.008138895034790039,True,False,0.40960922766545327,0.4117143984912942,,2026-02-04T18:57:19.994660,False,0.0021051708258409407
100,2,0.15,85,151,100,85,0.008516073226928711,True,False,0.41085917284329637,0.42050787246173404,,2026-02-04T18:57:20.228955,False,0.009648699618437673
100,2,0.15,86,150,100,86,0.008271217346191406,True,False,0.44666666666666666,0.44666666666666666,,2026-02-04T18:57:20.462278,True,0.0
100,2,0.15,87,155,100,87,0.008098125457763672,True,False,0.4021644120707596,0.4021644120707596,,2026-02-04T18:57:20.693450,True,0.0
100,2,0.15,88,160,100,88,0.007880210876464844,True,False,0.42263671875,0.42263671875,,2026-02-04T18:57:20.925477,True,0.0
100,2,0.15,89,151,100,89,0.008599996566772461,True,False,0.4337529055743169,0.4337529055743169,,2026-02-04T18:57:21.157764,True,0.0
100,2,0.15,90,168,100,90,0.008594036102294922,True,False,0.4267998866213152,0.4267998866213152,,2026-02-04T18:57:21.393667,True,0.0
100,2,0.15,91,155,100,91,0.009034872055053711,True,False,0.4032258064516129,0.4032258064516129,,2026-02-04T18:57:21.628267,True,0.0
100,2,0.15,92,157,100,92,0.008573293685913086,True,False,0.4171163130350116,0.4219238102965638,,2026-02-04T18:57:21.862909,False,0.004807497261552163
100,2,0.15,93,153,100,93,0.008237838745117188,True,False,0.3990772779700116,0.3998248536887522,,2026-02-04T18:57:22.095332,False,0.0007475757187406229
100,2,0.15,94,141,100,94,0.00871586799621582,True,False,0.42802172928927107,0.429052864544037,,2026-02-04T18:57:22.328686,False,0.001031135254765947
100,2,0.15,95,162,100,95,0.008957862854003906,True,False,0.4320797134583142,0.4320797134583142,,2026-02-04T18:57:22.562091,True,0.0
100,2,0.15,96,161,100,96,0.008788347244262695,True,False,0.4130241888816018,0.4189460283168088,,2026-02-04T18:57:22.793453,False,0.005921839435207021
100,2,0.15,97,157,100,97,0.007803201675415039,True,False,0.4168120410564323,0.41900279930220297,,2026-02-04T18:57:23.026520,False,0.002190758245770641
100,2,0.15,98,147,100,98,0.008974790573120117,True,False,0.43673932157897166,0.43673932157897166,,2026-02-04T18:57:23.259020,True,0.0
100,2,0.15,99,152,100,99,0.00871419906616211,True,False,0.43343144044321336,0.4342105263157895,,2026-02-04T18:57:23.492430,False,0.0007790858725761352
100,2,0.15,0,149,200,0,0.010653972625732422,True,False,0.4083374622764741,0.4083374622764741,,2026-02-04T18:57:23.727617,True,0.0
100,2,0.15,1,152,200,1,0.011202096939086914,True,False,0.4078947368421053,0.4207063711911357,,2026-02-04T18:57:23.965873,False,0.012811634349030376
100,2,0.15,2,142,200,2,0.010936737060546875,True,False,0.4084259075580242,0.41539377107716724,,2026-02-04T18:57:24.200319,False,0.006967863519143025
100,2,0.15,3,141,200,3,0.011862039566040039,True,False,0.429052864544037,0.429052864544037,,2026-02-04T18:57:24.435920,True,0.0
100,2,0.15,4,154,200,4,0.011535167694091797,True,False,0.43295665373587455,0.43295665373587455,,2026-02-04T18:57:24.670800,True,0.0
100,2,0.15,5,158,200,5,0.011420726776123047,True,False,0.43670886075949367,0.4396531004646691,,2026-02-04T18:57:24.906869,False,0.002944239705175433
100,2,0.15,6,154,200,6,0.010190963745117188,True,False,0.415563332771125,0.415563332771125,,2026-02-04T18:57:25.139796,True,0.0
100,2,0.15,7,149,200,7,0.011783123016357422,True,False,0.4328633845322283,0.4328633845322283,,2026-02-04T18:57:25.374578,True,0.0
100,2,0.15,8,154,200,8,0.011106729507446289,True,False,0.4472929667734863,0.4472929667734863,,2026-02-04T18:57:25.611395,True,0.0
100,2,0.15,9,147,200,9,0.01102900505065918,True,False,0.4387755102040817,0.4387755102040817,,2026-02-04T18:57:25.848929,True,0.0
100,2,0.15,10,148,200,10,0.010332107543945312,True,False,0.39862582176771366,0.39862582176771366,,2026-02-04T18:57:26.083928,True,0.0
100,2,0.15,11,151,200,11,0.011191844940185547,True,False,0.4319985965527827,0.4319985965527827,,2026-02-04T18:57:26.319168,True,0.0
100,2,0.15,12,161,200,12,0.010487079620361328,True,False,0.42938158250067515,0.42938158250067515,,2026-02-04T18:57:26.553223,True,0.0
100,2,0.15,13,155,200,13,0.01040196418762207,True,False,0.4354630593132154,0.4354630593132154,,2026-02-04T18:57:26.788702,True,0.0
100,2,0.15,14,151,200,14,0.010433673858642578,True,False,0.4228542607780361,0.4228542607780361,,2026-02-04T18:57:27.023233,True,0.0
100,2,0.15,15,140,200,15,0.010679960250854492,True,False,0.4285714285714286,0.4285714285714286,,2026-02-04T18:57:27.258690,True,0.0
100,2,0.15,16,155,200,16,0.01143503189086914,True,False,0.4237044745057231,0.4237044745057231,,2026-02-04T18:57:27.495937,True,0.0
100,2,0.15,17,156,200,17,0.011104106903076172,True,False,0.41025641025641024,0.41025641025641024,,2026-02-04T18:57:27.731511,True,0.0
100,2,0.15,18,155,200,18,0.011143207550048828,True,False,0.4354630593132154,0.4354630593132154,,2026-02-04T18:57:27.968540,True,0.0
100,2,0.15,19,161,200,19,0.01024007797241211,True,False,0.4134099764669573,0.4143165772925427,,2026-02-04T18:57:28.203804,False,0.0009066008255853575
100,2,0.15,20,147,200,20,0.010876178741455078,True,False,0.4386829561756675,0.4386829561756675,,2026-02-04T18:57:28.442696,True,0.0
100,2,0.15,21,149,200,21,0.010349273681640625,True,False,0.412751677852349,0.4189000495473177,,2026-02-04T18:57:28.680446,False,0.0061483716949686795
100,2,0.15,22,154,200,22,0.01077413558959961,True,False,0.415563332771125,0.42500843312531617,,2026-02-04T18:57:28.914267,False,0.00944510035419116
100,2,0.15,23,151,200,23,0.010962963104248047,True,False,0.42636287882110435,0.42636287882110435,,2026-02-04T18:57:29.150204,True,0.0
100,2,0.15,24,171,200,24,0.010755062103271484,True,False,0.4324749495571286,0.4324749495571286,,2026-02-04T18:57:29.384535,True,0.0
100,2,0.15,25,142,200,25,0.011516809463500977,True,False,0.4295774647887324,0.4324290815314421,,2026-02-04T18:57:29.619201,False,0.0028516167427097283
100,2,0.15,26,168,200,26,0.011198997497558594,True,False,0.40970450680272097,0.40970450680272097,,2026-02-04T18:57:29.855600,True,0.0
100,2,0.15,27,168,200,27,0.01069498062133789,True,False,0.38095238095238093,0.38577097505668934,,2026-02-04T18:57:30.091848,False,0.004818594104308405
100,2,0.15,28,170,200,28,0.010722875595092773,True,False,0.40676470588235286,0.40676470588235286,,2026-02-04T18:57:30.327185,True,0.0
100,2,0.15,29,156,200,29,0.0103759765625,True,False,0.41025641025641024,0.41025641025641024,,2026-02-04T18:57:30.560921,True,0.0
100,2,0.15,30,155,200,30,0.010560035705566406,True,False,0.39789802289281995,0.4011446409989594,,2026-02-04T18:57:30.796056,False,0.003246618106139465
100,2,0.15,31,140,200,31,0.01137995719909668,True,False,0.4171173469387755,0.4171173469387755,,2026-02-04T18:57:31.031917,True,0.0
100,2,0.15,32,146,200,32,0.011143922805786133,True,False,0.43150684931506844,0.43150684931506844,,2026-02-04T18:57:31.273939,True,0.0
100,2,0.15,33,155,200,33,0.01077890396118164,True,False,0.41537981269510926,0.4161290322580645,,2026-02-04T18:57:31.508916,False,0.0007492195629552612
100,2,0.15,34,165,200,34,0.010396003723144531,True,False,0.42121212121212126,0.42121212121212126,,2026-02-04T18:57:31.753251,True,0.0
100,2,0.15,35,154,200,35,0.011103153228759766,True,False,0.4248608534322821,0.42500843312531617,,2026-02-04T18:57:31.989241,False,0.00014757969303408336
100,2,0.15,36,153,200,36,0.010483026504516602,True,False,0.4410910333632364,0.4410910333632364,,2026-02-04T18:57:32.224774,True,0.0
100,2,0.15,37,165,200,37,0.011037111282348633,True,False,0.4231404958677685,0.4231404958677685,,2026-02-04T18:57:32.461164,True,0.0
100,2,0.15,38,152,200,38,0.010751962661743164,True,False,0.438170879501385,0.438170879501385,,2026-02-04T18:57:32.697656,True,0.0
100,2,0.15,39,161,200,39,0.010833024978637695,True,False,0.4413217082674279,0.4413217082674279,,2026-02-04T18:57:32.931442,True,0.0
100,2,0.15,40,151,200,40,0.010383129119873047,True,False,0.43541949914477435,0.4382044647164598,,2026-02-04T18:57:33.166929,False,0.0027849655716854493
100,2,0.15,41,139,200,41,0.010612010955810547,True,False,0.44242016458775424,0.44242016458775424,,2026-02-04T18:57:33.401302,True,0.0
100,2,0.15,42,150,200,42,0.010876893997192383,True,False,0.43624444444444443,0.43624444444444443,,2026-02-04T18:57:33.637130,True,0.0
100,2,0.15,43,161,200,43,0.010648012161254883,True,False,0.4040546275220863,0.4040546275220863,,2026-02-04T18:57:33.872988,True,0.0
100,2,0.15,44,157,200,44,0.01052093505859375,True,False,0.44259402004138104,0.4480506308572356,,2026-02-04T18:57:34.113215,False,0.005456610815854579
100,2,0.15,45,160,200,45,0.010740995407104492,True,False,0.4125,0.4125,,2026-02-04T18:57:34.347981,True,0.0
100,2,0.15,46,143,200,46,0.010789871215820312,True,False,0.4280893931243582,0.4280893931243582,,2026-02-04T18:57:34.583733,True,0.0
100,2,0.15,47,154,200,47,0.010716915130615234,True,False,0.428550345758138,0.4320290099510878,,2026-02-04T18:57:34.819506,False,0.0034786641929497875
100,2,0.15,48,147,200,48,0.010193824768066406,True,False,0.44555509278541344,0.44555509278541344,,2026-02-04T18:57:35.053940,True,0.0
100,2,0.15,49,166,200,49,0.011138677597045898,True,False,0.41566265060240964,0.41566265060240964,,2026-02-04T18:57:35.290877,True,0.0
100,2,0.15,50,161,200,50,0.010907888412475586,True,False,0.4192546583850931,0.4192546583850931,,2026-02-04T18:57:35.526386,True,0.0
100,2,0.15,51,135,200,51,0.01041102409362793,True,False,0.4258984910836763,0.4258984910836763,,2026-02-04T18:57:35.760935,True,0.0
100,2,0.15,52,164,200,52,0.010818958282470703,True,False,0.408517995240928,0.408517995240928,,2026-02-04T18:57:35.997522,True,0.0
100,2,0.15,53,150,200,53,0.011205196380615234,True,False,0.4329777777777777,0.4329777777777777,,2026-02-04T18:57:36.231890,True,0.0
100,2,0.15,54,150,200,54,0.010228872299194336,True,False,0.4133111111111111,0.4133111111111111,,2026-02-04T18:57:36.468730,True,0.0
100,2,0.15,55,155,200,55,0.010558366775512695,True,False,0.4131321540062435,0.4134027055150885,,2026-02-04T18:57:36.705281,False,0.00027055150884502943
100,2,0.15,56,159,200,56,0.01195216178894043,True,False,0.4119299078359242,0.4119299078359242,,2026-02-04T18:57:36.940995,True,0.0
100,2,0.15,57,150,200,57,0.011356830596923828,True,False,0.42557777777777783,0.43013333333333337,,2026-02-04T18:57:37.177078,False,0.004555555555555535
100,2,0.15,58,151,200,58,0.010434150695800781,True,False,0.4311214420420157,0.4311214420420157,,2026-02-04T18:57:37.411186,True,0.0
100,2,0.15,59,156,200,59,0.011076927185058594,True,False,0.4294666337935569,0.4294666337935569,,2026-02-04T18:57:37.647939,True,0.0
100,2,0.15,60,154,200,60,0.010383129119873047,True,False,0.39610389610389607,0.402576319784112,,2026-02-04T18:57:37.883101,False,0.006472423680215944
100,2,0.15,61,152,200,61,0.010464906692504883,True,False,0.4198190789473684,0.42587863573407203,,2026-02-04T18:57:38.118112,False,0.006059556786703613
100,2,0.15,62,165,200,62,0.011398792266845703,True,False,0.3966758494031221,0.396969696969697,,2026-02-04T18:57:38.354361,False,0.00029384756657485633
100,2,0.15,63,165,200,63,0.01036691665649414,True,False,0.40879706152433426,0.40909090909090906,,2026-02-04T18:57:38.591034,False,0.0002938475665748008
100,2,0.15,64,145,200,64,0.010966062545776367,True,False,0.4379310344827586,0.4379310344827586,,2026-02-04T18:57:38.827522,True,0.0
100,2,0.15,65,141,200,65,0.010404109954833984,True,False,0.42704089331522554,0.42704089331522554,,2026-02-04T18:57:39.064086,True,0.0
100,2,0.15,66,142,200,66,0.011079072952270508,True,False,0.4365949216425312,0.4365949216425312,,2026-02-04T18:57:39.298593,True,0.0
100,2,0.15,67,151,200,67,0.01059579849243164,True,False,0.4311214420420157,0.4311214420420157,,2026-02-04T18:57:39.536920,True,0.0
100,2,0.15,68,160,200,68,0.010687112808227539,True,False,0.42304687500000004,0.42304687500000004,,2026-02-04T18:57:39.776670,True,0.0
100,2,0.15,69,138,200,69,0.010730981826782227,True,False,0.42753623188405804,0.42753623188405804,,2026-02-04T18:57:40.011967,True,0.0
100,2,0.15,70,164,200,70,0.010957002639770508,True,False,0.43246207614515164,0.43716537775133846,,2026-02-04T18:57:40.247266,False,0.004703301606186816
100,2,0.15,71,165,200,71,0.011253118515014648,True,False,0.43386593204775026,0.43386593204775026,,2026-02-04T18:57:40.482514,True,0.0
100,2,0.15,72,135,200,72,0.010539054870605469,True,False,0.4245816186556927,0.4245816186556927,,2026-02-04T18:57:40.718460,True,0.0
100,2,0.15,73,157,200,73,0.01085805892944336,True,False,0.43869933871556654,0.43869933871556654,,2026-02-04T18:57:40.957272,True,0.0
100,2,0.15,74,144,200,74,0.010161876678466797,True,False,0.4301697530864198,0.4305555555555556,,2026-02-04T18:57:41.192557,False,0.0003858024691357764
100,2,0.15,75,159,200,75,0.010283946990966797,True,False,0.4181598829160239,0.42007831968672127,,2026-02-04T18:57:41.429327,False,0.0019184367706973626
100,2,0.15,76,160,200,76,0.010551691055297852,True,False,0.4131054687499999,0.4131054687499999,,2026-02-04T18:57:41.663717,True,0.0
100,2,0.15,77,150,200,77,0.01121211051940918,True,False,0.4239777777777778,0.4239777777777778,,2026-02-04T18:57:41.898638,True,0.0
100,2,0.15,78,152,200,78,0.011424779891967773,True,False,0.42760993767313016,0.42760993767313016,,2026-02-04T18:57:42.135859,True,0.0
100,2,0.15,79,153,200,79,0.010818004608154297,True,False,0.41084625571361444,0.41084625571361444,,2026-02-04T18:57:42.371169,True,0.0
100,2,0.15,80,166,200,80,0.010162830352783203,True,False,0.4241544491217884,0.4241544491217884,,2026-02-04T18:57:42.607600,True,0.0
100,2,0.15,81,154,200,81,0.011011123657226562,True,False,0.4343059537864733,0.4343059537864733,,2026-02-04T18:57:42.844245,True,0.0
100,2,0.15,82,158,200,82,0.010542869567871094,True,False,0.45567617369011376,0.45567617369011376,,2026-02-04T18:57:43.081117,True,0.0
100,2,0.15,83,153,200,83,0.010886907577514648,True,False,0.4342560553633218,0.43641334529454495,,2026-02-04T18:57:43.317821,False,0.002157289931223161
100,2,0.15,84,151,200,84,0.010960817337036133,True,False,0.40960922766545327,0.4117143984912942,,2026-02-04T18:57:43.553731,False,0.0021051708258409407
100,2,0.15,85,151,200,85,0.010614156723022461,True,False,0.41085917284329637,0.42050787246173404,,2026-02-04T18:57:43.791787,False,0.009648699618437673
100,2,0.15,86,150,200,86,0.012182950973510742,True,False,0.44666666666666666,0.44666666666666666,,2026-02-04T18:57:44.028809,True,0.0
100,2,0.15,87,155,200,87,0.010838985443115234,True,False,0.4021644120707596,0.4021644120707596,,2026-02-04T18:57:44.264067,True,0.0
100,2,0.15,88,160,200,88,0.010356903076171875,True,False,0.42263671875,0.42263671875,,2026-02-04T18:57:44.499228,True,0.0
100,2,0.15,89,151,200,89,0.01080179214477539,True,False,0.4337529055743169,0.4337529055743169,,2026-02-04T18:57:44.734138,True,0.0
100,2,0.15,90,168,200,90,0.010890960693359375,True,False,0.4267998866213152,0.4267998866213152,,2026-02-04T18:57:44.970714,True,0.0
100,2,0.15,91,155,200,91,0.010656118392944336,True,False,0.4032258064516129,0.4032258064516129,,2026-02-04T18:57:45.208006,True,0.0
100,2,0.15,92,157,200,92,0.010947942733764648,True,False,0.4171163130350116,0.4219238102965638,,2026-02-04T18:57:45.442566,False,0.004807497261552163
100,2,0.15,93,153,200,93,0.010949850082397461,True,False,0.3990772779700116,0.3998248536887522,,2026-02-04T18:57:45.681024,False,0.0007475757187406229
100,2,0.15,94,141,200,94,0.010910987854003906,True,False,0.42802172928927107,0.429052864544037,,2026-02-04T18:57:45.917064,False,0.001031135254765947
100,2,0.15,95,162,200,95,0.010576009750366211,True,False,0.4320797134583142,0.4320797134583142,,2026-02-04T18:57:46.152806,True,0.0
100,2,0.15,96,161,200,96,0.011175870895385742,True,False,0.4189460283168088,0.4189460283168088,,2026-02-04T18:57:46.390325,True,0.0
100,2,0.15,97,157,200,97,0.010454893112182617,True,False,0.4171163130350116,0.41900279930220297,,2026-02-04T18:57:46.627378,False,0.0018864862671913452
100,2,0.15,98,147,200,98,0.010276317596435547,True,False,0.43673932157897166,0.43673932157897166,,2026-02-04T18:57:46.861376,True,0.0
100,2,0.15,99,152,200,99,0.010583162307739258,True,False,0.4342105263157895,0.4342105263157895,,2026-02-04T18:57:47.096610,True,0.0
100,2,0.15,0,149,500,0,0.018138885498046875,True,False,0.4083374622764741,0.4083374622764741,,2026-02-04T18:57:47.341470,True,0.0
100,2,0.15,1,152,500,1,0.01793193817138672,True,False,0.41393265235457055,0.4207063711911357,,2026-02-04T18:57:47.586602,False,0.006773718836565135
100,2,0.15,2,142,500,2,0.01717972755432129,True,False,0.4084259075580242,0.41539377107716724,,2026-02-04T18:57:47.829821,False,0.006967863519143025
100,2,0.15,3,141,500,3,0.019079923629760742,True,False,0.429052864544037,0.429052864544037,,2026-02-04T18:57:48.072534,True,0.0
100,2,0.15,4,154,500,4,0.018398761749267578,True,False,0.43295665373587455,0.43295665373587455,,2026-02-04T18:57:48.317222,True,0.0
100,2,0.15,5,158,500,5,0.017353296279907227,True,False,0.4396531004646691,0.4396531004646691,,2026-02-04T18:57:48.560399,True,0.0
100,2,0.15,6,154,500,6,0.05186295509338379,True,False,0.415563332771125,0.415563332771125,,2026-02-04T18:57:48.838149,True,0.0
100,2,0.15,7,149,500,7,0.022394180297851562,True,False,0.4328633845322283,0.4328633845322283,,2026-02-04T18:57:49.136408,True,0.0
100,2,0.15,8,154,500,8,0.01899099349975586,True,False,0.4472929667734863,0.4472929667734863,,2026-02-04T18:57:49.470836,True,0.0
100,2,0.15,9,147,500,9,0.01902008056640625,True,False,0.4387755102040817,0.4387755102040817,,2026-02-04T18:57:49.829445,True,0.0
100,2,0.15,10,148,500,10,0.02010798454284668,True,False,0.39862582176771366,0.39862582176771366,,2026-02-04T18:57:50.114429,True,0.0
100,2,0.15,11,151,500,11,0.018182039260864258,True,False,0.4319985965527827,0.4319985965527827,,2026-02-04T18:57:50.483497,True,0.0
100,2,0.15,12,161,500,12,0.019037246704101562,True,False,0.42938158250067515,0.42938158250067515,,2026-02-04T18:57:50.742776,True,0.0
100,2,0.15,13,155,500,13,0.01805281639099121,True,False,0.4354630593132154,0.4354630593132154,,2026-02-04T18:57:51.002759,True,0.0
100,2,0.15,14,151,500,14,0.01775217056274414,True,False,0.4228542607780361,0.4228542607780361,,2026-02-04T18:57:51.299157,True,0.0
100,2,0.15,15,140,500,15,0.017236948013305664,True,False,0.4285714285714286,0.4285714285714286,,2026-02-04T18:57:51.542701,True,0.0
100,2,0.15,16,155,500,16,0.019141674041748047,True,False,0.4237044745057231,0.4237044745057231,,2026-02-04T18:57:51.786535,True,0.0
100,2,0.15,17,156,500,17,0.018020153045654297,True,False,0.41025641025641024,0.41025641025641024,,2026-02-04T18:57:52.030491,True,0.0
100,2,0.15,18,155,500,18,0.017586946487426758,True,False,0.4354630593132154,0.4354630593132154,,2026-02-04T18:57:52.278083,True,0.0
100,2,0.15,19,161,500,19,0.01770186424255371,True,False,0.4134099764669573,0.4143165772925427,,2026-02-04T18:57:52.519207,False,0.0009066008255853575
100,2,0.15,20,147,500,20,0.01834392547607422,True,False,0.4386829561756675,0.4386829561756675,,2026-02-04T18:57:52.765039,True,0.0
100,2,0.15,21,149,500,21,0.017985105514526367,True,False,0.412751677852349,0.4189000495473177,,2026-02-04T18:57:53.007081,False,0.0061483716949686795
100,2,0.15,22,154,500,22,0.01793193817138672,True,False,0.415563332771125,0.42500843312531617,,2026-02-04T18:57:53.251613,False,0.00944510035419116
100,2,0.15,23,151,500,23,0.017798185348510742,True,False,0.42636287882110435,0.42636287882110435,,2026-02-04T18:57:53.493011,True,0.0
100,2,0.15,24,171,500,24,0.01798701286315918,True,False,0.4324749495571286,0.4324749495571286,,2026-02-04T18:57:53.735139,True,0.0
100,2,0.15,25,142,500,25,0.01820993423461914,True,False,0.4295774647887324,0.4324290815314421,,2026-02-04T18:57:53.979173,False,0.0028516167427097283
100,2,0.15,26,168,500,26,0.01719498634338379,True,False,0.40970450680272097,0.40970450680272097,,2026-02-04T18:57:54.221022,True,0.0
100,2,0.15,27,168,500,27,0.017419099807739258,True,False,0.38095238095238093,0.38577097505668934,,2026-02-04T18:57:54.463502,False,0.004818594104308405
100,2,0.15,28,170,500,28,0.017174959182739258,True,False,0.40676470588235286,0.40676470588235286,,2026-02-04T18:57:54.705135,True,0.0
100,2,0.15,29,156,500,29,0.017584800720214844,True,False,0.41025641025641024,0.41025641025641024,,2026-02-04T18:57:54.944564,True,0.0
100,2,0.15,30,155,500,30,0.017554044723510742,True,False,0.39789802289281995,0.4011446409989594,,2026-02-04T18:57:55.187888,False,0.003246618106139465
100,2,0.15,31,140,500,31,0.016742944717407227,True,False,0.4171173469387755,0.4171173469387755,,2026-02-04T18:57:55.428182,True,0.0
100,2,0.15,32,146,500,32,0.01794600486755371,True,False,0.43150684931506844,0.43150684931506844,,2026-02-04T18:57:55.669238,True,0.0
100,2,0.15,33,155,500,33,0.017874956130981445,True,False,0.41537981269510926,0.4161290322580645,,2026-02-04T18:57:55.911996,False,0.0007492195629552612
100,2,0.15,34,165,500,34,0.017374038696289062,True,False,0.42121212121212126,0.42121212121212126,,2026-02-04T18:57:56.152014,True,0.0
100,2,0.15,35,154,500,35,0.017718076705932617,True,False,0.4248608534322821,0.42500843312531617,,2026-02-04T18:57:56.393803,False,0.00014757969303408336
100,2,0.15,36,153,500,36,0.016676902770996094,True,False,0.4410910333632364,0.4410910333632364,,2026-02-04T18:57:56.636010,True,0.0
100,2,0.15,37,165,500,37,0.017197132110595703,True,False,0.4231404958677685,0.4231404958677685,,2026-02-04T18:57:56.881064,True,0.0
100,2,0.15,38,152,500,38,0.017772912979125977,True,False,0.438170879501385,0.438170879501385,,2026-02-04T18:57:57.124178,True,0.0
100,2,0.15,39,161,500,39,0.017961978912353516,True,False,0.4413217082674279,0.4413217082674279,,2026-02-04T18:57:57.362589,True,0.0
100,2,0.15,40,151,500,40,0.017147064208984375,True,False,0.43541949914477435,0.4382044647164598,,2026-02-04T18:57:57.608008,False,0.0027849655716854493
100,2,0.15,41,139,500,41,0.01768016815185547,True,False,0.44242016458775424,0.44242016458775424,,2026-02-04T18:57:57.848324,True,0.0
100,2,0.15,42,150,500,42,0.01725912094116211,True,False,0.43624444444444443,0.43624444444444443,,2026-02-04T18:57:58.088402,True,0.0
100,2,0.15,43,161,500,43,0.018372297286987305,True,False,0.4040546275220863,0.4040546275220863,,2026-02-04T18:57:58.330194,True,0.0
100,2,0.15,44,157,500,44,0.017512083053588867,True,False,0.44267515923566886,0.4480506308572356,,2026-02-04T18:57:58.569738,False,0.005375471621566763
100,2,0.15,45,160,500,45,0.0179598331451416,True,False,0.4125,0.4125,,2026-02-04T18:57:58.827775,True,0.0
100,2,0.15,46,143,500,46,0.018543004989624023,True,False,0.4280893931243582,0.4280893931243582,,2026-02-04T18:57:59.084370,True,0.0
100,2,0.15,47,154,500,47,0.018867015838623047,True,False,0.428550345758138,0.4320290099510878,,2026-02-04T18:57:59.339883,False,0.0034786641929497875
100,2,0.15,48,147,500,48,0.027645111083984375,True,False,0.44555509278541344,0.44555509278541344,,2026-02-04T18:57:59.616146,True,0.0
100,2,0.15,49,166,500,49,0.019365787506103516,True,False,0.41566265060240964,0.41566265060240964,,2026-02-04T18:57:59.890395,True,0.0
100,2,0.15,50,161,500,50,0.018253803253173828,True,False,0.4192546583850931,0.4192546583850931,,2026-02-04T18:58:00.153414,True,0.0
100,2,0.15,51,135,500,51,0.01953268051147461,True,False,0.4258984910836763,0.4258984910836763,,2026-02-04T18:58:00.446987,True,0.0
100,2,0.15,52,164,500,52,0.01846909523010254,True,False,0.408517995240928,0.408517995240928,,2026-02-04T18:58:00.711646,True,0.0
100,2,0.15,53,150,500,53,0.018573760986328125,True,False,0.4329777777777777,0.4329777777777777,,2026-02-04T18:58:00.973456,True,0.0
100,2,0.15,54,150,500,54,0.017513036727905273,True,False,0.4133111111111111,0.4133111111111111,,2026-02-04T18:58:01.236965,True,0.0
100,2,0.15,55,155,500,55,0.017207860946655273,True,False,0.4131321540062435,0.4134027055150885,,2026-02-04T18:58:01.545659,False,0.00027055150884502943
100,2,0.15,56,159,500,56,0.01825714111328125,True,False,0.4119299078359242,0.4119299078359242,,2026-02-04T18:58:01.788865,True,0.0
100,2,0.15,57,150,500,57,0.017656803131103516,True,False,0.43013333333333337,0.43013333333333337,,2026-02-04T18:58:02.034460,True,0.0
100,2,0.15,58,151,500,58,0.017093181610107422,True,False,0.4311214420420157,0.4311214420420157,,2026-02-04T18:58:02.275647,True,0.0
100,2,0.15,59,156,500,59,0.017465829849243164,True,False,0.4294666337935569,0.4294666337935569,,2026-02-04T18:58:02.518760,True,0.0
100,2,0.15,60,154,500,60,0.017403125762939453,True,False,0.39610389610389607,0.402576319784112,,2026-02-04T18:58:02.763911,False,0.006472423680215944
100,2,0.15,61,152,500,61,0.017647981643676758,True,False,0.41999220914127416,0.42587863573407203,,2026-02-04T18:58:03.006032,False,0.0058864265927978665
100,2,0.15,62,165,500,62,0.016909122467041016,True,False,0.3966758494031221,0.396969696969697,,2026-02-04T18:58:03.247066,False,0.00029384756657485633
100,2,0.15,63,165,500,63,0.01818227767944336,True,False,0.40909090909090906,0.40909090909090906,,2026-02-04T18:58:03.487160,True,0.0
100,2,0.15,64,145,500,64,0.019028186798095703,True,False,0.4379310344827586,0.4379310344827586,,2026-02-04T18:58:03.730108,True,0.0
100,2,0.15,65,141,500,65,0.01721334457397461,True,False,0.42704089331522554,0.42704089331522554,,2026-02-04T18:58:03.971518,True,0.0
100,2,0.15,66,142,500,66,0.017320871353149414,True,False,0.4365949216425312,0.4365949216425312,,2026-02-04T18:58:04.212060,True,0.0
100,2,0.15,67,151,500,67,0.018041133880615234,True,False,0.4311214420420157,0.4311214420420157,,2026-02-04T18:58:04.454867,True,0.0
100,2,0.15,68,160,500,68,0.018481969833374023,True,False,0.42304687500000004,0.42304687500000004,,2026-02-04T18:58:04.694220,True,0.0
100,2,0.15,69,138,500,69,0.017512083053588867,True,False,0.42753623188405804,0.42753623188405804,,2026-02-04T18:58:04.935921,True,0.0
100,2,0.15,70,164,500,70,0.018846988677978516,True,False,0.43716537775133846,0.43716537775133846,,2026-02-04T18:58:05.178035,True,0.0
100,2,0.15,71,165,500,71,0.017410993576049805,True,False,0.43386593204775026,0.43386593204775026,,2026-02-04T18:58:05.417295,True,0.0
100,2,0.15,72,135,500,72,0.018049955368041992,True,False,0.4245816186556927,0.4245816186556927,,2026-02-04T18:58:05.660556,True,0.0
100,2,0.15,73,157,500,73,0.017140865325927734,True,False,0.43869933871556654,0.43869933871556654,,2026-02-04T18:58:05.899953,True,0.0
100,2,0.15,74,144,500,74,0.0180816650390625,True,False,0.4301697530864198,0.4305555555555556,,2026-02-04T18:58:06.143059,False,0.0003858024691357764
100,2,0.15,75,159,500,75,0.017884016036987305,True,False,0.42007831968672127,0.42007831968672127,,2026-02-04T18:58:06.384000,True,0.0
100,2,0.15,76,160,500,76,0.017756938934326172,True,False,0.4131054687499999,0.4131054687499999,,2026-02-04T18:58:06.624843,True,0.0
100,2,0.15,77,150,500,77,0.017349958419799805,True,False,0.4239777777777778,0.4239777777777778,,2026-02-04T18:58:06.866829,True,0.0
100,2,0.15,78,152,500,78,0.018666982650756836,True,False,0.42760993767313016,0.42760993767313016,,2026-02-04T18:58:07.107135,True,0.0
100,2,0.15,79,153,500,79,0.018676042556762695,True,False,0.41084625571361444,0.41084625571361444,,2026-02-04T18:58:07.348442,True,0.0
100,2,0.15,80,166,500,80,0.01720595359802246,True,False,0.4241544491217884,0.4241544491217884,,2026-02-04T18:58:07.586848,True,0.0
100,2,0.15,81,154,500,81,0.018265962600708008,True,False,0.4343059537864733,0.4343059537864733,,2026-02-04T18:58:07.827714,True,0.0
100,2,0.15,82,158,500,82,0.01756000518798828,True,False,0.45567617369011376,0.45567617369011376,,2026-02-04T18:58:08.068759,True,0.0
100,2,0.15,83,153,500,83,0.018627166748046875,True,False,0.4342560553633218,0.43641334529454495,,2026-02-04T18:58:08.308059,False,0.002157289931223161
100,2,0.15,84,151,500,84,0.018128156661987305,True,False,0.4117143984912942,0.4117143984912942,,2026-02-04T18:58:08.549477,True,0.0
100,2,0.15,85,151,500,85,0.016975879669189453,True,False,0.4139072847682119,0.42050787246173404,,2026-02-04T18:58:08.792136,False,0.00660058769352212
100,2,0.15,86,150,500,86,0.018867969512939453,True,False,0.44666666666666666,0.44666666666666666,,2026-02-04T18:58:09.035593,True,0.0
100,2,0.15,87,155,500,87,0.017481088638305664,True,False,0.4021644120707596,0.4021644120707596,,2026-02-04T18:58:09.276443,True,0.0
100,2,0.15,88,160,500,88,0.01686882972717285,True,False,0.42263671875,0.42263671875,,2026-02-04T18:58:09.513899,True,0.0
100,2,0.15,89,151,500,89,0.017072200775146484,True,False,0.4337529055743169,0.4337529055743169,,2026-02-04T18:58:09.752407,True,0.0
100,2,0.15,90,168,500,90,0.017380237579345703,True,False,0.4267998866213152,0.4267998866213152,,2026-02-04T18:58:09.992740,True,0.0
100,2,0.15,91,155,500,91,0.01708221435546875,True,False,0.4032258064516129,0.4032258064516129,,2026-02-04T18:58:10.232523,True,0.0
100,2,0.15,92,157,500,92,0.01820206642150879,True,False,0.4171163130350116,0.4219238102965638,,2026-02-04T18:58:10.476566,False,0.004807497261552163
100,2,0.15,93,153,500,93,0.017534971237182617,True,False,0.3990772779700116,0.3998248536887522,,2026-02-04T18:58:10.716727,False,0.0007475757187406229
100,2,0.15,94,141,500,94,0.017676830291748047,True,False,0.42802172928927107,0.429052864544037,,2026-02-04T18:58:10.958842,False,0.001031135254765947
100,2,0.15,95,162,500,95,0.017544984817504883,True,False,0.4320797134583142,0.4320797134583142,,2026-02-04T18:58:11.198991,True,0.0
100,2,0.15,96,161,500,96,0.01822495460510254,True,False,0.4189460283168088,0.4189460283168088,,2026-02-04T18:58:11.438946,True,0.0
100,2,0.15,97,157,500,97,0.017829179763793945,True,False,0.4171163130350116,0.41900279930220297,,2026-02-04T18:58:11.680609,False,0.0018864862671913452
100,2,0.15,98,147,500,98,0.017355918884277344,True,False,0.43673932157897166,0.43673932157897166,,2026-02-04T18:58:11.919021,True,0.0
100,2,0.15,99,152,500,99,0.016714096069335938,True,False,0.4342105263157895,0.4342105263157895,,2026-02-04T18:58:12.159274,True,0.0
100,2,0.15,0,149,1000,0,0.028546810150146484,True,False,0.4083374622764741,0.4083374622764741,,2026-02-04T18:58:12.414293,True,0.0
100,2,0.15,1,152,1000,1,0.02857804298400879,True,False,0.41393265235457055,0.4207063711911357,,2026-02-04T18:58:12.667606,False,0.006773718836565135
100,2,0.15,2,142,1000,2,0.03018808364868164,True,False,0.4084259075580242,0.41539377107716724,,2026-02-04T18:58:12.922756,False,0.006967863519143025
100,2,0.15,3,141,1000,3,0.029533863067626953,True,False,0.429052864544037,0.429052864544037,,2026-02-04T18:58:13.174247,True,0.0
100,2,0.15,4,154,1000,4,0.02913379669189453,True,False,0.43295665373587455,0.43295665373587455,,2026-02-04T18:58:13.426444,True,0.0
100,2,0.15,5,158,1000,5,0.029998064041137695,True,False,0.4396531004646691,0.4396531004646691,,2026-02-04T18:58:13.677482,True,0.0
100,2,0.15,6,154,1000,6,0.029546022415161133,True,False,0.415563332771125,0.415563332771125,,2026-02-04T18:58:13.931755,True,0.0
100,2,0.15,7,149,1000,7,0.02814006805419922,True,False,0.4328633845322283,0.4328633845322283,,2026-02-04T18:58:14.183120,True,0.0
100,2,0.15,8,154,1000,8,0.029722929000854492,True,False,0.4472929667734863,0.4472929667734863,,2026-02-04T18:58:14.434283,True,0.0
100,2,0.15,9,147,1000,9,0.029280900955200195,True,False,0.4387755102040817,0.4387755102040817,,2026-02-04T18:58:14.690694,True,0.0
100,2,0.15,10,148,1000,10,0.029324054718017578,True,False,0.39862582176771366,0.39862582176771366,,2026-02-04T18:58:14.943535,True,0.0
100,2,0.15,11,151,1000,11,0.028955936431884766,True,False,0.4319985965527827,0.4319985965527827,,2026-02-04T18:58:15.196382,True,0.0
100,2,0.15,12,161,1000,12,0.02999281883239746,True,False,0.42938158250067515,0.42938158250067515,,2026-02-04T18:58:15.451043,True,0.0
100,2,0.15,13,155,1000,13,0.02835702896118164,True,False,0.4354630593132154,0.4354630593132154,,2026-02-04T18:58:15.702663,True,0.0
100,2,0.15,14,151,1000,14,0.028923749923706055,True,False,0.4228542607780361,0.4228542607780361,,2026-02-04T18:58:15.956257,True,0.0
100,2,0.15,15,140,1000,15,0.028644800186157227,True,False,0.4285714285714286,0.4285714285714286,,2026-02-04T18:58:16.205510,True,0.0
100,2,0.15,16,155,1000,16,0.029491901397705078,True,False,0.4237044745057231,0.4237044745057231,,2026-02-04T18:58:16.459691,True,0.0
100,2,0.15,17,156,1000,17,0.029644012451171875,True,False,0.41025641025641024,0.41025641025641024,,2026-02-04T18:58:16.712722,True,0.0
100,2,0.15,18,155,1000,18,0.028911113739013672,True,False,0.4354630593132154,0.4354630593132154,,2026-02-04T18:58:16.965647,True,0.0
100,2,0.15,19,161,1000,19,0.029775142669677734,True,False,0.4143165772925427,0.4143165772925427,,2026-02-04T18:58:17.220490,True,0.0
100,2,0.15,20,147,1000,20,0.029699087142944336,True,False,0.4386829561756675,0.4386829561756675,,2026-02-04T18:58:17.470702,True,0.0
100,2,0.15,21,149,1000,21,0.029272079467773438,True,False,0.4189000495473177,0.4189000495473177,,2026-02-04T18:58:17.724186,True,0.0
100,2,0.15,22,154,1000,22,0.02945995330810547,True,False,0.415563332771125,0.42500843312531617,,2026-02-04T18:58:17.974490,False,0.00944510035419116
100,2,0.15,23,151,1000,23,0.02895808219909668,True,False,0.42636287882110435,0.42636287882110435,,2026-02-04T18:58:18.227335,True,0.0
100,2,0.15,24,171,1000,24,0.031891822814941406,True,False,0.4324749495571286,0.4324749495571286,,2026-02-04T18:58:18.489553,True,0.0
100,2,0.15,25,142,1000,25,0.02998208999633789,True,False,0.4295774647887324,0.4324290815314421,,2026-02-04T18:58:18.749734,False,0.0028516167427097283
100,2,0.15,26,168,1000,26,0.028194904327392578,True,False,0.40970450680272097,0.40970450680272097,,2026-02-04T18:58:19.013970,True,0.0
100,2,0.15,27,168,1000,27,0.02934408187866211,True,False,0.38095238095238093,0.38577097505668934,,2026-02-04T18:58:19.268679,False,0.004818594104308405
100,2,0.15,28,170,1000,28,0.02803206443786621,True,False,0.40676470588235286,0.40676470588235286,,2026-02-04T18:58:19.530063,True,0.0
100,2,0.15,29,156,1000,29,0.02924489974975586,True,False,0.41025641025641024,0.41025641025641024,,2026-02-04T18:58:19.781878,True,0.0
100,2,0.15,30,155,1000,30,0.02878880500793457,True,False,0.39789802289281995,0.4011446409989594,,2026-02-04T18:58:20.038985,False,0.003246618106139465
100,2,0.15,31,140,1000,31,0.029406070709228516,True,False,0.4171173469387755,0.4171173469387755,,2026-02-04T18:58:20.295111,True,0.0
100,2,0.15,32,146,1000,32,0.03017401695251465,True,False,0.43150684931506844,0.43150684931506844,,2026-02-04T18:58:20.549914,True,0.0
100,2,0.15,33,155,1000,33,0.029816865921020508,True,False,0.4161290322580645,0.4161290322580645,,2026-02-04T18:58:20.805529,True,0.0
100,2,0.15,34,165,1000,34,0.02941107749938965,True,False,0.42121212121212126,0.42121212121212126,,2026-02-04T18:58:21.058039,True,0.0
100,2,0.15,35,154,1000,35,0.02948307991027832,True,False,0.4248608534322821,0.42500843312531617,,2026-02-04T18:58:21.311793,False,0.00014757969303408336
100,2,0.15,36,153,1000,36,0.027983903884887695,True,False,0.4410910333632364,0.4410910333632364,,2026-02-04T18:58:21.563146,True,0.0
100,2,0.15,37,165,1000,37,0.02798318862915039,True,False,0.4231404958677685,0.4231404958677685,,2026-02-04T18:58:21.815137,True,0.0
100,2,0.15,38,152,1000,38,0.029614925384521484,True,False,0.438170879501385,0.438170879501385,,2026-02-04T18:58:22.070883,True,0.0
100,2,0.15,39,161,1000,39,0.030530929565429688,True,False,0.4413217082674279,0.4413217082674279,,2026-02-04T18:58:22.323678,True,0.0
100,2,0.15,40,151,1000,40,0.028647184371948242,True,False,0.43541949914477435,0.4382044647164598,,2026-02-04T18:58:22.577835,False,0.0027849655716854493
100,2,0.15,41,139,1000,41,0.029363393783569336,True,False,0.44242016458775424,0.44242016458775424,,2026-02-04T18:58:22.832013,True,0.0
100,2,0.15,42,150,1000,42,0.028072118759155273,True,False,0.43624444444444443,0.43624444444444443,,2026-02-04T18:58:23.084736,True,0.0
100,2,0.15,43,161,1000,43,0.028962135314941406,True,False,0.4040546275220863,0.4040546275220863,,2026-02-04T18:58:23.338988,True,0.0
100,2,0.15,44,157,1000,44,0.029057025909423828,True,False,0.44267515923566886,0.4480506308572356,,2026-02-04T18:58:23.593559,False,0.005375471621566763
100,2,0.15,45,160,1000,45,0.02997565269470215,True,False,0.4125,0.4125,,2026-02-04T18:58:23.850663,True,0.0
100,2,0.15,46,143,1000,46,0.028835058212280273,True,False,0.4280893931243582,0.4280893931243582,,2026-02-04T18:58:24.100901,True,0.0
100,2,0.15,47,154,1000,47,0.029965877532958984,True,False,0.428550345758138,0.4320290099510878,,2026-02-04T18:58:24.354748,False,0.0034786641929497875
100,2,0.15,48,147,1000,48,0.029129981994628906,True,False,0.44555509278541344,0.44555509278541344,,2026-02-04T18:58:24.608289,True,0.0
100,2,0.15,49,166,1000,49,0.031241178512573242,True,False,0.41566265060240964,0.41566265060240964,,2026-02-04T18:58:24.863131,True,0.0
100,2,0.15,50,161,1000,50,0.030208110809326172,True,False,0.4192546583850931,0.4192546583850931,,2026-02-04T18:58:25.120394,True,0.0
100,2,0.15,51,135,1000,51,0.02878117561340332,True,False,0.4258984910836763,0.4258984910836763,,2026-02-04T18:58:25.371641,True,0.0
100,2,0.15,52,164,1000,52,0.029260873794555664,True,False,0.408517995240928,0.408517995240928,,2026-02-04T18:58:25.625978,True,0.0
100,2,0.15,53,150,1000,53,0.02962517738342285,True,False,0.4329777777777777,0.4329777777777777,,2026-02-04T18:58:25.878915,True,0.0
100,2,0.15,54,150,1000,54,0.02902698516845703,True,False,0.4133111111111111,0.4133111111111111,,2026-02-04T18:58:26.134589,True,0.0
100,2,0.15,55,155,1000,55,0.030701875686645508,True,False,0.4134027055150885,0.4134027055150885,,2026-02-04T18:58:26.389340,True,0.0
100,2,0.15,56,159,1000,56,0.03018975257873535,True,False,0.4119299078359242,0.4119299078359242,,2026-02-04T18:58:26.643285,True,0.0
100,2,0.15,57,150,1000,57,0.02922201156616211,True,False,0.43013333333333337,0.43013333333333337,,2026-02-04T18:58:26.896853,True,0.0
100,2,0.15,58,151,1000,58,0.02907109260559082,True,False,0.4311214420420157,0.4311214420420157,,2026-02-04T18:58:27.149669,True,0.0
100,2,0.15,59,156,1000,59,0.028176069259643555,True,False,0.4294666337935569,0.4294666337935569,,2026-02-04T18:58:27.405117,True,0.0
100,2,0.15,60,154,1000,60,0.028888940811157227,True,False,0.39610389610389607,0.402576319784112,,2026-02-04T18:58:27.658836,False,0.006472423680215944
100,2,0.15,61,152,1000,61,0.028453826904296875,True,False,0.4227622922437674,0.42587863573407203,,2026-02-04T18:58:27.910599,False,0.0031163434903046516
100,2,0.15,62,165,1000,62,0.028698205947875977,True,False,0.3966758494031221,0.396969696969697,,2026-02-04T18:58:28.164112,False,0.00029384756657485633
100,2,0.15,63,165,1000,63,0.029983997344970703,True,False,0.40909090909090906,0.40909090909090906,,2026-02-04T18:58:28.416384,True,0.0
100,2,0.15,64,145,1000,64,0.03258490562438965,True,False,0.4379310344827586,0.4379310344827586,,2026-02-04T18:58:28.675502,True,0.0
100,2,0.15,65,141,1000,65,0.0281221866607666,True,False,0.42704089331522554,0.42704089331522554,,2026-02-04T18:58:28.927180,True,0.0
100,2,0.15,66,142,1000,66,0.028269052505493164,True,False,0.4365949216425312,0.4365949216425312,,2026-02-04T18:58:29.181229,True,0.0
100,2,0.15,67,151,1000,67,0.029370784759521484,True,False,0.4311214420420157,0.4311214420420157,,2026-02-04T18:58:29.437946,True,0.0
100,2,0.15,68,160,1000,68,0.03048086166381836,True,False,0.42304687500000004,0.42304687500000004,,2026-02-04T18:58:29.691768,True,0.0
100,2,0.15,69,138,1000,69,0.02929210662841797,True,False,0.42753623188405804,0.42753623188405804,,2026-02-04T18:58:29.948291,True,0.0
100,2,0.15,70,164,1000,70,0.031058788299560547,True,False,0.43716537775133846,0.43716537775133846,,2026-02-04T18:58:30.202568,True,0.0
100,2,0.15,71,165,1000,71,0.03038311004638672,True,False,0.43386593204775026,0.43386593204775026,,2026-02-04T18:58:30.457674,True,0.0
100,2,0.15,72,135,1000,72,0.029652118682861328,True,False,0.4245816186556927,0.4245816186556927,,2026-02-04T18:58:30.711135,True,0.0
100,2,0.15,73,157,1000,73,0.02881002426147461,True,False,0.43869933871556654,0.43869933871556654,,2026-02-04T18:58:30.963987,True,0.0
100,2,0.15,74,144,1000,74,0.028261184692382812,True,False,0.4305555555555556,0.4305555555555556,,2026-02-04T18:58:31.215416,True,0.0
100,2,0.15,75,159,1000,75,0.02927708625793457,True,False,0.42007831968672127,0.42007831968672127,,2026-02-04T18:58:31.467887,True,0.0
100,2,0.15,76,160,1000,76,0.030933856964111328,True,False,0.4131054687499999,0.4131054687499999,,2026-02-04T18:58:31.724871,True,0.0
100,2,0.15,77,150,1000,77,0.028804779052734375,True,False,0.4239777777777778,0.4239777777777778,,2026-02-04T18:58:31.979475,True,0.0
100,2,0.15,78,152,1000,78,0.029988765716552734,True,False,0.42760993767313016,0.42760993767313016,,2026-02-04T18:58:32.233428,True,0.0
100,2,0.15,79,153,1000,79,0.02991795539855957,True,False,0.41084625571361444,0.41084625571361444,,2026-02-04T18:58:32.488725,True,0.0
100,2,0.15,80,166,1000,80,0.028999805450439453,True,False,0.4241544491217884,0.4241544491217884,,2026-02-04T18:58:32.740169,True,0.0
100,2,0.15,81,154,1000,81,0.029415130615234375,True,False,0.4343059537864733,0.4343059537864733,,2026-02-04T18:58:32.995186,True,0.0
100,2,0.15,82,158,1000,82,0.029023170471191406,True,False,0.45567617369011376,0.45567617369011376,,2026-02-04T18:58:33.247612,True,0.0
100,2,0.15,83,153,1000,83,0.029490947723388672,True,False,0.4342560553633218,0.43641334529454495,,2026-02-04T18:58:33.502382,False,0.002157289931223161
100,2,0.15,84,151,1000,84,0.030144929885864258,True,False,0.4117143984912942,0.4117143984912942,,2026-02-04T18:58:33.754323,True,0.0
100,2,0.15,85,151,1000,85,0.02930283546447754,True,False,0.4139072847682119,0.42050787246173404,,2026-02-04T18:58:34.007677,False,0.00660058769352212
100,2,0.15,86,150,1000,86,0.03016495704650879,True,False,0.44666666666666666,0.44666666666666666,,2026-02-04T18:58:34.260447,True,0.0
100,2,0.15,87,155,1000,87,0.029510974884033203,True,False,0.4021644120707596,0.4021644120707596,,2026-02-04T18:58:34.512157,True,0.0
100,2,0.15,88,160,1000,88,0.0300140380859375,True,False,0.42263671875,0.42263671875,,2026-02-04T18:58:34.766894,True,0.0
100,2,0.15,89,151,1000,89,0.03055596351623535,True,False,0.4337529055743169,0.4337529055743169,,2026-02-04T18:58:35.022233,True,0.0
100,2,0.15,90,168,1000,90,0.028634071350097656,True,False,0.4267998866213152,0.4267998866213152,,2026-02-04T18:58:35.281285,True,0.0
100,2,0.15,91,155,1000,91,0.02905416488647461,True,False,0.4032258064516129,0.4032258064516129,,2026-02-04T18:58:35.537132,True,0.0
100,2,0.15,92,157,1000,92,0.02944016456604004,True,False,0.4171163130350116,0.4219238102965638,,2026-02-04T18:58:35.789514,False,0.004807497261552163
100,2,0.15,93,153,1000,93,0.02816319465637207,True,False,0.3990772779700116,0.3998248536887522,,2026-02-04T18:58:36.043430,False,0.0007475757187406229
100,2,0.15,94,141,1000,94,0.030128002166748047,True,False,0.42802172928927107,0.429052864544037,,2026-02-04T18:58:36.297889,False,0.001031135254765947
100,2,0.15,95,162,1000,95,0.02894115447998047,True,False,0.4320797134583142,0.4320797134583142,,2026-02-04T18:58:36.550790,True,0.0
100,2,0.15,96,161,1000,96,0.029153823852539062,True,False,0.4189460283168088,0.4189460283168088,,2026-02-04T18:58:36.804677,True,0.0
100,2,0.15,97,157,1000,97,0.028213977813720703,True,False,0.4171163130350116,0.41900279930220297,,2026-02-04T18:58:37.057854,False,0.0018864862671913452
100,2,0.15,98,147,1000,98,0.029733896255493164,True,False,0.43673932157897166,0.43673932157897166,,2026-02-04T18:58:37.315721,True,0.0
100,2,0.15,99,152,1000,99,0.02875685691833496,True,False,0.4342105263157895,0.4342105263157895,,2026-02-04T18:58:37.567108,True,0.0
100,2,0.15,0,149,2000,0,0.05175971984863281,True,False,0.4083374622764741,0.4083374622764741,,2026-02-04T18:58:37.845676,True,0.0
100,2,0.15,1,152,2000,1,0.050936222076416016,True,False,0.41445204293628807,0.4207063711911357,,2026-02-04T18:58:38.121702,False,0.006254328254847619
100,2,0.15,2,142,2000,2,0.054161787033081055,True,False,0.4084259075580242,0.41539377107716724,,2026-02-04T18:58:38.400783,False,0.006967863519143025
100,2,0.15,3,141,2000,3,0.05456900596618652,True,False,0.429052864544037,0.429052864544037,,2026-02-04T18:58:38.679926,True,0.0
100,2,0.15,4,154,2000,4,0.05376005172729492,True,False,0.43295665373587455,0.43295665373587455,,2026-02-04T18:58:38.958268,True,0.0
100,2,0.15,5,158,2000,5,0.05130600929260254,True,False,0.4396531004646691,0.4396531004646691,,2026-02-04T18:58:39.234366,True,0.0
100,2,0.15,6,154,2000,6,0.05553102493286133,True,False,0.415563332771125,0.415563332771125,,2026-02-04T18:58:39.513061,True,0.0
100,2,0.15,7,149,2000,7,0.04998970031738281,True,False,0.4328633845322283,0.4328633845322283,,2026-02-04T18:58:39.789805,True,0.0
100,2,0.15,8,154,2000,8,0.052294015884399414,True,False,0.4472929667734863,0.4472929667734863,,2026-02-04T18:58:40.065138,True,0.0
100,2,0.15,9,147,2000,9,0.05301785469055176,True,False,0.4387755102040817,0.4387755102040817,,2026-02-04T18:58:40.344383,True,0.0
100,2,0.15,10,148,2000,10,0.050206899642944336,True,False,0.39862582176771366,0.39862582176771366,,2026-02-04T18:58:40.616721,True,0.0
100,2,0.15,11,151,2000,11,0.050853729248046875,True,False,0.4319985965527827,0.4319985965527827,,2026-02-04T18:58:40.892702,True,0.0
100,2,0.15,12,161,2000,12,0.052845001220703125,True,False,0.42938158250067515,0.42938158250067515,,2026-02-04T18:58:41.168052,True,0.0
100,2,0.15,13,155,2000,13,0.05238604545593262,True,False,0.4354630593132154,0.4354630593132154,,2026-02-04T18:58:41.446214,True,0.0
100,2,0.15,14,151,2000,14,0.05112099647521973,True,False,0.4228542607780361,0.4228542607780361,,2026-02-04T18:58:41.722963,True,0.0
100,2,0.15,15,140,2000,15,0.05176901817321777,True,False,0.4285714285714286,0.4285714285714286,,2026-02-04T18:58:41.999501,True,0.0
100,2,0.15,16,155,2000,16,0.05158400535583496,True,False,0.4237044745057231,0.4237044745057231,,2026-02-04T18:58:42.276696,True,0.0
100,2,0.15,17,156,2000,17,0.05355644226074219,True,False,0.41025641025641024,0.41025641025641024,,2026-02-04T18:58:42.556794,True,0.0
100,2,0.15,18,155,2000,18,0.05333518981933594,True,False,0.4354630593132154,0.4354630593132154,,2026-02-04T18:58:42.835042,True,0.0
100,2,0.15,19,161,2000,19,0.05146598815917969,True,False,0.4143165772925427,0.4143165772925427,,2026-02-04T18:58:43.110826,True,0.0
100,2,0.15,20,147,2000,20,0.0522618293762207,True,False,0.4386829561756675,0.4386829561756675,,2026-02-04T18:58:43.416213,True,0.0
100,2,0.15,21,149,2000,21,0.05060982704162598,True,False,0.4189000495473177,0.4189000495473177,,2026-02-04T18:58:43.691738,True,0.0
100,2,0.15,22,154,2000,22,0.053156137466430664,True,False,0.415563332771125,0.42500843312531617,,2026-02-04T18:58:43.969732,False,0.00944510035419116
100,2,0.15,23,151,2000,23,0.05233478546142578,True,False,0.42636287882110435,0.42636287882110435,,2026-02-04T18:58:44.247103,True,0.0
100,2,0.15,24,171,2000,24,0.05333590507507324,True,False,0.4324749495571286,0.4324749495571286,,2026-02-04T18:58:44.526288,True,0.0
100,2,0.15,25,142,2000,25,0.05305981636047363,True,False,0.4295774647887324,0.4324290815314421,,2026-02-04T18:58:44.802774,False,0.0028516167427097283
100,2,0.15,26,168,2000,26,0.0519559383392334,True,False,0.40970450680272097,0.40970450680272097,,2026-02-04T18:58:45.082063,True,0.0
100,2,0.15,27,168,2000,27,0.05141568183898926,True,False,0.38095238095238093,0.38577097505668934,,2026-02-04T18:58:45.358893,False,0.004818594104308405
100,2,0.15,28,170,2000,28,0.051095008850097656,True,False,0.40676470588235286,0.40676470588235286,,2026-02-04T18:58:45.636417,True,0.0
100,2,0.15,29,156,2000,29,0.050759315490722656,True,False,0.41025641025641024,0.41025641025641024,,2026-02-04T18:58:45.912676,True,0.0
100,2,0.15,30,155,2000,30,0.05169486999511719,True,False,0.39789802289281995,0.4011446409989594,,2026-02-04T18:58:46.189753,False,0.003246618106139465
100,2,0.15,31,140,2000,31,0.05216717720031738,True,False,0.4171173469387755,0.4171173469387755,,2026-02-04T18:58:46.467508,True,0.0
100,2,0.15,32,146,2000,32,0.05264592170715332,True,False,0.43150684931506844,0.43150684931506844,,2026-02-04T18:58:46.743829,True,0.0
100,2,0.15,33,155,2000,33,0.050998687744140625,True,False,0.4161290322580645,0.4161290322580645,,2026-02-04T18:58:47.019925,True,0.0
100,2,0.15,34,165,2000,34,0.052541255950927734,True,False,0.42121212121212126,0.42121212121212126,,2026-02-04T18:58:47.296225,True,0.0
100,2,0.15,35,154,2000,35,0.05261707305908203,True,False,0.4248608534322821,0.42500843312531617,,2026-02-04T18:58:47.574261,False,0.00014757969303408336
100,2,0.15,36,153,2000,36,0.051423072814941406,True,False,0.4410910333632364,0.4410910333632364,,2026-02-04T18:58:47.848982,True,0.0
100,2,0.15,37,165,2000,37,0.05170893669128418,True,False,0.4231404958677685,0.4231404958677685,,2026-02-04T18:58:48.125501,True,0.0
100,2,0.15,38,152,2000,38,0.05283808708190918,True,False,0.438170879501385,0.438170879501385,,2026-02-04T18:58:48.402365,True,0.0
100,2,0.15,39,161,2000,39,0.05234980583190918,True,False,0.4413217082674279,0.4413217082674279,,2026-02-04T18:58:48.681762,True,0.0
100,2,0.15,40,151,2000,40,0.05069398880004883,True,False,0.43541949914477435,0.4382044647164598,,2026-02-04T18:58:48.960719,False,0.0027849655716854493
100,2,0.15,41,139,2000,41,0.05721688270568848,True,False,0.44242016458775424,0.44242016458775424,,2026-02-04T18:58:49.308418,True,0.0
100,2,0.15,42,150,2000,42,0.053575754165649414,True,False,0.43624444444444443,0.43624444444444443,,2026-02-04T18:58:49.640295,True,0.0
100,2,0.15,43,161,2000,43,0.053511857986450195,True,False,0.4040546275220863,0.4040546275220863,,2026-02-04T18:58:49.935764,True,0.0
100,2,0.15,44,157,2000,44,0.08304500579833984,True,False,0.44267515923566886,0.4480506308572356,,2026-02-04T18:58:50.340987,False,0.005375471621566763
100,2,0.15,45,160,2000,45,0.05219721794128418,True,False,0.4125,0.4125,,2026-02-04T18:58:50.655690,True,0.0
100,2,0.15,46,143,2000,46,0.05052804946899414,True,False,0.4280893931243582,0.4280893931243582,,2026-02-04T18:58:50.932347,True,0.0
100,2,0.15,47,154,2000,47,0.05460095405578613,True,False,0.428550345758138,0.4320290099510878,,2026-02-04T18:58:51.219196,False,0.0034786641929497875
100,2,0.15,48,147,2000,48,0.05484414100646973,True,False,0.44555509278541344,0.44555509278541344,,2026-02-04T18:58:51.499731,True,0.0
100,2,0.15,49,166,2000,49,0.05703902244567871,True,False,0.41566265060240964,0.41566265060240964,,2026-02-04T18:58:51.783817,True,0.0
100,2,0.15,50,161,2000,50,0.05351901054382324,True,False,0.4192546583850931,0.4192546583850931,,2026-02-04T18:58:52.064935,True,0.0
100,2,0.15,51,135,2000,51,0.052053213119506836,True,False,0.4258984910836763,0.4258984910836763,,2026-02-04T18:58:52.362918,True,0.0
100,2,0.15,52,164,2000,52,0.05156898498535156,True,False,0.408517995240928,0.408517995240928,,2026-02-04T18:58:52.641703,True,0.0
100,2,0.15,53,150,2000,53,0.052704811096191406,True,False,0.4329777777777777,0.4329777777777777,,2026-02-04T18:58:52.916297,True,0.0
100,2,0.15,54,150,2000,54,0.05157923698425293,True,False,0.4133111111111111,0.4133111111111111,,2026-02-04T18:58:53.192509,True,0.0
100,2,0.15,55,155,2000,55,0.05140995979309082,True,False,0.4134027055150885,0.4134027055150885,,2026-02-04T18:58:53.467414,True,0.0
100,2,0.15,56,159,2000,56,0.05422401428222656,True,False,0.4119299078359242,0.4119299078359242,,2026-02-04T18:58:53.746557,True,0.0
100,2,0.15,57,150,2000,57,0.05472993850708008,True,False,0.43013333333333337,0.43013333333333337,,2026-02-04T18:58:54.024711,True,0.0
100,2,0.15,58,151,2000,58,0.05071115493774414,True,False,0.4311214420420157,0.4311214420420157,,2026-02-04T18:58:54.299507,True,0.0
100,2,0.15,59,156,2000,59,0.05030679702758789,True,False,0.4294666337935569,0.4294666337935569,,2026-02-04T18:58:54.575125,True,0.0
100,2,0.15,60,154,2000,60,0.05067324638366699,True,False,0.402576319784112,0.402576319784112,,2026-02-04T18:58:54.847410,True,0.0
100,2,0.15,61,152,2000,61,0.05101275444030762,True,False,0.4227622922437674,0.42587863573407203,,2026-02-04T18:58:55.123068,False,0.0031163434903046516
100,2,0.15,62,165,2000,62,0.051397085189819336,True,False,0.396969696969697,0.396969696969697,,2026-02-04T18:58:55.395666,True,0.0
100,2,0.15,63,165,2000,63,0.053312063217163086,True,False,0.40909090909090906,0.40909090909090906,,2026-02-04T18:58:55.673297,True,0.0
100,2,0.15,64,145,2000,64,0.05779600143432617,True,False,0.4379310344827586,0.4379310344827586,,2026-02-04T18:58:55.953284,True,0.0
100,2,0.15,65,141,2000,65,0.04973602294921875,True,False,0.42704089331522554,0.42704089331522554,,2026-02-04T18:58:56.226888,True,0.0
100,2,0.15,66,142,2000,66,0.04916572570800781,True,False,0.4365949216425312,0.4365949216425312,,2026-02-04T18:58:56.499603,True,0.0
100,2,0.15,67,151,2000,67,0.05353999137878418,True,False,0.4311214420420157,0.4311214420420157,,2026-02-04T18:58:56.774775,True,0.0
100,2,0.15,68,160,2000,68,0.054444074630737305,True,False,0.42304687500000004,0.42304687500000004,,2026-02-04T18:58:57.052757,True,0.0
100,2,0.15,69,138,2000,69,0.05282473564147949,True,False,0.42753623188405804,0.42753623188405804,,2026-02-04T18:58:57.327629,True,0.0
100,2,0.15,70,164,2000,70,0.053640127182006836,True,False,0.43716537775133846,0.43716537775133846,,2026-02-04T18:58:57.605030,True,0.0
100,2,0.15,71,165,2000,71,0.0533299446105957,True,False,0.43386593204775026,0.43386593204775026,,2026-02-04T18:58:57.879672,True,0.0
100,2,0.15,72,135,2000,72,0.05330467224121094,True,False,0.4245816186556927,0.4245816186556927,,2026-02-04T18:58:58.155397,True,0.0
100,2,0.15,73,157,2000,73,0.05232810974121094,True,False,0.43869933871556654,0.43869933871556654,,2026-02-04T18:58:58.429241,True,0.0
100,2,0.15,74,144,2000,74,0.05235719680786133,True,False,0.4305555555555556,0.4305555555555556,,2026-02-04T18:58:58.714593,True,0.0
100,2,0.15,75,159,2000,75,0.05289411544799805,True,False,0.42007831968672127,0.42007831968672127,,2026-02-04T18:58:59.002865,True,0.0
100,2,0.15,76,160,2000,76,0.05462479591369629,True,False,0.4131054687499999,0.4131054687499999,,2026-02-04T18:58:59.296510,True,0.0
100,2,0.15,77,150,2000,77,0.0526270866394043,True,False,0.4239777777777778,0.4239777777777778,,2026-02-04T18:58:59.598987,True,0.0
100,2,0.15,78,152,2000,78,0.05348396301269531,True,False,0.42760993767313016,0.42760993767313016,,2026-02-04T18:58:59.876902,True,0.0
100,2,0.15,79,153,2000,79,0.05656123161315918,True,False,0.41084625571361444,0.41084625571361444,,2026-02-04T18:59:00.155138,True,0.0
100,2,0.15,80,166,2000,80,0.053182125091552734,True,False,0.4241544491217884,0.4241544491217884,,2026-02-04T18:59:00.447714,True,0.0
100,2,0.15,81,154,2000,81,0.05248093605041504,True,False,0.4343059537864733,0.4343059537864733,,2026-02-04T18:59:00.753913,True,0.0
100,2,0.15,82,158,2000,82,0.052983760833740234,True,False,0.45567617369011376,0.45567617369011376,,2026-02-04T18:59:01.043747,True,0.0
100,2,0.15,83,153,2000,83,0.05435585975646973,True,False,0.4342560553633218,0.43641334529454495,,2026-02-04T18:59:01.369073,False,0.002157289931223161
100,2,0.15,84,151,2000,84,0.05326390266418457,True,False,0.4117143984912942,0.4117143984912942,,2026-02-04T18:59:01.664325,True,0.0
100,2,0.15,85,151,2000,85,0.051286935806274414,True,False,0.4139072847682119,0.42050787246173404,,2026-02-04T18:59:01.940738,False,0.00660058769352212
100,2,0.15,86,150,2000,86,0.05507254600524902,True,False,0.44666666666666666,0.44666666666666666,,2026-02-04T18:59:02.220519,True,0.0
100,2,0.15,87,155,2000,87,0.05247688293457031,True,False,0.4021644120707596,0.4021644120707596,,2026-02-04T18:59:02.495215,True,0.0
100,2,0.15,88,160,2000,88,0.0555880069732666,True,False,0.42263671875,0.42263671875,,2026-02-04T18:59:02.772832,True,0.0
100,2,0.15,89,151,2000,89,0.0498051643371582,True,False,0.4337529055743169,0.4337529055743169,,2026-02-04T18:59:03.048087,True,0.0
100,2,0.15,90,168,2000,90,0.05155301094055176,True,False,0.4267998866213152,0.4267998866213152,,2026-02-04T18:59:03.323300,True,0.0
100,2,0.15,91,155,2000,91,0.0502011775970459,True,False,0.4032258064516129,0.4032258064516129,,2026-02-04T18:59:03.596163,True,0.0
100,2,0.15,92,157,2000,92,0.053505659103393555,True,False,0.4171163130350116,0.4219238102965638,,2026-02-04T18:59:03.873830,False,0.004807497261552163
100,2,0.15,93,153,2000,93,0.05188298225402832,True,False,0.3990772779700116,0.3998248536887522,,2026-02-04T18:59:04.148052,False,0.0007475757187406229
100,2,0.15,94,141,2000,94,0.05299115180969238,True,False,0.42802172928927107,0.429052864544037,,2026-02-04T18:59:04.422439,False,0.001031135254765947
100,2,0.15,95,162,2000,95,0.05091118812561035,True,False,0.4320797134583142,0.4320797134583142,,2026-02-04T18:59:04.696524,True,0.0
100,2,0.15,96,161,2000,96,0.05266928672790527,True,False,0.4189460283168088,0.4189460283168088,,2026-02-04T18:59:04.970261,True,0.0
100,2,0.15,97,157,2000,97,0.050100088119506836,True,False,0.4171163130350116,0.41900279930220297,,2026-02-04T18:59:05.241692,False,0.0018864862671913452
100,2,0.15,98,147,2000,98,0.05215740203857422,True,False,0.43673932157897166,0.43673932157897166,,2026-02-04T18:59:05.518053,True,0.0
100,2,0.15,99,152,2000,99,0.0508732795715332,True,False,0.4342105263157895,0.4342105263157895,,2026-02-04T18:59:05.790451,True,0.0
100,2,0.15,0,149,5000,0,0.11911416053771973,True,False,0.4083374622764741,0.4083374622764741,,2026-02-04T18:59:06.133958,True,0.0
100,2,0.15,1,152,5000,1,0.11850786209106445,True,False,0.41445204293628807,0.4207063711911357,,2026-02-04T18:59:06.475263,False,0.006254328254847619
100,2,0.15,2,142,5000,2,0.12495899200439453,True,False,0.4084259075580242,0.41539377107716724,,2026-02-04T18:59:06.823437,False,0.006967863519143025
100,2,0.15,3,141,5000,3,0.12824106216430664,True,False,0.429052864544037,0.429052864544037,,2026-02-04T18:59:07.175372,True,0.0
100,2,0.15,4,154,5000,4,0.12422704696655273,True,False,0.43295665373587455,0.43295665373587455,,2026-02-04T18:59:07.524497,True,0.0
100,2,0.15,5,158,5000,5,0.12524914741516113,True,False,0.4396531004646691,0.4396531004646691,,2026-02-04T18:59:07.871404,True,0.0
100,2,0.15,6,154,5000,6,0.12475275993347168,True,False,0.415563332771125,0.415563332771125,,2026-02-04T18:59:08.218564,True,0.0
100,2,0.15,7,149,5000,7,0.11533069610595703,True,False,0.4328633845322283,0.4328633845322283,,2026-02-04T18:59:08.556779,True,0.0
100,2,0.15,8,154,5000,8,0.12470293045043945,True,False,0.4472929667734863,0.4472929667734863,,2026-02-04T18:59:08.904746,True,0.0
100,2,0.15,9,147,5000,9,0.12425518035888672,True,False,0.4387755102040817,0.4387755102040817,,2026-02-04T18:59:09.259914,True,0.0
100,2,0.15,10,148,5000,10,0.1172952651977539,True,False,0.39862582176771366,0.39862582176771366,,2026-02-04T18:59:09.603586,True,0.0
100,2,0.15,11,151,5000,11,0.1197659969329834,True,False,0.4319985965527827,0.4319985965527827,,2026-02-04T18:59:09.947145,True,0.0
100,2,0.15,12,161,5000,12,0.12490105628967285,True,False,0.42938158250067515,0.42938158250067515,,2026-02-04T18:59:10.301557,True,0.0
100,2,0.15,13,155,5000,13,0.12068510055541992,True,False,0.4354630593132154,0.4354630593132154,,2026-02-04T18:59:10.646557,True,0.0
100,2,0.15,14,151,5000,14,0.11837506294250488,True,False,0.4228542607780361,0.4228542607780361,,2026-02-04T18:59:10.988023,True,0.0
100,2,0.15,15,140,5000,15,0.11982893943786621,True,False,0.4285714285714286,0.4285714285714286,,2026-02-04T18:59:11.333109,True,0.0
100,2,0.15,16,155,5000,16,0.12100672721862793,True,False,0.4237044745057231,0.4237044745057231,,2026-02-04T18:59:11.677882,True,0.0
100,2,0.15,17,156,5000,17,0.1260671615600586,True,False,0.41025641025641024,0.41025641025641024,,2026-02-04T18:59:12.028089,True,0.0
100,2,0.15,18,155,5000,18,0.1215353012084961,True,False,0.4354630593132154,0.4354630593132154,,2026-02-04T18:59:12.374164,True,0.0
100,2,0.15,19,161,5000,19,0.11918282508850098,True,False,0.4143165772925427,0.4143165772925427,,2026-02-04T18:59:12.715457,True,0.0
100,2,0.15,20,147,5000,20,0.12128996849060059,True,False,0.4386829561756675,0.4386829561756675,,2026-02-04T18:59:13.059883,True,0.0
100,2,0.15,21,149,5000,21,0.1161658763885498,True,False,0.4189000495473177,0.4189000495473177,,2026-02-04T18:59:13.399026,True,0.0
100,2,0.15,22,154,5000,22,0.12225604057312012,True,False,0.415563332771125,0.42500843312531617,,2026-02-04T18:59:13.744839,False,0.00944510035419116
100,2,0.15,23,151,5000,23,0.11979389190673828,True,False,0.42636287882110435,0.42636287882110435,,2026-02-04T18:59:14.088017,True,0.0
100,2,0.15,24,171,5000,24,0.1283411979675293,True,False,0.4324749495571286,0.4324749495571286,,2026-02-04T18:59:14.437689,True,0.0
100,2,0.15,25,142,5000,25,0.12253308296203613,True,False,0.4295774647887324,0.4324290815314421,,2026-02-04T18:59:14.783623,False,0.0028516167427097283
100,2,0.15,26,168,5000,26,0.11906313896179199,True,False,0.40970450680272097,0.40970450680272097,,2026-02-04T18:59:15.126099,True,0.0
100,2,0.15,27,168,5000,27,0.12120294570922852,True,False,0.38095238095238093,0.38577097505668934,,2026-02-04T18:59:15.468782,False,0.004818594104308405
100,2,0.15,28,170,5000,28,0.11892461776733398,True,False,0.40676470588235286,0.40676470588235286,,2026-02-04T18:59:15.811425,True,0.0
100,2,0.15,29,156,5000,29,0.11745786666870117,True,False,0.41025641025641024,0.41025641025641024,,2026-02-04T18:59:16.149207,True,0.0
100,2,0.15,30,155,5000,30,0.11848616600036621,True,False,0.39789802289281995,0.4011446409989594,,2026-02-04T18:59:16.490744,False,0.003246618106139465
100,2,0.15,31,140,5000,31,0.11685299873352051,True,False,0.4171173469387755,0.4171173469387755,,2026-02-04T18:59:16.829517,True,0.0
100,2,0.15,32,146,5000,32,0.1199178695678711,True,False,0.43150684931506844,0.43150684931506844,,2026-02-04T18:59:17.175883,True,0.0
100,2,0.15,33,155,5000,33,0.11793303489685059,True,False,0.4161290322580645,0.4161290322580645,,2026-02-04T18:59:17.519191,True,0.0
100,2,0.15,34,165,5000,34,0.1217501163482666,True,False,0.42121212121212126,0.42121212121212126,,2026-02-04T18:59:17.863772,True,0.0
100,2,0.15,35,154,5000,35,0.12195587158203125,True,False,0.42500843312531617,0.42500843312531617,,2026-02-04T18:59:18.209332,True,0.0
100,2,0.15,36,153,5000,36,0.11584925651550293,True,False,0.4410910333632364,0.4410910333632364,,2026-02-04T18:59:18.546737,True,0.0
100,2,0.15,37,165,5000,37,0.1549689769744873,True,False,0.4231404958677685,0.4231404958677685,,2026-02-04T18:59:18.924539,True,0.0
100,2,0.15,38,152,5000,38,0.12152099609375,True,False,0.438170879501385,0.438170879501385,,2026-02-04T18:59:19.275089,True,0.0
100,2,0.15,39,161,5000,39,0.11933112144470215,True,False,0.4413217082674279,0.4413217082674279,,2026-02-04T18:59:19.617207,True,0.0
100,2,0.15,40,151,5000,40,0.11778688430786133,True,False,0.43541949914477435,0.4382044647164598,,2026-02-04T18:59:19.957239,False,0.0027849655716854493
100,2,0.15,41,139,5000,41,0.127640962600708,True,False,0.44242016458775424,0.44242016458775424,,2026-02-04T18:59:20.309008,True,0.0
100,2,0.15,42,150,5000,42,0.11788392066955566,True,False,0.43624444444444443,0.43624444444444443,,2026-02-04T18:59:20.649034,True,0.0
100,2,0.15,43,161,5000,43,0.11930084228515625,True,False,0.4040546275220863,0.4040546275220863,,2026-02-04T18:59:20.988794,True,0.0
100,2,0.15,44,157,5000,44,0.1235971450805664,True,False,0.4480506308572356,0.4480506308572356,,2026-02-04T18:59:21.336703,True,0.0
100,2,0.15,45,160,5000,45,0.12153816223144531,True,False,0.4125,0.4125,,2026-02-04T18:59:21.679848,True,0.0
100,2,0.15,46,143,5000,46,0.12018394470214844,True,False,0.4280893931243582,0.4280893931243582,,2026-02-04T18:59:22.022512,True,0.0
100,2,0.15,47,154,5000,47,0.12389087677001953,True,False,0.428550345758138,0.4320290099510878,,2026-02-04T18:59:22.368389,False,0.0034786641929497875
100,2,0.15,48,147,5000,48,0.1207890510559082,True,False,0.44555509278541344,0.44555509278541344,,2026-02-04T18:59:22.712582,True,0.0
100,2,0.15,49,166,5000,49,0.13493990898132324,True,False,0.41566265060240964,0.41566265060240964,,2026-02-04T18:59:23.070432,True,0.0
100,2,0.15,50,161,5000,50,0.12231087684631348,True,False,0.4192546583850931,0.4192546583850931,,2026-02-04T18:59:23.416683,True,0.0
100,2,0.15,51,135,5000,51,0.11986017227172852,True,False,0.4258984910836763,0.4258984910836763,,2026-02-04T18:59:23.759554,True,0.0
100,2,0.15,52,164,5000,52,0.12051820755004883,True,False,0.408517995240928,0.408517995240928,,2026-02-04T18:59:24.102872,True,0.0
100,2,0.15,53,150,5000,53,0.12282490730285645,True,False,0.4329777777777777,0.4329777777777777,,2026-02-04T18:59:24.450044,True,0.0
100,2,0.15,54,150,5000,54,0.11844086647033691,True,False,0.4133111111111111,0.4133111111111111,,2026-02-04T18:59:24.788088,True,0.0
100,2,0.15,55,155,5000,55,0.12056684494018555,True,False,0.4134027055150885,0.4134027055150885,,2026-02-04T18:59:25.133485,True,0.0
100,2,0.15,56,159,5000,56,0.12970614433288574,True,False,0.4119299078359242,0.4119299078359242,,2026-02-04T18:59:25.486012,True,0.0
100,2,0.15,57,150,5000,57,0.12274622917175293,True,False,0.43013333333333337,0.43013333333333337,,2026-02-04T18:59:25.830647,True,0.0
100,2,0.15,58,151,5000,58,0.1178579330444336,True,False,0.4311214420420157,0.4311214420420157,,2026-02-04T18:59:26.170472,True,0.0
100,2,0.15,59,156,5000,59,0.11844086647033691,True,False,0.4294666337935569,0.4294666337935569,,2026-02-04T18:59:26.509032,True,0.0
100,2,0.15,60,154,5000,60,0.11687779426574707,True,False,0.402576319784112,0.402576319784112,,2026-02-04T18:59:26.848693,True,0.0
100,2,0.15,61,152,5000,61,0.11641097068786621,True,False,0.4227622922437674,0.42587863573407203,,2026-02-04T18:59:27.188098,False,0.0031163434903046516
100,2,0.15,62,165,5000,62,0.11647605895996094,True,False,0.396969696969697,0.396969696969697,,2026-02-04T18:59:27.526388,True,0.0
100,2,0.15,63,165,5000,63,0.1209261417388916,True,False,0.40909090909090906,0.40909090909090906,,2026-02-04T18:59:27.869944,True,0.0
100,2,0.15,64,145,5000,64,0.134721040725708,True,False,0.4379310344827586,0.4379310344827586,,2026-02-04T18:59:28.227529,True,0.0
100,2,0.15,65,141,5000,65,0.1170496940612793,True,False,0.42704089331522554,0.42704089331522554,,2026-02-04T18:59:28.567492,True,0.0
100,2,0.15,66,142,5000,66,0.11730384826660156,True,False,0.4365949216425312,0.4365949216425312,,2026-02-04T18:59:28.907440,True,0.0
100,2,0.15,67,151,5000,67,0.12479686737060547,True,False,0.4311214420420157,0.4311214420420157,,2026-02-04T18:59:29.256523,True,0.0
100,2,0.15,68,160,5000,68,0.12807083129882812,True,False,0.42304687500000004,0.42304687500000004,,2026-02-04T18:59:29.607985,True,0.0
100,2,0.15,69,138,5000,69,0.12342119216918945,True,False,0.42753623188405804,0.42753623188405804,,2026-02-04T18:59:29.954725,True,0.0
100,2,0.15,70,164,5000,70,0.12809014320373535,True,False,0.43716537775133846,0.43716537775133846,,2026-02-04T18:59:30.307904,True,0.0
100,2,0.15,71,165,5000,71,0.1231689453125,True,False,0.43386593204775026,0.43386593204775026,,2026-02-04T18:59:30.654909,True,0.0
100,2,0.15,72,135,5000,72,0.12103605270385742,True,False,0.4245816186556927,0.4245816186556927,,2026-02-04T18:59:30.998860,True,0.0
100,2,0.15,73,157,5000,73,0.12182021141052246,True,False,0.43869933871556654,0.43869933871556654,,2026-02-04T18:59:31.343538,True,0.0
100,2,0.15,74,144,5000,74,0.12275004386901855,True,False,0.4305555555555556,0.4305555555555556,,2026-02-04T18:59:31.689946,True,0.0
100,2,0.15,75,159,5000,75,0.1275780200958252,True,False,0.42007831968672127,0.42007831968672127,,2026-02-04T18:59:32.040415,True,0.0
100,2,0.15,76,160,5000,76,0.12378764152526855,True,False,0.4131054687499999,0.4131054687499999,,2026-02-04T18:59:32.388794,True,0.0
100,2,0.15,77,150,5000,77,0.11914896965026855,True,False,0.4239777777777778,0.4239777777777778,,2026-02-04T18:59:32.731238,True,0.0
100,2,0.15,78,152,5000,78,0.12402629852294922,True,False,0.42760993767313016,0.42760993767313016,,2026-02-04T18:59:33.078719,True,0.0
100,2,0.15,79,153,5000,79,0.12577486038208008,True,False,0.41084625571361444,0.41084625571361444,,2026-02-04T18:59:33.428510,True,0.0
100,2,0.15,80,166,5000,80,0.11973905563354492,True,False,0.4241544491217884,0.4241544491217884,,2026-02-04T18:59:33.770108,True,0.0
100,2,0.15,81,154,5000,81,0.11962008476257324,True,False,0.4343059537864733,0.4343059537864733,,2026-02-04T18:59:34.112875,True,0.0
100,2,0.15,82,158,5000,82,0.12214493751525879,True,False,0.45567617369011376,0.45567617369011376,,2026-02-04T18:59:34.458250,True,0.0
100,2,0.15,83,153,5000,83,0.12189888954162598,True,False,0.43641334529454495,0.43641334529454495,,2026-02-04T18:59:34.803705,True,0.0
100,2,0.15,84,151,5000,84,0.12311506271362305,True,False,0.4117143984912942,0.4117143984912942,,2026-02-04T18:59:35.149615,True,0.0
100,2,0.15,85,151,5000,85,0.11817502975463867,True,False,0.42050787246173404,0.42050787246173404,,2026-02-04T18:59:35.490879,True,0.0
100,2,0.15,86,150,5000,86,0.12728214263916016,True,False,0.44666666666666666,0.44666666666666666,,2026-02-04T18:59:35.844053,True,0.0
100,2,0.15,87,155,5000,87,0.1205899715423584,True,False,0.4021644120707596,0.4021644120707596,,2026-02-04T18:59:36.189049,True,0.0
100,2,0.15,88,160,5000,88,0.1206049919128418,True,False,0.42263671875,0.42263671875,,2026-02-04T18:59:36.534356,True,0.0
100,2,0.15,89,151,5000,89,0.11445093154907227,True,False,0.4337529055743169,0.4337529055743169,,2026-02-04T18:59:36.870196,True,0.0
100,2,0.15,90,168,5000,90,0.12189793586730957,True,False,0.4267998866213152,0.4267998866213152,,2026-02-04T18:59:37.217171,True,0.0
100,2,0.15,91,155,5000,91,0.11547207832336426,True,False,0.4032258064516129,0.4032258064516129,,2026-02-04T18:59:37.556143,True,0.0
100,2,0.15,92,157,5000,92,0.12261223793029785,True,False,0.4219238102965638,0.4219238102965638,,2026-02-04T18:59:37.903416,True,0.0
100,2,0.15,93,153,5000,93,0.11614179611206055,True,False,0.3990772779700116,0.3998248536887522,,2026-02-04T18:59:38.243238,False,0.0007475757187406229
100,2,0.15,94,141,5000,94,0.12282800674438477,True,False,0.42802172928927107,0.429052864544037,,2026-02-04T18:59:38.589692,False,0.001031135254765947
100,2,0.15,95,162,5000,95,0.11646318435668945,True,False,0.4320797134583142,0.4320797134583142,,2026-02-04T18:59:38.930674,True,0.0
100,2,0.15,96,161,5000,96,0.12212109565734863,True,False,0.4189460283168088,0.4189460283168088,,2026-02-04T18:59:39.275331,True,0.0
100,2,0.15,97,157,5000,97,0.11350512504577637,True,False,0.4171163130350116,0.41900279930220297,,2026-02-04T18:59:39.613012,False,0.0018864862671913452
100,2,0.15,98,147,5000,98,0.11905789375305176,True,False,0.43673932157897166,0.43673932157897166,,2026-02-04T18:59:39.953888,True,0.0
100,2,0.15,99,152,5000,99,0.11576414108276367,True,False,0.4342105263157895,0.4342105263157895,,2026-02-04T18:59:40.294065,True,0.0
100,2,0.15,0,149,10000,0,0.2292790412902832,True,False,0.4083374622764741,0.4083374622764741,,2026-02-04T18:59:40.744638,True,0.0
100,2,0.15,1,152,10000,1,0.2309560775756836,True,False,0.41445204293628807,0.4207063711911357,,2026-02-04T18:59:41.197861,False,0.006254328254847619
100,2,0.15,2,142,10000,2,0.23416686058044434,True,False,0.4084259075580242,0.41539377107716724,,2026-02-04T18:59:41.655136,False,0.006967863519143025
100,2,0.15,3,141,10000,3,0.24654793739318848,True,False,0.429052864544037,0.429052864544037,,2026-02-04T18:59:42.125104,True,0.0
100,2,0.15,4,154,10000,4,0.23984217643737793,True,False,0.43295665373587455,0.43295665373587455,,2026-02-04T18:59:42.595162,True,0.0
100,2,0.15,5,158,10000,5,0.23471808433532715,True,False,0.4396531004646691,0.4396531004646691,,2026-02-04T18:59:43.055593,True,0.0
100,2,0.15,6,154,10000,6,0.24065899848937988,True,False,0.415563332771125,0.415563332771125,,2026-02-04T18:59:43.524992,True,0.0
100,2,0.15,7,149,10000,7,0.22429299354553223,True,False,0.4328633845322283,0.4328633845322283,,2026-02-04T18:59:43.972855,True,0.0
100,2,0.15,8,154,10000,8,0.24039697647094727,True,False,0.4472929667734863,0.4472929667734863,,2026-02-04T18:59:44.436479,True,0.0
100,2,0.15,9,147,10000,9,0.23666882514953613,True,False,0.4387755102040817,0.4387755102040817,,2026-02-04T18:59:44.896721,True,0.0
100,2,0.15,10,148,10000,10,0.2273111343383789,True,False,0.39862582176771366,0.39862582176771366,,2026-02-04T18:59:45.347818,True,0.0
100,2,0.15,11,151,10000,11,0.22751283645629883,True,False,0.4319985965527827,0.4319985965527827,,2026-02-04T18:59:45.800051,True,0.0
100,2,0.15,12,161,10000,12,0.23998594284057617,True,False,0.42938158250067515,0.42938158250067515,,2026-02-04T18:59:46.262327,True,0.0
100,2,0.15,13,155,10000,13,0.23423194885253906,True,False,0.4354630593132154,0.4354630593132154,,2026-02-04T18:59:46.717621,True,0.0
100,2,0.15,14,151,10000,14,0.2314600944519043,True,False,0.4228542607780361,0.4228542607780361,,2026-02-04T18:59:47.173783,True,0.0
100,2,0.15,15,140,10000,15,0.2323300838470459,True,False,0.4285714285714286,0.4285714285714286,,2026-02-04T18:59:47.630643,True,0.0
100,2,0.15,16,155,10000,16,0.236893892288208,True,False,0.4237044745057231,0.4237044745057231,,2026-02-04T18:59:48.089964,True,0.0
100,2,0.15,17,156,10000,17,0.2515449523925781,True,False,0.41025641025641024,0.41025641025641024,,2026-02-04T18:59:48.563756,True,0.0
100,2,0.15,18,155,10000,18,0.29656410217285156,True,False,0.4354630593132154,0.4354630593132154,,2026-02-04T18:59:49.083966,True,0.0
100,2,0.15,19,161,10000,19,0.24822688102722168,True,False,0.4143165772925427,0.4143165772925427,,2026-02-04T18:59:49.674175,True,0.0
100,2,0.15,20,147,10000,20,0.26773881912231445,True,False,0.4386829561756675,0.4386829561756675,,2026-02-04T18:59:50.276351,True,0.0
100,2,0.15,21,149,10000,21,0.23019075393676758,True,False,0.4189000495473177,0.4189000495473177,,2026-02-04T18:59:50.842567,True,0.0
100,2,0.15,22,154,10000,22,0.2426137924194336,True,False,0.42500843312531617,0.42500843312531617,,2026-02-04T18:59:51.374604,True,0.0
100,2,0.15,23,151,10000,23,0.2312169075012207,True,False,0.42636287882110435,0.42636287882110435,,2026-02-04T18:59:51.831830,True,0.0
100,2,0.15,24,171,10000,24,0.2416379451751709,True,False,0.4324749495571286,0.4324749495571286,,2026-02-04T18:59:52.301502,True,0.0
100,2,0.15,25,142,10000,25,0.24042391777038574,True,False,0.4295774647887324,0.4324290815314421,,2026-02-04T18:59:52.768348,False,0.0028516167427097283
100,2,0.15,26,168,10000,26,0.2363278865814209,True,False,0.40970450680272097,0.40970450680272097,,2026-02-04T18:59:53.229733,True,0.0
100,2,0.15,27,168,10000,27,0.23271822929382324,True,False,0.38577097505668934,0.38577097505668934,,2026-02-04T18:59:53.684774,True,0.0
100,2,0.15,28,170,10000,28,0.22974634170532227,True,False,0.40676470588235286,0.40676470588235286,,2026-02-04T18:59:54.138398,True,0.0
100,2,0.15,29,156,10000,29,0.23402810096740723,True,False,0.41025641025641024,0.41025641025641024,,2026-02-04T18:59:54.598025,True,0.0
100,2,0.15,30,155,10000,30,0.23203587532043457,True,False,0.4011446409989594,0.4011446409989594,,2026-02-04T18:59:55.053590,True,0.0
100,2,0.15,31,140,10000,31,0.22369003295898438,True,False,0.4171173469387755,0.4171173469387755,,2026-02-04T18:59:55.503653,True,0.0
100,2,0.15,32,146,10000,32,0.2337028980255127,True,False,0.43150684931506844,0.43150684931506844,,2026-02-04T18:59:55.960934,True,0.0
100,2,0.15,33,155,10000,33,0.22832727432250977,True,False,0.4161290322580645,0.4161290322580645,,2026-02-04T18:59:56.412492,True,0.0
100,2,0.15,34,165,10000,34,0.23711419105529785,True,False,0.42121212121212126,0.42121212121212126,,2026-02-04T18:59:56.872241,True,0.0
100,2,0.15,35,154,10000,35,0.2360668182373047,True,False,0.42500843312531617,0.42500843312531617,,2026-02-04T18:59:57.331952,True,0.0
100,2,0.15,36,153,10000,36,0.22701311111450195,True,False,0.4410910333632364,0.4410910333632364,,2026-02-04T18:59:57.782115,True,0.0
100,2,0.15,37,165,10000,37,0.23891091346740723,True,False,0.4231404958677685,0.4231404958677685,,2026-02-04T18:59:58.247008,True,0.0
100,2,0.15,38,152,10000,38,0.2412281036376953,True,False,0.438170879501385,0.438170879501385,,2026-02-04T18:59:58.711558,True,0.0
100,2,0.15,39,161,10000,39,0.23645496368408203,True,False,0.4413217082674279,0.4413217082674279,,2026-02-04T18:59:59.193321,True,0.0
100,2,0.15,40,151,10000,40,0.25350093841552734,True,False,0.4382044647164598,0.4382044647164598,,2026-02-04T18:59:59.688920,True,0.0
100,2,0.15,41,139,10000,41,0.24745392799377441,True,False,0.44242016458775424,0.44242016458775424,,2026-02-04T19:00:00.193844,True,0.0
100,2,0.15,42,150,10000,42,0.2301628589630127,True,False,0.43624444444444443,0.43624444444444443,,2026-02-04T19:00:00.675953,True,0.0
100,2,0.15,43,161,10000,43,0.23946309089660645,True,False,0.4040546275220863,0.4040546275220863,,2026-02-04T19:00:01.160605,True,0.0
100,2,0.15,44,157,10000,44,0.24309301376342773,True,False,0.4480506308572356,0.4480506308572356,,2026-02-04T19:00:01.691743,True,0.0
100,2,0.15,45,160,10000,45,0.23643112182617188,True,False,0.4125,0.4125,,2026-02-04T19:00:02.170230,True,0.0
100,2,0.15,46,143,10000,46,0.2271590232849121,True,False,0.4280893931243582,0.4280893931243582,,2026-02-04T19:00:02.628767,True,0.0
100,2,0.15,47,154,10000,47,0.24457001686096191,True,False,0.428550345758138,0.4320290099510878,,2026-02-04T19:00:03.097733,False,0.0034786641929497875
100,2,0.15,48,147,10000,48,0.23415398597717285,True,False,0.44555509278541344,0.44555509278541344,,2026-02-04T19:00:03.556221,True,0.0
100,2,0.15,49,166,10000,49,0.2615532875061035,True,False,0.41566265060240964,0.41566265060240964,,2026-02-04T19:00:04.045914,True,0.0
100,2,0.15,50,161,10000,50,0.2355799674987793,True,False,0.4192546583850931,0.4192546583850931,,2026-02-04T19:00:04.508342,True,0.0
100,2,0.15,51,135,10000,51,0.23464179039001465,True,False,0.4258984910836763,0.4258984910836763,,2026-02-04T19:00:04.967217,True,0.0
100,2,0.15,52,164,10000,52,0.23233294486999512,True,False,0.408517995240928,0.408517995240928,,2026-02-04T19:00:05.422844,True,0.0
100,2,0.15,53,150,10000,53,0.23671340942382812,True,False,0.4329777777777777,0.4329777777777777,,2026-02-04T19:00:05.884262,True,0.0
100,2,0.15,54,150,10000,54,0.22772502899169922,True,False,0.4133111111111111,0.4133111111111111,,2026-02-04T19:00:06.336039,True,0.0
100,2,0.15,55,155,10000,55,0.23337984085083008,True,False,0.4134027055150885,0.4134027055150885,,2026-02-04T19:00:06.792829,True,0.0
100,2,0.15,56,159,10000,56,0.25319910049438477,True,False,0.4119299078359242,0.4119299078359242,,2026-02-04T19:00:07.271032,True,0.0
100,2,0.15,57,150,10000,57,0.23860383033752441,True,False,0.43013333333333337,0.43013333333333337,,2026-02-04T19:00:07.731864,True,0.0
100,2,0.15,58,151,10000,58,0.23526310920715332,True,False,0.4311214420420157,0.4311214420420157,,2026-02-04T19:00:08.190151,True,0.0
100,2,0.15,59,156,10000,59,0.2282121181488037,True,False,0.4294666337935569,0.4294666337935569,,2026-02-04T19:00:08.642649,True,0.0
100,2,0.15,60,154,10000,60,0.2236769199371338,True,False,0.402576319784112,0.402576319784112,,2026-02-04T19:00:09.090109,True,0.0
100,2,0.15,61,152,10000,61,0.22779393196105957,True,False,0.4227622922437674,0.42587863573407203,,2026-02-04T19:00:09.539111,False,0.0031163434903046516
100,2,0.15,62,165,10000,62,0.2313380241394043,True,False,0.396969696969697,0.396969696969697,,2026-02-04T19:00:09.995872,True,0.0
100,2,0.15,63,165,10000,63,0.23862385749816895,True,False,0.40909090909090906,0.40909090909090906,,2026-02-04T19:00:10.458079,True,0.0
100,2,0.15,64,145,10000,64,0.26532816886901855,True,False,0.4379310344827586,0.4379310344827586,,2026-02-04T19:00:10.945159,True,0.0
100,2,0.15,65,141,10000,65,0.22504711151123047,True,False,0.42704089331522554,0.42704089331522554,,2026-02-04T19:00:11.391059,True,0.0
100,2,0.15,66,142,10000,66,0.2272510528564453,True,False,0.4365949216425312,0.4365949216425312,,2026-02-04T19:00:11.841451,True,0.0
100,2,0.15,67,151,10000,67,0.24267101287841797,True,False,0.4311214420420157,0.4311214420420157,,2026-02-04T19:00:12.308842,True,0.0
100,2,0.15,68,160,10000,68,0.2521378993988037,True,False,0.42304687500000004,0.42304687500000004,,2026-02-04T19:00:12.785505,True,0.0
100,2,0.15,69,138,10000,69,0.23867487907409668,True,False,0.42753623188405804,0.42753623188405804,,2026-02-04T19:00:13.246405,True,0.0
100,2,0.15,70,164,10000,70,0.2499690055847168,True,False,0.43716537775133846,0.43716537775133846,,2026-02-04T19:00:13.720106,True,0.0
100,2,0.15,71,165,10000,71,0.2394261360168457,True,False,0.43386593204775026,0.43386593204775026,,2026-02-04T19:00:14.181632,True,0.0
100,2,0.15,72,135,10000,72,0.23416686058044434,True,False,0.4245816186556927,0.4245816186556927,,2026-02-04T19:00:14.635917,True,0.0
100,2,0.15,73,157,10000,73,0.23637890815734863,True,False,0.43869933871556654,0.43869933871556654,,2026-02-04T19:00:15.094130,True,0.0
100,2,0.15,74,144,10000,74,0.22934603691101074,True,False,0.4305555555555556,0.4305555555555556,,2026-02-04T19:00:15.546843,True,0.0
100,2,0.15,75,159,10000,75,0.23860502243041992,True,False,0.42007831968672127,0.42007831968672127,,2026-02-04T19:00:16.008374,True,0.0
100,2,0.15,76,160,10000,76,0.24178099632263184,True,False,0.4131054687499999,0.4131054687499999,,2026-02-04T19:00:16.470512,True,0.0
100,2,0.15,77,150,10000,77,0.22781991958618164,True,False,0.4239777777777778,0.4239777777777778,,2026-02-04T19:00:16.920326,True,0.0
100,2,0.15,78,152,10000,78,0.2427217960357666,True,False,0.42760993767313016,0.42760993767313016,,2026-02-04T19:00:17.385347,True,0.0
100,2,0.15,79,153,10000,79,0.24321794509887695,True,False,0.41084625571361444,0.41084625571361444,,2026-02-04T19:00:17.851085,True,0.0
100,2,0.15,80,166,10000,80,0.2307431697845459,True,False,0.4241544491217884,0.4241544491217884,,2026-02-04T19:00:18.303570,True,0.0
100,2,0.15,81,154,10000,81,0.23471713066101074,True,False,0.4343059537864733,0.4343059537864733,,2026-02-04T19:00:18.762453,True,0.0
100,2,0.15,82,158,10000,82,0.23511695861816406,True,False,0.45567617369011376,0.45567617369011376,,2026-02-04T19:00:19.261876,True,0.0
100,2,0.15,83,153,10000,83,0.24100303649902344,True,False,0.43641334529454495,0.43641334529454495,,2026-02-04T19:00:19.724320,True,0.0
100,2,0.15,84,151,10000,84,0.23400330543518066,True,False,0.4117143984912942,0.4117143984912942,,2026-02-04T19:00:20.180387,True,0.0
100,2,0.15,85,151,10000,85,0.2339928150177002,True,False,0.42050787246173404,0.42050787246173404,,2026-02-04T19:00:20.636003,True,0.0
100,2,0.15,86,150,10000,86,0.25102901458740234,True,False,0.44666666666666666,0.44666666666666666,,2026-02-04T19:00:21.111539,True,0.0
100,2,0.15,87,155,10000,87,0.23398184776306152,True,False,0.4021644120707596,0.4021644120707596,,2026-02-04T19:00:21.568982,True,0.0
100,2,0.15,88,160,10000,88,0.24215316772460938,True,False,0.42263671875,0.42263671875,,2026-02-04T19:00:22.035623,True,0.0
100,2,0.15,89,151,10000,89,0.22892308235168457,True,False,0.4337529055743169,0.4337529055743169,,2026-02-04T19:00:22.485670,True,0.0
100,2,0.15,90,168,10000,90,0.2327439785003662,True,False,0.4267998866213152,0.4267998866213152,,2026-02-04T19:00:22.942527,True,0.0
100,2,0.15,91,155,10000,91,0.22024989128112793,True,False,0.4032258064516129,0.4032258064516129,,2026-02-04T19:00:23.386581,True,0.0
100,2,0.15,92,157,10000,92,0.24027705192565918,True,False,0.4219238102965638,0.4219238102965638,,2026-02-04T19:00:23.849028,True,0.0
100,2,0.15,93,153,10000,93,0.22792792320251465,True,False,0.3990772779700116,0.3998248536887522,,2026-02-04T19:00:24.298597,False,0.0007475757187406229
100,2,0.15,94,141,10000,94,0.23788714408874512,True,False,0.429052864544037,0.429052864544037,,2026-02-04T19:00:24.761057,True,0.0
100,2,0.15,95,162,10000,95,0.23061704635620117,True,False,0.4320797134583142,0.4320797134583142,,2026-02-04T19:00:25.214515,True,0.0
100,2,0.15,96,161,10000,96,0.23731303215026855,True,False,0.4189460283168088,0.4189460283168088,,2026-02-04T19:00:25.674294,True,0.0
100,2,0.15,97,157,10000,97,0.22637176513671875,True,False,0.4171163130350116,0.41900279930220297,,2026-02-04T19:00:26.121673,False,0.0018864862671913452
100,2,0.15,98,147,10000,98,0.23058009147644043,True,False,0.43673932157897166,0.43673932157897166,,2026-02-04T19:00:26.575468,True,0.0
100,2,0.15,99,152,10000,99,0.2231731414794922,True,False,0.4342105263157895,0.4342105263157895,,2026-02-04T19:00:27.021639,True,0.0
