n,k,seed,num_edges,algorithm,time,success,timed_out,modularity,optimal,error,graph_type,timestamp
20,2,0,35,gurobi,0.40763068199157715,True,False,0.2677551020408166,True,,lfr,2026-01-29T17:26:37.089641
20,2,0,35,bnb_c_seq,0.005706071853637695,True,False,0.267755102040816,True,,lfr,2026-01-29T17:26:37.568491
20,2,0,35,bnb_c,0.007193088531494141,True,False,0.267755102040816,True,,lfr,2026-01-29T17:26:38.020144
20,2,0,35,bnb_c_pruned,0.006532907485961914,True,False,0.267755102040816,True,,lfr,2026-01-29T17:26:38.469069
20,2,0,35,pyomo_cplex,0.08072996139526367,True,False,0.2677551020408169,True,,lfr,2026-01-29T17:26:38.988330
20,2,0,35,bnb_py,0.021751880645751953,True,False,0.2677551020408163,True,,lfr,2026-01-29T17:26:39.451338
20,2,0,35,leiden_c_x100,0.005384922027587891,True,False,0.267755102040816,True,,lfr,2026-01-29T17:26:39.900630
20,2,1,33,gurobi,0.017837047576904297,True,False,0.2874196510560144,True,,lfr,2026-01-29T17:26:40.360119
20,2,1,33,bnb_c_seq,0.005568742752075195,True,False,0.287419651056015,True,,lfr,2026-01-29T17:26:40.819483
20,2,1,33,bnb_c,0.0065729618072509766,True,False,0.287419651056015,True,,lfr,2026-01-29T17:26:41.264107
20,2,1,33,bnb_c_pruned,0.0067729949951171875,True,False,0.287419651056015,True,,lfr,2026-01-29T17:26:41.709300
20,2,1,33,pyomo_cplex,0.08162188529968262,True,False,0.2874196510560147,True,,lfr,2026-01-29T17:26:42.234444
20,2,1,33,bnb_py,0.022786855697631836,True,False,0.28741965105601475,True,,lfr,2026-01-29T17:26:42.701117
20,2,1,33,leiden_c_x100,0.007230997085571289,True,False,0.287419651056015,True,,lfr,2026-01-29T17:26:43.153030
20,2,2,34,gurobi,0.01844310760498047,True,False,0.35121107266435964,True,,lfr,2026-01-29T17:26:43.611975
20,2,2,34,bnb_c_seq,0.005441904067993164,True,False,0.35121107266436,True,,lfr,2026-01-29T17:26:44.068844
20,2,2,34,bnb_c,0.006596803665161133,True,False,0.35121107266436,True,,lfr,2026-01-29T17:26:44.514120
20,2,2,34,bnb_c_pruned,0.006645917892456055,True,False,0.35121107266436,True,,lfr,2026-01-29T17:26:44.960115
20,2,2,34,pyomo_cplex,0.08484292030334473,True,False,0.35121107266436047,True,,lfr,2026-01-29T17:26:45.494765
20,2,2,34,bnb_py,0.02184009552001953,True,False,0.35121107266435986,True,,lfr,2026-01-29T17:26:45.964842
20,2,2,34,leiden_c_x100,0.006727933883666992,True,False,0.35121107266436,True,,lfr,2026-01-29T17:26:46.435110
20,2,3,35,gurobi,0.017831802368164062,True,False,0.21387755102040823,True,,lfr,2026-01-29T17:26:46.925762
20,2,3,35,bnb_c_seq,0.005948066711425781,True,False,0.213877551020408,True,,lfr,2026-01-29T17:26:47.391126
20,2,3,35,bnb_c,0.0065610408782958984,True,False,0.213877551020408,True,,lfr,2026-01-29T17:26:47.859049
20,2,3,35,bnb_c_pruned,0.0068511962890625,True,False,0.213877551020408,True,,lfr,2026-01-29T17:26:48.342638
20,2,3,35,pyomo_cplex,0.08779311180114746,True,False,0.21387755102040837,True,,lfr,2026-01-29T17:26:48.895138
20,2,3,35,bnb_py,0.022739171981811523,True,False,0.21387755102040823,True,,lfr,2026-01-29T17:26:49.368520
20,2,3,35,leiden_c_x100,0.005602121353149414,True,False,0.213877551020408,True,,lfr,2026-01-29T17:26:49.833046
20,2,4,34,gurobi,0.01753091812133789,True,False,0.32179930795847755,True,,lfr,2026-01-29T17:26:50.294412
20,2,4,34,bnb_c_seq,0.0067141056060791016,True,False,0.321799307958478,True,,lfr,2026-01-29T17:26:50.768918
20,2,4,34,bnb_c,0.0064580440521240234,True,False,0.321799307958478,True,,lfr,2026-01-29T17:26:51.222130
20,2,4,34,bnb_c_pruned,0.006609916687011719,True,False,0.321799307958478,True,,lfr,2026-01-29T17:26:51.675347
20,2,4,34,pyomo_cplex,0.07955503463745117,True,False,0.3217993079584779,True,,lfr,2026-01-29T17:26:52.197026
20,2,4,34,bnb_py,0.020301103591918945,True,False,0.3217993079584775,True,,lfr,2026-01-29T17:26:52.660764
20,2,4,34,leiden_c_x100,0.0050661563873291016,True,False,0.321799307958477,True,,lfr,2026-01-29T17:26:53.111699
20,2,5,27,gurobi,0.01786017417907715,True,False,0.260631001371742,True,,lfr,2026-01-29T17:26:53.575733
20,2,5,27,bnb_c_seq,0.006548881530761719,True,False,0.260631001371742,True,,lfr,2026-01-29T17:26:54.043281
20,2,5,27,bnb_c,0.007608175277709961,True,False,0.260631001371742,True,,lfr,2026-01-29T17:26:54.517419
20,2,5,27,bnb_c_pruned,0.0067348480224609375,True,False,0.260631001371742,True,,lfr,2026-01-29T17:26:54.995366
20,2,5,27,pyomo_cplex,0.08430314064025879,True,False,0.260631001371742,True,,lfr,2026-01-29T17:26:55.546704
20,2,5,27,bnb_py,0.02222609519958496,True,False,0.2606310013717421,True,,lfr,2026-01-29T17:26:56.016191
20,2,5,27,leiden_c_x100,0.005918979644775391,True,False,0.260631001371742,True,,lfr,2026-01-29T17:26:56.469181
20,2,6,31,gurobi,0.017724037170410156,True,False,0.33818938605619114,True,,lfr,2026-01-29T17:26:56.931083
20,2,6,31,bnb_c_seq,0.006027936935424805,True,False,0.338189386056192,True,,lfr,2026-01-29T17:26:57.390924
20,2,6,31,bnb_c,0.006528139114379883,True,False,0.338189386056192,True,,lfr,2026-01-29T17:26:57.839745
20,2,6,31,bnb_c_pruned,0.006572723388671875,True,False,0.338189386056192,True,,lfr,2026-01-29T17:26:58.287264
20,2,6,31,pyomo_cplex,0.08116817474365234,True,False,0.3381893860561912,True,,lfr,2026-01-29T17:26:58.809436
20,2,6,31,bnb_py,0.02112603187561035,True,False,0.33818938605619153,True,,lfr,2026-01-29T17:26:59.276136
20,2,6,31,leiden_c_x100,0.005415201187133789,True,False,0.338189386056191,True,,lfr,2026-01-29T17:26:59.728880
20,2,7,34,gurobi,0.018265962600708008,True,False,0.375432525951557,True,,lfr,2026-01-29T17:27:00.192038
20,2,7,34,bnb_c_seq,0.005991935729980469,True,False,0.375432525951557,True,,lfr,2026-01-29T17:27:00.654437
20,2,7,34,bnb_c,0.006561994552612305,True,False,0.375432525951557,True,,lfr,2026-01-29T17:27:01.105871
20,2,7,34,bnb_c_pruned,0.006925106048583984,True,False,0.375432525951557,True,,lfr,2026-01-29T17:27:01.557805
20,2,7,34,pyomo_cplex,0.0829470157623291,True,False,0.3754325259515574,True,,lfr,2026-01-29T17:27:02.083276
20,2,7,34,bnb_py,0.020925045013427734,True,False,0.3754325259515571,True,,lfr,2026-01-29T17:27:02.551543
20,2,7,34,leiden_c_x100,0.005533933639526367,True,False,0.375432525951557,True,,lfr,2026-01-29T17:27:03.003597
20,2,8,34,gurobi,0.017400026321411133,True,False,0.2664359861591694,True,,lfr,2026-01-29T17:27:03.466809
20,2,8,34,bnb_c_seq,0.005284786224365234,True,False,0.26643598615917,True,,lfr,2026-01-29T17:27:03.930565
20,2,8,34,bnb_c,0.0065920352935791016,True,False,0.26643598615917,True,,lfr,2026-01-29T17:27:04.380342
20,2,8,34,bnb_c_pruned,0.006753683090209961,True,False,0.26643598615917,True,,lfr,2026-01-29T17:27:04.829194
20,2,8,34,pyomo_cplex,0.08230924606323242,True,False,0.2664359861591699,True,,lfr,2026-01-29T17:27:05.357130
20,2,8,34,bnb_py,0.021110057830810547,True,False,0.2664359861591696,True,,lfr,2026-01-29T17:27:05.824293
20,2,8,34,leiden_c_x100,0.005098104476928711,True,False,0.26643598615917,True,,lfr,2026-01-29T17:27:06.276870
20,2,9,31,gurobi,0.016994953155517578,True,False,0.37044745057232037,True,,lfr,2026-01-29T17:27:06.739491
20,2,9,31,bnb_c_seq,0.005543231964111328,True,False,0.37044745057232,True,,lfr,2026-01-29T17:27:07.201465
20,2,9,31,bnb_c,0.007584095001220703,True,False,0.37044745057232,True,,lfr,2026-01-29T17:27:07.649189
20,2,9,31,bnb_c_pruned,0.007496833801269531,True,False,0.37044745057232,True,,lfr,2026-01-29T17:27:08.099711
20,2,9,31,pyomo_cplex,0.08546805381774902,True,False,0.3704474505723204,True,,lfr,2026-01-29T17:27:08.628880
20,2,9,31,bnb_py,0.021852970123291016,True,False,0.37044745057232054,True,,lfr,2026-01-29T17:27:09.097861
20,2,9,31,leiden_c_x100,0.005438089370727539,True,False,0.37044745057232,True,,lfr,2026-01-29T17:27:09.551486
20,2,10,37,gurobi,0.01748204231262207,True,False,0.3345507669831992,True,,lfr,2026-01-29T17:27:10.015405
20,2,10,37,bnb_c_seq,0.005785942077636719,True,False,0.334550766983199,True,,lfr,2026-01-29T17:27:10.477789
20,2,10,37,bnb_c,0.0077478885650634766,True,False,0.334550766983199,True,,lfr,2026-01-29T17:27:10.931713
20,2,10,37,bnb_c_pruned,0.006445169448852539,True,False,0.334550766983199,True,,lfr,2026-01-29T17:27:11.382761
20,2,10,37,pyomo_cplex,0.08122110366821289,True,False,0.3345507669831998,True,,lfr,2026-01-29T17:27:11.912024
20,2,10,37,bnb_py,0.02514791488647461,True,False,0.33455076698319947,True,,lfr,2026-01-29T17:27:12.382275
20,2,10,37,leiden_c_x100,0.005769968032836914,True,False,0.334550766983199,True,,lfr,2026-01-29T17:27:12.838017
20,2,11,35,gurobi,0.0178680419921875,True,False,0.2963265306122449,True,,lfr,2026-01-29T17:27:13.303000
20,2,11,35,bnb_c_seq,0.00521397590637207,True,False,0.296326530612245,True,,lfr,2026-01-29T17:27:13.767828
20,2,11,35,bnb_c,0.0064890384674072266,True,False,0.296326530612245,True,,lfr,2026-01-29T17:27:14.218049
20,2,11,35,bnb_c_pruned,0.00677490234375,True,False,0.296326530612245,True,,lfr,2026-01-29T17:27:14.670703
20,2,11,35,pyomo_cplex,0.08547210693359375,True,False,0.2963265306122452,True,,lfr,2026-01-29T17:27:15.200604
20,2,11,35,bnb_py,0.02116990089416504,True,False,0.2963265306122449,True,,lfr,2026-01-29T17:27:15.668861
20,2,11,35,leiden_c_x100,0.005500078201293945,True,False,0.296326530612245,True,,lfr,2026-01-29T17:27:16.124888
20,2,12,33,gurobi,0.0172879695892334,True,False,0.4995408631772271,True,,lfr,2026-01-29T17:27:16.591009
20,2,12,33,bnb_c_seq,0.005503177642822266,True,False,0.499540863177227,True,,lfr,2026-01-29T17:27:17.055375
20,2,12,33,bnb_c,0.006674766540527344,True,False,0.499540863177227,True,,lfr,2026-01-29T17:27:17.508601
20,2,12,33,bnb_c_pruned,0.006546974182128906,True,False,0.499540863177227,True,,lfr,2026-01-29T17:27:17.960692
20,2,12,33,pyomo_cplex,0.08221697807312012,True,False,0.49954086317722657,True,,lfr,2026-01-29T17:27:18.488260
20,2,12,33,bnb_py,0.022205114364624023,True,False,0.49954086317722685,True,,lfr,2026-01-29T17:27:18.958483
20,2,12,33,leiden_c_x100,0.005240917205810547,True,False,0.499540863177227,True,,lfr,2026-01-29T17:27:19.413996
20,2,13,33,gurobi,0.017925024032592773,True,False,0.2956841138659321,True,,lfr,2026-01-29T17:27:19.880489
20,2,13,33,bnb_c_seq,0.005866050720214844,True,False,0.295684113865932,True,,lfr,2026-01-29T17:27:20.345866
20,2,13,33,bnb_c,0.0066759586334228516,True,False,0.295684113865932,True,,lfr,2026-01-29T17:27:20.799169
20,2,13,33,bnb_c_pruned,0.007248878479003906,True,False,0.295684113865932,True,,lfr,2026-01-29T17:27:21.251342
20,2,13,33,pyomo_cplex,0.08333277702331543,True,False,0.295684113865932,True,,lfr,2026-01-29T17:27:21.781545
20,2,13,33,bnb_py,0.020119905471801758,True,False,0.29568411386593213,True,,lfr,2026-01-29T17:27:22.248574
20,2,13,33,leiden_c_x100,0.005980014801025391,True,False,0.295684113865932,True,,lfr,2026-01-29T17:27:22.708242
20,2,14,32,gurobi,0.026541948318481445,True,False,0.28125,True,,lfr,2026-01-29T17:27:23.182136
20,2,14,32,bnb_c_seq,0.005473136901855469,True,False,0.28125,True,,lfr,2026-01-29T17:27:23.648628
20,2,14,32,bnb_c,0.0075871944427490234,True,False,0.28125,True,,lfr,2026-01-29T17:27:24.104033
20,2,14,32,bnb_c_pruned,0.0068280696868896484,True,False,0.28125,True,,lfr,2026-01-29T17:27:24.557261
20,2,14,32,pyomo_cplex,0.0879509449005127,True,False,0.28125,True,,lfr,2026-01-29T17:27:25.095594
20,2,14,32,bnb_py,0.021018266677856445,True,False,0.28125,True,,lfr,2026-01-29T17:27:25.564725
20,2,14,32,leiden_c_x100,0.00556182861328125,True,False,0.28125,True,,lfr,2026-01-29T17:27:26.024011
20,2,15,36,gurobi,0.018066883087158203,True,False,0.30401234567901203,True,,lfr,2026-01-29T17:27:26.492123
20,2,15,36,bnb_c_seq,0.005730152130126953,True,False,0.304012345679012,True,,lfr,2026-01-29T17:27:26.959076
20,2,15,36,bnb_c,0.00672602653503418,True,False,0.304012345679012,True,,lfr,2026-01-29T17:27:27.413401
20,2,15,36,bnb_c_pruned,0.007870912551879883,True,False,0.304012345679012,True,,lfr,2026-01-29T17:27:27.867007
20,2,15,36,pyomo_cplex,0.08793902397155762,True,False,0.3040123456790124,True,,lfr,2026-01-29T17:27:28.404039
20,2,15,36,bnb_py,0.023211002349853516,True,False,0.30401234567901236,True,,lfr,2026-01-29T17:27:28.877290
20,2,15,36,leiden_c_x100,0.005792856216430664,True,False,0.304012345679012,True,,lfr,2026-01-29T17:27:29.335527
20,2,16,32,gurobi,0.0187680721282959,True,False,0.294921875,True,,lfr,2026-01-29T17:27:29.804253
20,2,16,32,bnb_c_seq,0.005983114242553711,True,False,0.294921875,True,,lfr,2026-01-29T17:27:30.273569
20,2,16,32,bnb_c,0.006479740142822266,True,False,0.294921875,True,,lfr,2026-01-29T17:27:30.733709
20,2,16,32,bnb_c_pruned,0.0068819522857666016,True,False,0.294921875,True,,lfr,2026-01-29T17:27:31.189794
20,2,16,32,pyomo_cplex,0.08173322677612305,True,False,0.294921875,True,,lfr,2026-01-29T17:27:31.728167
20,2,16,32,bnb_py,0.023216724395751953,True,False,0.294921875,True,,lfr,2026-01-29T17:27:32.200574
20,2,16,32,leiden_c_x100,0.00608515739440918,True,False,0.294921875,True,,lfr,2026-01-29T17:27:32.661656
20,2,17,32,gurobi,0.018219709396362305,True,False,0.3046875,True,,lfr,2026-01-29T17:27:33.129530
20,2,17,32,bnb_c_seq,0.005117177963256836,True,False,0.3046875,True,,lfr,2026-01-29T17:27:33.600713
20,2,17,32,bnb_c,0.0064830780029296875,True,False,0.3046875,True,,lfr,2026-01-29T17:27:34.065783
20,2,17,32,bnb_c_pruned,0.006629228591918945,True,False,0.3046875,True,,lfr,2026-01-29T17:27:34.524718
20,2,17,32,pyomo_cplex,0.08465003967285156,True,False,0.3046875,True,,lfr,2026-01-29T17:27:35.060873
20,2,17,32,bnb_py,0.02252793312072754,True,False,0.3046875,True,,lfr,2026-01-29T17:27:35.535702
20,2,17,32,leiden_c_x100,0.005259990692138672,True,False,0.3046875,True,,lfr,2026-01-29T17:27:35.995841
20,2,18,31,gurobi,0.01789093017578125,True,False,0.2611862643080123,True,,lfr,2026-01-29T17:27:36.466581
20,2,18,31,bnb_c_seq,0.0057718753814697266,True,False,0.261186264308013,True,,lfr,2026-01-29T17:27:36.932481
20,2,18,31,bnb_c,0.0065021514892578125,True,False,0.261186264308013,True,,lfr,2026-01-29T17:27:37.387597
20,2,18,31,bnb_c_pruned,0.006887197494506836,True,False,0.261186264308013,True,,lfr,2026-01-29T17:27:37.846368
20,2,18,31,pyomo_cplex,0.0884087085723877,True,False,0.2611862643080123,True,,lfr,2026-01-29T17:27:38.382806
20,2,18,31,bnb_py,0.0222017765045166,True,False,0.2611862643080125,True,,lfr,2026-01-29T17:27:38.856187
20,2,18,31,leiden_c_x100,0.005172014236450195,True,False,0.261186264308013,True,,lfr,2026-01-29T17:27:39.315405
20,2,19,29,gurobi,0.01873493194580078,True,False,0.4019024970273478,True,,lfr,2026-01-29T17:27:39.785727
20,2,19,29,bnb_c_seq,0.0054090023040771484,True,False,0.401902497027348,True,,lfr,2026-01-29T17:27:40.253463
20,2,19,29,bnb_c,0.006659030914306641,True,False,0.401902497027348,True,,lfr,2026-01-29T17:27:40.711724
20,2,19,29,bnb_c_pruned,0.00639796257019043,True,False,0.401902497027348,True,,lfr,2026-01-29T17:27:41.164969
20,2,19,29,pyomo_cplex,0.08038806915283203,True,False,0.40190249702734826,True,,lfr,2026-01-29T17:27:41.699826
20,2,19,29,bnb_py,0.02128887176513672,True,False,0.40190249702734837,True,,lfr,2026-01-29T17:27:42.171432
20,2,19,29,leiden_c_x100,0.005296945571899414,True,False,0.401902497027348,True,,lfr,2026-01-29T17:27:42.632545
40,2,0,88,gurobi,0.4122281074523926,True,False,0.34084452479338806,True,,lfr,2026-01-29T17:27:43.498937
40,2,0,88,bnb_c_seq,0.006226062774658203,True,False,0.340844524793388,True,,lfr,2026-01-29T17:27:43.970967
40,2,0,88,bnb_c,0.007566690444946289,True,False,0.340844524793388,True,,lfr,2026-01-29T17:27:44.429520
40,2,0,88,bnb_c_pruned,0.008073091506958008,True,False,0.340844524793388,True,,lfr,2026-01-29T17:27:44.890265
40,2,0,88,pyomo_cplex,0.5918972492218018,True,False,0.34084452479338795,True,,lfr,2026-01-29T17:27:45.936060
40,2,0,88,bnb_py,0.18328523635864258,True,False,0.34084452479338845,True,,lfr,2026-01-29T17:27:46.580014
40,2,0,88,leiden_c_x100,0.0055239200592041016,True,False,0.340844524793388,True,,lfr,2026-01-29T17:27:47.043237
40,2,1,71,gurobi,0.32921814918518066,True,False,0.3656020630827216,True,,lfr,2026-01-29T17:27:47.826921
40,2,1,71,bnb_c_seq,0.0060007572174072266,True,False,0.365602063082722,True,,lfr,2026-01-29T17:27:48.298153
40,2,1,71,bnb_c,0.0068628787994384766,True,False,0.365602063082722,True,,lfr,2026-01-29T17:27:48.758548
40,2,1,71,bnb_c_pruned,0.00838613510131836,True,False,0.365602063082722,True,,lfr,2026-01-29T17:27:49.217166
40,2,1,71,pyomo_cplex,0.25833773612976074,True,False,0.36560206308272186,True,,lfr,2026-01-29T17:27:49.930239
40,2,1,71,bnb_py,0.09907412528991699,True,False,0.3656020630827218,True,,lfr,2026-01-29T17:27:50.489207
40,2,1,71,leiden_c_x100,0.005637168884277344,True,False,0.365602063082722,True,,lfr,2026-01-29T17:27:50.955044
40,2,2,83,gurobi,0.4555199146270752,True,False,0.3552039483234159,True,,lfr,2026-01-29T17:27:51.869209
40,2,2,83,bnb_c_seq,0.006185293197631836,True,False,0.355203948323414,True,,lfr,2026-01-29T17:27:52.344571
40,2,2,83,bnb_c,0.00751805305480957,True,False,0.355203948323414,True,,lfr,2026-01-29T17:27:52.808221
40,2,2,83,bnb_c_pruned,0.007494926452636719,True,False,0.355203948323414,True,,lfr,2026-01-29T17:27:53.269019
40,2,2,83,pyomo_cplex,0.32366371154785156,True,False,0.35520394832341523,True,,lfr,2026-01-29T17:27:54.050540
40,2,2,83,bnb_py,0.09516501426696777,True,False,0.3552039483234142,True,,lfr,2026-01-29T17:27:54.604130
40,2,2,83,leiden_c_x100,0.005764961242675781,True,False,0.355203948323414,True,,lfr,2026-01-29T17:27:55.070068
40,2,3,92,gurobi,0.4693281650543213,True,False,0.3584593572778827,True,,lfr,2026-01-29T17:27:55.995242
40,2,3,92,bnb_c_seq,0.005620002746582031,True,False,0.358459357277883,True,,lfr,2026-01-29T17:27:56.466741
40,2,3,92,bnb_c,0.006824970245361328,True,False,0.358459357277883,True,,lfr,2026-01-29T17:27:56.929858
40,2,3,92,bnb_c_pruned,0.007010698318481445,True,False,0.358459357277883,True,,lfr,2026-01-29T17:27:57.393944
40,2,3,92,pyomo_cplex,0.3688020706176758,True,False,0.35845935727788225,True,,lfr,2026-01-29T17:27:58.219014
40,2,3,92,bnb_py,0.10521888732910156,True,False,0.3584593572778827,True,,lfr,2026-01-29T17:27:58.789484
40,2,3,92,leiden_c_x100,0.007555961608886719,True,False,0.358459357277883,True,,lfr,2026-01-29T17:27:59.262374
40,2,4,77,gurobi,0.36520814895629883,True,False,0.41431944678697924,True,,lfr,2026-01-29T17:28:00.084319
40,2,4,77,bnb_c_seq,0.005665779113769531,True,False,0.414319446786979,True,,lfr,2026-01-29T17:28:00.559091
40,2,4,77,bnb_c,0.007051944732666016,True,False,0.414319446786979,True,,lfr,2026-01-29T17:28:01.026110
40,2,4,77,bnb_c_pruned,0.007524967193603516,True,False,0.414319446786979,True,,lfr,2026-01-29T17:28:01.493757
40,2,4,77,pyomo_cplex,0.22288775444030762,True,False,0.4143194467869794,True,,lfr,2026-01-29T17:28:02.175704
40,2,4,77,bnb_py,0.0982210636138916,True,False,0.4143194467869793,True,,lfr,2026-01-29T17:28:02.736478
40,2,4,77,leiden_c_x100,0.005769968032836914,True,False,0.414319446786979,True,,lfr,2026-01-29T17:28:03.205909
40,2,5,78,gurobi,0.6865010261535645,True,False,0.3576594345825114,True,,lfr,2026-01-29T17:28:04.350278
40,2,5,78,bnb_c_seq,0.0065860748291015625,True,False,0.357659434582512,True,,lfr,2026-01-29T17:28:04.827311
40,2,5,78,bnb_c,0.008323907852172852,True,False,0.357659434582512,True,,lfr,2026-01-29T17:28:05.295799
40,2,5,78,bnb_c_pruned,0.007747173309326172,True,False,0.357659434582512,True,,lfr,2026-01-29T17:28:05.761654
40,2,5,78,pyomo_cplex,0.34735107421875,True,False,0.3576594345825116,True,,lfr,2026-01-29T17:28:06.568091
40,2,5,78,bnb_py,0.10393285751342773,True,False,0.3576594345825115,True,,lfr,2026-01-29T17:28:07.139147
40,2,5,78,leiden_c_x100,0.005633115768432617,True,False,0.357659434582511,True,,lfr,2026-01-29T17:28:07.609277
40,2,6,77,gurobi,0.5587282180786133,True,False,0.3777196829144878,True,,lfr,2026-01-29T17:28:08.628918
40,2,6,77,bnb_c_seq,0.007339000701904297,True,False,0.377719682914488,True,,lfr,2026-01-29T17:28:09.105792
40,2,6,77,bnb_c,0.007116794586181641,True,False,0.377719682914488,True,,lfr,2026-01-29T17:28:09.570901
40,2,6,77,bnb_c_pruned,0.00856781005859375,True,False,0.377719682914488,True,,lfr,2026-01-29T17:28:10.040056
40,2,6,77,pyomo_cplex,0.2916829586029053,True,False,0.3777196829144883,True,,lfr,2026-01-29T17:28:10.792438
40,2,6,77,bnb_py,0.09519195556640625,True,False,0.3777196829144882,True,,lfr,2026-01-29T17:28:11.350288
40,2,6,77,leiden_c_x100,0.006469249725341797,True,False,0.377719682914488,True,,lfr,2026-01-29T17:28:11.822065
40,2,7,68,gurobi,0.4087390899658203,True,False,0.33466695501730065,True,,lfr,2026-01-29T17:28:12.695333
40,2,7,68,bnb_c_seq,0.006080150604248047,True,False,0.334666955017301,True,,lfr,2026-01-29T17:28:13.177104
40,2,7,68,bnb_c,0.007768154144287109,True,False,0.334666955017301,True,,lfr,2026-01-29T17:28:13.647627
40,2,7,68,bnb_c_pruned,0.007324934005737305,True,False,0.334666955017301,True,,lfr,2026-01-29T17:28:14.117628
40,2,7,68,pyomo_cplex,0.3142893314361572,True,False,0.33466695501729976,True,,lfr,2026-01-29T17:28:14.893151
40,2,7,68,bnb_py,0.10823297500610352,True,False,0.33466695501730115,True,,lfr,2026-01-29T17:28:15.473741
40,2,7,68,leiden_c_x100,0.005522251129150391,True,False,0.334666955017301,True,,lfr,2026-01-29T17:28:15.948160
40,2,8,98,gurobi,0.3273348808288574,True,False,0.34272178259058744,True,,lfr,2026-01-29T17:28:16.749895
40,2,8,98,bnb_c_seq,0.0059239864349365234,True,False,0.342721782590587,True,,lfr,2026-01-29T17:28:17.233334
40,2,8,98,bnb_c,0.007567167282104492,True,False,0.342721782590587,True,,lfr,2026-01-29T17:28:17.705932
40,2,8,98,bnb_c_pruned,0.007178783416748047,True,False,0.342721782590587,True,,lfr,2026-01-29T17:28:18.177468
40,2,8,98,pyomo_cplex,0.4025139808654785,True,False,0.3427217825905872,True,,lfr,2026-01-29T17:28:19.042291
40,2,8,98,bnb_py,0.14415216445922852,True,False,0.3427217825905873,True,,lfr,2026-01-29T17:28:19.658567
40,2,8,98,leiden_c_x100,0.005659818649291992,True,False,0.342721782590587,True,,lfr,2026-01-29T17:28:20.131117
40,2,9,95,gurobi,0.28103208541870117,True,False,0.3412188365650972,True,,lfr,2026-01-29T17:28:20.879281
40,2,9,95,bnb_c_seq,0.007313966751098633,True,False,0.341218836565097,True,,lfr,2026-01-29T17:28:21.364768
40,2,9,95,bnb_c,0.007355928421020508,True,False,0.341218836565097,True,,lfr,2026-01-29T17:28:21.834605
40,2,9,95,bnb_c_pruned,0.007375001907348633,True,False,0.341218836565097,True,,lfr,2026-01-29T17:28:22.307685
40,2,9,95,pyomo_cplex,0.32775235176086426,True,False,0.34121883656509694,True,,lfr,2026-01-29T17:28:23.101687
40,2,9,95,bnb_py,0.10326290130615234,True,False,0.341218836565097,True,,lfr,2026-01-29T17:28:23.672248
40,2,9,95,leiden_c_x100,0.005670785903930664,True,False,0.341218836565097,True,,lfr,2026-01-29T17:28:24.146896
40,2,10,84,gurobi,0.3919181823730469,True,False,0.39108560090703,True,,lfr,2026-01-29T17:28:25.005677
40,2,10,84,bnb_c_seq,0.005450010299682617,True,False,0.391085600907029,True,,lfr,2026-01-29T17:28:25.566950
40,2,10,84,bnb_c,0.0074920654296875,True,False,0.391085600907029,True,,lfr,2026-01-29T17:28:26.072038
40,2,10,84,bnb_c_pruned,0.06471085548400879,True,False,0.391085600907029,True,,lfr,2026-01-29T17:28:26.652094
40,2,10,84,pyomo_cplex,0.30737900733947754,True,False,0.3910856009070289,True,,lfr,2026-01-29T17:28:27.506302
40,2,10,84,bnb_py,0.10414314270019531,True,False,0.3910856009070295,True,,lfr,2026-01-29T17:28:28.093239
40,2,10,84,leiden_c_x100,0.00834202766418457,True,False,0.391085600907029,True,,lfr,2026-01-29T17:28:28.571560
40,2,11,74,gurobi,0.2935769557952881,True,False,0.39152666179693246,True,,lfr,2026-01-29T17:28:29.331367
40,2,11,74,bnb_c_seq,0.0082550048828125,True,False,0.391526661796932,True,,lfr,2026-01-29T17:28:29.818557
40,2,11,74,bnb_c,0.007651090621948242,True,False,0.391526661796932,True,,lfr,2026-01-29T17:28:30.289830
40,2,11,74,bnb_c_pruned,0.007528066635131836,True,False,0.391526661796932,True,,lfr,2026-01-29T17:28:30.763705
40,2,11,74,pyomo_cplex,0.2244100570678711,True,False,0.3915266617969329,True,,lfr,2026-01-29T17:28:31.453303
40,2,11,74,bnb_py,0.09893989562988281,True,False,0.39152666179693213,True,,lfr,2026-01-29T17:28:32.020329
40,2,11,74,leiden_c_x100,0.005627155303955078,True,False,0.391526661796932,True,,lfr,2026-01-29T17:28:32.494080
40,2,12,78,gurobi,0.505061149597168,True,False,0.3454142011834309,True,,lfr,2026-01-29T17:28:33.466148
40,2,12,78,bnb_c_seq,0.006022214889526367,True,False,0.345414201183432,True,,lfr,2026-01-29T17:28:33.958419
40,2,12,78,bnb_c,0.007501125335693359,True,False,0.345414201183432,True,,lfr,2026-01-29T17:28:34.431577
40,2,12,78,bnb_c_pruned,0.007052183151245117,True,False,0.345414201183432,True,,lfr,2026-01-29T17:28:34.906376
40,2,12,78,pyomo_cplex,0.31011009216308594,True,False,0.345414201183431,True,,lfr,2026-01-29T17:28:35.683240
40,2,12,78,bnb_py,0.10873293876647949,True,False,0.3454142011834319,True,,lfr,2026-01-29T17:28:36.259593
40,2,12,78,leiden_c_x100,0.005637168884277344,True,False,0.345414201183432,True,,lfr,2026-01-29T17:28:36.734424
40,2,13,70,gurobi,0.4178791046142578,True,False,0.37744897959183477,True,,lfr,2026-01-29T17:28:37.622743
40,2,13,70,bnb_c_seq,0.009238004684448242,True,False,0.377448979591837,True,,lfr,2026-01-29T17:28:38.107635
40,2,13,70,bnb_c,0.0071947574615478516,True,False,0.377448979591837,True,,lfr,2026-01-29T17:28:38.582398
40,2,13,70,bnb_c_pruned,0.008495092391967773,True,False,0.377448979591837,True,,lfr,2026-01-29T17:28:39.060338
40,2,13,70,pyomo_cplex,0.31375789642333984,True,False,0.3774489795918349,True,,lfr,2026-01-29T17:28:39.840588
40,2,13,70,bnb_py,0.09851503372192383,True,False,0.3774489795918369,True,,lfr,2026-01-29T17:28:40.413013
40,2,13,70,leiden_c_x100,0.006578922271728516,True,False,0.377448979591837,True,,lfr,2026-01-29T17:28:40.890668
40,2,14,80,gurobi,0.5938019752502441,True,False,0.35929687500000024,True,,lfr,2026-01-29T17:28:41.952719
40,2,14,80,bnb_c_seq,0.0062329769134521484,True,False,0.359296875,True,,lfr,2026-01-29T17:28:42.436855
40,2,14,80,bnb_c,0.0069048404693603516,True,False,0.359296875,True,,lfr,2026-01-29T17:28:42.910550
40,2,14,80,bnb_c_pruned,0.007394075393676758,True,False,0.359296875,True,,lfr,2026-01-29T17:28:43.384887
40,2,14,80,pyomo_cplex,0.23356175422668457,True,False,0.359296875,True,,lfr,2026-01-29T17:28:44.085734
40,2,14,80,bnb_py,0.12705707550048828,True,False,0.35929687500000007,True,,lfr,2026-01-29T17:28:44.685792
40,2,14,80,leiden_c_x100,0.00574803352355957,True,False,0.359296875,True,,lfr,2026-01-29T17:28:45.163542
40,2,15,86,gurobi,0.5168929100036621,True,False,0.3355868036776637,True,,lfr,2026-01-29T17:28:46.167578
40,2,15,86,bnb_c_seq,0.00601506233215332,True,False,0.335586803677664,True,,lfr,2026-01-29T17:28:46.651628
40,2,15,86,bnb_c,0.007052183151245117,True,False,0.335586803677664,True,,lfr,2026-01-29T17:28:47.126265
40,2,15,86,bnb_c_pruned,0.006845951080322266,True,False,0.335586803677664,True,,lfr,2026-01-29T17:28:47.601420
40,2,15,86,pyomo_cplex,0.30149006843566895,True,False,0.3355868036776641,True,,lfr,2026-01-29T17:28:48.370440
40,2,15,86,bnb_py,0.10418272018432617,True,False,0.33558680367766364,True,,lfr,2026-01-29T17:28:48.949119
40,2,15,86,leiden_c_x100,0.006103038787841797,True,False,0.335586803677664,True,,lfr,2026-01-29T17:28:49.427576
40,2,16,79,gurobi,0.35692429542541504,True,False,0.3227848101265823,True,,lfr,2026-01-29T17:28:50.253821
40,2,16,79,bnb_c_seq,0.005991935729980469,True,False,0.322784810126582,True,,lfr,2026-01-29T17:28:50.738692
40,2,16,79,bnb_c,0.007434844970703125,True,False,0.322784810126582,True,,lfr,2026-01-29T17:28:51.213429
40,2,16,79,bnb_c_pruned,0.0071659088134765625,True,False,0.322784810126582,True,,lfr,2026-01-29T17:28:51.686600
40,2,16,79,pyomo_cplex,0.24837207794189453,True,False,0.3227848101265822,True,,lfr,2026-01-29T17:28:52.406265
40,2,16,79,bnb_py,0.09808707237243652,True,False,0.3227848101265823,True,,lfr,2026-01-29T17:28:52.977643
40,2,16,79,leiden_c_x100,0.005765199661254883,True,False,0.322784810126582,True,,lfr,2026-01-29T17:28:53.454503
40,2,17,87,gurobi,0.3601410388946533,True,False,0.3732989826925621,True,,lfr,2026-01-29T17:28:54.283546
40,2,17,87,bnb_c_seq,0.005948066711425781,True,False,0.373298982692562,True,,lfr,2026-01-29T17:28:54.766372
40,2,17,87,bnb_c,0.007259845733642578,True,False,0.373298982692562,True,,lfr,2026-01-29T17:28:55.248538
40,2,17,87,bnb_c_pruned,0.007368803024291992,True,False,0.373298982692562,True,,lfr,2026-01-29T17:28:55.728732
40,2,17,87,pyomo_cplex,0.23749685287475586,True,False,0.3732989826925626,True,,lfr,2026-01-29T17:28:56.434328
40,2,17,87,bnb_py,0.10257101058959961,True,False,0.37329898269256173,True,,lfr,2026-01-29T17:28:57.008168
40,2,17,87,leiden_c_x100,0.005928754806518555,True,False,0.373298982692562,True,,lfr,2026-01-29T17:28:57.487635
40,2,18,79,gurobi,0.7367217540740967,True,False,0.378304758852748,True,,lfr,2026-01-29T17:28:58.694807
40,2,18,79,bnb_c_seq,0.006088972091674805,True,False,0.378304758852748,True,,lfr,2026-01-29T17:28:59.179412
40,2,18,79,bnb_c,0.007624149322509766,True,False,0.378304758852748,True,,lfr,2026-01-29T17:28:59.655979
40,2,18,79,bnb_c_pruned,0.006982088088989258,True,False,0.378304758852748,True,,lfr,2026-01-29T17:29:00.133413
40,2,18,79,pyomo_cplex,0.37393999099731445,True,False,0.3783047588527477,True,,lfr,2026-01-29T17:29:00.976089
40,2,18,79,bnb_py,0.13156795501708984,True,False,0.378304758852748,True,,lfr,2026-01-29T17:29:01.582503
40,2,18,79,leiden_c_x100,0.006588935852050781,True,False,0.378304758852748,True,,lfr,2026-01-29T17:29:02.060915
40,2,19,83,gurobi,0.32880496978759766,True,False,0.3536071998838744,True,,lfr,2026-01-29T17:29:02.862097
40,2,19,83,bnb_c_seq,0.005928993225097656,True,False,0.353607199883873,True,,lfr,2026-01-29T17:29:03.346930
40,2,19,83,bnb_c,0.007026195526123047,True,False,0.353607199883873,True,,lfr,2026-01-29T17:29:03.860640
40,2,19,83,bnb_c_pruned,0.007181882858276367,True,False,0.353607199883873,True,,lfr,2026-01-29T17:29:04.337119
40,2,19,83,pyomo_cplex,0.22609281539916992,True,False,0.35360719988387307,True,,lfr,2026-01-29T17:29:05.035283
40,2,19,83,bnb_py,0.09811091423034668,True,False,0.35360719988387285,True,,lfr,2026-01-29T17:29:05.607153
40,2,19,83,leiden_c_x100,0.005877017974853516,True,False,0.353607199883873,True,,lfr,2026-01-29T17:29:06.086523
60,2,0,157,gurobi,0.06598806381225586,True,False,0.35926406750781165,True,,lfr,2026-01-29T17:29:06.627869
60,2,0,157,bnb_c_seq,0.007576704025268555,True,False,0.35926406750781,True,,lfr,2026-01-29T17:29:07.113355
60,2,0,157,bnb_c,0.010241031646728516,True,False,0.35926406750781,True,,lfr,2026-01-29T17:29:07.591229
60,2,0,157,bnb_c_pruned,0.008968114852905273,True,False,0.35926406750781,True,,lfr,2026-01-29T17:29:08.067066
60,2,0,157,pyomo_cplex,4.1443140506744385,True,False,0.35926406750781004,True,,lfr,2026-01-29T17:29:12.681112
60,2,0,157,bnb_py,0.46022987365722656,True,False,0.3592640675078097,True,,lfr,2026-01-29T17:29:13.634539
60,2,0,157,leiden_c_x100,0.006634950637817383,True,False,0.35926406750781,True,,lfr,2026-01-29T17:29:14.121878
60,2,1,140,gurobi,0.0468599796295166,True,False,0.3683418367346944,True,,lfr,2026-01-29T17:29:14.650172
60,2,1,140,bnb_c_seq,0.00738978385925293,True,False,0.368341836734694,True,,lfr,2026-01-29T17:29:15.146755
60,2,1,140,bnb_c,0.008598089218139648,True,False,0.368341836734694,True,,lfr,2026-01-29T17:29:15.657202
60,2,1,140,bnb_c_pruned,0.00848698616027832,True,False,0.368341836734694,True,,lfr,2026-01-29T17:29:16.141351
60,2,1,140,pyomo_cplex,2.661346912384033,True,False,0.3683418367346894,True,,lfr,2026-01-29T17:29:19.278843
60,2,1,140,bnb_py,0.36174798011779785,True,False,0.3683418367346938,True,,lfr,2026-01-29T17:29:20.127455
60,2,1,140,leiden_c_x100,0.007117033004760742,True,False,0.368341836734694,True,,lfr,2026-01-29T17:29:20.616874
60,2,2,148,gurobi,0.02854180335998535,True,False,0.367147552958362,True,,lfr,2026-01-29T17:29:21.125527
60,2,2,148,bnb_c_seq,0.007265806198120117,True,False,0.367147552958364,True,,lfr,2026-01-29T17:29:21.629554
60,2,2,148,bnb_c,0.008292913436889648,True,False,0.367147552958364,True,,lfr,2026-01-29T17:29:22.138806
60,2,2,148,bnb_c_pruned,0.007709980010986328,True,False,0.367147552958364,True,,lfr,2026-01-29T17:29:22.631405
60,2,2,148,pyomo_cplex,2.492414951324463,True,False,0.3671475529583635,True,,lfr,2026-01-29T17:29:25.603321
60,2,2,148,bnb_py,0.27292418479919434,True,False,0.3671475529583638,True,,lfr,2026-01-29T17:29:26.363421
60,2,2,148,leiden_c_x100,0.007445096969604492,True,False,0.367147552958364,True,,lfr,2026-01-29T17:29:26.857492
60,2,3,148,gurobi,0.032974958419799805,True,False,0.35902118334550787,True,,lfr,2026-01-29T17:29:27.373415
60,2,3,148,bnb_c_seq,0.007299900054931641,True,False,0.359021183345508,True,,lfr,2026-01-29T17:29:27.869598
60,2,3,148,bnb_c,0.008499860763549805,True,False,0.359021183345508,True,,lfr,2026-01-29T17:29:28.359079
60,2,3,148,bnb_c_pruned,0.008329153060913086,True,False,0.359021183345508,True,,lfr,2026-01-29T17:29:28.843773
60,2,3,148,pyomo_cplex,2.393220901489258,True,False,0.3590211833455071,True,,lfr,2026-01-29T17:29:31.716642
60,2,3,148,bnb_py,0.35388612747192383,True,False,0.35902118334550776,True,,lfr,2026-01-29T17:29:32.559888
60,2,3,148,leiden_c_x100,0.007197141647338867,True,False,0.359021183345508,True,,lfr,2026-01-29T17:29:33.052732
60,2,4,144,gurobi,0.1985468864440918,True,False,0.3084249614197528,True,,lfr,2026-01-29T17:29:33.740554
60,2,4,144,bnb_c_seq,0.014248847961425781,True,False,0.308424961419753,True,,lfr,2026-01-29T17:29:34.257733
60,2,4,144,bnb_c,0.010897159576416016,True,False,0.308424961419753,True,,lfr,2026-01-29T17:29:34.752832
60,2,4,144,bnb_c_pruned,0.010143041610717773,True,False,0.308424961419753,True,,lfr,2026-01-29T17:29:35.240988
60,2,4,144,pyomo_cplex,3.683727979660034,True,False,0.308424961419753,True,,lfr,2026-01-29T17:29:39.404003
60,2,4,144,bnb_py,1.0825068950653076,True,False,0.3084249614197531,True,,lfr,2026-01-29T17:29:40.971731
60,2,4,144,leiden_c_x100,0.0067713260650634766,True,False,0.308424961419753,True,,lfr,2026-01-29T17:29:41.461377
60,2,5,128,gurobi,0.08676004409790039,True,False,0.3592529296875,True,,lfr,2026-01-29T17:29:42.032187
60,2,5,128,bnb_c_seq,0.007731914520263672,True,False,0.3592529296875,True,,lfr,2026-01-29T17:29:42.529935
60,2,5,128,bnb_c,0.008682012557983398,True,False,0.3592529296875,True,,lfr,2026-01-29T17:29:43.020015
60,2,5,128,bnb_c_pruned,0.008809804916381836,True,False,0.3592529296875,True,,lfr,2026-01-29T17:29:43.506613
60,2,5,128,pyomo_cplex,2.2158923149108887,True,False,0.3592529296875,True,,lfr,2026-01-29T17:29:46.204530
60,2,5,128,bnb_py,0.4212479591369629,True,False,0.3592529296875,True,,lfr,2026-01-29T17:29:47.116398
60,2,5,128,leiden_c_x100,0.006868124008178711,True,False,0.3592529296875,True,,lfr,2026-01-29T17:29:47.607417
60,2,6,129,gurobi,0.023968935012817383,True,False,0.3967910582296743,True,,lfr,2026-01-29T17:29:48.115871
60,2,6,129,bnb_c_seq,0.005811929702758789,True,False,0.396791058229674,True,,lfr,2026-01-29T17:29:48.615425
60,2,6,129,bnb_c,0.008818864822387695,True,False,0.396791058229674,True,,lfr,2026-01-29T17:29:49.104851
60,2,6,129,bnb_c_pruned,0.007524251937866211,True,False,0.396791058229674,True,,lfr,2026-01-29T17:29:49.590966
60,2,6,129,pyomo_cplex,2.1710360050201416,True,False,0.3967910582296755,True,,lfr,2026-01-29T17:29:52.244180
60,2,6,129,bnb_py,0.2495870590209961,True,False,0.3967910582296738,True,,lfr,2026-01-29T17:29:52.977308
60,2,6,129,leiden_c_x100,0.00642085075378418,True,False,0.396791058229674,True,,lfr,2026-01-29T17:29:53.470473
60,2,7,141,gurobi,0.05530595779418945,True,False,0.36243146723001823,True,,lfr,2026-01-29T17:29:54.009587
60,2,7,141,bnb_c_seq,0.008226871490478516,True,False,0.362431467230019,True,,lfr,2026-01-29T17:29:54.508728
60,2,7,141,bnb_c,0.008193731307983398,True,False,0.362431467230019,True,,lfr,2026-01-29T17:29:54.997829
60,2,7,141,bnb_c_pruned,0.009186983108520508,True,False,0.362431467230019,True,,lfr,2026-01-29T17:29:55.486382
60,2,7,141,pyomo_cplex,5.723489999771118,True,False,0.3624314672300215,True,,lfr,2026-01-29T17:30:01.690073
60,2,7,141,bnb_py,0.42070698738098145,True,False,0.3624314672300187,True,,lfr,2026-01-29T17:30:02.596955
60,2,7,141,leiden_c_x100,0.007990121841430664,True,False,0.362431467230019,True,,lfr,2026-01-29T17:30:03.093725
60,2,8,166,gurobi,0.03489494323730469,True,False,0.3472020612570773,True,,lfr,2026-01-29T17:30:03.626929
60,2,8,166,bnb_c_seq,0.010086774826049805,True,False,0.347202061257076,True,,lfr,2026-01-29T17:30:04.129218
60,2,8,166,bnb_c,0.0100250244140625,True,False,0.347202061257076,True,,lfr,2026-01-29T17:30:04.622623
60,2,8,166,bnb_c_pruned,0.009733915328979492,True,False,0.347202061257076,True,,lfr,2026-01-29T17:30:05.113087
60,2,8,166,pyomo_cplex,18.31169366836548,True,False,0.34720206125707637,True,,lfr,2026-01-29T17:30:23.907925
60,2,8,166,bnb_py,0.6627912521362305,True,False,0.3472020612570766,True,,lfr,2026-01-29T17:30:25.060780
60,2,8,166,leiden_c_x100,0.0069561004638671875,True,False,0.347202061257076,True,,lfr,2026-01-29T17:30:25.558392
60,2,9,167,gurobi,0.05476570129394531,True,False,0.36550252787837484,True,,lfr,2026-01-29T17:30:26.105558
60,2,9,167,bnb_c_seq,0.010830163955688477,True,False,0.365502527878375,True,,lfr,2026-01-29T17:30:26.613807
60,2,9,167,bnb_c,0.010206937789916992,True,False,0.365502527878375,True,,lfr,2026-01-29T17:30:27.111209
60,2,9,167,bnb_c_pruned,0.009364843368530273,True,False,0.365502527878375,True,,lfr,2026-01-29T17:30:27.602281
60,2,9,167,pyomo_cplex,23.85204029083252,True,False,0.3655025278783749,True,,lfr,2026-01-29T17:30:51.938860
60,2,9,167,bnb_py,0.5800328254699707,True,False,0.365502527878375,True,,lfr,2026-01-29T17:30:53.020366
60,2,9,167,leiden_c_x100,0.0068509578704833984,True,False,0.365502527878375,True,,lfr,2026-01-29T17:30:53.513586
60,2,10,137,gurobi,0.035737037658691406,True,False,0.37692471628749435,True,,lfr,2026-01-29T17:30:54.038222
60,2,10,137,bnb_c_seq,0.007229804992675781,True,False,0.376924716287495,True,,lfr,2026-01-29T17:30:54.541739
60,2,10,137,bnb_c,0.008252859115600586,True,False,0.376924716287495,True,,lfr,2026-01-29T17:30:55.032998
60,2,10,137,bnb_c_pruned,0.008197784423828125,True,False,0.376924716287495,True,,lfr,2026-01-29T17:30:55.521537
60,2,10,137,pyomo_cplex,4.202373027801514,True,False,0.37692471628749463,True,,lfr,2026-01-29T17:31:00.208922
60,2,10,137,bnb_py,0.30526208877563477,True,False,0.3769247162874954,True,,lfr,2026-01-29T17:31:01.004957
60,2,10,137,leiden_c_x100,0.007837057113647461,True,False,0.376924716287495,True,,lfr,2026-01-29T17:31:01.503670
60,2,11,157,gurobi,0.08123588562011719,True,False,0.3419408495273655,True,,lfr,2026-01-29T17:31:02.071009
60,2,11,157,bnb_c_seq,0.01116800308227539,True,False,0.341940849527364,True,,lfr,2026-01-29T17:31:02.579546
60,2,11,157,bnb_c,0.009989261627197266,True,False,0.341940849527364,True,,lfr,2026-01-29T17:31:03.075520
60,2,11,157,bnb_c_pruned,0.010363101959228516,True,False,0.341940849527364,True,,lfr,2026-01-29T17:31:03.567116
60,2,11,157,pyomo_cplex,27.997682332992554,True,False,0.3419408495273634,True,,lfr,2026-01-29T17:31:32.049106
60,2,11,157,bnb_py,0.7644350528717041,True,False,0.34194084952736425,True,,lfr,2026-01-29T17:31:33.312150
60,2,11,157,leiden_c_x100,0.007266998291015625,True,False,0.341940849527364,True,,lfr,2026-01-29T17:31:33.814565
60,2,12,129,gurobi,0.3448209762573242,True,False,0.32266690703683804,True,,lfr,2026-01-29T17:31:34.651289
60,2,12,129,bnb_c_seq,0.01647186279296875,True,False,0.322666907036837,True,,lfr,2026-01-29T17:31:35.162926
60,2,12,129,bnb_c,0.012022018432617188,True,False,0.322666907036837,True,,lfr,2026-01-29T17:31:35.659775
60,2,12,129,bnb_c_pruned,0.011787176132202148,True,False,0.322666907036837,True,,lfr,2026-01-29T17:31:36.152171
60,2,12,129,pyomo_cplex,4.998736143112183,True,False,0.3226669070368377,True,,lfr,2026-01-29T17:31:41.634348
60,2,12,129,bnb_py,1.1064326763153076,True,False,0.3226669070368367,True,,lfr,2026-01-29T17:31:43.229127
60,2,12,129,leiden_c_x100,0.006659269332885742,True,False,0.321585241271558,False,,lfr,2026-01-29T17:31:43.732369
60,2,13,131,gurobi,0.024137020111083984,True,False,0.4073480566400562,True,,lfr,2026-01-29T17:31:44.242285
60,2,13,131,bnb_c_seq,0.0067157745361328125,True,False,0.407348056640056,True,,lfr,2026-01-29T17:31:44.745966
60,2,13,131,bnb_c,0.009432792663574219,True,False,0.407348056640056,True,,lfr,2026-01-29T17:31:45.236986
60,2,13,131,bnb_c_pruned,0.008052825927734375,True,False,0.407348056640056,True,,lfr,2026-01-29T17:31:45.725042
60,2,13,131,pyomo_cplex,2.158874750137329,True,False,0.4073480566400577,True,,lfr,2026-01-29T17:31:48.367072
60,2,13,131,bnb_py,0.2522270679473877,True,False,0.4073480566400559,True,,lfr,2026-01-29T17:31:49.105962
60,2,13,131,leiden_c_x100,0.006749868392944336,True,False,0.407348056640056,True,,lfr,2026-01-29T17:31:49.603955
60,2,14,129,gurobi,0.035782814025878906,True,False,0.38819782464996166,True,,lfr,2026-01-29T17:31:50.126407
60,2,14,129,bnb_c_seq,0.00792384147644043,True,False,0.388197824649961,True,,lfr,2026-01-29T17:31:50.633405
60,2,14,129,bnb_c,0.00939798355102539,True,False,0.388197824649961,True,,lfr,2026-01-29T17:31:51.126969
60,2,14,129,bnb_c_pruned,0.011311769485473633,True,False,0.388197824649961,True,,lfr,2026-01-29T17:31:51.618735
60,2,14,129,pyomo_cplex,6.209141969680786,True,False,0.38819782464996244,True,,lfr,2026-01-29T17:31:58.312873
60,2,14,129,bnb_py,0.3649132251739502,True,False,0.38819782464996094,True,,lfr,2026-01-29T17:31:59.176291
60,2,14,129,leiden_c_x100,0.007730007171630859,True,False,0.388197824649961,True,,lfr,2026-01-29T17:31:59.686475
60,2,15,140,gurobi,0.028967857360839844,True,False,0.39119897959183664,True,,lfr,2026-01-29T17:32:00.206502
60,2,15,140,bnb_c_seq,0.007193803787231445,True,False,0.391198979591837,True,,lfr,2026-01-29T17:32:00.713420
60,2,15,140,bnb_c,0.0086517333984375,True,False,0.391198979591837,True,,lfr,2026-01-29T17:32:01.205235
60,2,15,140,bnb_c_pruned,0.007353067398071289,True,False,0.391198979591837,True,,lfr,2026-01-29T17:32:01.695274
60,2,15,140,pyomo_cplex,3.236035108566284,True,False,0.39119897959183275,True,,lfr,2026-01-29T17:32:05.414163
60,2,15,140,bnb_py,0.27614307403564453,True,False,0.3911989795918367,True,,lfr,2026-01-29T17:32:06.176413
60,2,15,140,leiden_c_x100,0.007009983062744141,True,False,0.391198979591837,True,,lfr,2026-01-29T17:32:06.670925
60,2,16,130,gurobi,0.03217625617980957,True,False,0.36150887573964735,True,,lfr,2026-01-29T17:32:07.190005
60,2,16,130,bnb_c_seq,0.008034706115722656,True,False,0.361508875739645,True,,lfr,2026-01-29T17:32:07.694268
60,2,16,130,bnb_c,0.010108709335327148,True,False,0.361508875739645,True,,lfr,2026-01-29T17:32:08.188303
60,2,16,130,bnb_c_pruned,0.008950948715209961,True,False,0.361508875739645,True,,lfr,2026-01-29T17:32:08.677939
60,2,16,130,pyomo_cplex,6.090873718261719,True,False,0.3615088757396431,True,,lfr,2026-01-29T17:32:15.253468
60,2,16,130,bnb_py,0.41827392578125,True,False,0.3615088757396452,True,,lfr,2026-01-29T17:32:16.158376
60,2,16,130,leiden_c_x100,0.007071018218994141,True,False,0.361508875739645,True,,lfr,2026-01-29T17:32:16.660562
60,2,17,140,gurobi,0.04682183265686035,True,False,0.36017857142857174,True,,lfr,2026-01-29T17:32:17.192900
60,2,17,140,bnb_c_seq,0.00921320915222168,True,False,0.360178571428571,True,,lfr,2026-01-29T17:32:17.695214
60,2,17,140,bnb_c,0.009528636932373047,True,False,0.360178571428571,True,,lfr,2026-01-29T17:32:18.191343
60,2,17,140,bnb_c_pruned,0.009756088256835938,True,False,0.360178571428571,True,,lfr,2026-01-29T17:32:18.682400
60,2,17,140,pyomo_cplex,7.484925031661987,True,False,0.3601785714285694,True,,lfr,2026-01-29T17:32:26.651652
60,2,17,140,bnb_py,0.47602081298828125,True,False,0.36017857142857146,True,,lfr,2026-01-29T17:32:27.626623
60,2,17,140,leiden_c_x100,0.0070531368255615234,True,False,0.360178571428571,True,,lfr,2026-01-29T17:32:28.152388
60,2,18,124,gurobi,0.03027510643005371,True,False,0.39773022892819837,True,,lfr,2026-01-29T17:32:28.668561
60,2,18,124,bnb_c_seq,0.007909774780273438,True,False,0.3977302289282,True,,lfr,2026-01-29T17:32:29.172124
60,2,18,124,bnb_c,0.009266138076782227,True,False,0.3977302289282,True,,lfr,2026-01-29T17:32:29.664577
60,2,18,124,bnb_c_pruned,0.00877690315246582,True,False,0.3977302289282,True,,lfr,2026-01-29T17:32:30.154072
60,2,18,124,pyomo_cplex,2.161752700805664,True,False,0.3977302289282033,True,,lfr,2026-01-29T17:32:32.798660
60,2,18,124,bnb_py,0.27988719940185547,True,False,0.3977302289281998,True,,lfr,2026-01-29T17:32:33.580112
60,2,18,124,leiden_c_x100,0.006559133529663086,True,False,0.3977302289282,True,,lfr,2026-01-29T17:32:34.084332
60,2,19,128,gurobi,0.0619199275970459,True,False,0.361541748046875,True,,lfr,2026-01-29T17:32:34.633970
60,2,19,128,bnb_c_seq,0.009477853775024414,True,False,0.361541748046875,True,,lfr,2026-01-29T17:32:35.140183
60,2,19,128,bnb_c,0.008544921875,True,False,0.361541748046875,True,,lfr,2026-01-29T17:32:35.632853
60,2,19,128,bnb_c_pruned,0.009890079498291016,True,False,0.361541748046875,True,,lfr,2026-01-29T17:32:36.123804
60,2,19,128,pyomo_cplex,2.693671941757202,True,False,0.361541748046875,True,,lfr,2026-01-29T17:32:39.300979
60,2,19,128,bnb_py,0.5168957710266113,True,False,0.361541748046875,True,,lfr,2026-01-29T17:32:40.304064
60,2,19,128,leiden_c_x100,0.00669097900390625,True,False,0.361541748046875,True,,lfr,2026-01-29T17:32:40.795038
80,2,0,215,gurobi,0.12691879272460938,True,False,0.3740292049756647,True,,lfr,2026-01-29T17:32:41.408912
80,2,0,215,bnb_c_seq,0.023254871368408203,True,False,0.374029204975663,True,,lfr,2026-01-29T17:32:41.930391
80,2,0,215,bnb_c,0.01281595230102539,True,False,0.374029204975663,True,,lfr,2026-01-29T17:32:42.428273
80,2,0,215,bnb_c_pruned,0.013617277145385742,True,False,0.374029204975663,True,,lfr,2026-01-29T17:32:42.924387
80,2,0,215,pyomo_cplex,30.0,False,True,,,timeout,lfr,2026-01-29T17:33:12.936794
80,2,0,215,bnb_py,2.186149835586548,True,False,0.3740292049756626,True,,lfr,2026-01-29T17:33:15.627290
80,2,0,215,leiden_c_x100,0.007549285888671875,True,False,0.374029204975663,True,,lfr,2026-01-29T17:33:16.119055
80,2,1,209,gurobi,0.06358575820922852,True,False,0.40074631991025694,True,,lfr,2026-01-29T17:33:16.672019
80,2,1,209,bnb_c_seq,0.010766267776489258,True,False,0.400746319910258,True,,lfr,2026-01-29T17:33:17.180776
80,2,1,209,bnb_c,0.010622024536132812,True,False,0.400746319910258,True,,lfr,2026-01-29T17:33:17.677327
80,2,1,209,bnb_c_pruned,0.010596990585327148,True,False,0.400746319910258,True,,lfr,2026-01-29T17:33:18.171731
80,2,1,209,pyomo_cplex,15.839047908782959,True,False,0.40074631991025256,True,,lfr,2026-01-29T17:33:34.496644
80,2,1,209,bnb_py,0.760822057723999,True,False,0.40074631991025855,True,,lfr,2026-01-29T17:33:35.754476
80,2,1,209,leiden_c_x100,0.008620023727416992,True,False,0.400746319910258,True,,lfr,2026-01-29T17:33:36.257738
80,2,2,236,gurobi,0.3002769947052002,True,False,0.3532031025567377,True,,lfr,2026-01-29T17:33:37.050691
80,2,2,236,bnb_c_seq,0.09748101234436035,True,False,0.353203102556737,True,,lfr,2026-01-29T17:33:37.663722
80,2,2,236,bnb_c,0.026507139205932617,True,False,0.353203102556737,True,,lfr,2026-01-29T17:33:38.185655
80,2,2,236,bnb_c_pruned,0.02664494514465332,True,False,0.353203102556737,True,,lfr,2026-01-29T17:33:38.699942
80,2,2,236,pyomo_cplex,30.0,False,True,,,timeout,lfr,2026-01-29T17:34:08.732384
80,2,2,236,bnb_py,10.696991920471191,True,False,0.3532031025567366,True,,lfr,2026-01-29T17:34:19.942378
80,2,2,236,leiden_c_x100,0.007455110549926758,True,False,0.353203102556737,True,,lfr,2026-01-29T17:34:20.448209
80,2,3,210,gurobi,0.23192811012268066,True,False,0.36665532879818513,True,,lfr,2026-01-29T17:34:21.168104
80,2,3,210,bnb_c_seq,0.0561678409576416,True,False,0.366655328798186,True,,lfr,2026-01-29T17:34:21.729135
80,2,3,210,bnb_c,0.02031397819519043,True,False,0.366655328798186,True,,lfr,2026-01-29T17:34:22.236047
80,2,3,210,bnb_c_pruned,0.020560264587402344,True,False,0.366655328798186,True,,lfr,2026-01-29T17:34:22.744235
80,2,3,210,pyomo_cplex,30.0,False,True,,,timeout,lfr,2026-01-29T17:34:52.757195
80,2,3,210,bnb_py,6.003888130187988,True,False,0.36665532879818596,True,,lfr,2026-01-29T17:34:59.268963
80,2,3,210,leiden_c_x100,0.007927894592285156,True,False,0.366655328798186,True,,lfr,2026-01-29T17:34:59.763026
80,2,4,214,gurobi,0.5531711578369141,True,False,0.3618219931871765,True,,lfr,2026-01-29T17:35:00.803405
80,2,4,214,bnb_c_seq,0.08971500396728516,True,False,0.361821993187178,True,,lfr,2026-01-29T17:35:01.390065
80,2,4,214,bnb_c,0.025072097778320312,True,False,0.361821993187178,True,,lfr,2026-01-29T17:35:01.900445
80,2,4,214,bnb_c_pruned,0.02585005760192871,True,False,0.361821993187178,True,,lfr,2026-01-29T17:35:02.411680
80,2,4,214,pyomo_cplex,30.0,False,True,,,timeout,lfr,2026-01-29T17:35:32.428437
80,2,4,214,bnb_py,10.450654983520508,True,False,0.3618219931871779,True,,lfr,2026-01-29T17:35:43.382599
80,2,4,214,leiden_c_x100,0.007820844650268555,True,False,0.361821993187178,True,,lfr,2026-01-29T17:35:43.899523
80,2,5,199,gurobi,0.06290721893310547,True,False,0.3845736218782355,True,,lfr,2026-01-29T17:35:44.456151
80,2,5,199,bnb_c_seq,0.008366107940673828,True,False,0.384573621878235,True,,lfr,2026-01-29T17:35:44.964801
80,2,5,199,bnb_c,0.009171009063720703,True,False,0.384573621878235,True,,lfr,2026-01-29T17:35:45.459041
80,2,5,199,bnb_c_pruned,0.010251998901367188,True,False,0.384573621878235,True,,lfr,2026-01-29T17:35:45.953859
80,2,5,199,pyomo_cplex,30.0,False,True,,,timeout,lfr,2026-01-29T17:36:15.975062
80,2,5,199,bnb_py,0.5818250179290771,True,False,0.3845736218782354,True,,lfr,2026-01-29T17:36:17.062310
80,2,5,199,leiden_c_x100,0.007567167282104492,True,False,0.384573621878235,True,,lfr,2026-01-29T17:36:17.558757
80,2,6,215,gurobi,0.27996397018432617,True,False,0.3781936181719883,True,,lfr,2026-01-29T17:36:18.327261
80,2,6,215,bnb_c_seq,0.011821985244750977,True,False,0.378193618171985,True,,lfr,2026-01-29T17:36:18.836625
80,2,6,215,bnb_c,0.010519742965698242,True,False,0.378193618171985,True,,lfr,2026-01-29T17:36:19.331554
80,2,6,215,bnb_c_pruned,0.010880231857299805,True,False,0.378193618171985,True,,lfr,2026-01-29T17:36:19.823060
80,2,6,215,pyomo_cplex,30.0,False,True,,,timeout,lfr,2026-01-29T17:36:49.843107
80,2,6,215,bnb_py,1.0195338726043701,True,False,0.3781936181719848,True,,lfr,2026-01-29T17:36:51.364303
80,2,6,215,leiden_c_x100,0.00748896598815918,True,False,0.378193618171985,True,,lfr,2026-01-29T17:36:51.859321
80,2,7,189,gurobi,0.0386660099029541,True,False,0.3974552784076666,True,,lfr,2026-01-29T17:36:52.386005
80,2,7,189,bnb_c_seq,0.011593818664550781,True,False,0.397455278407659,True,,lfr,2026-01-29T17:36:52.895794
80,2,7,189,bnb_c,0.008970022201538086,True,False,0.397455278407659,True,,lfr,2026-01-29T17:36:53.391978
80,2,7,189,bnb_c_pruned,0.010375022888183594,True,False,0.397455278407659,True,,lfr,2026-01-29T17:36:53.885586
80,2,7,189,pyomo_cplex,12.610383987426758,True,False,0.39745527840765815,True,,lfr,2026-01-29T17:37:06.981596
80,2,7,189,bnb_py,0.9905710220336914,True,False,0.39745527840765926,True,,lfr,2026-01-29T17:37:08.483350
80,2,7,189,leiden_c_x100,0.007102012634277344,True,False,0.397455278407659,True,,lfr,2026-01-29T17:37:08.977554
80,2,8,233,gurobi,0.08815383911132812,True,False,0.3655068245869343,True,,lfr,2026-01-29T17:37:09.550781
80,2,8,233,bnb_c_seq,0.029140233993530273,True,False,0.365506824586933,True,,lfr,2026-01-29T17:37:10.075196
80,2,8,233,bnb_c,0.015590906143188477,True,False,0.365506824586933,True,,lfr,2026-01-29T17:37:10.572810
80,2,8,233,bnb_c_pruned,0.014740228652954102,True,False,0.365506824586933,True,,lfr,2026-01-29T17:37:11.096798
80,2,8,233,pyomo_cplex,30.0,False,True,,,timeout,lfr,2026-01-29T17:37:41.110641
80,2,8,233,bnb_py,3.160161018371582,True,False,0.36550682458693295,True,,lfr,2026-01-29T17:37:44.774216
80,2,8,233,leiden_c_x100,0.009903192520141602,True,False,0.365506824586933,True,,lfr,2026-01-29T17:37:45.345376
80,2,9,253,gurobi,0.10895895957946777,True,False,0.3573325626083821,True,,lfr,2026-01-29T17:37:46.043029
80,2,9,253,bnb_c_seq,0.05294990539550781,True,False,0.357332562608383,True,,lfr,2026-01-29T17:37:46.592326
80,2,9,253,bnb_c,0.021336078643798828,True,False,0.357332562608383,True,,lfr,2026-01-29T17:37:47.136540
80,2,9,253,bnb_c_pruned,0.017916202545166016,True,False,0.357332562608383,True,,lfr,2026-01-29T17:37:47.671527
80,2,9,253,pyomo_cplex,30.0,False,True,,,timeout,lfr,2026-01-29T17:38:17.712710
80,2,9,253,bnb_py,5.734766244888306,True,False,0.3573325626083832,True,,lfr,2026-01-29T17:38:23.946399
80,2,9,253,leiden_c_x100,0.007506370544433594,True,False,0.357332562608383,True,,lfr,2026-01-29T17:38:24.436427
80,2,10,195,gurobi,0.5074849128723145,True,False,0.3691781722550949,True,,lfr,2026-01-29T17:38:25.425392
80,2,10,195,bnb_c_seq,0.06339693069458008,True,False,0.369178172255095,True,,lfr,2026-01-29T17:38:25.970622
80,2,10,195,bnb_c,0.02141594886779785,True,False,0.369178172255095,True,,lfr,2026-01-29T17:38:26.472686
80,2,10,195,bnb_c_pruned,0.022461891174316406,True,False,0.369178172255095,True,,lfr,2026-01-29T17:38:26.974836
80,2,10,195,pyomo_cplex,30.0,False,True,,,timeout,lfr,2026-01-29T17:38:56.996270
80,2,10,195,bnb_py,7.453166961669922,True,False,0.36917817225509536,True,,lfr,2026-01-29T17:39:04.951171
80,2,10,195,leiden_c_x100,0.007443904876708984,True,False,0.369178172255095,True,,lfr,2026-01-29T17:39:05.450710
80,2,11,186,gurobi,0.25573086738586426,True,False,0.3537981269510937,True,,lfr,2026-01-29T17:39:06.190020
80,2,11,186,bnb_c_seq,0.11290693283081055,True,False,0.353798126951093,True,,lfr,2026-01-29T17:39:06.784942
80,2,11,186,bnb_c,0.02975296974182129,True,False,0.353798126951093,True,,lfr,2026-01-29T17:39:07.294645
80,2,11,186,bnb_c_pruned,0.028445005416870117,True,False,0.353798126951093,True,,lfr,2026-01-29T17:39:07.804251
80,2,11,186,pyomo_cplex,30.0,False,True,,,timeout,lfr,2026-01-29T17:39:37.840430
80,2,11,186,bnb_py,10.793496131896973,True,False,0.3537981269510926,True,,lfr,2026-01-29T17:39:49.137992
80,2,11,186,leiden_c_x100,0.007227897644042969,True,False,0.3508498092265,False,,lfr,2026-01-29T17:39:49.624738
80,2,12,216,gurobi,0.0597689151763916,True,False,0.37498928326474845,True,,lfr,2026-01-29T17:39:50.164893
80,2,12,216,bnb_c_seq,0.02132105827331543,True,False,0.374989283264746,True,,lfr,2026-01-29T17:39:50.667353
80,2,12,216,bnb_c,0.013250112533569336,True,False,0.374989283264746,True,,lfr,2026-01-29T17:39:51.159255
80,2,12,216,bnb_c_pruned,0.01240086555480957,True,False,0.374989283264746,True,,lfr,2026-01-29T17:39:51.650217
80,2,12,216,pyomo_cplex,30.0,False,True,,,timeout,lfr,2026-01-29T17:40:21.682565
80,2,12,216,bnb_py,2.2819159030914307,True,False,0.3749892832647463,True,,lfr,2026-01-29T17:40:24.449617
80,2,12,216,leiden_c_x100,0.007673978805541992,True,False,0.374989283264746,True,,lfr,2026-01-29T17:40:24.963482
80,2,13,242,gurobi,0.0632472038269043,True,False,0.35451813400724036,True,,lfr,2026-01-29T17:40:25.511449
80,2,13,242,bnb_c_seq,0.018594741821289062,True,False,0.35451813400724,True,,lfr,2026-01-29T17:40:26.012436
80,2,13,242,bnb_c,0.01262521743774414,True,False,0.35451813400724,True,,lfr,2026-01-29T17:40:26.505546
80,2,13,242,bnb_c_pruned,0.012353897094726562,True,False,0.35451813400724,True,,lfr,2026-01-29T17:40:26.998260
80,2,13,242,pyomo_cplex,30.0,False,True,,,timeout,lfr,2026-01-29T17:40:57.027281
80,2,13,242,bnb_py,1.788404941558838,True,False,0.35451813400724014,True,,lfr,2026-01-29T17:40:59.309535
80,2,13,242,leiden_c_x100,0.007744789123535156,True,False,0.35451813400724,True,,lfr,2026-01-29T17:40:59.798415
80,2,14,204,gurobi,0.9128661155700684,True,False,0.3643310265282571,True,,lfr,2026-01-29T17:41:01.194720
80,2,14,204,bnb_c_seq,0.11161184310913086,True,False,0.364331026528258,True,,lfr,2026-01-29T17:41:01.789626
80,2,14,204,bnb_c,0.028933048248291016,True,False,0.364331026528258,True,,lfr,2026-01-29T17:41:02.298734
80,2,14,204,bnb_c_pruned,0.027103900909423828,True,False,0.364331026528258,True,,lfr,2026-01-29T17:41:02.802661
80,2,14,204,pyomo_cplex,30.0,False,True,,,timeout,lfr,2026-01-29T17:41:32.839210
80,2,14,204,bnb_py,12.457796812057495,True,False,0.3643310265282584,True,,lfr,2026-01-29T17:41:45.806264
80,2,14,204,leiden_c_x100,0.006864786148071289,True,False,0.363790369088812,False,,lfr,2026-01-29T17:41:46.303651
80,2,15,217,gurobi,0.06430196762084961,True,False,0.3824672428805026,True,,lfr,2026-01-29T17:41:46.847745
80,2,15,217,bnb_c_seq,0.014916181564331055,True,False,0.382467242880503,True,,lfr,2026-01-29T17:41:47.345034
80,2,15,217,bnb_c,0.010829925537109375,True,False,0.382467242880503,True,,lfr,2026-01-29T17:41:47.838223
80,2,15,217,bnb_c_pruned,0.011837005615234375,True,False,0.382467242880503,True,,lfr,2026-01-29T17:41:48.333958
80,2,15,217,pyomo_cplex,30.0,False,True,,,timeout,lfr,2026-01-29T17:42:18.362211
80,2,15,217,bnb_py,1.371994972229004,True,False,0.3824672428805029,True,,lfr,2026-01-29T17:42:20.219023
80,2,15,217,leiden_c_x100,0.007183074951171875,True,False,0.382467242880503,True,,lfr,2026-01-29T17:42:20.706718
80,2,16,208,gurobi,0.13048100471496582,True,False,0.3940458579881614,True,,lfr,2026-01-29T17:42:21.317547
80,2,16,208,bnb_c_seq,0.011383056640625,True,False,0.394045857988166,True,,lfr,2026-01-29T17:42:21.810881
80,2,16,208,bnb_c,0.00992894172668457,True,False,0.394045857988166,True,,lfr,2026-01-29T17:42:22.301885
80,2,16,208,bnb_c_pruned,0.010694742202758789,True,False,0.394045857988166,True,,lfr,2026-01-29T17:42:22.788259
80,2,16,208,pyomo_cplex,30.0,False,True,,,timeout,lfr,2026-01-29T17:42:52.812893
80,2,16,208,bnb_py,0.8173470497131348,True,False,0.3940458579881657,True,,lfr,2026-01-29T17:42:54.124138
80,2,16,208,leiden_c_x100,0.0073642730712890625,True,False,0.394045857988166,True,,lfr,2026-01-29T17:42:54.612454
80,2,17,217,gurobi,0.2476489543914795,True,False,0.3592983499331032,True,,lfr,2026-01-29T17:42:55.341989
80,2,17,217,bnb_c_seq,0.05673384666442871,True,False,0.359298349933105,True,,lfr,2026-01-29T17:42:55.881095
80,2,17,217,bnb_c,0.021696090698242188,True,False,0.359298349933105,True,,lfr,2026-01-29T17:42:56.386421
80,2,17,217,bnb_c_pruned,0.019302845001220703,True,False,0.359298349933105,True,,lfr,2026-01-29T17:42:56.882612
80,2,17,217,pyomo_cplex,30.0,False,True,,,timeout,lfr,2026-01-29T17:43:26.899445
80,2,17,217,bnb_py,5.770579814910889,True,False,0.3592983499331055,True,,lfr,2026-01-29T17:43:33.159379
80,2,17,217,leiden_c_x100,0.006779909133911133,True,False,0.359298349933105,True,,lfr,2026-01-29T17:43:33.655655
80,2,18,211,gurobi,0.06647896766662598,True,False,0.3739134341097417,True,,lfr,2026-01-29T17:43:34.209521
80,2,18,211,bnb_c_seq,0.014564990997314453,True,False,0.373913434109746,True,,lfr,2026-01-29T17:43:34.708179
80,2,18,211,bnb_c,0.011959075927734375,True,False,0.373913434109746,True,,lfr,2026-01-29T17:43:35.199710
80,2,18,211,bnb_c_pruned,0.011566162109375,True,False,0.373913434109746,True,,lfr,2026-01-29T17:43:35.690217
80,2,18,211,pyomo_cplex,30.0,False,True,,,timeout,lfr,2026-01-29T17:44:05.722425
80,2,18,211,bnb_py,1.3343181610107422,True,False,0.373913434109746,True,,lfr,2026-01-29T17:44:07.601134
80,2,18,211,leiden_c_x100,0.00834798812866211,True,False,0.373913434109746,True,,lfr,2026-01-29T17:44:08.101014
80,2,19,183,gurobi,0.6126432418823242,True,False,0.3602824808145922,True,,lfr,2026-01-29T17:44:09.207758
80,2,19,183,bnb_c_seq,0.17987298965454102,True,False,0.360282480814596,True,,lfr,2026-01-29T17:44:09.885245
80,2,19,183,bnb_c,0.040102243423461914,True,False,0.360282480814596,True,,lfr,2026-01-29T17:44:10.413316
80,2,19,183,bnb_c_pruned,0.03592872619628906,True,False,0.360282480814596,True,,lfr,2026-01-29T17:44:10.937729
80,2,19,183,pyomo_cplex,30.0,False,True,,,timeout,lfr,2026-01-29T17:44:40.972889
80,2,19,183,bnb_py,19.37016987800598,True,False,0.3602824808145959,True,,lfr,2026-01-29T17:45:00.866012
80,2,19,183,leiden_c_x100,0.007326364517211914,True,False,0.357968288094598,False,,lfr,2026-01-29T17:45:01.360409
100,2,0,264,gurobi,0.6846730709075928,True,False,0.3579473714416874,True,,lfr,2026-01-29T17:45:02.535693
100,2,0,264,bnb_c_seq,0.8523311614990234,True,False,0.35794737144169,True,,lfr,2026-01-29T17:45:03.882878
100,2,0,264,bnb_c,0.1404111385345459,True,False,0.35794737144169,True,,lfr,2026-01-29T17:45:04.512366
100,2,0,264,bnb_c_pruned,0.14629602432250977,True,False,0.35794737144169,True,,lfr,2026-01-29T17:45:05.145810
100,2,0,264,pyomo_cplex,30.0,False,True,,,timeout,lfr,2026-01-29T17:45:35.163745
100,2,0,264,bnb_py,30.0,False,True,,,timeout,lfr,2026-01-29T17:46:05.170839
100,2,0,264,leiden_c_x100,0.008562088012695312,True,False,0.35794737144169,True,,lfr,2026-01-29T17:46:05.667473
100,2,1,309,gurobi,0.39603400230407715,True,False,0.4020433384652434,True,,lfr,2026-01-29T17:46:06.551285
100,2,1,309,bnb_c_seq,0.02931523323059082,True,False,0.402043338465244,True,,lfr,2026-01-29T17:46:07.073402
100,2,1,309,bnb_c,0.014619112014770508,True,False,0.402043338465244,True,,lfr,2026-01-29T17:46:07.570430
100,2,1,309,bnb_c_pruned,0.014481306076049805,True,False,0.402043338465244,True,,lfr,2026-01-29T17:46:08.067037
100,2,1,309,pyomo_cplex,30.0,False,True,,,timeout,lfr,2026-01-29T17:46:38.085198
100,2,1,309,bnb_py,3.521998167037964,True,False,0.4020433384652445,True,,lfr,2026-01-29T17:46:42.112888
100,2,1,309,leiden_c_x100,0.00859975814819336,True,False,0.402043338465244,True,,lfr,2026-01-29T17:46:42.608336
100,2,2,284,gurobi,1.7302589416503906,True,False,0.3666373239436722,True,,lfr,2026-01-29T17:46:44.829014
100,2,2,284,bnb_c_seq,0.2566390037536621,True,False,0.366637323943662,True,,lfr,2026-01-29T17:46:45.589714
100,2,2,284,bnb_c,0.052816152572631836,True,False,0.366637323943662,True,,lfr,2026-01-29T17:46:46.128589
100,2,2,284,bnb_c_pruned,0.05250191688537598,True,False,0.366637323943662,True,,lfr,2026-01-29T17:46:46.671191
100,2,2,284,pyomo_cplex,30.0,False,True,,,timeout,lfr,2026-01-29T17:47:16.688061
100,2,2,284,bnb_py,29.100579977035522,True,False,0.36663732394366216,True,,lfr,2026-01-29T17:47:46.304677
100,2,2,284,leiden_c_x100,0.008564949035644531,True,False,0.366637323943662,True,,lfr,2026-01-29T17:47:46.810562
100,2,3,312,gurobi,3.105071783065796,True,False,0.3469551282051282,True,,lfr,2026-01-29T17:47:50.404219
100,2,3,312,bnb_c_seq,4.432156324386597,True,False,0.346955128205128,True,,lfr,2026-01-29T17:47:55.335393
100,2,3,312,bnb_c,0.7264208793640137,True,False,0.346955128205128,True,,lfr,2026-01-29T17:47:56.548951
100,2,3,312,bnb_c_pruned,0.5953688621520996,True,False,0.346955128205128,True,,lfr,2026-01-29T17:47:57.639712
100,2,3,312,pyomo_cplex,30.0,False,True,,,timeout,lfr,2026-01-29T17:48:27.659826
100,2,3,312,bnb_py,30.0,False,True,,,timeout,lfr,2026-01-29T17:48:57.674198
100,2,3,312,leiden_c_x100,0.00851297378540039,True,False,0.346955128205128,True,,lfr,2026-01-29T17:48:58.179770
100,2,4,261,gurobi,0.0649878978729248,True,False,0.41457847066249415,True,,lfr,2026-01-29T17:48:58.735261
100,2,4,261,bnb_c_seq,0.014048099517822266,True,False,0.414578470662498,True,,lfr,2026-01-29T17:48:59.244699
100,2,4,261,bnb_c,0.011276960372924805,True,False,0.414578470662498,True,,lfr,2026-01-29T17:48:59.742722
100,2,4,261,bnb_c_pruned,0.011629104614257812,True,False,0.414578470662498,True,,lfr,2026-01-29T17:49:00.239093
100,2,4,261,pyomo_cplex,30.0,False,True,,,timeout,lfr,2026-01-29T17:49:30.252679
100,2,4,261,bnb_py,1.4294116497039795,True,False,0.41457847066249787,True,,lfr,2026-01-29T17:49:32.183651
100,2,4,261,leiden_c_x100,0.009366750717163086,True,False,0.414578470662498,True,,lfr,2026-01-29T17:49:32.677370
100,2,5,253,gurobi,0.07585287094116211,True,False,0.3852817572528809,True,,lfr,2026-01-29T17:49:33.239563
100,2,5,253,bnb_c_seq,0.10340309143066406,True,False,0.385281757252886,True,,lfr,2026-01-29T17:49:33.846029
100,2,5,253,bnb_c,0.030181169509887695,True,False,0.385281757252886,True,,lfr,2026-01-29T17:49:34.363360
100,2,5,253,bnb_c_pruned,0.030479907989501953,True,False,0.385281757252886,True,,lfr,2026-01-29T17:49:34.879948
100,2,5,253,pyomo_cplex,30.0,False,True,,,timeout,lfr,2026-01-29T17:50:04.902621
100,2,5,253,bnb_py,13.430015087127686,True,False,0.3852817572528864,True,,lfr,2026-01-29T17:50:18.844480
100,2,5,253,leiden_c_x100,0.008466958999633789,True,False,0.385281757252886,True,,lfr,2026-01-29T17:50:19.339864
100,2,6,267,gurobi,0.21525883674621582,True,False,0.40372988820154704,True,,lfr,2026-01-29T17:50:20.042472
100,2,6,267,bnb_c_seq,0.07068705558776855,True,False,0.403729888201546,True,,lfr,2026-01-29T17:50:20.616502
100,2,6,267,bnb_c,0.021729230880737305,True,False,0.403729888201546,True,,lfr,2026-01-29T17:50:21.121386
100,2,6,267,bnb_c_pruned,0.0213470458984375,True,False,0.403729888201546,True,,lfr,2026-01-29T17:50:21.628389
100,2,6,267,pyomo_cplex,30.0,False,True,,,timeout,lfr,2026-01-29T17:50:51.646640
100,2,6,267,bnb_py,8.44121503829956,True,False,0.4037298882015459,True,,lfr,2026-01-29T17:51:00.593071
100,2,6,267,leiden_c_x100,0.008260965347290039,True,False,0.403729888201546,True,,lfr,2026-01-29T17:51:01.087330
100,2,7,271,gurobi,0.6279590129852295,True,False,0.3809792894976879,True,,lfr,2026-01-29T17:51:02.202026
100,2,7,271,bnb_c_seq,0.1159663200378418,True,False,0.380979289497692,True,,lfr,2026-01-29T17:51:02.814954
100,2,7,271,bnb_c,0.02969074249267578,True,False,0.380979289497692,True,,lfr,2026-01-29T17:51:03.329907
100,2,7,271,bnb_c_pruned,0.027727127075195312,True,False,0.380979289497692,True,,lfr,2026-01-29T17:51:03.854112
100,2,7,271,pyomo_cplex,30.0,False,True,,,timeout,lfr,2026-01-29T17:51:33.872823
100,2,7,271,bnb_py,13.692299842834473,True,False,0.380979289497692,True,,lfr,2026-01-29T17:51:48.077338
100,2,7,271,leiden_c_x100,0.008331060409545898,True,False,0.380979289497692,True,,lfr,2026-01-29T17:51:48.571171
100,2,8,287,gurobi,0.06657290458679199,True,False,0.37105585839333016,True,,lfr,2026-01-29T17:51:49.125863
100,2,8,287,bnb_c_seq,0.022683143615722656,True,False,0.371055858393328,True,,lfr,2026-01-29T17:51:49.647123
100,2,8,287,bnb_c,0.013562202453613281,True,False,0.371055858393328,True,,lfr,2026-01-29T17:51:50.148859
100,2,8,287,bnb_c_pruned,0.013245105743408203,True,False,0.371055858393328,True,,lfr,2026-01-29T17:51:50.648564
100,2,8,287,pyomo_cplex,30.0,False,True,,,timeout,lfr,2026-01-29T17:52:20.668257
100,2,8,287,bnb_py,2.614130973815918,True,False,0.37105585839332766,True,,lfr,2026-01-29T17:52:23.769997
100,2,8,287,leiden_c_x100,0.008713006973266602,True,False,0.371055858393328,True,,lfr,2026-01-29T17:52:24.263951
100,2,9,301,gurobi,0.4400649070739746,True,False,0.36644187150252205,True,,lfr,2026-01-29T17:52:25.191136
100,2,9,301,bnb_c_seq,0.1739201545715332,True,False,0.366441871502522,True,,lfr,2026-01-29T17:52:25.865681
100,2,9,301,bnb_c,0.03938722610473633,True,False,0.366441871502522,True,,lfr,2026-01-29T17:52:26.391451
100,2,9,301,bnb_c_pruned,0.04063534736633301,True,False,0.366441871502522,True,,lfr,2026-01-29T17:52:26.917868
100,2,9,301,pyomo_cplex,30.0,False,True,,,timeout,lfr,2026-01-29T17:52:56.937682
100,2,9,301,bnb_py,20.240104913711548,True,False,0.3664418715025221,True,,lfr,2026-01-29T17:53:17.692274
100,2,9,301,leiden_c_x100,0.00839090347290039,True,False,0.366441871502522,True,,lfr,2026-01-29T17:53:18.185913
100,2,10,249,gurobi,0.481903076171875,True,False,0.39787261495782766,True,,lfr,2026-01-29T17:53:19.157428
100,2,10,249,bnb_c_seq,0.252180814743042,True,False,0.397872614957823,True,,lfr,2026-01-29T17:53:19.905717
100,2,10,249,bnb_c,0.053930044174194336,True,False,0.397872614957823,True,,lfr,2026-01-29T17:53:20.446261
100,2,10,249,bnb_c_pruned,0.05399203300476074,True,False,0.397872614957823,True,,lfr,2026-01-29T17:53:20.985202
100,2,10,249,pyomo_cplex,30.0,False,True,,,timeout,lfr,2026-01-29T17:53:51.004072
100,2,10,249,bnb_py,28.782042026519775,True,False,0.3978726149578232,True,,lfr,2026-01-29T17:54:20.311266
100,2,10,249,leiden_c_x100,0.008671998977661133,True,False,0.397872614957823,True,,lfr,2026-01-29T17:54:20.805583
100,2,11,296,gurobi,0.06733989715576172,True,False,0.3931644905040147,True,,lfr,2026-01-29T17:54:21.359480
100,2,11,296,bnb_c_seq,0.033950090408325195,True,False,0.393164490504018,True,,lfr,2026-01-29T17:54:21.887612
100,2,11,296,bnb_c,0.014582633972167969,True,False,0.393164490504018,True,,lfr,2026-01-29T17:54:22.388874
100,2,11,296,bnb_c_pruned,0.01589488983154297,True,False,0.393164490504018,True,,lfr,2026-01-29T17:54:22.889989
100,2,11,296,pyomo_cplex,30.0,False,True,,,timeout,lfr,2026-01-29T17:54:52.907895
100,2,11,296,bnb_py,3.73921799659729,True,False,0.3931644905040175,True,,lfr,2026-01-29T17:54:57.150627
100,2,11,296,leiden_c_x100,0.009100914001464844,True,False,0.393164490504018,True,,lfr,2026-01-29T17:54:57.648229
100,2,12,303,gurobi,0.2574317455291748,True,False,0.37451665958674846,True,,lfr,2026-01-29T17:54:58.394399
100,2,12,303,bnb_c_seq,0.20936918258666992,True,False,0.374516659586751,True,,lfr,2026-01-29T17:54:59.108908
100,2,12,303,bnb_c,0.047913312911987305,True,False,0.374516659586751,True,,lfr,2026-01-29T17:54:59.661741
100,2,12,303,bnb_c_pruned,0.045346975326538086,True,False,0.374516659586751,True,,lfr,2026-01-29T17:55:00.203289
100,2,12,303,pyomo_cplex,30.0,False,True,,,timeout,lfr,2026-01-29T17:55:30.218966
100,2,12,303,bnb_py,25.88113784790039,True,False,0.3745166595867508,True,,lfr,2026-01-29T17:55:56.632443
100,2,12,303,leiden_c_x100,0.010632038116455078,True,False,0.374516659586751,True,,lfr,2026-01-29T17:55:57.138501
100,2,13,278,gurobi,2.5241830348968506,True,False,0.3665700533098705,True,,lfr,2026-01-29T17:56:00.150822
100,2,13,278,bnb_c_seq,1.94085693359375,True,False,0.36657005330987,True,,lfr,2026-01-29T17:56:02.604961
100,2,13,278,bnb_c,0.29168701171875,True,False,0.36657005330987,True,,lfr,2026-01-29T17:56:03.382492
100,2,13,278,bnb_c_pruned,0.2594881057739258,True,False,0.36657005330987,True,,lfr,2026-01-29T17:56:04.156725
100,2,13,278,pyomo_cplex,30.0,False,True,,,timeout,lfr,2026-01-29T17:56:34.184568
100,2,13,278,bnb_py,30.0,False,True,,,timeout,lfr,2026-01-29T17:57:04.192849
100,2,13,278,leiden_c_x100,0.0084228515625,True,False,0.36657005330987,True,,lfr,2026-01-29T17:57:04.687872
100,2,14,279,gurobi,0.06696486473083496,True,False,0.413663750465696,True,,lfr,2026-01-29T17:57:05.241794
100,2,14,279,bnb_c_seq,0.018159866333007812,True,False,0.413663750465693,True,,lfr,2026-01-29T17:57:05.754822
100,2,14,279,bnb_c,0.013293027877807617,True,False,0.413663750465693,True,,lfr,2026-01-29T17:57:06.255492
100,2,14,279,bnb_c_pruned,0.012671947479248047,True,False,0.413663750465693,True,,lfr,2026-01-29T17:57:06.755564
100,2,14,279,pyomo_cplex,30.0,False,True,,,timeout,lfr,2026-01-29T17:57:36.773670
100,2,14,279,bnb_py,1.8867828845977783,True,False,0.4136637504656929,True,,lfr,2026-01-29T17:57:39.159346
100,2,14,279,leiden_c_x100,0.00872802734375,True,False,0.413663750465693,True,,lfr,2026-01-29T17:57:39.654792
100,2,15,326,gurobi,0.5244901180267334,True,False,0.3694295984041537,True,,lfr,2026-01-29T17:57:40.670405
100,2,15,326,bnb_c_seq,1.0136849880218506,True,False,0.369429598404155,True,,lfr,2026-01-29T17:57:42.179763
100,2,15,326,bnb_c,0.17836594581604004,True,False,0.369429598404155,True,,lfr,2026-01-29T17:57:42.843575
100,2,15,326,bnb_c_pruned,0.17536091804504395,True,False,0.369429598404155,True,,lfr,2026-01-29T17:57:43.507187
100,2,15,326,pyomo_cplex,30.0,False,True,,,timeout,lfr,2026-01-29T17:58:13.525946
100,2,15,326,bnb_py,30.0,False,True,,,timeout,lfr,2026-01-29T17:58:43.538267
100,2,15,326,leiden_c_x100,0.008736133575439453,True,False,0.369429598404155,True,,lfr,2026-01-29T17:58:44.043723
100,2,16,294,gurobi,0.36316418647766113,True,False,0.37794437502891987,True,,lfr,2026-01-29T17:58:44.892708
100,2,16,294,bnb_c_seq,0.15856504440307617,True,False,0.377944375028923,True,,lfr,2026-01-29T17:58:45.546387
100,2,16,294,bnb_c,0.039243221282958984,True,False,0.377944375028923,True,,lfr,2026-01-29T17:58:46.070543
100,2,16,294,bnb_c_pruned,0.03682899475097656,True,False,0.377944375028923,True,,lfr,2026-01-29T17:58:46.591779
100,2,16,294,pyomo_cplex,30.0,False,True,,,timeout,lfr,2026-01-29T17:59:16.613943
100,2,16,294,bnb_py,20.174771308898926,True,False,0.3779443750289232,True,,lfr,2026-01-29T17:59:37.294773
100,2,16,294,leiden_c_x100,0.008551836013793945,True,False,0.377944375028923,True,,lfr,2026-01-29T17:59:37.798340
100,2,17,280,gurobi,0.314985990524292,True,False,0.36989795918367874,True,,lfr,2026-01-29T17:59:38.602411
100,2,17,280,bnb_c_seq,0.13852787017822266,True,False,0.369897959183674,True,,lfr,2026-01-29T17:59:39.236375
100,2,17,280,bnb_c,0.032792091369628906,True,False,0.369897959183674,True,,lfr,2026-01-29T17:59:39.754626
100,2,17,280,bnb_c_pruned,0.034191131591796875,True,False,0.369897959183674,True,,lfr,2026-01-29T17:59:40.273937
100,2,17,280,pyomo_cplex,30.0,False,True,,,timeout,lfr,2026-01-29T18:00:10.292814
100,2,17,280,bnb_py,17.618592977523804,True,False,0.3698979591836736,True,,lfr,2026-01-29T18:00:28.425808
100,2,17,280,leiden_c_x100,0.008638858795166016,True,False,0.369897959183674,True,,lfr,2026-01-29T18:00:28.937703
100,2,18,277,gurobi,0.49404191970825195,True,False,0.36784657691355244,True,,lfr,2026-01-29T18:00:29.921437
100,2,18,277,bnb_c_seq,0.25034093856811523,True,False,0.367846576913553,True,,lfr,2026-01-29T18:00:30.674226
100,2,18,277,bnb_c,0.051434993743896484,True,False,0.367846576913553,True,,lfr,2026-01-29T18:00:31.211389
100,2,18,277,bnb_c_pruned,0.0513150691986084,True,False,0.367846576913553,True,,lfr,2026-01-29T18:00:31.751376
100,2,18,277,pyomo_cplex,30.0,False,True,,,timeout,lfr,2026-01-29T18:01:01.773175
100,2,18,277,bnb_py,28.32807493209839,True,False,0.36784657691355294,True,,lfr,2026-01-29T18:01:30.621027
100,2,18,277,leiden_c_x100,0.009202003479003906,True,False,0.367846576913553,True,,lfr,2026-01-29T18:01:31.127756
100,2,19,244,gurobi,0.13077998161315918,True,False,0.40577129803816653,True,,lfr,2026-01-29T18:01:31.744816
100,2,19,244,bnb_c_seq,0.03664088249206543,True,False,0.405771298038162,True,,lfr,2026-01-29T18:01:32.278311
100,2,19,244,bnb_c,0.01796579360961914,True,False,0.405771298038162,True,,lfr,2026-01-29T18:01:32.779710
100,2,19,244,bnb_c_pruned,0.01701188087463379,True,False,0.405771298038162,True,,lfr,2026-01-29T18:01:33.284822
100,2,19,244,pyomo_cplex,30.0,False,True,,,timeout,lfr,2026-01-29T18:02:03.306563
100,2,19,244,bnb_py,3.960559129714966,True,False,0.4057712980381618,True,,lfr,2026-01-29T18:02:07.772504
100,2,19,244,leiden_c_x100,0.008892059326171875,True,False,0.405771298038162,True,,lfr,2026-01-29T18:02:08.266263
120,2,0,376,gurobi,28.587324857711792,True,False,0.34884280217293534,True,,lfr,2026-01-29T18:02:37.347047
120,2,0,376,bnb_c_seq,30.0,False,True,,,timeout,lfr,2026-01-29T18:03:07.360169
120,2,0,376,bnb_c,16.099398136138916,True,False,0.348842802172929,True,,lfr,2026-01-29T18:03:23.948791
120,2,0,376,bnb_c_pruned,12.765176057815552,True,False,0.348842802172929,True,,lfr,2026-01-29T18:03:37.206667
120,2,0,376,bnb_py,30.0,False,True,,,timeout,lfr,2026-01-29T18:04:07.214051
120,2,0,376,leiden_c_x100,0.009989023208618164,True,False,0.348842802172929,True,,lfr,2026-01-29T18:04:07.726596
120,2,1,344,gurobi,1.0847411155700684,True,False,0.3816252028123358,True,,lfr,2026-01-29T18:04:09.304271
120,2,1,344,bnb_c_seq,2.7512519359588623,True,False,0.381625202812331,True,,lfr,2026-01-29T18:04:12.555192
120,2,1,344,bnb_c,0.4553968906402588,True,False,0.381625202812331,True,,lfr,2026-01-29T18:04:13.500144
120,2,1,344,bnb_c_pruned,0.4614436626434326,True,False,0.381625202812331,True,,lfr,2026-01-29T18:04:14.462757
120,2,1,344,bnb_py,30.0,False,True,,,timeout,lfr,2026-01-29T18:04:44.470074
120,2,1,344,leiden_c_x100,0.010032892227172852,True,False,0.381625202812331,True,,lfr,2026-01-29T18:04:44.976384
120,2,2,366,gurobi,0.3607978820800781,True,False,0.38321538415598966,True,,lfr,2026-01-29T18:04:45.823804
120,2,2,366,bnb_c_seq,1.4711999893188477,True,False,0.383215384155991,True,,lfr,2026-01-29T18:04:47.790263
120,2,2,366,bnb_c,0.2372589111328125,True,False,0.383215384155991,True,,lfr,2026-01-29T18:04:48.511456
120,2,2,366,bnb_c_pruned,0.2561779022216797,True,False,0.383215384155991,True,,lfr,2026-01-29T18:04:49.253002
120,2,2,366,bnb_py,30.0,False,True,,,timeout,lfr,2026-01-29T18:05:19.263176
120,2,2,366,leiden_c_x100,0.009292125701904297,True,False,0.383215384155991,True,,lfr,2026-01-29T18:05:19.764270
120,2,3,379,gurobi,1.4141428470611572,True,False,0.3812908570672725,True,,lfr,2026-01-29T18:05:21.661163
120,2,3,379,bnb_c_seq,1.482119083404541,True,False,0.381290857067272,True,,lfr,2026-01-29T18:05:23.632622
120,2,3,379,bnb_c,0.2367849349975586,True,False,0.381290857067272,True,,lfr,2026-01-29T18:05:24.349716
120,2,3,379,bnb_c_pruned,0.23787593841552734,True,False,0.381290857067272,True,,lfr,2026-01-29T18:05:25.068681
120,2,3,379,bnb_py,30.0,False,True,,,timeout,lfr,2026-01-29T18:05:55.080696
120,2,3,379,leiden_c_x100,0.009373903274536133,True,False,0.381290857067272,True,,lfr,2026-01-29T18:05:55.579837
120,2,4,319,gurobi,0.47446513175964355,True,False,0.3964731085582854,True,,lfr,2026-01-29T18:05:56.535750
120,2,4,319,bnb_c_seq,0.914788007736206,True,False,0.396473108558289,True,,lfr,2026-01-29T18:05:57.930936
120,2,4,319,bnb_c,0.01075291633605957,True,False,0.396473108558289,True,,lfr,2026-01-29T18:05:58.419939
120,2,4,319,bnb_c_pruned,0.15896177291870117,True,False,0.396473108558289,True,,lfr,2026-01-29T18:05:59.060252
120,2,4,319,bnb_py,30.0,False,True,,,timeout,lfr,2026-01-29T18:06:29.075080
120,2,4,319,leiden_c_x100,0.009128808975219727,True,False,0.396473108558289,True,,lfr,2026-01-29T18:06:29.561458
120,2,5,392,gurobi,0.2422637939453125,True,False,0.39565545605997776,True,,lfr,2026-01-29T18:06:30.283100
120,2,5,392,bnb_c_seq,0.23323893547058105,True,False,0.395655456059975,True,,lfr,2026-01-29T18:06:30.997298
120,2,5,392,bnb_c,0.04637432098388672,True,False,0.395655456059975,True,,lfr,2026-01-29T18:06:31.519550
120,2,5,392,bnb_c_pruned,0.04982304573059082,True,False,0.395655456059975,True,,lfr,2026-01-29T18:06:32.045112
120,2,5,392,bnb_py,30.0,False,True,,,timeout,lfr,2026-01-29T18:07:02.060908
120,2,5,392,leiden_c_x100,0.009820938110351562,True,False,0.395655456059975,True,,lfr,2026-01-29T18:07:02.553525
120,2,6,413,gurobi,0.1184539794921875,True,False,0.3976455276163877,True,,lfr,2026-01-29T18:07:03.145028
120,2,6,413,bnb_c_seq,0.10708498954772949,True,False,0.39764552761639,True,,lfr,2026-01-29T18:07:03.725759
120,2,6,413,bnb_c,0.02935004234313965,True,False,0.39764552761639,True,,lfr,2026-01-29T18:07:04.227385
120,2,6,413,bnb_c_pruned,0.028239965438842773,True,False,0.39764552761639,True,,lfr,2026-01-29T18:07:04.731988
120,2,6,413,bnb_py,13.500101089477539,True,False,0.39764552761638994,True,,lfr,2026-01-29T18:07:18.712279
120,2,6,413,leiden_c_x100,0.009293794631958008,True,False,0.39764552761639,True,,lfr,2026-01-29T18:07:19.194662
120,2,7,293,gurobi,1.1797590255737305,True,False,0.39440179850667534,True,,lfr,2026-01-29T18:07:20.846659
120,2,7,293,bnb_c_seq,3.6599912643432617,True,False,0.39440179850668,True,,lfr,2026-01-29T18:07:24.985749
120,2,7,293,bnb_c,0.5446510314941406,True,False,0.39440179850668,True,,lfr,2026-01-29T18:07:26.004892
120,2,7,293,bnb_c_pruned,0.5878951549530029,True,False,0.39440179850668,True,,lfr,2026-01-29T18:07:27.073083
120,2,7,293,bnb_py,30.0,False,True,,,timeout,lfr,2026-01-29T18:07:57.085162
120,2,7,293,leiden_c_x100,0.009080171585083008,True,False,0.39440179850668,True,,lfr,2026-01-29T18:07:57.575851
120,2,8,378,gurobi,0.12552809715270996,True,False,0.39065255731923076,True,,lfr,2026-01-29T18:07:58.173419
120,2,8,378,bnb_c_seq,0.7372167110443115,True,False,0.390652557319224,True,,lfr,2026-01-29T18:07:59.388450
120,2,8,378,bnb_c,0.1286911964416504,True,False,0.390652557319224,True,,lfr,2026-01-29T18:07:59.987947
120,2,8,378,bnb_c_pruned,0.1299419403076172,True,False,0.390652557319224,True,,lfr,2026-01-29T18:08:00.590818
120,2,8,378,bnb_py,30.0,False,True,,,timeout,lfr,2026-01-29T18:08:30.601643
120,2,8,378,leiden_c_x100,0.00993204116821289,True,False,0.390652557319224,True,,lfr,2026-01-29T18:08:31.080443
120,2,9,367,gurobi,0.8824610710144043,True,False,0.38871028814528513,True,,lfr,2026-01-29T18:08:32.434564
120,2,9,367,bnb_c_seq,0.5679891109466553,True,False,0.388710288145283,True,,lfr,2026-01-29T18:08:33.480008
120,2,9,367,bnb_c,0.10159611701965332,True,False,0.388710288145283,True,,lfr,2026-01-29T18:08:34.062362
120,2,9,367,bnb_c_pruned,0.09725069999694824,True,False,0.388710288145283,True,,lfr,2026-01-29T18:08:34.634049
120,2,9,367,bnb_py,30.0,False,True,,,timeout,lfr,2026-01-29T18:09:04.644521
120,2,9,367,leiden_c_x100,0.009826183319091797,True,False,0.388710288145283,True,,lfr,2026-01-29T18:09:05.125184
120,2,10,292,gurobi,0.19762921333312988,True,False,0.4072469037342944,True,,lfr,2026-01-29T18:09:05.795343
120,2,10,292,bnb_c_seq,0.3460390567779541,True,False,0.407246903734284,True,,lfr,2026-01-29T18:09:06.617051
120,2,10,292,bnb_c,0.06526613235473633,True,False,0.407246903734284,True,,lfr,2026-01-29T18:09:07.151258
120,2,10,292,bnb_c_pruned,0.07182908058166504,True,False,0.407246903734284,True,,lfr,2026-01-29T18:09:07.695369
120,2,10,292,bnb_py,30.0,False,True,,,timeout,lfr,2026-01-29T18:09:37.701785
120,2,10,292,leiden_c_x100,0.009558916091918945,True,False,0.407246903734284,True,,lfr,2026-01-29T18:09:38.188790
120,2,11,321,gurobi,21.928298950195312,True,False,0.36321464271502496,True,,lfr,2026-01-29T18:10:00.588966
120,2,11,321,bnb_c_seq,30.0,False,True,,,timeout,lfr,2026-01-29T18:10:30.603115
120,2,11,321,bnb_c,12.731618165969849,True,False,0.363214642715036,True,,lfr,2026-01-29T18:10:43.833010
120,2,11,321,bnb_c_pruned,13.215601205825806,True,False,0.363214642715036,True,,lfr,2026-01-29T18:10:57.543902
120,2,11,321,bnb_py,30.0,False,True,,,timeout,lfr,2026-01-29T18:11:27.560443
120,2,11,321,leiden_c_x100,0.010098934173583984,True,False,0.363214642715036,True,,lfr,2026-01-29T18:11:28.061959
120,2,12,402,gurobi,0.6656520366668701,True,False,0.3812158114898163,True,,lfr,2026-01-29T18:11:29.209847
120,2,12,402,bnb_c_seq,2.884972095489502,True,False,0.381215811489815,True,,lfr,2026-01-29T18:11:32.576487
120,2,12,402,bnb_c,0.46863794326782227,True,False,0.381215811489815,True,,lfr,2026-01-29T18:11:33.527001
120,2,12,402,bnb_c_pruned,0.4970710277557373,True,False,0.381215811489815,True,,lfr,2026-01-29T18:11:34.516727
120,2,12,402,bnb_py,30.0,False,True,,,timeout,lfr,2026-01-29T18:12:04.526401
120,2,12,402,leiden_c_x100,0.009584903717041016,True,False,0.381215811489815,True,,lfr,2026-01-29T18:12:05.016927
120,2,13,337,gurobi,0.8115139007568359,True,False,0.3885171129445518,True,,lfr,2026-01-29T18:12:06.309278
120,2,13,337,bnb_c_seq,0.7343971729278564,True,False,0.388517112944554,True,,lfr,2026-01-29T18:12:07.525886
120,2,13,337,bnb_c,0.13240694999694824,True,False,0.388517112944554,True,,lfr,2026-01-29T18:12:08.137033
120,2,13,337,bnb_c_pruned,0.11983799934387207,True,False,0.388517112944554,True,,lfr,2026-01-29T18:12:08.736786
120,2,13,337,bnb_py,30.0,False,True,,,timeout,lfr,2026-01-29T18:12:38.748028
120,2,13,337,leiden_c_x100,0.0095977783203125,True,False,0.388517112944554,True,,lfr,2026-01-29T18:12:39.243096
120,2,14,350,gurobi,0.1024160385131836,True,False,0.39428571428571824,True,,lfr,2026-01-29T18:12:39.820974
120,2,14,350,bnb_c_seq,0.19230318069458008,True,False,0.394285714285714,True,,lfr,2026-01-29T18:12:40.493221
120,2,14,350,bnb_c,0.03986096382141113,True,False,0.394285714285714,True,,lfr,2026-01-29T18:12:41.005905
120,2,14,350,bnb_c_pruned,0.041295766830444336,True,False,0.394285714285714,True,,lfr,2026-01-29T18:12:41.524170
120,2,14,350,bnb_py,24.048297882080078,True,False,0.39428571428571424,True,,lfr,2026-01-29T18:13:06.060792
120,2,14,350,leiden_c_x100,0.009699106216430664,True,False,0.394285714285714,True,,lfr,2026-01-29T18:13:06.544815
120,2,15,392,gurobi,1.5728681087493896,True,False,0.35849645980841555,True,,lfr,2026-01-29T18:13:08.593152
120,2,15,392,bnb_c_seq,5.5590269565582275,True,False,0.358496459808413,True,,lfr,2026-01-29T18:13:14.637332
120,2,15,392,bnb_c,0.9264931678771973,True,False,0.358496459808413,True,,lfr,2026-01-29T18:13:16.036255
120,2,15,392,bnb_c_pruned,0.8948118686676025,True,False,0.358496459808413,True,,lfr,2026-01-29T18:13:17.409629
120,2,15,392,bnb_py,30.0,False,True,,,timeout,lfr,2026-01-29T18:13:47.418095
120,2,15,392,leiden_c_x100,0.010101079940795898,True,False,0.358496459808413,True,,lfr,2026-01-29T18:13:47.911104
120,2,16,311,gurobi,0.35265016555786133,True,False,0.3938286411430752,True,,lfr,2026-01-29T18:13:48.735917
120,2,16,311,bnb_c_seq,0.5439300537109375,True,False,0.393828641143082,True,,lfr,2026-01-29T18:13:49.757965
120,2,16,311,bnb_c,0.09861016273498535,True,False,0.393828641143082,True,,lfr,2026-01-29T18:13:50.328756
120,2,16,311,bnb_c_pruned,0.09893107414245605,True,False,0.393828641143082,True,,lfr,2026-01-29T18:13:50.903491
120,2,16,311,bnb_py,30.0,False,True,,,timeout,lfr,2026-01-29T18:14:20.917013
120,2,16,311,leiden_c_x100,0.008980035781860352,True,False,0.393828641143082,True,,lfr,2026-01-29T18:14:21.394962
120,2,17,354,gurobi,0.6775491237640381,True,False,0.3815314883973352,True,,lfr,2026-01-29T18:14:22.544178
120,2,17,354,bnb_c_seq,8.966376066207886,True,False,0.381531488397332,True,,lfr,2026-01-29T18:14:31.989278
120,2,17,354,bnb_c,1.4384357929229736,True,False,0.381531488397332,True,,lfr,2026-01-29T18:14:33.898136
120,2,17,354,bnb_c_pruned,0.933661937713623,True,False,0.381531488397332,True,,lfr,2026-01-29T18:14:35.318881
120,2,17,354,bnb_py,30.0,False,True,,,timeout,lfr,2026-01-29T18:15:05.332715
120,2,17,354,leiden_c_x100,0.009096860885620117,True,False,0.381531488397332,True,,lfr,2026-01-29T18:15:05.811252
120,2,18,397,gurobi,0.9660229682922363,True,False,0.37742451255956266,True,,lfr,2026-01-29T18:15:07.243545
120,2,18,397,bnb_c_seq,3.043654203414917,True,False,0.377424512559562,True,,lfr,2026-01-29T18:15:10.766784
120,2,18,397,bnb_c,0.5275490283966064,True,False,0.377424512559562,True,,lfr,2026-01-29T18:15:11.763731
120,2,18,397,bnb_c_pruned,0.5518109798431396,True,False,0.377424512559562,True,,lfr,2026-01-29T18:15:12.789198
120,2,18,397,bnb_py,30.0,False,True,,,timeout,lfr,2026-01-29T18:15:42.795938
120,2,18,397,leiden_c_x100,0.00949716567993164,True,False,0.377424512559562,True,,lfr,2026-01-29T18:15:43.283076
120,2,19,358,gurobi,0.7541289329528809,True,False,0.37873349770606846,True,,lfr,2026-01-29T18:15:44.507878
120,2,19,358,bnb_c_seq,3.380289077758789,True,False,0.378733497706064,True,,lfr,2026-01-29T18:15:48.361554
120,2,19,358,bnb_c,0.5693991184234619,True,False,0.378733497706064,True,,lfr,2026-01-29T18:15:49.399044
120,2,19,358,bnb_c_pruned,0.5278060436248779,True,False,0.378733497706064,True,,lfr,2026-01-29T18:15:50.398945
120,2,19,358,bnb_py,30.0,False,True,,,timeout,lfr,2026-01-29T18:16:20.413875
120,2,19,358,leiden_c_x100,0.009508848190307617,True,False,0.378733497706064,True,,lfr,2026-01-29T18:16:20.891612
140,2,0,469,gurobi,0.12844204902648926,True,False,0.40820418165038275,True,,lfr,2026-01-29T18:16:21.489592
140,2,0,469,bnb_c_seq,1.1904289722442627,True,False,0.408204181650383,True,,lfr,2026-01-29T18:16:23.153538
140,2,0,469,bnb_c,0.19699406623840332,True,False,0.408204181650383,True,,lfr,2026-01-29T18:16:23.830857
140,2,0,469,bnb_c_pruned,0.20240306854248047,True,False,0.408204181650383,True,,lfr,2026-01-29T18:16:24.504058
140,2,0,469,bnb_py,30.0,False,True,,,timeout,lfr,2026-01-29T18:16:54.513615
140,2,0,469,leiden_c_x100,0.010950088500976562,True,False,0.408204181650383,True,,lfr,2026-01-29T18:16:55.002312
140,2,1,514,gurobi,1.7384660243988037,True,False,0.3795136943784148,True,,lfr,2026-01-29T18:16:57.209818
140,2,1,514,bnb_c_seq,12.286643981933594,True,False,0.379513694378416,True,,lfr,2026-01-29T18:17:09.974738
140,2,1,514,bnb_c,1.9160418510437012,True,False,0.379513694378416,True,,lfr,2026-01-29T18:17:12.356566
140,2,1,514,bnb_c_pruned,1.7463700771331787,True,False,0.379513694378416,True,,lfr,2026-01-29T18:17:14.575474
140,2,1,514,bnb_py,30.0,False,True,,,timeout,lfr,2026-01-29T18:17:44.592177
140,2,1,514,leiden_c_x100,0.011049985885620117,True,False,0.379513694378416,True,,lfr,2026-01-29T18:17:45.086246
140,2,2,433,gurobi,1.2614109516143799,True,False,0.3876254073572272,True,,lfr,2026-01-29T18:17:46.820792
140,2,2,433,bnb_c_seq,12.299404859542847,True,False,0.387625407357232,True,,lfr,2026-01-29T18:17:59.601720
140,2,2,433,bnb_c,1.8460509777069092,True,False,0.387625407357232,True,,lfr,2026-01-29T18:18:01.919258
140,2,2,433,bnb_c_pruned,1.8247182369232178,True,False,0.387625407357232,True,,lfr,2026-01-29T18:18:04.223942
140,2,2,433,bnb_py,30.0,False,True,,,timeout,lfr,2026-01-29T18:18:34.240262
140,2,2,433,leiden_c_x100,0.011043787002563477,True,False,0.387625407357232,True,,lfr,2026-01-29T18:18:34.736599
140,2,3,450,gurobi,0.391204833984375,True,False,0.37661975308641316,True,,lfr,2026-01-29T18:18:35.607054
140,2,3,450,bnb_c_seq,7.5021069049835205,True,False,0.37661975308642,True,,lfr,2026-01-29T18:18:43.589756
140,2,3,450,bnb_c,1.1793739795684814,True,False,0.37661975308642,True,,lfr,2026-01-29T18:18:45.244699
140,2,3,450,bnb_c_pruned,1.2737209796905518,True,False,0.37661975308642,True,,lfr,2026-01-29T18:18:46.997617
140,2,3,450,bnb_py,30.0,False,True,,,timeout,lfr,2026-01-29T18:19:17.008059
140,2,3,450,leiden_c_x100,0.01102590560913086,True,False,0.37661975308642,True,,lfr,2026-01-29T18:19:17.495842
140,2,4,464,gurobi,1.2912280559539795,True,False,0.3830609950951255,True,,lfr,2026-01-29T18:19:19.265369
140,2,4,464,bnb_c_seq,30.0,False,True,,,timeout,lfr,2026-01-29T18:19:49.280626
140,2,4,464,bnb_c,7.160412073135376,True,False,0.383060995095125,True,,lfr,2026-01-29T18:19:56.934219
140,2,4,464,bnb_c_pruned,5.937874794006348,True,False,0.383060995095125,True,,lfr,2026-01-29T18:20:03.356472
140,2,4,464,bnb_py,30.0,False,True,,,timeout,lfr,2026-01-29T18:20:33.368124
140,2,4,464,leiden_c_x100,0.01114797592163086,True,False,0.383060995095125,True,,lfr,2026-01-29T18:20:33.907214
140,2,5,444,gurobi,0.7498469352722168,True,False,0.3873848510672799,True,,lfr,2026-01-29T18:20:35.139494
140,2,5,444,bnb_c_seq,20.45704412460327,True,False,0.387384851067284,True,,lfr,2026-01-29T18:20:56.081476
140,2,5,444,bnb_c,3.221550703048706,True,False,0.387384851067284,True,,lfr,2026-01-29T18:20:59.791729
140,2,5,444,bnb_c_pruned,3.1711978912353516,True,False,0.387384851067284,True,,lfr,2026-01-29T18:21:03.444160
140,2,5,444,bnb_py,30.0,False,True,,,timeout,lfr,2026-01-29T18:21:33.458659
140,2,5,444,leiden_c_x100,0.011464118957519531,True,False,0.387384851067283,True,,lfr,2026-01-29T18:21:33.957563
140,2,6,406,gurobi,25.6060848236084,True,False,0.3759008954354536,True,,lfr,2026-01-29T18:22:00.045359
140,2,6,406,bnb_c_seq,30.0,False,True,,,timeout,lfr,2026-01-29T18:22:30.059676
140,2,6,406,bnb_c,30.0,False,True,,,timeout,lfr,2026-01-29T18:23:00.077897
140,2,6,406,bnb_c_pruned,30.0,False,True,,,timeout,lfr,2026-01-29T18:23:30.089877
140,2,6,406,bnb_py,30.0,False,True,,,timeout,lfr,2026-01-29T18:24:00.098545
140,2,6,406,leiden_c_x100,0.011575937271118164,True,False,0.375900895435463,,,lfr,2026-01-29T18:24:00.606351
140,2,7,444,gurobi,0.9632439613342285,True,False,0.36814179043908124,True,,lfr,2026-01-29T18:24:02.059546
140,2,7,444,bnb_c_seq,30.0,False,True,,,timeout,lfr,2026-01-29T18:24:32.067204
140,2,7,444,bnb_c,14.551342248916626,True,False,0.368141790439088,True,,lfr,2026-01-29T18:24:47.127958
140,2,7,444,bnb_c_pruned,12.147224187850952,True,False,0.368141790439088,True,,lfr,2026-01-29T18:24:59.784837
140,2,7,444,bnb_py,30.0,False,True,,,timeout,lfr,2026-01-29T18:25:29.801398
140,2,7,444,leiden_c_x100,0.011995077133178711,True,False,0.368141790439088,True,,lfr,2026-01-29T18:25:30.321817
140,2,8,461,gurobi,2.104901075363159,True,False,0.3902743728855066,True,,lfr,2026-01-29T18:25:32.924330
140,2,8,461,bnb_c_seq,23.96796703338623,True,False,0.390274372885503,True,,lfr,2026-01-29T18:25:57.383838
140,2,8,461,bnb_c,3.7957561016082764,True,False,0.390274372885503,True,,lfr,2026-01-29T18:26:01.677824
140,2,8,461,bnb_c_pruned,3.879376173019409,True,False,0.390274372885503,True,,lfr,2026-01-29T18:26:06.041918
140,2,8,461,bnb_py,30.0,False,True,,,timeout,lfr,2026-01-29T18:26:36.056090
140,2,8,461,leiden_c_x100,0.011050939559936523,True,False,0.390274372885503,True,,lfr,2026-01-29T18:26:36.562638
140,2,9,431,gurobi,0.17299222946166992,True,False,0.40484816511539246,True,,lfr,2026-01-29T18:26:37.224070
140,2,9,431,bnb_c_seq,3.578687906265259,True,False,0.40484816511539,True,,lfr,2026-01-29T18:26:41.289013
140,2,9,431,bnb_c,0.5791659355163574,True,False,0.40484816511539,True,,lfr,2026-01-29T18:26:42.352417
140,2,9,431,bnb_c_pruned,0.5130691528320312,True,False,0.40484816511539,True,,lfr,2026-01-29T18:26:43.351049
140,2,9,431,bnb_py,30.0,False,True,,,timeout,lfr,2026-01-29T18:27:13.365057
140,2,9,431,leiden_c_x100,0.011125802993774414,True,False,0.40484816511539,True,,lfr,2026-01-29T18:27:13.866904
140,2,10,447,gurobi,30.0,False,True,,,timeout,lfr,2026-01-29T18:27:43.888085
140,2,10,447,bnb_c_seq,30.0,False,True,,,timeout,lfr,2026-01-29T18:28:13.902409
140,2,10,447,bnb_c,30.0,False,True,,,timeout,lfr,2026-01-29T18:28:43.924913
140,2,10,447,bnb_c_pruned,30.0,False,True,,,timeout,lfr,2026-01-29T18:29:13.951378
140,2,10,447,bnb_py,30.0,False,True,,,timeout,lfr,2026-01-29T18:29:43.963893
140,2,10,447,leiden_c_x100,0.020261764526367188,True,False,0.375078199680695,,,lfr,2026-01-29T18:29:44.559551
140,2,11,464,gurobi,30.0,False,True,,,timeout,lfr,2026-01-29T18:30:14.579959
140,2,11,464,bnb_c_seq,30.0,False,True,,,timeout,lfr,2026-01-29T18:30:44.590460
140,2,11,464,bnb_c,30.0,False,True,,,timeout,lfr,2026-01-29T18:31:14.616343
140,2,11,464,bnb_c_pruned,30.0,False,True,,,timeout,lfr,2026-01-29T18:31:44.650234
140,2,11,464,bnb_py,30.0,False,True,,,timeout,lfr,2026-01-29T18:32:14.666840
140,2,11,464,leiden_c_x100,0.03962898254394531,True,False,0.367419738406659,,,lfr,2026-01-29T18:32:15.438987
140,2,12,466,gurobi,23.676948308944702,True,False,0.3823403451896337,True,,lfr,2026-01-29T18:32:39.944618
140,2,12,466,bnb_c_seq,30.0,False,True,,,timeout,lfr,2026-01-29T18:33:09.956390
140,2,12,466,bnb_c,22.561066389083862,True,False,0.382340345189633,True,,lfr,2026-01-29T18:33:33.305192
140,2,12,466,bnb_c_pruned,22.963142156600952,True,False,0.382340345189633,True,,lfr,2026-01-29T18:33:57.108618
140,2,12,466,bnb_py,30.0,False,True,,,timeout,lfr,2026-01-29T18:34:27.140041
140,2,12,466,leiden_c_x100,0.019468069076538086,True,False,0.382340345189633,True,,lfr,2026-01-29T18:34:27.972323
140,2,13,434,gurobi,2.497121810913086,True,False,0.39554885429718345,True,,lfr,2026-01-29T18:34:31.214339
140,2,13,434,bnb_c_seq,13.575716972351074,True,False,0.395548854297182,True,,lfr,2026-01-29T18:34:45.651013
140,2,13,434,bnb_c,4.802911996841431,True,False,0.395548854297182,True,,lfr,2026-01-29T18:34:51.287694
140,2,13,434,bnb_c_pruned,2.6948060989379883,True,False,0.395548854297182,True,,lfr,2026-01-29T18:34:54.761466
140,2,13,434,bnb_py,30.0,False,True,,,timeout,lfr,2026-01-29T18:35:24.800361
140,2,13,434,leiden_c_x100,0.030378103256225586,True,False,0.395548854297182,True,,lfr,2026-01-29T18:35:25.589012
140,2,14,424,gurobi,2.4301528930664062,True,False,0.3942684229263104,True,,lfr,2026-01-29T18:35:28.747680
140,2,14,424,bnb_c_seq,4.48895788192749,True,False,0.394268422926308,True,,lfr,2026-01-29T18:35:33.967888
140,2,14,424,bnb_c,0.8645522594451904,True,False,0.394268422926308,True,,lfr,2026-01-29T18:35:35.574591
140,2,14,424,bnb_c_pruned,0.7856049537658691,True,False,0.394268422926308,True,,lfr,2026-01-29T18:35:37.200366
140,2,14,424,bnb_py,30.0,False,True,,,timeout,lfr,2026-01-29T18:36:07.216285
140,2,14,424,leiden_c_x100,0.012367010116577148,True,False,0.394268422926308,True,,lfr,2026-01-29T18:36:07.740684
140,2,15,507,gurobi,0.992910623550415,True,False,0.38153815031375327,True,,lfr,2026-01-29T18:36:09.228807
140,2,15,507,bnb_c_seq,12.652656078338623,True,False,0.381538150313753,True,,lfr,2026-01-29T18:36:22.379585
140,2,15,507,bnb_c,2.0674989223480225,True,False,0.381538150313753,True,,lfr,2026-01-29T18:36:24.951699
140,2,15,507,bnb_c_pruned,2.017009973526001,True,False,0.381538150313753,True,,lfr,2026-01-29T18:36:27.463698
140,2,15,507,bnb_py,30.0,False,True,,,timeout,lfr,2026-01-29T18:36:57.480331
140,2,15,507,leiden_c_x100,0.011131763458251953,True,False,0.381538150313753,True,,lfr,2026-01-29T18:36:58.002787
140,2,16,473,gurobi,6.33663010597229,True,False,0.37763767772618184,True,,lfr,2026-01-29T18:37:04.837334
140,2,16,473,bnb_c_seq,20.70150399208069,True,False,0.377637677726178,True,,lfr,2026-01-29T18:37:26.038341
140,2,16,473,bnb_c,3.510298013687134,True,False,0.377637677726178,True,,lfr,2026-01-29T18:37:30.047339
140,2,16,473,bnb_c_pruned,3.3657548427581787,True,False,0.377637677726178,True,,lfr,2026-01-29T18:37:33.908687
140,2,16,473,bnb_py,30.0,False,True,,,timeout,lfr,2026-01-29T18:38:03.925466
140,2,16,473,leiden_c_x100,0.012009143829345703,True,False,0.377637677726178,True,,lfr,2026-01-29T18:38:04.454162
140,2,17,454,gurobi,0.23426103591918945,True,False,0.385790040559672,True,,lfr,2026-01-29T18:38:05.208570
140,2,17,454,bnb_c_seq,13.407392978668213,True,False,0.385790040559685,True,,lfr,2026-01-29T18:38:19.124542
140,2,17,454,bnb_c,2.217149019241333,True,False,0.385790040559685,True,,lfr,2026-01-29T18:38:21.848368
140,2,17,454,bnb_c_pruned,2.0982799530029297,True,False,0.385790040559685,True,,lfr,2026-01-29T18:38:24.476218
140,2,17,454,bnb_py,30.0,False,True,,,timeout,lfr,2026-01-29T18:38:54.494005
140,2,17,454,leiden_c_x100,0.012579202651977539,True,False,0.385790040559685,True,,lfr,2026-01-29T18:38:55.028269
140,2,18,438,gurobi,3.567279100418091,True,False,0.3874293696962146,True,,lfr,2026-01-29T18:38:59.102079
140,2,18,438,bnb_c_seq,30.0,False,True,,,timeout,lfr,2026-01-29T18:39:29.120081
140,2,18,438,bnb_c,8.047268867492676,True,False,0.387429369696212,True,,lfr,2026-01-29T18:39:37.683133
140,2,18,438,bnb_c_pruned,7.899144887924194,True,False,0.387429369696212,True,,lfr,2026-01-29T18:39:46.097846
140,2,18,438,bnb_py,30.0,False,True,,,timeout,lfr,2026-01-29T18:40:16.109853
140,2,18,438,leiden_c_x100,0.01144719123840332,True,False,0.387429369696212,True,,lfr,2026-01-29T18:40:16.621480
140,2,19,471,gurobi,3.8184168338775635,True,False,0.3917445377545242,True,,lfr,2026-01-29T18:40:20.932353
140,2,19,471,bnb_c_seq,9.919029951095581,True,False,0.391744537754518,True,,lfr,2026-01-29T18:40:31.343627
140,2,19,471,bnb_c,1.640188217163086,True,False,0.391744537754518,True,,lfr,2026-01-29T18:40:33.472212
140,2,19,471,bnb_c_pruned,1.3801310062408447,True,False,0.391744537754518,True,,lfr,2026-01-29T18:40:35.352424
140,2,19,471,bnb_py,30.0,False,True,,,timeout,lfr,2026-01-29T18:41:05.365626
140,2,19,471,leiden_c_x100,0.01067805290222168,True,False,0.391744537754518,True,,lfr,2026-01-29T18:41:05.876029
160,2,0,494,gurobi,30.0,False,True,,,timeout,lfr,2026-01-29T18:41:35.917547
160,2,0,494,bnb_c_seq,30.0,False,True,,,timeout,lfr,2026-01-29T18:42:05.935419
160,2,0,494,bnb_c,30.0,False,True,,,timeout,lfr,2026-01-29T18:42:35.957132
160,2,0,494,bnb_c_pruned,30.0,False,True,,,timeout,lfr,2026-01-29T18:43:05.975651
160,2,0,494,leiden_c_x100,0.020374059677124023,True,False,0.370394122178695,,,lfr,2026-01-29T18:43:06.730015
160,2,1,519,gurobi,5.919607162475586,True,False,0.3979566455425978,True,,lfr,2026-01-29T18:43:13.447275
160,2,1,519,bnb_c_seq,30.0,False,True,,,timeout,lfr,2026-01-29T18:43:43.458305
160,2,1,519,bnb_c,17.055595874786377,True,False,0.397956645542599,True,,lfr,2026-01-29T18:44:01.329227
160,2,1,519,bnb_c_pruned,14.711739778518677,True,False,0.397956645542599,True,,lfr,2026-01-29T18:44:16.844362
160,2,1,519,leiden_c_x100,0.018912076950073242,True,False,0.397956645542599,True,,lfr,2026-01-29T18:44:17.722598
160,2,2,514,gurobi,30.0,False,True,,,timeout,lfr,2026-01-29T18:44:47.752310
160,2,2,514,bnb_c_seq,30.0,False,True,,,timeout,lfr,2026-01-29T18:45:17.768534
160,2,2,514,bnb_c,30.0,False,True,,,timeout,lfr,2026-01-29T18:45:47.788168
160,2,2,514,bnb_c_pruned,30.0,False,True,,,timeout,lfr,2026-01-29T18:46:17.805867
160,2,2,514,leiden_c_x100,0.023263931274414062,True,False,0.3789989250405,,,lfr,2026-01-29T18:46:19.410256
160,2,3,570,gurobi,30.0,False,True,,,timeout,lfr,2026-01-29T18:46:49.457098
160,2,3,570,bnb_c_seq,30.0,False,True,,,timeout,lfr,2026-01-29T18:47:19.468979
160,2,3,570,bnb_c,30.0,False,True,,,timeout,lfr,2026-01-29T18:47:49.487540
160,2,3,570,bnb_c_pruned,30.0,False,True,,,timeout,lfr,2026-01-29T18:48:19.510148
160,2,3,570,leiden_c_x100,0.021385908126831055,True,False,0.368845798707295,,,lfr,2026-01-29T18:48:21.911683
160,2,4,515,gurobi,30.0,False,True,,,timeout,lfr,2026-01-29T18:48:52.045163
160,2,4,515,bnb_c_seq,30.0,False,True,,,timeout,lfr,2026-01-29T18:49:22.069280
160,2,4,515,bnb_c,30.0,False,True,,,timeout,lfr,2026-01-29T18:49:52.090104
160,2,4,515,bnb_c_pruned,30.0,False,True,,,timeout,lfr,2026-01-29T18:50:22.108556
160,2,4,515,leiden_c_x100,0.022203922271728516,True,False,0.390632481855029,,,lfr,2026-01-29T18:50:25.531986
160,2,5,505,gurobi,25.715431213378906,True,False,0.39271443976081355,True,,lfr,2026-01-29T18:50:54.719157
160,2,5,505,bnb_c_seq,30.0,False,True,,,timeout,lfr,2026-01-29T18:51:24.742678
160,2,5,505,bnb_c,0.025825977325439453,True,False,0.39243015390648,True,,lfr,2026-01-29T18:51:28.356027
160,2,5,505,bnb_c_pruned,30.0,False,True,,,timeout,lfr,2026-01-29T18:51:58.381279
160,2,5,505,leiden_c_x100,0.06743502616882324,True,False,0.39243015390648,True,,lfr,2026-01-29T18:52:02.404831
160,2,6,564,gurobi,7.568279027938843,True,False,0.3953837835119006,True,,lfr,2026-01-29T18:52:13.601633
160,2,6,564,bnb_c_seq,30.0,False,True,,,timeout,lfr,2026-01-29T18:52:43.621335
160,2,6,564,bnb_c,30.0,False,True,,,timeout,lfr,2026-01-29T18:53:13.641297
160,2,6,564,bnb_c_pruned,30.0,False,True,,,timeout,lfr,2026-01-29T18:53:43.661090
160,2,6,564,leiden_c_x100,0.021966934204101562,True,False,0.395383783511896,,,lfr,2026-01-29T18:53:47.259885
160,2,7,498,gurobi,30.0,False,True,,,timeout,lfr,2026-01-29T18:54:17.368839
160,2,7,498,bnb_c_seq,30.0,False,True,,,timeout,lfr,2026-01-29T18:54:47.388279
160,2,7,498,bnb_c,30.0,False,True,,,timeout,lfr,2026-01-29T18:55:17.401875
160,2,7,498,bnb_c_pruned,30.0,False,True,,,timeout,lfr,2026-01-29T18:55:47.415599
160,2,7,498,leiden_c_x100,0.10374689102172852,True,False,0.366905372493992,,,lfr,2026-01-29T18:55:50.566827
160,2,8,537,gurobi,19.020285844802856,True,False,0.3863730151299348,True,,lfr,2026-01-29T18:56:12.604348
160,2,8,537,bnb_c_seq,30.0,False,True,,,timeout,lfr,2026-01-29T18:56:42.622832
160,2,8,537,bnb_c,30.0,False,True,,,timeout,lfr,2026-01-29T18:57:12.640582
160,2,8,537,bnb_c_pruned,30.0,False,True,,,timeout,lfr,2026-01-29T18:57:42.655662
160,2,8,537,leiden_c_x100,0.023195266723632812,True,False,0.38637301512992,,,lfr,2026-01-29T18:57:46.385553
160,2,9,620,gurobi,7.0062339305877686,True,False,0.38800078043704084,True,,lfr,2026-01-29T18:57:56.919491
160,2,9,620,bnb_c_seq,30.0,False,True,,,timeout,lfr,2026-01-29T18:58:26.937941
160,2,9,620,bnb_c,13.504523038864136,True,False,0.388000780437045,True,,lfr,2026-01-29T18:58:44.159424
160,2,9,620,bnb_c_pruned,12.563178062438965,True,False,0.388000780437045,True,,lfr,2026-01-29T18:59:00.500720
160,2,9,620,leiden_c_x100,0.01792001724243164,True,False,0.388000780437045,True,,lfr,2026-01-29T18:59:04.044976
160,2,10,441,gurobi,30.0,False,True,,,timeout,lfr,2026-01-29T18:59:34.087063
160,2,10,441,bnb_c_seq,30.0,False,True,,,timeout,lfr,2026-01-29T19:00:04.104617
160,2,10,441,bnb_c,30.0,False,True,,,timeout,lfr,2026-01-29T19:00:34.124887
160,2,10,441,bnb_c_pruned,0.05393791198730469,True,False,0.390274628369866,True,,lfr,2026-01-29T19:00:37.755105
160,2,10,441,leiden_c_x100,0.021771669387817383,True,False,0.390274628369866,,,lfr,2026-01-29T19:00:40.969462
160,2,11,556,gurobi,7.728027105331421,True,False,0.3860679442057876,True,,lfr,2026-01-29T19:00:51.966401
160,2,11,556,bnb_c_seq,30.0,False,True,,,timeout,lfr,2026-01-29T19:01:21.983985
160,2,11,556,bnb_c,30.0,False,True,,,timeout,lfr,2026-01-29T19:01:51.992814
160,2,11,556,bnb_c_pruned,30.0,False,True,,,timeout,lfr,2026-01-29T19:02:22.010132
160,2,11,556,leiden_c_x100,0.03057098388671875,True,False,0.386067944205787,,,lfr,2026-01-29T19:02:26.099065
160,2,12,523,gurobi,30.0,False,True,,,timeout,lfr,2026-01-29T19:02:56.203005
160,2,12,523,bnb_c_seq,30.0,False,True,,,timeout,lfr,2026-01-29T19:03:26.222925
160,2,12,523,bnb_c,30.0,False,True,,,timeout,lfr,2026-01-29T19:03:56.242229
160,2,12,523,bnb_c_pruned,30.0,False,True,,,timeout,lfr,2026-01-29T19:04:26.264240
160,2,12,523,leiden_c_x100,0.09705710411071777,True,False,0.377310998102578,,,lfr,2026-01-29T19:04:30.714261
160,2,13,489,gurobi,2.387829065322876,True,False,0.39722149037516696,True,,lfr,2026-01-29T19:04:37.332174
160,2,13,489,bnb_c_seq,30.0,False,True,,,timeout,lfr,2026-01-29T19:05:07.350630
160,2,13,489,bnb_c,19.528398036956787,True,False,0.397221490375166,True,,lfr,2026-01-29T19:05:30.803613
160,2,13,489,bnb_c_pruned,0.027739763259887695,True,False,0.397221490375166,True,,lfr,2026-01-29T19:05:35.200306
160,2,13,489,leiden_c_x100,0.07431483268737793,True,False,0.397221490375166,True,,lfr,2026-01-29T19:05:39.603778
160,2,14,513,gurobi,30.0,False,True,,,timeout,lfr,2026-01-29T19:06:09.659995
160,2,14,513,bnb_c_seq,30.0,False,True,,,timeout,lfr,2026-01-29T19:06:39.676945
160,2,14,513,bnb_c,0.033000946044921875,True,False,0.372215192518876,True,,lfr,2026-01-29T19:06:43.535511
160,2,14,513,bnb_c_pruned,30.0,False,True,,,timeout,lfr,2026-01-29T19:07:13.550324
160,2,14,513,leiden_c_x100,0.024569034576416016,True,False,0.372215192518876,True,,lfr,2026-01-29T19:07:17.960740
160,2,15,586,gurobi,30.0,False,True,,,timeout,lfr,2026-01-29T19:07:47.986876
160,2,15,586,bnb_c_seq,30.0,False,True,,,timeout,lfr,2026-01-29T19:08:18.006901
160,2,15,586,bnb_c,0.11692380905151367,True,False,0.373923982807022,True,,lfr,2026-01-29T19:08:22.504497
160,2,15,586,bnb_c_pruned,30.0,False,True,,,timeout,lfr,2026-01-29T19:08:52.518597
160,2,15,586,leiden_c_x100,0.06804108619689941,True,False,0.373923982807022,True,,lfr,2026-01-29T19:08:57.284957
160,2,16,489,gurobi,11.671606063842773,True,False,0.39983104787952894,True,,lfr,2026-01-29T19:09:13.640124
160,2,16,489,bnb_c_seq,22.672571897506714,True,False,0.399831047879525,True,,lfr,2026-01-29T19:09:40.795737
160,2,16,489,bnb_c,4.507937908172607,True,False,0.399831047879525,True,,lfr,2026-01-29T19:09:50.015437
160,2,16,489,bnb_c_pruned,5.4129040241241455,True,False,0.399831047879525,True,,lfr,2026-01-29T19:10:00.000995
160,2,16,489,leiden_c_x100,0.021071195602416992,True,False,0.399831047879525,True,,lfr,2026-01-29T19:10:04.873909
160,2,17,564,gurobi,30.0,False,True,,,timeout,lfr,2026-01-29T19:10:35.130973
160,2,17,564,bnb_c_seq,30.0,False,True,,,timeout,lfr,2026-01-29T19:11:05.142013
160,2,17,564,bnb_c,30.0,False,True,,,timeout,lfr,2026-01-29T19:11:35.161977
160,2,17,564,bnb_c_pruned,30.0,False,True,,,timeout,lfr,2026-01-29T19:12:05.172718
160,2,17,564,leiden_c_x100,0.024380207061767578,True,False,0.363475177304964,,,lfr,2026-01-29T19:12:10.778107
160,2,18,523,gurobi,7.100213050842285,True,False,0.4024838316960887,True,,lfr,2026-01-29T19:12:23.673965
160,2,18,523,bnb_c_seq,30.0,False,True,,,timeout,lfr,2026-01-29T19:12:53.682905
160,2,18,523,bnb_c,0.025574207305908203,True,False,0.402483831696091,True,,lfr,2026-01-29T19:12:59.651888
160,2,18,523,bnb_c_pruned,30.0,False,True,,,timeout,lfr,2026-01-29T19:13:29.665369
160,2,18,523,leiden_c_x100,0.0263669490814209,True,False,0.402483831696091,True,,lfr,2026-01-29T19:13:35.361060
160,2,19,457,gurobi,4.959634065628052,True,False,0.4024534472274127,True,,lfr,2026-01-29T19:13:45.974281
160,2,19,457,bnb_c_seq,30.0,False,True,,,timeout,lfr,2026-01-29T19:14:15.991817
160,2,19,457,bnb_c,30.0,False,True,,,timeout,lfr,2026-01-29T19:14:46.013412
160,2,19,457,bnb_c_pruned,30.0,False,True,,,timeout,lfr,2026-01-29T19:15:16.034813
160,2,19,457,leiden_c_x100,0.023039817810058594,True,False,0.402453447227423,,,lfr,2026-01-29T19:15:21.885252
180,2,0,583,gurobi,30.0,False,True,,,timeout,lfr,2026-01-29T19:15:51.950455
180,2,0,583,bnb_c_seq,30.0,False,True,,,timeout,lfr,2026-01-29T19:16:21.962765
180,2,0,583,bnb_c,30.0,False,True,,,timeout,lfr,2026-01-29T19:16:51.984433
180,2,0,583,bnb_c_pruned,0.025474071502685547,True,False,0.387426483351918,True,,lfr,2026-01-29T19:16:57.745708
180,2,0,583,leiden_c_x100,0.02727818489074707,True,False,0.387426483351918,,,lfr,2026-01-29T19:17:03.443066
180,2,1,664,gurobi,30.0,False,True,,,timeout,lfr,2026-01-29T19:17:33.627422
180,2,1,664,bnb_c_seq,30.0,False,True,,,timeout,lfr,2026-01-29T19:18:03.642413
180,2,1,664,bnb_c,30.0,False,True,,,timeout,lfr,2026-01-29T19:18:33.662268
180,2,1,664,bnb_c_pruned,30.0,False,True,,,timeout,lfr,2026-01-29T19:19:03.683958
180,2,1,664,leiden_c_x100,0.1387789249420166,True,False,0.388353489258238,,,lfr,2026-01-29T19:19:10.113555
180,2,2,564,gurobi,30.0,False,True,,,timeout,lfr,2026-01-29T19:19:40.222475
180,2,2,564,bnb_c_seq,30.0,False,True,,,timeout,lfr,2026-01-29T19:20:10.239834
180,2,2,564,bnb_c,30.0,False,True,,,timeout,lfr,2026-01-29T19:20:40.253452
180,2,2,564,bnb_c_pruned,30.0,False,True,,,timeout,lfr,2026-01-29T19:21:10.266429
180,2,2,564,leiden_c_x100,0.02959895133972168,True,False,0.396251446104321,,,lfr,2026-01-29T19:21:16.912333
180,2,3,592,gurobi,30.0,False,True,,,timeout,lfr,2026-01-29T19:21:46.991685
180,2,3,592,bnb_c_seq,30.0,False,True,,,timeout,lfr,2026-01-29T19:22:17.006902
180,2,3,592,bnb_c,30.0,False,True,,,timeout,lfr,2026-01-29T19:22:47.029955
180,2,3,592,bnb_c_pruned,0.30033087730407715,True,False,0.393164490504018,True,,lfr,2026-01-29T19:22:55.135541
180,2,3,592,leiden_c_x100,0.026437997817993164,True,False,0.393164490504018,,,lfr,2026-01-29T19:23:02.567113
180,2,4,608,gurobi,30.0,False,True,,,timeout,lfr,2026-01-29T19:23:32.945381
180,2,4,608,bnb_c_seq,30.0,False,True,,,timeout,lfr,2026-01-29T19:24:02.966364
180,2,4,608,bnb_c,30.0,False,True,,,timeout,lfr,2026-01-29T19:24:32.986824
180,2,4,608,bnb_c_pruned,30.0,False,True,,,timeout,lfr,2026-01-29T19:25:02.996091
180,2,4,608,leiden_c_x100,0.03218412399291992,True,False,0.394688149238227,,,lfr,2026-01-29T19:25:11.633293
180,2,5,632,gurobi,30.0,False,True,,,timeout,lfr,2026-01-29T19:25:41.683277
180,2,5,632,bnb_c_seq,30.0,False,True,,,timeout,lfr,2026-01-29T19:26:11.700152
180,2,5,632,bnb_c,0.180372953414917,True,False,0.386711865085723,True,,lfr,2026-01-29T19:26:19.815823
180,2,5,632,bnb_c_pruned,30.0,False,True,,,timeout,lfr,2026-01-29T19:26:49.830879
180,2,5,632,leiden_c_x100,0.030714988708496094,True,False,0.386711865085723,True,,lfr,2026-01-29T19:26:58.851203
180,2,6,644,gurobi,7.904744863510132,True,False,0.4068805215848114,True,,lfr,2026-01-29T19:27:16.146490
180,2,6,644,bnb_c_seq,30.0,False,True,,,timeout,lfr,2026-01-29T19:27:46.166524
180,2,6,644,bnb_c,30.0,False,True,,,timeout,lfr,2026-01-29T19:28:16.180823
180,2,6,644,bnb_c_pruned,30.0,False,True,,,timeout,lfr,2026-01-29T19:28:46.202699
180,2,6,644,leiden_c_x100,0.2764589786529541,True,False,0.406880521584815,,,lfr,2026-01-29T19:28:56.340117
180,2,7,527,gurobi,30.0,False,True,,,timeout,lfr,2026-01-29T19:29:26.533406
180,2,7,527,bnb_c_seq,30.0,False,True,,,timeout,lfr,2026-01-29T19:29:56.553247
180,2,7,527,bnb_c,30.0,False,True,,,timeout,lfr,2026-01-29T19:30:26.567832
180,2,7,527,bnb_c_pruned,30.0,False,True,,,timeout,lfr,2026-01-29T19:30:56.587613
180,2,7,527,leiden_c_x100,0.20026183128356934,True,False,0.403043974521926,,,lfr,2026-01-29T19:31:06.651120
180,2,8,622,gurobi,30.0,False,True,,,timeout,lfr,2026-01-29T19:31:36.878927
180,2,8,622,bnb_c_seq,30.0,False,True,,,timeout,lfr,2026-01-29T19:32:06.902623
180,2,8,622,bnb_c,30.0,False,True,,,timeout,lfr,2026-01-29T19:32:36.919841
180,2,8,622,bnb_c_pruned,30.0,False,True,,,timeout,lfr,2026-01-29T19:33:06.936470
180,2,8,622,leiden_c_x100,0.058851003646850586,True,False,0.379266136619762,,,lfr,2026-01-29T19:33:17.718959
180,2,9,676,gurobi,30.0,False,True,,,timeout,lfr,2026-01-29T19:33:47.926973
180,2,9,676,bnb_c_seq,30.0,False,True,,,timeout,lfr,2026-01-29T19:34:17.943800
180,2,9,676,bnb_c,30.0,False,True,,,timeout,lfr,2026-01-29T19:34:47.960360
180,2,9,676,bnb_c_pruned,30.0,False,True,,,timeout,lfr,2026-01-29T19:35:17.980201
180,2,9,676,leiden_c_x100,0.1346428394317627,True,False,0.398864491789503,,,lfr,2026-01-29T19:35:28.545730
180,2,10,577,gurobi,30.0,False,True,,,timeout,lfr,2026-01-29T19:35:58.659001
180,2,10,577,bnb_c_seq,30.0,False,True,,,timeout,lfr,2026-01-29T19:36:28.678950
180,2,10,577,bnb_c,30.0,False,True,,,timeout,lfr,2026-01-29T19:36:58.695627
180,2,10,577,bnb_c_pruned,30.0,False,True,,,timeout,lfr,2026-01-29T19:37:28.716005
180,2,10,577,leiden_c_x100,0.02757406234741211,True,False,0.385974186688453,,,lfr,2026-01-29T19:37:39.789451
180,2,11,639,gurobi,30.0,False,True,,,timeout,lfr,2026-01-29T19:38:09.993649
180,2,11,639,bnb_c_seq,30.0,False,True,,,timeout,lfr,2026-01-29T19:38:40.007638
180,2,11,639,bnb_c,30.0,False,True,,,timeout,lfr,2026-01-29T19:39:10.026618
180,2,11,639,bnb_c_pruned,30.0,False,True,,,timeout,lfr,2026-01-29T19:39:40.043331
180,2,11,639,leiden_c_x100,0.021971940994262695,True,False,0.397399350021184,,,lfr,2026-01-29T19:39:51.950124
180,2,12,620,gurobi,30.0,False,True,,,timeout,lfr,2026-01-29T19:40:22.079875
180,2,12,620,bnb_c_seq,30.0,False,True,,,timeout,lfr,2026-01-29T19:40:52.096838
180,2,12,620,bnb_c,30.0,False,True,,,timeout,lfr,2026-01-29T19:41:22.115669
180,2,12,620,bnb_c_pruned,30.0,False,True,,,timeout,lfr,2026-01-29T19:41:52.135848
180,2,12,620,leiden_c_x100,0.021728038787841797,True,False,0.376087408949011,,,lfr,2026-01-29T19:42:04.369369
180,2,13,715,gurobi,7.695860862731934,True,False,0.39648980390239646,True,,lfr,2026-01-29T19:42:21.613075
180,2,13,715,bnb_c_seq,30.0,False,True,,,timeout,lfr,2026-01-29T19:42:51.624769
180,2,13,715,bnb_c,30.0,False,True,,,timeout,lfr,2026-01-29T19:43:21.650587
180,2,13,715,bnb_c_pruned,0.3504939079284668,True,False,0.396489803902391,True,,lfr,2026-01-29T19:43:33.220552
180,2,13,715,leiden_c_x100,0.4267847537994385,True,False,0.396489803902391,,,lfr,2026-01-29T19:43:44.626977
180,2,14,596,gurobi,30.0,False,True,,,timeout,lfr,2026-01-29T19:44:14.852940
180,2,14,596,bnb_c_seq,30.0,False,True,,,timeout,lfr,2026-01-29T19:44:44.869749
180,2,14,596,bnb_c,30.0,False,True,,,timeout,lfr,2026-01-29T19:45:14.886341
180,2,14,596,bnb_c_pruned,30.0,False,True,,,timeout,lfr,2026-01-29T19:45:44.897402
180,2,14,596,leiden_c_x100,0.3065979480743408,True,False,0.372657763163821,,,lfr,2026-01-29T19:45:56.729999
180,2,15,606,gurobi,30.0,False,True,,,timeout,lfr,2026-01-29T19:46:26.946002
180,2,15,606,bnb_c_seq,30.0,False,True,,,timeout,lfr,2026-01-29T19:46:56.962743
180,2,15,606,bnb_c,30.0,False,True,,,timeout,lfr,2026-01-29T19:47:26.982602
180,2,15,606,bnb_c_pruned,30.0,False,True,,,timeout,lfr,2026-01-29T19:47:56.995577
180,2,15,606,leiden_c_x100,0.01891613006591797,True,False,0.381399154766962,,,lfr,2026-01-29T19:48:08.669478
180,2,16,615,gurobi,30.0,False,True,,,timeout,lfr,2026-01-29T19:48:38.877278
180,2,16,615,bnb_c_seq,30.0,False,True,,,timeout,lfr,2026-01-29T19:49:08.894019
180,2,16,615,bnb_c,30.0,False,True,,,timeout,lfr,2026-01-29T19:49:38.911020
180,2,16,615,bnb_c_pruned,30.0,False,True,,,timeout,lfr,2026-01-29T19:50:08.930957
180,2,16,615,leiden_c_x100,0.49722790718078613,True,False,0.383496595941569,,,lfr,2026-01-29T19:50:22.217245
180,2,17,618,gurobi,30.0,False,True,,,timeout,lfr,2026-01-29T19:50:52.450400
180,2,17,618,bnb_c_seq,30.0,False,True,,,timeout,lfr,2026-01-29T19:51:22.466904
180,2,17,618,bnb_c,30.0,False,True,,,timeout,lfr,2026-01-29T19:51:52.486945
180,2,17,618,bnb_c_pruned,30.0,False,True,,,timeout,lfr,2026-01-29T19:52:22.508148
180,2,17,618,leiden_c_x100,0.1817770004272461,True,False,0.36781139703187,,,lfr,2026-01-29T19:52:36.485917
180,2,18,628,gurobi,30.0,False,True,,,timeout,lfr,2026-01-29T19:53:06.684268
180,2,18,628,bnb_c_seq,30.0,False,True,,,timeout,lfr,2026-01-29T19:53:36.700871
180,2,18,628,bnb_c,30.0,False,True,,,timeout,lfr,2026-01-29T19:54:06.720649
180,2,18,628,bnb_c_pruned,30.0,False,True,,,timeout,lfr,2026-01-29T19:54:36.735124
180,2,18,628,leiden_c_x100,0.10898208618164062,True,False,0.380135857438436,,,lfr,2026-01-29T19:54:52.093063
180,2,19,542,gurobi,30.0,False,True,,,timeout,lfr,2026-01-29T19:55:22.200247
180,2,19,542,bnb_c_seq,30.0,False,True,,,timeout,lfr,2026-01-29T19:55:52.217225
180,2,19,542,bnb_c,30.0,False,True,,,timeout,lfr,2026-01-29T19:56:22.237398
180,2,19,542,bnb_c_pruned,30.0,False,True,,,timeout,lfr,2026-01-29T19:56:52.252049
180,2,19,542,leiden_c_x100,0.026910066604614258,True,False,0.39249874048556,,,lfr,2026-01-29T19:57:07.796538
200,2,0,720,gurobi,30.0,False,True,,,timeout,lfr,2026-01-29T19:57:37.844333
200,2,0,720,bnb_c_seq,30.0,False,True,,,timeout,lfr,2026-01-29T19:58:07.861011
200,2,0,720,bnb_c,30.0,False,True,,,timeout,lfr,2026-01-29T19:58:37.877659
200,2,0,720,bnb_c_pruned,30.0,False,True,,,timeout,lfr,2026-01-29T19:59:07.894432
200,2,0,720,leiden_c_x100,0.06905007362365723,True,False,0.379644097222222,,,lfr,2026-01-29T19:59:22.888779
200,2,1,645,gurobi,30.0,False,True,,,timeout,lfr,2026-01-29T19:59:52.911647
200,2,1,645,bnb_c_seq,30.0,False,True,,,timeout,lfr,2026-01-29T20:00:22.930416
200,2,1,645,bnb_c,30.0,False,True,,,timeout,lfr,2026-01-29T20:00:52.940199
200,2,1,645,bnb_c_pruned,30.0,False,True,,,timeout,lfr,2026-01-29T20:01:22.957023
200,2,1,645,leiden_c_x100,0.028371810913085938,True,False,0.368374496724956,,,lfr,2026-01-29T20:01:40.200820
200,2,2,689,gurobi,30.0,False,True,,,timeout,lfr,2026-01-29T20:02:10.258842
200,2,2,689,bnb_c_seq,30.0,False,True,,,timeout,lfr,2026-01-29T20:02:40.275857
200,2,2,689,bnb_c,0.3817780017852783,True,False,0.397884230948283,True,,lfr,2026-01-29T20:02:57.204361
200,2,2,689,bnb_c_pruned,0.2812190055847168,True,False,0.397884230948283,True,,lfr,2026-01-29T20:03:14.055604
200,2,2,689,leiden_c_x100,0.3360588550567627,True,False,0.397884230948283,True,,lfr,2026-01-29T20:03:29.939593
200,2,3,705,gurobi,30.0,False,True,,,timeout,lfr,2026-01-29T20:04:00.407800
200,2,3,705,bnb_c_seq,30.0,False,True,,,timeout,lfr,2026-01-29T20:04:30.428206
200,2,3,705,bnb_c,30.0,False,True,,,timeout,lfr,2026-01-29T20:05:00.443013
200,2,3,705,bnb_c_pruned,30.0,False,True,,,timeout,lfr,2026-01-29T20:05:30.462853
200,2,3,705,leiden_c_x100,0.03239083290100098,True,False,0.372400784668779,,,lfr,2026-01-29T20:05:48.306994
200,2,4,666,gurobi,30.0,False,True,,,timeout,lfr,2026-01-29T20:06:18.326944
200,2,4,666,bnb_c_seq,30.0,False,True,,,timeout,lfr,2026-01-29T20:06:48.343883
200,2,4,666,bnb_c,0.8423080444335938,True,False,0.388959905851798,True,,lfr,2026-01-29T20:07:07.708385
200,2,4,666,bnb_c_pruned,30.0,False,True,,,timeout,lfr,2026-01-29T20:07:37.725171
200,2,4,666,leiden_c_x100,0.024261951446533203,True,False,0.388959905851798,True,,lfr,2026-01-29T20:07:53.822411
200,2,5,617,gurobi,30.0,False,True,,,timeout,lfr,2026-01-29T20:08:23.993191
200,2,5,617,bnb_c_seq,30.0,False,True,,,timeout,lfr,2026-01-29T20:08:54.013509
200,2,5,617,bnb_c,30.0,False,True,,,timeout,lfr,2026-01-29T20:09:24.034028
200,2,5,617,bnb_c_pruned,30.0,False,True,,,timeout,lfr,2026-01-29T20:09:54.050988
200,2,5,617,leiden_c_x100,0.5648958683013916,True,False,0.396077900858706,,,lfr,2026-01-29T20:10:04.202530
200,2,6,693,gurobi,30.0,False,True,,,timeout,lfr,2026-01-29T20:10:34.271305
200,2,6,693,bnb_c_seq,30.0,False,True,,,timeout,lfr,2026-01-29T20:11:04.289829
200,2,6,693,bnb_c,30.0,False,True,,,timeout,lfr,2026-01-29T20:11:34.304549
200,2,6,693,bnb_c_pruned,30.0,False,True,,,timeout,lfr,2026-01-29T20:12:04.325844
200,2,6,693,leiden_c_x100,0.02505970001220703,True,False,0.415926946229977,,,lfr,2026-01-29T20:12:18.532630
200,2,7,658,gurobi,30.0,False,True,,,timeout,lfr,2026-01-29T20:12:48.816246
200,2,7,658,bnb_c_seq,30.0,False,True,,,timeout,lfr,2026-01-29T20:13:18.833284
200,2,7,658,bnb_c,30.0,False,True,,,timeout,lfr,2026-01-29T20:13:48.849200
200,2,7,658,bnb_c_pruned,0.8530740737915039,True,False,0.376510518195508,True,,lfr,2026-01-29T20:13:54.798220
200,2,7,658,leiden_c_x100,0.5346689224243164,True,False,0.376510518195508,,,lfr,2026-01-29T20:14:01.339174
200,2,8,658,gurobi,30.0,False,True,,,timeout,lfr,2026-01-29T20:14:31.501589
200,2,8,658,bnb_c_seq,30.0,False,True,,,timeout,lfr,2026-01-29T20:15:01.518462
200,2,8,658,bnb_c,30.0,False,True,,,timeout,lfr,2026-01-29T20:15:31.535387
200,2,8,658,bnb_c_pruned,30.0,False,True,,,timeout,lfr,2026-01-29T20:16:01.552114
200,2,8,658,leiden_c_x100,0.025278806686401367,True,False,0.388640856976562,,,lfr,2026-01-29T20:16:21.166121
200,2,9,785,gurobi,30.0,False,True,,,timeout,lfr,2026-01-29T20:16:51.416705
200,2,9,785,bnb_c_seq,30.0,False,True,,,timeout,lfr,2026-01-29T20:17:21.433656
200,2,9,785,bnb_c,30.0,False,True,,,timeout,lfr,2026-01-29T20:17:51.446218
200,2,9,785,bnb_c_pruned,30.0,False,True,,,timeout,lfr,2026-01-29T20:18:21.460917
200,2,9,785,leiden_c_x100,0.024096965789794922,True,False,0.373531583431377,,,lfr,2026-01-29T20:18:42.438048
200,2,10,704,gurobi,30.0,False,True,,,timeout,lfr,2026-01-29T20:19:12.831938
200,2,10,704,bnb_c_seq,30.0,False,True,,,timeout,lfr,2026-01-29T20:19:42.846104
200,2,10,704,bnb_c,30.0,False,True,,,timeout,lfr,2026-01-29T20:20:12.857929
200,2,10,704,bnb_c_pruned,0.2658958435058594,True,False,0.388025204997417,True,,lfr,2026-01-29T20:20:33.112914
200,2,10,704,leiden_c_x100,0.3819389343261719,True,False,0.388025204997417,,,lfr,2026-01-29T20:20:55.152859
200,2,11,692,gurobi,30.0,False,True,,,timeout,lfr,2026-01-29T20:21:25.476718
200,2,11,692,bnb_c_seq,30.0,False,True,,,timeout,lfr,2026-01-29T20:21:55.487135
200,2,11,692,bnb_c,30.0,False,True,,,timeout,lfr,2026-01-29T20:22:25.498091
200,2,11,692,bnb_c_pruned,30.0,False,True,,,timeout,lfr,2026-01-29T20:22:55.510444
200,2,11,692,leiden_c_x100,0.4161570072174072,True,False,0.38119800193792,,,lfr,2026-01-29T20:23:16.638271
200,2,12,752,gurobi,30.0,False,True,,,timeout,lfr,2026-01-29T20:23:46.669284
200,2,12,752,bnb_c_seq,30.0,False,True,,,timeout,lfr,2026-01-29T20:24:16.683316
200,2,12,752,bnb_c,30.0,False,True,,,timeout,lfr,2026-01-29T20:24:46.697685
200,2,12,752,bnb_c_pruned,30.0,False,True,,,timeout,lfr,2026-01-29T20:25:16.707248
200,2,12,752,leiden_c_x100,0.4502408504486084,True,False,0.38382752376641,,,lfr,2026-01-29T20:25:38.968264
200,2,13,749,gurobi,30.0,False,True,,,timeout,lfr,2026-01-29T20:26:09.275203
200,2,13,749,bnb_c_seq,30.0,False,True,,,timeout,lfr,2026-01-29T20:26:39.286513
200,2,13,749,bnb_c,0.05622506141662598,True,False,0.39553316304249,True,,lfr,2026-01-29T20:27:04.109515
200,2,13,749,bnb_c_pruned,0.5457930564880371,True,False,0.39553316304249,True,,lfr,2026-01-29T20:27:28.116023
200,2,13,749,leiden_c_x100,0.564877986907959,True,False,0.39553316304249,True,,lfr,2026-01-29T20:27:51.935003
200,2,14,690,gurobi,30.0,False,True,,,timeout,lfr,2026-01-29T20:28:22.056971
200,2,14,690,bnb_c_seq,30.0,False,True,,,timeout,lfr,2026-01-29T20:28:52.074124
200,2,14,690,bnb_c,30.0,False,True,,,timeout,lfr,2026-01-29T20:29:22.094451
200,2,14,690,bnb_c_pruned,30.0,False,True,,,timeout,lfr,2026-01-29T20:29:52.106347
200,2,14,690,leiden_c_x100,0.025777816772460938,True,False,0.408426801092208,,,lfr,2026-01-29T20:30:15.548888
200,2,15,812,gurobi,30.0,False,True,,,timeout,lfr,2026-01-29T20:30:45.650203
200,2,15,812,bnb_c_seq,30.0,False,True,,,timeout,lfr,2026-01-29T20:31:15.667210
200,2,15,812,bnb_c,30.0,False,True,,,timeout,lfr,2026-01-29T20:31:45.689934
200,2,15,812,bnb_c_pruned,30.0,False,True,,,timeout,lfr,2026-01-29T20:32:15.703331
200,2,15,812,leiden_c_x100,0.5839629173278809,True,False,0.386170951733845,,,lfr,2026-01-29T20:32:42.330875
200,2,16,700,gurobi,30.0,False,True,,,timeout,lfr,2026-01-29T20:33:12.478509
200,2,16,700,bnb_c_seq,30.0,False,True,,,timeout,lfr,2026-01-29T20:33:42.497025
200,2,16,700,bnb_c,30.0,False,True,,,timeout,lfr,2026-01-29T20:34:12.510173
200,2,16,700,bnb_c_pruned,30.0,False,True,,,timeout,lfr,2026-01-29T20:34:42.525769
200,2,16,700,leiden_c_x100,0.09852313995361328,True,False,0.385998979591837,,,lfr,2026-01-29T20:35:06.029264
200,2,17,627,gurobi,30.0,False,True,,,timeout,lfr,2026-01-29T20:35:36.158885
200,2,17,627,bnb_c_seq,30.0,False,True,,,timeout,lfr,2026-01-29T20:36:06.169346
200,2,17,627,bnb_c,30.0,False,True,,,timeout,lfr,2026-01-29T20:36:36.186571
200,2,17,627,bnb_c_pruned,0.26003408432006836,True,False,0.378370712921204,True,,lfr,2026-01-29T20:37:03.608041
200,2,17,627,leiden_c_x100,0.5940370559692383,True,False,0.378370712921204,,,lfr,2026-01-29T20:37:29.836258
200,2,18,756,gurobi,30.0,False,True,,,timeout,lfr,2026-01-29T20:38:00.083751
200,2,18,756,bnb_c_seq,30.0,False,True,,,timeout,lfr,2026-01-29T20:38:30.108934
200,2,18,756,bnb_c,30.0,False,True,,,timeout,lfr,2026-01-29T20:39:00.122586
200,2,18,756,bnb_c_pruned,30.0,False,True,,,timeout,lfr,2026-01-29T20:39:30.139382
200,2,18,756,leiden_c_x100,0.028443098068237305,True,False,0.389258944318468,,,lfr,2026-01-29T20:39:58.418225
200,2,19,577,gurobi,30.0,False,True,,,timeout,lfr,2026-01-29T20:40:28.745781
200,2,19,577,bnb_c_seq,30.0,False,True,,,timeout,lfr,2026-01-29T20:40:58.762677
200,2,19,577,bnb_c,0.5976278781890869,True,False,0.386071805099586,True,,lfr,2026-01-29T20:41:26.136933
200,2,19,577,bnb_c_pruned,30.0,False,True,,,timeout,lfr,2026-01-29T20:41:56.429172
200,2,19,577,leiden_c_x100,0.34349608421325684,True,False,0.386071805099586,True,,lfr,2026-01-29T20:42:24.022485
20,2,0,35,igraph,0.0067899227142333984,True,False,0.6371428571428571,True,,lfr,2026-03-22T11:39:54.741785
20,2,0,35,bayan,0.9766080379486084,True,False,0.61706556,True,,lfr,2026-03-22T11:39:56.252152
20,2,1,33,igraph,0.002946138381958008,True,False,0.6542699724517906,True,,lfr,2026-03-22T11:39:56.667829
20,2,1,33,bayan,0.6446990966796875,True,False,0.6440678,True,,lfr,2026-03-22T11:39:57.744049
20,2,2,34,igraph,0.0036940574645996094,True,False,0.6176470588235294,True,,lfr,2026-03-22T11:39:58.192872
20,2,2,34,bayan,0.6231179237365723,True,False,0.59611993,True,,lfr,2026-03-22T11:39:59.246542
20,2,3,35,igraph,0.0035140514373779297,True,False,0.6612244897959183,True,,lfr,2026-03-22T11:39:59.694044
20,2,3,35,bayan,0.8852462768554688,True,False,0.61,True,,lfr,2026-03-22T11:40:01.000262
20,2,4,34,igraph,0.003515958786010742,True,False,0.6431660899653979,True,,lfr,2026-03-22T11:40:01.447092
20,2,4,34,bayan,0.703603982925415,True,False,0.63319459,True,,lfr,2026-03-22T11:40:02.569852
20,2,5,27,igraph,0.0028209686279296875,True,False,0.6989026063100137,True,,lfr,2026-03-22T11:40:02.996134
20,2,5,27,bayan,0.6240928173065186,True,False,0.68663194,True,,lfr,2026-03-22T11:40:04.058300
20,2,6,31,igraph,0.0029129981994628906,True,False,0.659729448491155,True,,lfr,2026-03-22T11:40:04.525028
20,2,6,31,bayan,0.6730160713195801,True,False,0.65989535,True,,lfr,2026-03-22T11:40:05.610879
20,2,7,34,igraph,0.0036971569061279297,True,False,0.6544117647058824,True,,lfr,2026-03-22T11:40:06.070874
20,2,7,34,bayan,0.6612927913665771,True,False,0.64990234,True,,lfr,2026-03-22T11:40:07.125781
20,2,8,34,igraph,0.0034339427947998047,True,False,0.652681660899654,True,,lfr,2026-03-22T11:40:07.710656
20,2,8,34,bayan,0.6674392223358154,True,False,0.63101317,True,,lfr,2026-03-22T11:40:08.825532
20,2,9,31,igraph,0.0035331249237060547,True,False,0.6227887617065556,True,,lfr,2026-03-22T11:40:09.270331
20,2,9,31,bayan,0.6467821598052979,True,False,0.61652794,True,,lfr,2026-03-22T11:40:10.375369
20,2,10,37,igraph,0.004736900329589844,True,False,0.5416362308254201,True,,lfr,2026-03-22T11:40:10.838213
20,2,10,37,bayan,0.6569979190826416,True,False,0.51686851,True,,lfr,2026-03-22T11:40:11.926804
20,2,11,35,igraph,0.003213644027709961,True,False,0.6453061224489794,True,,lfr,2026-03-22T11:40:12.372369
20,2,11,35,bayan,0.6707420349121094,True,False,0.62685815,True,,lfr,2026-03-22T11:40:13.459181
20,2,12,33,igraph,0.005304098129272461,True,False,0.4995408631772268,True,,lfr,2026-03-22T11:40:13.914886
20,2,12,33,bayan,0.6514499187469482,True,False,0.49954086,True,,lfr,2026-03-22T11:40:15.032439
20,2,13,33,igraph,0.0031371116638183594,True,False,0.6593204775022956,True,,lfr,2026-03-22T11:40:15.485497
20,2,13,33,bayan,0.7915539741516113,True,False,0.65944444,True,,lfr,2026-03-22T11:40:16.729701
20,2,14,32,igraph,0.002866029739379883,True,False,0.70361328125,True,,lfr,2026-03-22T11:40:17.157297
20,2,14,32,bayan,0.6098709106445312,True,False,0.67776457,True,,lfr,2026-03-22T11:40:18.186479
20,2,15,36,igraph,0.003999948501586914,True,False,0.5625,True,,lfr,2026-03-22T11:40:18.621207
20,2,15,36,bayan,0.6237301826477051,True,False,0.54343195,True,,lfr,2026-03-22T11:40:19.669692
20,2,16,32,igraph,0.003342866897583008,True,False,0.662109375,True,,lfr,2026-03-22T11:40:20.105896
20,2,16,32,bayan,0.7015378475189209,True,False,0.66111772,True,,lfr,2026-03-22T11:40:21.221293
20,2,17,32,igraph,0.003778219223022461,True,False,0.65380859375,True,,lfr,2026-03-22T11:40:21.659272
20,2,17,32,bayan,0.7065837383270264,True,False,0.64625446,True,,lfr,2026-03-22T11:40:22.812560
20,2,18,31,igraph,0.003072023391723633,True,False,0.6784599375650364,True,,lfr,2026-03-22T11:40:23.243515
20,2,18,31,bayan,0.6701140403747559,True,False,0.66446281,True,,lfr,2026-03-22T11:40:24.331848
20,2,19,29,igraph,0.0033609867095947266,True,False,0.6611177170035673,True,,lfr,2026-03-22T11:40:24.767754
20,2,19,29,bayan,0.620790958404541,True,False,0.66071429,True,,lfr,2026-03-22T11:40:25.823589
40,2,0,88,igraph,30,False,True,,,timeout,lfr,2026-03-22T11:40:55.830046
40,2,0,88,bayan,31.59285306930542,True,False,0.43843764,False,,lfr,2026-03-22T11:41:27.876194
40,2,1,71,igraph,0.11121201515197754,True,False,0.5860940289625074,True,,lfr,2026-03-22T11:41:28.424584
40,2,1,71,bayan,0.9931259155273438,True,False,0.57712185,True,,lfr,2026-03-22T11:41:29.843879
40,2,2,83,igraph,0.11873269081115723,True,False,0.5881114820728699,True,,lfr,2026-03-22T11:41:30.398338
40,2,2,83,bayan,1.0894081592559814,True,False,0.56042087,True,,lfr,2026-03-22T11:41:31.937419
40,2,3,92,igraph,0.13495898246765137,True,False,0.5424740075614366,True,,lfr,2026-03-22T11:41:32.508212
40,2,3,92,bayan,1.1795642375946045,True,False,0.53406573,True,,lfr,2026-03-22T11:41:34.132849
40,2,4,77,igraph,0.10817885398864746,True,False,0.5935233597571261,True,,lfr,2026-03-22T11:41:34.674330
40,2,4,77,bayan,1.0765361785888672,True,False,0.58874611,True,,lfr,2026-03-22T11:41:36.188918
40,2,5,78,igraph,0.534217119216919,True,False,0.5989480604865219,True,,lfr,2026-03-22T11:41:37.159824
40,2,5,78,bayan,1.3895492553710938,True,False,0.58772127,True,,lfr,2026-03-22T11:41:38.987154
40,2,6,77,igraph,0.09162688255310059,True,False,0.639483892730646,True,,lfr,2026-03-22T11:41:39.518262
40,2,6,77,bayan,1.0541760921478271,True,False,0.63047845,True,,lfr,2026-03-22T11:41:41.018438
40,2,7,68,igraph,0.09323596954345703,True,False,0.6384083044982698,True,,lfr,2026-03-22T11:41:41.552837
40,2,7,68,bayan,0.9953279495239258,True,False,0.62340004,True,,lfr,2026-03-22T11:41:42.982348
40,2,8,98,igraph,12.026786088943481,True,False,0.431643065389421,True,,lfr,2026-03-22T11:41:55.449621
40,2,8,98,bayan,27.659921884536743,True,False,0.42068142,True,,lfr,2026-03-22T11:42:23.568965
40,2,9,95,igraph,0.15841913223266602,True,False,0.558393351800554,True,,lfr,2026-03-22T11:42:24.168794
40,2,9,95,bayan,1.230360984802246,True,False,0.55035624,True,,lfr,2026-03-22T11:42:25.842619
40,2,10,84,igraph,0.1768951416015625,True,False,0.5479733560090702,True,,lfr,2026-03-22T11:42:26.457764
40,2,10,84,bayan,1.1251068115234375,True,False,0.54127008,True,,lfr,2026-03-22T11:42:28.031620
40,2,11,74,igraph,0.1519908905029297,True,False,0.5601716581446311,True,,lfr,2026-03-22T11:42:28.623767
40,2,11,74,bayan,1.063241958618164,True,False,0.55092593,True,,lfr,2026-03-22T11:42:30.143991
40,2,12,78,igraph,0.12218618392944336,True,False,0.5758547008547007,True,,lfr,2026-03-22T11:42:30.701434
40,2,12,78,bayan,1.0742101669311523,True,False,0.56330796,True,,lfr,2026-03-22T11:42:32.246886
40,2,13,70,igraph,0.11739802360534668,True,False,0.6207142857142857,True,,lfr,2026-03-22T11:42:32.802040
40,2,13,70,bayan,1.003770112991333,True,False,0.60773663,True,,lfr,2026-03-22T11:42:34.262110
40,2,14,80,igraph,0.15822696685791016,True,False,0.5894531249999999,True,,lfr,2026-03-22T11:42:34.859059
40,2,14,80,bayan,1.103323221206665,True,False,0.58333333,True,,lfr,2026-03-22T11:42:36.422342
40,2,15,86,igraph,0.1625208854675293,True,False,0.5899810708491076,True,,lfr,2026-03-22T11:42:37.028496
40,2,15,86,bayan,1.1019630432128906,True,False,0.57111671,True,,lfr,2026-03-22T11:42:38.573584
40,2,16,79,igraph,0.11518073081970215,True,False,0.6398013138920046,True,,lfr,2026-03-22T11:42:39.133746
40,2,16,79,bayan,1.0863101482391357,True,False,0.62636818,True,,lfr,2026-03-22T11:42:40.662125
40,2,17,87,igraph,0.1099398136138916,True,False,0.6008059188796406,True,,lfr,2026-03-22T11:42:41.217365
40,2,17,87,bayan,1.1561381816864014,True,False,0.59778547,True,,lfr,2026-03-22T11:42:42.827425
40,2,18,79,igraph,0.12008929252624512,True,False,0.6150456657586926,True,,lfr,2026-03-22T11:42:43.389778
40,2,18,79,bayan,1.0858361721038818,True,False,0.61402706,True,,lfr,2026-03-22T11:42:44.929697
40,2,19,83,igraph,0.12903308868408203,True,False,0.59725649586297,True,,lfr,2026-03-22T11:42:45.504196
40,2,19,83,bayan,1.1028120517730713,True,False,0.59061048,True,,lfr,2026-03-22T11:42:47.075072
60,2,0,157,igraph,2.437523126602173,True,False,0.5539575642013874,True,,lfr,2026-03-22T11:42:49.963485
60,2,0,157,bayan,2.669085741043091,True,False,0.54690504,True,,lfr,2026-03-22T11:42:53.089358
60,2,1,140,igraph,1.8075249195098877,True,False,0.5681887755102042,True,,lfr,2026-03-22T11:42:55.347751
60,2,1,140,bayan,2.293801784515381,True,False,0.56428153,True,,lfr,2026-03-22T11:42:58.096604
60,2,2,148,igraph,12.49177885055542,True,False,0.5768124543462382,True,,lfr,2026-03-22T11:43:11.036794
60,2,2,148,bayan,2.4755160808563232,True,False,0.56618036,True,,lfr,2026-03-22T11:43:13.948370
60,2,3,148,igraph,2.3156139850616455,True,False,0.5574096055514974,True,,lfr,2026-03-22T11:43:16.717250
60,2,3,148,bayan,2.464209794998169,True,False,0.5522039,True,,lfr,2026-03-22T11:43:19.632005
60,2,4,144,igraph,2.4430880546569824,True,False,0.5690827546296295,True,,lfr,2026-03-22T11:43:22.524332
60,2,4,144,bayan,2.3203017711639404,True,False,0.56177799,True,,lfr,2026-03-22T11:43:25.303478
60,2,5,128,igraph,2.293931722640991,True,False,0.601898193359375,True,,lfr,2026-03-22T11:43:28.045235
60,2,5,128,bayan,2.8077361583709717,True,False,0.59101725,True,,lfr,2026-03-22T11:43:31.307152
60,2,6,129,igraph,18.509923696517944,True,False,0.6102998617871522,True,,lfr,2026-03-22T11:43:50.266464
60,2,6,129,bayan,4.436033010482788,True,False,0.60534508,True,,lfr,2026-03-22T11:43:55.166681
60,2,7,141,igraph,1.6136069297790527,True,False,0.5897339168049897,True,,lfr,2026-03-22T11:43:57.235036
60,2,7,141,bayan,2.2439188957214355,True,False,0.58268954,True,,lfr,2026-03-22T11:43:59.933780
60,2,8,166,igraph,2.36843204498291,True,False,0.54334809115982,True,,lfr,2026-03-22T11:44:02.749868
60,2,8,166,bayan,2.806429862976074,True,False,0.53861835,True,,lfr,2026-03-22T11:44:06.011525
60,2,9,167,igraph,2.3419289588928223,True,False,0.5509519882390908,True,,lfr,2026-03-22T11:44:08.800727
60,2,9,167,bayan,2.766860008239746,True,False,0.54868754,True,,lfr,2026-03-22T11:44:12.030362
60,2,10,137,igraph,1.9521691799163818,True,False,0.5848207150087911,True,,lfr,2026-03-22T11:44:14.425647
60,2,10,137,bayan,2.320688009262085,True,False,0.57791385,True,,lfr,2026-03-22T11:44:17.196776
60,2,11,157,igraph,3.026287078857422,True,False,0.5553775001014241,True,,lfr,2026-03-22T11:44:20.668063
60,2,11,157,bayan,2.5752170085906982,True,False,0.55146466,True,,lfr,2026-03-22T11:44:23.690924
60,2,12,129,igraph,1.3349990844726562,True,False,0.5970494561624902,True,,lfr,2026-03-22T11:44:25.474364
60,2,12,129,bayan,2.35857892036438,True,False,0.58825442,True,,lfr,2026-03-22T11:44:28.285143
60,2,13,131,igraph,1.3902437686920166,True,False,0.6050638074704271,True,,lfr,2026-03-22T11:44:30.123970
60,2,13,131,bayan,2.2342898845672607,True,False,0.60063053,True,,lfr,2026-03-22T11:44:32.811429
60,2,14,129,igraph,2.135532855987549,True,False,0.579502433747972,True,,lfr,2026-03-22T11:44:35.395814
60,2,14,129,bayan,2.261734962463379,True,False,0.57579515,True,,lfr,2026-03-22T11:44:38.125965
60,2,15,140,igraph,2.163111925125122,True,False,0.5650255102040816,True,,lfr,2026-03-22T11:44:40.738375
60,2,15,140,bayan,2.3479018211364746,True,False,0.56223027,True,,lfr,2026-03-22T11:44:43.548759
60,2,16,130,igraph,1.5997600555419922,True,False,0.5791420118343197,True,,lfr,2026-03-22T11:44:45.599972
60,2,16,130,bayan,2.229081869125366,True,False,0.55932759,True,,lfr,2026-03-22T11:44:48.287260
60,2,17,140,igraph,9.738962888717651,True,False,0.5580357142857143,True,,lfr,2026-03-22T11:44:58.480996
60,2,17,140,bayan,2.3921070098876953,True,False,0.55304647,True,,lfr,2026-03-22T11:45:01.347587
60,2,18,124,igraph,4.4511353969573975,True,False,0.5756048387096774,True,,lfr,2026-03-22T11:45:06.249746
60,2,18,124,bayan,2.2277939319610596,True,False,0.57298176,True,,lfr,2026-03-22T11:45:08.939757
60,2,19,128,igraph,1.7908589839935303,True,False,0.5771484375,True,,lfr,2026-03-22T11:45:11.175771
60,2,19,128,bayan,2.180695056915283,True,False,0.56708763,True,,lfr,2026-03-22T11:45:13.840449
80,2,0,215,igraph,16.432709217071533,True,False,0.5575121687398594,True,,lfr,2026-03-22T11:45:30.726019
80,2,0,215,bayan,5.073978900909424,True,False,0.55464837,True,,lfr,2026-03-22T11:45:36.254296
80,2,1,209,igraph,13.56912088394165,True,False,0.569744282411117,True,,lfr,2026-03-22T11:45:50.274870
80,2,1,209,bayan,4.840378999710083,True,False,0.56828615,True,,lfr,2026-03-22T11:45:55.601919
80,2,2,236,igraph,13.299139976501465,True,False,0.5748437948865268,True,,lfr,2026-03-22T11:46:09.357803
80,2,2,236,bayan,5.363553047180176,True,False,0.57234685,True,,lfr,2026-03-22T11:46:15.206259
80,2,3,210,igraph,13.784757852554321,True,False,0.5617120181405896,True,,lfr,2026-03-22T11:46:29.439783
80,2,3,210,bayan,5.130187034606934,True,False,0.55950378,True,,lfr,2026-03-22T11:46:35.045324
80,2,4,214,igraph,12.575845718383789,True,False,0.5625382129443619,True,,lfr,2026-03-22T11:46:48.071153
80,2,4,214,bayan,4.844267129898071,True,False,0.56082523,True,,lfr,2026-03-22T11:46:53.379909
80,2,5,199,igraph,11.872791051864624,True,False,0.5637105123607989,True,,lfr,2026-03-22T11:47:05.711238
80,2,5,199,bayan,4.548600912094116,True,False,0.55982304,True,,lfr,2026-03-22T11:47:10.733548
80,2,6,215,igraph,30,False,True,,,timeout,lfr,2026-03-22T11:47:40.745275
80,2,6,215,bayan,5.118236303329468,True,False,0.54806122,True,,lfr,2026-03-22T11:47:46.334148
80,2,7,189,igraph,30,False,True,,,timeout,lfr,2026-03-22T11:48:16.344278
80,2,7,189,bayan,4.423012971878052,True,False,0.5552665,True,,lfr,2026-03-22T11:48:21.257774
80,2,8,233,igraph,14.79252815246582,True,False,0.5517784449888559,True,,lfr,2026-03-22T11:48:36.509265
80,2,8,233,bayan,5.378031015396118,True,False,0.5492485,True,,lfr,2026-03-22T11:48:42.343032
80,2,9,253,igraph,22.128975868225098,True,False,0.5522895217859989,True,,lfr,2026-03-22T11:49:04.929744
80,2,9,253,bayan,5.936599016189575,True,False,0.5478019,True,,lfr,2026-03-22T11:49:11.344569
80,2,10,195,igraph,30,False,True,,,timeout,lfr,2026-03-22T11:49:41.355713
80,2,10,195,bayan,4.484574317932129,True,False,0.56472439,True,,lfr,2026-03-22T11:49:46.303713
80,2,11,186,igraph,15.616639852523804,True,False,0.5892588738582496,True,,lfr,2026-03-22T11:50:02.376869
80,2,11,186,bayan,4.531740188598633,True,False,0.58169979,True,,lfr,2026-03-22T11:50:07.395702
80,2,12,216,igraph,17.679099082946777,True,False,0.5456211419753086,True,,lfr,2026-03-22T11:50:25.537177
80,2,12,216,bayan,5.256637334823608,True,False,0.54087309,True,,lfr,2026-03-22T11:50:31.269864
80,2,13,242,igraph,15.872308015823364,True,False,0.5348763745645789,True,,lfr,2026-03-22T11:50:47.606249
80,2,13,242,bayan,5.804370880126953,True,False,0.5297578,True,,lfr,2026-03-22T11:50:53.878669
80,2,14,204,igraph,13.88924789428711,True,False,0.571354767397155,True,,lfr,2026-03-22T11:51:08.230935
80,2,14,204,bayan,4.656176805496216,True,False,0.57078118,True,,lfr,2026-03-22T11:51:13.362224
80,2,15,217,igraph,12.939885139465332,True,False,0.5537174286988468,True,,lfr,2026-03-22T11:51:26.755843
80,2,15,217,bayan,5.044128894805908,True,False,0.55160931,True,,lfr,2026-03-22T11:51:32.262592
80,2,16,208,igraph,30,False,True,,,timeout,lfr,2026-03-22T11:52:02.273130
80,2,16,208,bayan,4.9190449714660645,True,False,0.54339084,True,,lfr,2026-03-22T11:52:07.659759
80,2,17,217,igraph,11.623268127441406,True,False,0.5592176516808597,True,,lfr,2026-03-22T11:52:19.750327
80,2,17,217,bayan,5.099739074707031,True,False,0.55689441,True,,lfr,2026-03-22T11:52:25.317571
80,2,18,211,igraph,14.244874238967896,True,False,0.5615215291660116,True,,lfr,2026-03-22T11:52:40.017340
80,2,18,211,bayan,4.866455793380737,True,False,0.55781531,True,,lfr,2026-03-22T11:52:45.352135
80,2,19,183,igraph,12.338383197784424,True,False,0.5783242258652095,True,,lfr,2026-03-22T11:52:58.151340
80,2,19,183,bayan,4.234686851501465,True,False,0.57660494,True,,lfr,2026-03-22T11:53:02.860675
100,2,0,264,igraph,30,False,True,,,timeout,lfr,2026-03-22T11:53:32.872975
100,2,0,264,bayan,30,False,True,,,timeout,lfr,2026-03-22T11:54:07.887298
100,2,1,309,igraph,30,False,True,,,timeout,lfr,2026-03-22T11:54:37.905590
100,2,1,309,bayan,10.343524932861328,True,False,0.52279572,True,,lfr,2026-03-22T11:54:48.834868
100,2,2,284,igraph,30,False,True,,,timeout,lfr,2026-03-22T11:55:18.845684
100,2,2,284,bayan,8.801894903182983,True,False,0.56963278,True,,lfr,2026-03-22T11:55:28.115548
100,2,3,312,igraph,30,False,True,,,timeout,lfr,2026-03-22T11:55:58.125477
100,2,3,312,bayan,10.345664978027344,True,False,0.54856815,True,,lfr,2026-03-22T11:56:08.940776
100,2,4,261,igraph,30,False,True,,,timeout,lfr,2026-03-22T11:56:38.953531
100,2,4,261,bayan,8.311553955078125,True,False,0.57452226,True,,lfr,2026-03-22T11:56:47.731653
100,2,5,253,igraph,30,False,True,,,timeout,lfr,2026-03-22T11:57:17.743471
100,2,5,253,bayan,30,False,True,,,timeout,lfr,2026-03-22T11:57:52.756656
100,2,6,267,igraph,30,False,True,,,timeout,lfr,2026-03-22T11:58:22.771337
100,2,6,267,bayan,8.557643175125122,True,False,0.56370951,True,,lfr,2026-03-22T11:58:31.886242
100,2,7,271,igraph,30,False,True,,,timeout,lfr,2026-03-22T11:59:01.898821
100,2,7,271,bayan,8.649569034576416,True,False,0.5570635,True,,lfr,2026-03-22T11:59:11.028963
100,2,8,287,igraph,30,False,True,,,timeout,lfr,2026-03-22T11:59:41.039915
100,2,8,287,bayan,30,False,True,,,timeout,lfr,2026-03-22T12:00:16.052751
100,2,9,301,igraph,30,False,True,,,timeout,lfr,2026-03-22T12:00:46.064042
100,2,9,301,bayan,30,False,True,,,timeout,lfr,2026-03-22T12:01:21.080084
100,2,10,249,igraph,30,False,True,,,timeout,lfr,2026-03-22T12:01:51.094736
100,2,10,249,bayan,7.874156951904297,True,False,0.57117701,True,,lfr,2026-03-22T12:01:59.492297
100,2,11,296,igraph,30,False,True,,,timeout,lfr,2026-03-22T12:02:29.503745
100,2,11,296,bayan,9.479207038879395,True,False,0.54480139,True,,lfr,2026-03-22T12:02:39.470513
100,2,12,303,igraph,30,False,True,,,timeout,lfr,2026-03-22T12:03:09.481433
100,2,12,303,bayan,30,False,True,,,timeout,lfr,2026-03-22T12:03:44.493934
100,2,13,278,igraph,30,False,True,,,timeout,lfr,2026-03-22T12:04:14.510398
100,2,13,278,bayan,8.35396695137024,True,False,0.5856241,True,,lfr,2026-03-22T12:04:23.319409
100,2,14,279,igraph,30,False,True,,,timeout,lfr,2026-03-22T12:04:53.331713
100,2,14,279,bayan,8.802746057510376,True,False,0.54617596,True,,lfr,2026-03-22T12:05:02.610070
100,2,15,326,igraph,30,False,True,,,timeout,lfr,2026-03-22T12:05:32.620918
100,2,15,326,bayan,10.619077920913696,True,False,0.54118863,True,,lfr,2026-03-22T12:05:43.685817
100,2,16,294,igraph,30,False,True,,,timeout,lfr,2026-03-22T12:06:13.696822
100,2,16,294,bayan,9.039038896560669,True,False,0.55941297,True,,lfr,2026-03-22T12:06:23.210914
100,2,17,280,igraph,30,False,True,,,timeout,lfr,2026-03-22T12:06:53.223781
100,2,17,280,bayan,9.068587064743042,True,False,0.55287934,True,,lfr,2026-03-22T12:07:02.796544
100,2,18,277,igraph,30,False,True,,,timeout,lfr,2026-03-22T12:07:32.807425
100,2,18,277,bayan,8.423604011535645,True,False,0.55993407,True,,lfr,2026-03-22T12:07:41.690823
100,2,19,244,igraph,30,False,True,,,timeout,lfr,2026-03-22T12:08:11.701458
100,2,19,244,bayan,30,False,True,,,timeout,lfr,2026-03-22T12:08:46.712337
120,2,0,376,igraph,30,False,True,,,timeout,lfr,2026-03-22T12:09:16.732891
120,2,0,376,bayan,16.24458599090576,True,False,0.53441271,True,,lfr,2026-03-22T12:09:33.464478
120,2,1,344,igraph,30,False,True,,,timeout,lfr,2026-03-22T12:10:03.477675
120,2,1,344,bayan,14.48620891571045,True,False,0.55411332,True,,lfr,2026-03-22T12:10:18.449300
120,2,2,366,igraph,30,False,True,,,timeout,lfr,2026-03-22T12:10:48.464189
120,2,2,366,bayan,15.548306941986084,True,False,0.55262239,True,,lfr,2026-03-22T12:11:04.481655
120,2,3,379,igraph,30,False,True,,,timeout,lfr,2026-03-22T12:11:34.494488
120,2,3,379,bayan,16.192459106445312,True,False,0.5428903,True,,lfr,2026-03-22T12:11:51.142430
120,2,4,319,igraph,30,False,True,,,timeout,lfr,2026-03-22T12:12:21.155398
120,2,4,319,bayan,13.022303819656372,True,False,0.57339068,True,,lfr,2026-03-22T12:12:34.637719
120,2,5,392,igraph,30,False,True,,,timeout,lfr,2026-03-22T12:13:04.650744
120,2,5,392,bayan,17.08901596069336,True,False,0.54550497,True,,lfr,2026-03-22T12:13:22.210310
120,2,6,413,igraph,30,False,True,,,timeout,lfr,2026-03-22T12:13:52.224209
120,2,6,413,bayan,18.313273906707764,True,False,0.53195419,True,,lfr,2026-03-22T12:14:10.996116
120,2,7,293,igraph,30,False,True,,,timeout,lfr,2026-03-22T12:14:41.009286
120,2,7,293,bayan,12.052007913589478,True,False,0.57686166,True,,lfr,2026-03-22T12:14:53.510580
120,2,8,378,igraph,30,False,True,,,timeout,lfr,2026-03-22T12:15:23.523089
120,2,8,378,bayan,30,False,True,,,timeout,lfr,2026-03-22T12:15:58.539142
120,2,9,367,igraph,30,False,True,,,timeout,lfr,2026-03-22T12:16:28.553969
120,2,9,367,bayan,15.66449499130249,True,False,0.55391201,True,,lfr,2026-03-22T12:16:44.689172
120,2,10,292,igraph,30,False,True,,,timeout,lfr,2026-03-22T12:17:14.703325
120,2,10,292,bayan,30,False,True,,,timeout,lfr,2026-03-22T12:17:49.720498
120,2,11,321,igraph,30,False,True,,,timeout,lfr,2026-03-22T12:18:19.735923
120,2,11,321,bayan,14.000906944274902,True,False,0.56963946,True,,lfr,2026-03-22T12:18:34.205905
120,2,12,402,igraph,30,False,True,,,timeout,lfr,2026-03-22T12:19:04.220397
120,2,12,402,bayan,17.933964014053345,True,False,0.52280313,True,,lfr,2026-03-22T12:19:22.623788
120,2,13,337,igraph,30,False,True,,,timeout,lfr,2026-03-22T12:19:52.638308
120,2,13,337,bayan,13.701601028442383,True,False,0.58052239,True,,lfr,2026-03-22T12:20:06.797573
120,2,14,350,igraph,30,False,True,,,timeout,lfr,2026-03-22T12:20:36.812085
120,2,14,350,bayan,26.04542088508606,True,False,0.54779981,True,,lfr,2026-03-22T12:21:03.469574
120,2,15,392,igraph,30,False,True,,,timeout,lfr,2026-03-22T12:21:33.488730
120,2,15,392,bayan,22.10007619857788,True,False,0.52538805,True,,lfr,2026-03-22T12:21:56.117631
120,2,16,311,igraph,30,False,True,,,timeout,lfr,2026-03-22T12:22:26.131076
120,2,16,311,bayan,12.724231004714966,True,False,0.57907749,True,,lfr,2026-03-22T12:22:39.317613
120,2,17,354,igraph,30,False,True,,,timeout,lfr,2026-03-22T12:23:09.330697
120,2,17,354,bayan,14.476609706878662,True,False,0.57287099,True,,lfr,2026-03-22T12:23:24.275326
120,2,18,397,igraph,30,False,True,,,timeout,lfr,2026-03-22T12:23:54.287679
120,2,18,397,bayan,17.25325059890747,True,False,0.54073173,True,,lfr,2026-03-22T12:24:12.014650
120,2,19,358,igraph,30,False,True,,,timeout,lfr,2026-03-22T12:24:42.027094
120,2,19,358,bayan,14.941256999969482,True,False,0.55894069,True,,lfr,2026-03-22T12:24:57.426126
140,2,0,469,igraph,30,False,True,,,timeout,lfr,2026-03-22T12:25:27.443208
140,2,0,469,bayan,30,False,True,,,timeout,lfr,2026-03-22T12:26:02.457666
140,2,1,514,igraph,30,False,True,,,timeout,lfr,2026-03-22T12:26:32.478527
140,2,1,514,bayan,29.658841133117676,True,False,0.55513498,True,,lfr,2026-03-22T12:27:02.629346
140,2,2,433,igraph,30,False,True,,,timeout,lfr,2026-03-22T12:27:32.649042
140,2,2,433,bayan,23.68037509918213,True,False,0.53043887,True,,lfr,2026-03-22T12:27:56.793535
140,2,3,450,igraph,30,False,True,,,timeout,lfr,2026-03-22T12:28:26.813459
140,2,3,450,bayan,30,False,True,,,timeout,lfr,2026-03-22T12:29:01.831719
140,2,4,464,igraph,30,False,True,,,timeout,lfr,2026-03-22T12:29:31.858545
140,2,4,464,bayan,28.26171088218689,True,False,0.54442108,True,,lfr,2026-03-22T12:30:00.600884
140,2,5,444,igraph,30,False,True,,,timeout,lfr,2026-03-22T12:30:30.621422
140,2,5,444,bayan,30,False,True,,,timeout,lfr,2026-03-22T12:31:05.640910
140,2,6,406,igraph,30,False,True,,,timeout,lfr,2026-03-22T12:31:35.670403
140,2,6,406,bayan,21.7219340801239,True,False,0.56601543,True,,lfr,2026-03-22T12:31:57.971688
140,2,7,444,igraph,30,False,True,,,timeout,lfr,2026-03-22T12:32:27.990836
140,2,7,444,bayan,30,False,True,,,timeout,lfr,2026-03-22T12:33:03.004310
140,2,8,461,igraph,30,False,True,,,timeout,lfr,2026-03-22T12:33:33.023698
140,2,8,461,bayan,25.76818084716797,True,False,0.54845684,True,,lfr,2026-03-22T12:33:59.285550
140,2,9,431,igraph,30,False,True,,,timeout,lfr,2026-03-22T12:34:29.307055
140,2,9,431,bayan,30,False,True,,,timeout,lfr,2026-03-22T12:35:04.320949
140,2,10,447,igraph,30,False,True,,,timeout,lfr,2026-03-22T12:35:34.353649
140,2,10,447,bayan,24.580907821655273,True,False,0.57272137,True,,lfr,2026-03-22T12:35:59.476756
140,2,11,464,igraph,30,False,True,,,timeout,lfr,2026-03-22T12:36:29.500991
140,2,11,464,bayan,25.926132202148438,True,False,0.5626276,True,,lfr,2026-03-22T12:36:56.010941
140,2,12,466,igraph,30,False,True,,,timeout,lfr,2026-03-22T12:37:26.031234
140,2,12,466,bayan,27.117009162902832,True,False,0.54916756,True,,lfr,2026-03-22T12:37:53.609838
140,2,13,434,igraph,30,False,True,,,timeout,lfr,2026-03-22T12:38:23.628241
140,2,13,434,bayan,30,False,True,,,timeout,lfr,2026-03-22T12:38:58.647295
140,2,14,424,igraph,30,False,True,,,timeout,lfr,2026-03-22T12:39:28.665483
140,2,14,424,bayan,28.66337490081787,True,False,0.55113946,True,,lfr,2026-03-22T12:39:57.806466
140,2,15,507,igraph,30,False,True,,,timeout,lfr,2026-03-22T12:40:27.832739
140,2,15,507,bayan,29.379770278930664,True,False,0.54800224,True,,lfr,2026-03-22T12:40:57.676735
140,2,16,473,igraph,30,False,True,,,timeout,lfr,2026-03-22T12:41:27.695429
140,2,16,473,bayan,26.87222194671631,True,False,0.54919271,True,,lfr,2026-03-22T12:41:55.037911
140,2,17,454,igraph,30,False,True,,,timeout,lfr,2026-03-22T12:42:25.055851
140,2,17,454,bayan,30,False,True,,,timeout,lfr,2026-03-22T12:43:00.072605
140,2,18,438,igraph,30,False,True,,,timeout,lfr,2026-03-22T12:43:30.091061
140,2,18,438,bayan,24.258946180343628,True,False,0.55919937,True,,lfr,2026-03-22T12:43:54.866382
140,2,19,471,igraph,30,False,True,,,timeout,lfr,2026-03-22T12:44:24.892333
140,2,19,471,bayan,26.51806378364563,True,False,0.55066409,True,,lfr,2026-03-22T12:44:51.885462
160,2,0,494,igraph,30,False,True,,,timeout,lfr,2026-03-22T12:45:21.908914
160,2,0,494,bayan,30,False,True,,,timeout,lfr,2026-03-22T12:45:56.922281
160,2,1,519,igraph,30,False,True,,,timeout,lfr,2026-03-22T12:46:26.947609
160,2,1,519,bayan,30,False,True,,,timeout,lfr,2026-03-22T12:47:01.963968
160,2,2,514,igraph,30,False,True,,,timeout,lfr,2026-03-22T12:47:32.003881
160,2,2,514,bayan,30,False,True,,,timeout,lfr,2026-03-22T12:48:07.019460
160,2,3,570,igraph,30,False,True,,,timeout,lfr,2026-03-22T12:48:37.050076
160,2,3,570,bayan,30,False,True,,,timeout,lfr,2026-03-22T12:49:12.060874
160,2,4,515,igraph,30,False,True,,,timeout,lfr,2026-03-22T12:49:42.097462
160,2,4,515,bayan,30,False,True,,,timeout,lfr,2026-03-22T12:50:17.111362
160,2,5,505,igraph,30,False,True,,,timeout,lfr,2026-03-22T12:50:47.147801
160,2,5,505,bayan,30,False,True,,,timeout,lfr,2026-03-22T12:51:22.162069
160,2,6,564,igraph,30,False,True,,,timeout,lfr,2026-03-22T12:51:52.198369
160,2,6,564,bayan,30,False,True,,,timeout,lfr,2026-03-22T12:52:27.216153
160,2,7,498,igraph,30,False,True,,,timeout,lfr,2026-03-22T12:52:57.270256
160,2,7,498,bayan,30,False,True,,,timeout,lfr,2026-03-22T12:53:32.286257
160,2,8,537,igraph,30,False,True,,,timeout,lfr,2026-03-22T12:54:02.318807
160,2,8,537,bayan,30,False,True,,,timeout,lfr,2026-03-22T12:54:37.326539
160,2,9,620,igraph,30,False,True,,,timeout,lfr,2026-03-22T12:55:07.368747
160,2,9,620,bayan,30,False,True,,,timeout,lfr,2026-03-22T12:55:42.381181
160,2,10,441,igraph,30,False,True,,,timeout,lfr,2026-03-22T12:56:12.416329
160,2,10,441,bayan,30,False,True,,,timeout,lfr,2026-03-22T12:56:47.431259
160,2,11,556,igraph,30,False,True,,,timeout,lfr,2026-03-22T12:57:17.472728
160,2,11,556,bayan,30,False,True,,,timeout,lfr,2026-03-22T12:57:52.482923
160,2,12,523,igraph,30,False,True,,,timeout,lfr,2026-03-22T12:58:22.522631
160,2,12,523,bayan,30,False,True,,,timeout,lfr,2026-03-22T12:58:57.537032
160,2,13,489,igraph,30,False,True,,,timeout,lfr,2026-03-22T12:59:27.578805
160,2,13,489,bayan,30,False,True,,,timeout,lfr,2026-03-22T13:00:02.592747
160,2,14,513,igraph,30,False,True,,,timeout,lfr,2026-03-22T13:00:32.627645
160,2,14,513,bayan,30,False,True,,,timeout,lfr,2026-03-22T13:01:07.639685
160,2,15,586,igraph,30,False,True,,,timeout,lfr,2026-03-22T13:01:37.673675
160,2,15,586,bayan,30,False,True,,,timeout,lfr,2026-03-22T13:02:12.693639
160,2,16,489,igraph,30,False,True,,,timeout,lfr,2026-03-22T13:02:42.733077
160,2,16,489,bayan,30,False,True,,,timeout,lfr,2026-03-22T13:03:17.747406
160,2,17,564,igraph,30,False,True,,,timeout,lfr,2026-03-22T13:03:47.782506
160,2,17,564,bayan,30,False,True,,,timeout,lfr,2026-03-22T13:04:22.794399
160,2,18,523,igraph,30,False,True,,,timeout,lfr,2026-03-22T13:04:52.834853
160,2,18,523,bayan,30,False,True,,,timeout,lfr,2026-03-22T13:05:27.843034
160,2,19,457,igraph,30,False,True,,,timeout,lfr,2026-03-22T13:05:57.887285
160,2,19,457,bayan,30,False,True,,,timeout,lfr,2026-03-22T13:06:32.905147
