n,actual_n,k,seed,num_edges,algorithm,time,success,timed_out,modularity,optimal,error,graph_type,xi,timestamp
20,20,2,0,25,gurobi,0.32622385025024414,True,False,0.38,True,,abcd,0.1,2026-02-07T11:44:35.661223
20,20,2,0,25,bnb_c_seq,0.2165818214416504,True,False,0.38,True,,abcd,0.1,2026-02-07T11:44:36.359174
20,20,2,0,25,bnb_c,0.02079319953918457,True,False,0.38,True,,abcd,0.1,2026-02-07T11:44:36.859885
20,20,2,0,25,bnb_c_pruned,0.006649971008300781,True,False,0.38,True,,abcd,0.1,2026-02-07T11:44:37.318694
20,20,2,0,25,pyomo_cplex,0.11194109916687012,True,False,0.38000000000000034,True,,abcd,0.1,2026-02-07T11:44:37.883013
20,20,2,0,25,bnb_py,0.02463364601135254,True,False,0.38,True,,abcd,0.1,2026-02-07T11:44:38.358065
20,20,2,0,25,leiden_c_x100,0.014220952987670898,True,False,0.3768,False,,abcd,0.1,2026-02-07T11:44:38.825671
20,20,2,1,28,gurobi,0.018990755081176758,True,False,0.46364795918367346,True,,abcd,0.1,2026-02-07T11:44:39.294810
20,20,2,1,28,bnb_c_seq,0.006335020065307617,True,False,0.463647959183674,True,,abcd,0.1,2026-02-07T11:44:39.758419
20,20,2,1,28,bnb_c,0.006872892379760742,True,False,0.463647959183674,True,,abcd,0.1,2026-02-07T11:44:40.209657
20,20,2,1,28,bnb_c_pruned,0.0064640045166015625,True,False,0.463647959183674,True,,abcd,0.1,2026-02-07T11:44:40.659215
20,20,2,1,28,pyomo_cplex,0.0821082592010498,True,False,0.46364795918367324,True,,abcd,0.1,2026-02-07T11:44:41.184609
20,20,2,1,28,bnb_py,0.022085905075073242,True,False,0.4636479591836734,True,,abcd,0.1,2026-02-07T11:44:41.654534
20,20,2,1,28,leiden_c_x100,0.005619049072265625,True,False,0.463647959183674,True,,abcd,0.1,2026-02-07T11:44:42.109494
20,20,2,2,24,gurobi,0.017069101333618164,True,False,0.41666666666666663,True,,abcd,0.1,2026-02-07T11:44:42.574490
20,20,2,2,24,bnb_c_seq,0.0054950714111328125,True,False,0.416666666666667,True,,abcd,0.1,2026-02-07T11:44:43.039647
20,20,2,2,24,bnb_c,0.006866931915283203,True,False,0.416666666666667,True,,abcd,0.1,2026-02-07T11:44:43.492140
20,20,2,2,24,bnb_c_pruned,0.006999015808105469,True,False,0.416666666666667,True,,abcd,0.1,2026-02-07T11:44:43.943429
20,20,2,2,24,pyomo_cplex,0.08185076713562012,True,False,0.4166666666666669,True,,abcd,0.1,2026-02-07T11:44:44.469593
20,20,2,2,24,bnb_py,0.022822141647338867,True,False,0.4166666666666667,True,,abcd,0.1,2026-02-07T11:44:44.938668
20,20,2,2,24,leiden_c_x100,0.0055959224700927734,True,False,0.388020833333333,False,,abcd,0.1,2026-02-07T11:44:45.395760
20,20,2,3,28,gurobi,0.022839069366455078,True,False,0.39221938775510207,True,,abcd,0.1,2026-02-07T11:44:45.863056
20,20,2,3,28,bnb_c_seq,0.005468130111694336,True,False,0.392219387755102,True,,abcd,0.1,2026-02-07T11:44:46.322850
20,20,2,3,28,bnb_c,0.00644230842590332,True,False,0.392219387755102,True,,abcd,0.1,2026-02-07T11:44:46.773236
20,20,2,3,28,bnb_c_pruned,0.006483793258666992,True,False,0.392219387755102,True,,abcd,0.1,2026-02-07T11:44:47.223948
20,20,2,3,28,pyomo_cplex,0.08240199089050293,True,False,0.3922193877551022,True,,abcd,0.1,2026-02-07T11:44:47.751171
20,20,2,3,28,bnb_py,0.021826982498168945,True,False,0.392219387755102,True,,abcd,0.1,2026-02-07T11:44:48.220901
20,20,2,3,28,leiden_c_x100,0.0048809051513671875,True,False,0.285076530612245,False,,abcd,0.1,2026-02-07T11:44:48.674570
20,20,2,4,26,gurobi,0.017574310302734375,True,False,0.4607988165680469,True,,abcd,0.1,2026-02-07T11:44:49.137733
20,20,2,4,26,bnb_c_seq,0.0052318572998046875,True,False,0.460798816568047,True,,abcd,0.1,2026-02-07T11:44:49.599363
20,20,2,4,26,bnb_c,0.007291078567504883,True,False,0.460798816568047,True,,abcd,0.1,2026-02-07T11:44:50.051840
20,20,2,4,26,bnb_c_pruned,0.00673985481262207,True,False,0.460798816568047,True,,abcd,0.1,2026-02-07T11:44:50.503377
20,20,2,4,26,pyomo_cplex,0.08047199249267578,True,False,0.46079881656804805,True,,abcd,0.1,2026-02-07T11:44:51.030066
20,20,2,4,26,bnb_py,0.024357318878173828,True,False,0.4607988165680474,True,,abcd,0.1,2026-02-07T11:44:51.501978
20,20,2,4,26,leiden_c_x100,0.005287885665893555,True,False,0.460798816568047,True,,abcd,0.1,2026-02-07T11:44:51.955184
20,20,2,5,26,gurobi,0.018675804138183594,True,False,0.4016272189349114,True,,abcd,0.1,2026-02-07T11:44:52.421023
20,20,2,5,26,bnb_c_seq,0.005581855773925781,True,False,0.401627218934911,True,,abcd,0.1,2026-02-07T11:44:52.886400
20,20,2,5,26,bnb_c,0.0066678524017333984,True,False,0.401627218934911,True,,abcd,0.1,2026-02-07T11:44:53.340836
20,20,2,5,26,bnb_c_pruned,0.00654292106628418,True,False,0.401627218934911,True,,abcd,0.1,2026-02-07T11:44:53.793487
20,20,2,5,26,pyomo_cplex,0.08377194404602051,True,False,0.40162721893491143,True,,abcd,0.1,2026-02-07T11:44:54.324081
20,20,2,5,26,bnb_py,0.023446083068847656,True,False,0.40162721893491127,True,,abcd,0.1,2026-02-07T11:44:54.794758
20,20,2,5,26,leiden_c_x100,0.005376100540161133,True,False,0.38387573964497,False,,abcd,0.1,2026-02-07T11:44:55.252370
20,20,2,6,27,gurobi,0.020660877227783203,True,False,0.3923182441700961,True,,abcd,0.1,2026-02-07T11:44:55.726943
20,20,2,6,27,bnb_c_seq,0.006604909896850586,True,False,0.392318244170096,True,,abcd,0.1,2026-02-07T11:44:56.193272
20,20,2,6,27,bnb_c,0.006824970245361328,True,False,0.392318244170096,True,,abcd,0.1,2026-02-07T11:44:56.652482
20,20,2,6,27,bnb_c_pruned,0.0065343379974365234,True,False,0.392318244170096,True,,abcd,0.1,2026-02-07T11:44:57.119564
20,20,2,6,27,pyomo_cplex,0.08152294158935547,True,False,0.3923182441700962,True,,abcd,0.1,2026-02-07T11:44:57.654286
20,20,2,6,27,bnb_py,0.02326679229736328,True,False,0.392318244170096,True,,abcd,0.1,2026-02-07T11:44:58.127041
20,20,2,6,27,leiden_c_x100,0.005138874053955078,True,False,0.314814814814815,False,,abcd,0.1,2026-02-07T11:44:58.583785
20,20,2,7,30,gurobi,0.01646900177001953,True,False,0.4311111111111114,True,,abcd,0.1,2026-02-07T11:44:59.048659
20,20,2,7,30,bnb_c_seq,0.005318164825439453,True,False,0.431111111111111,True,,abcd,0.1,2026-02-07T11:44:59.516100
20,20,2,7,30,bnb_c,0.007386207580566406,True,False,0.431111111111111,True,,abcd,0.1,2026-02-07T11:44:59.971927
20,20,2,7,30,bnb_c_pruned,0.007426023483276367,True,False,0.431111111111111,True,,abcd,0.1,2026-02-07T11:45:00.427580
20,20,2,7,30,pyomo_cplex,0.08783102035522461,True,False,0.43111111111111156,True,,abcd,0.1,2026-02-07T11:45:00.962992
20,20,2,7,30,bnb_py,0.024158954620361328,True,False,0.4311111111111111,True,,abcd,0.1,2026-02-07T11:45:01.436695
20,20,2,7,30,leiden_c_x100,0.00604701042175293,True,False,0.431111111111111,True,,abcd,0.1,2026-02-07T11:45:01.895270
20,20,2,8,25,gurobi,0.018752098083496094,True,False,0.4192000000000003,True,,abcd,0.1,2026-02-07T11:45:02.371034
20,20,2,8,25,bnb_c_seq,0.005542755126953125,True,False,0.4192,True,,abcd,0.1,2026-02-07T11:45:02.842988
20,20,2,8,25,bnb_c,0.006772279739379883,True,False,0.4192,True,,abcd,0.1,2026-02-07T11:45:03.300946
20,20,2,8,25,bnb_c_pruned,0.007832050323486328,True,False,0.4192,True,,abcd,0.1,2026-02-07T11:45:03.760593
20,20,2,8,25,pyomo_cplex,0.08408212661743164,True,False,0.41920000000000035,True,,abcd,0.1,2026-02-07T11:45:04.295437
20,20,2,8,25,bnb_py,0.02625298500061035,True,False,0.4192000000000001,True,,abcd,0.1,2026-02-07T11:45:04.773556
20,20,2,8,25,leiden_c_x100,0.005743980407714844,True,False,0.3,False,,abcd,0.1,2026-02-07T11:45:05.235748
20,12,2,9,15,gurobi,0.009830236434936523,True,False,0.3977777777777778,True,,abcd,0.1,2026-02-07T11:45:05.700040
20,12,2,9,15,bnb_c_seq,0.0053179264068603516,True,False,0.397777777777778,True,,abcd,0.1,2026-02-07T11:45:06.170307
20,12,2,9,15,bnb_c,0.006713151931762695,True,False,0.397777777777778,True,,abcd,0.1,2026-02-07T11:45:06.627675
20,12,2,9,15,bnb_c_pruned,0.006824016571044922,True,False,0.397777777777778,True,,abcd,0.1,2026-02-07T11:45:07.085167
20,12,2,9,15,pyomo_cplex,0.03728318214416504,True,False,0.3977777777777777,True,,abcd,0.1,2026-02-07T11:45:07.573548
20,12,2,9,15,bnb_py,0.009747028350830078,True,False,0.3977777777777778,True,,abcd,0.1,2026-02-07T11:45:08.033376
20,12,2,9,15,leiden_c_x100,0.005124092102050781,True,False,0.397777777777778,True,,abcd,0.1,2026-02-07T11:45:08.493054
20,11,2,10,15,gurobi,0.008398056030273438,True,False,0.21333333333333335,True,,abcd,0.1,2026-02-07T11:45:08.951885
20,11,2,10,15,bnb_c_seq,0.005666971206665039,True,False,0.213333333333333,True,,abcd,0.1,2026-02-07T11:45:09.429271
20,11,2,10,15,bnb_c,0.006706953048706055,True,False,0.213333333333333,True,,abcd,0.1,2026-02-07T11:45:09.886154
20,11,2,10,15,bnb_c_pruned,0.006791830062866211,True,False,0.213333333333333,True,,abcd,0.1,2026-02-07T11:45:10.342859
20,11,2,10,15,pyomo_cplex,0.04701828956604004,True,False,0.21333333333333324,True,,abcd,0.1,2026-02-07T11:45:10.842231
20,11,2,10,15,bnb_py,0.008280754089355469,True,False,0.21333333333333332,True,,abcd,0.1,2026-02-07T11:45:11.300144
20,11,2,10,15,leiden_c_x100,0.005839109420776367,True,False,0.177777777777778,False,,abcd,0.1,2026-02-07T11:45:11.760889
20,20,2,11,23,gurobi,0.017667055130004883,True,False,0.4120982986767487,True,,abcd,0.1,2026-02-07T11:45:12.229005
20,20,2,11,23,bnb_c_seq,0.0058019161224365234,True,False,0.412098298676749,True,,abcd,0.1,2026-02-07T11:45:12.696626
20,20,2,11,23,bnb_c,0.007141828536987305,True,False,0.412098298676749,True,,abcd,0.1,2026-02-07T11:45:13.154896
20,20,2,11,23,bnb_c_pruned,0.007034778594970703,True,False,0.412098298676749,True,,abcd,0.1,2026-02-07T11:45:13.610962
20,20,2,11,23,pyomo_cplex,0.08125686645507812,True,False,0.41209829867674896,True,,abcd,0.1,2026-02-07T11:45:14.140737
20,20,2,11,23,bnb_py,0.02652883529663086,True,False,0.4120982986767487,True,,abcd,0.1,2026-02-07T11:45:14.620195
20,20,2,11,23,leiden_c_x100,0.00539708137512207,True,False,0.238185255198488,False,,abcd,0.1,2026-02-07T11:45:15.086233
20,20,2,12,25,gurobi,0.017552852630615234,True,False,0.4192000000000001,True,,abcd,0.1,2026-02-07T11:45:15.557411
20,20,2,12,25,bnb_c_seq,0.00631403923034668,True,False,0.4192,True,,abcd,0.1,2026-02-07T11:45:16.025217
20,20,2,12,25,bnb_c,0.006875038146972656,True,False,0.4192,True,,abcd,0.1,2026-02-07T11:45:16.484781
20,20,2,12,25,bnb_c_pruned,0.0068171024322509766,True,False,0.4192,True,,abcd,0.1,2026-02-07T11:45:16.941726
20,20,2,12,25,pyomo_cplex,0.08263397216796875,True,False,0.4192000000000002,True,,abcd,0.1,2026-02-07T11:45:17.478404
20,20,2,12,25,bnb_py,0.024699926376342773,True,False,0.4192000000000001,True,,abcd,0.1,2026-02-07T11:45:17.954198
20,20,2,12,25,leiden_c_x100,0.005777835845947266,True,False,0.3552,False,,abcd,0.1,2026-02-07T11:45:18.417988
20,20,2,13,26,gurobi,0.017885923385620117,True,False,0.4230769230769231,True,,abcd,0.1,2026-02-07T11:45:18.889845
20,20,2,13,26,bnb_c_seq,0.00545811653137207,True,False,0.423076923076923,True,,abcd,0.1,2026-02-07T11:45:19.359410
20,20,2,13,26,bnb_c,0.006886959075927734,True,False,0.423076923076923,True,,abcd,0.1,2026-02-07T11:45:19.820313
20,20,2,13,26,bnb_c_pruned,0.007360935211181641,True,False,0.423076923076923,True,,abcd,0.1,2026-02-07T11:45:20.277277
20,20,2,13,26,pyomo_cplex,0.08780813217163086,True,False,0.4230769230769233,True,,abcd,0.1,2026-02-07T11:45:20.818226
20,20,2,13,26,bnb_py,0.02315807342529297,True,False,0.42307692307692313,True,,abcd,0.1,2026-02-07T11:45:21.293495
20,20,2,13,26,leiden_c_x100,0.006273984909057617,True,False,0.411242603550296,False,,abcd,0.1,2026-02-07T11:45:21.756645
20,20,2,14,26,gurobi,0.017168045043945312,True,False,0.4430473372781063,True,,abcd,0.1,2026-02-07T11:45:22.224482
20,20,2,14,26,bnb_c_seq,0.00571894645690918,True,False,0.443047337278107,True,,abcd,0.1,2026-02-07T11:45:22.696894
20,20,2,14,26,bnb_c,0.006940126419067383,True,False,0.443047337278107,True,,abcd,0.1,2026-02-07T11:45:23.157109
20,20,2,14,26,bnb_c_pruned,0.0064547061920166016,True,False,0.443047337278107,True,,abcd,0.1,2026-02-07T11:45:23.615855
20,20,2,14,26,pyomo_cplex,0.08334207534790039,True,False,0.443047337278107,True,,abcd,0.1,2026-02-07T11:45:24.152118
20,20,2,14,26,bnb_py,0.023396968841552734,True,False,0.4430473372781065,True,,abcd,0.1,2026-02-07T11:45:24.630640
20,20,2,14,26,leiden_c_x100,0.005673885345458984,True,False,0.443047337278107,True,,abcd,0.1,2026-02-07T11:45:25.096743
20,20,2,15,27,gurobi,0.02172064781188965,True,False,0.3641975308641977,True,,abcd,0.1,2026-02-07T11:45:25.573584
20,20,2,15,27,bnb_c_seq,0.00571131706237793,True,False,0.364197530864198,True,,abcd,0.1,2026-02-07T11:45:26.045168
20,20,2,15,27,bnb_c,0.006957054138183594,True,False,0.364197530864198,True,,abcd,0.1,2026-02-07T11:45:26.503473
20,20,2,15,27,bnb_c_pruned,0.007031917572021484,True,False,0.364197530864198,True,,abcd,0.1,2026-02-07T11:45:26.964255
20,20,2,15,27,pyomo_cplex,0.08404397964477539,True,False,0.36419753086419776,True,,abcd,0.1,2026-02-07T11:45:27.503820
20,20,2,15,27,bnb_py,0.025206804275512695,True,False,0.3641975308641975,True,,abcd,0.1,2026-02-07T11:45:27.986372
20,20,2,15,27,leiden_c_x100,0.005442142486572266,True,False,0.35116598079561,False,,abcd,0.1,2026-02-07T11:45:28.450953
20,20,2,16,24,gurobi,0.03522992134094238,True,False,0.37413194444444475,True,,abcd,0.1,2026-02-07T11:45:28.942016
20,20,2,16,24,bnb_c_seq,0.006321907043457031,True,False,0.374131944444445,True,,abcd,0.1,2026-02-07T11:45:29.411225
20,20,2,16,24,bnb_c,0.008484840393066406,True,False,0.374131944444445,True,,abcd,0.1,2026-02-07T11:45:29.872784
20,20,2,16,24,bnb_c_pruned,0.006930828094482422,True,False,0.374131944444445,True,,abcd,0.1,2026-02-07T11:45:30.338201
20,20,2,16,24,pyomo_cplex,0.08346796035766602,True,False,0.37413194444444486,True,,abcd,0.1,2026-02-07T11:45:30.878750
20,20,2,16,24,bnb_py,0.026689767837524414,True,False,0.3741319444444444,True,,abcd,0.1,2026-02-07T11:45:31.358572
20,20,2,16,24,leiden_c_x100,0.004964113235473633,True,False,0.290798611111111,False,,abcd,0.1,2026-02-07T11:45:31.823567
20,20,2,17,27,gurobi,0.024866104125976562,True,False,0.3888888888888889,True,,abcd,0.1,2026-02-07T11:45:32.305812
20,20,2,17,27,bnb_c_seq,0.005756855010986328,True,False,0.388888888888889,True,,abcd,0.1,2026-02-07T11:45:32.784951
20,20,2,17,27,bnb_c,0.007060050964355469,True,False,0.388888888888889,True,,abcd,0.1,2026-02-07T11:45:33.279578
20,20,2,17,27,bnb_c_pruned,0.008278846740722656,True,False,0.388888888888889,True,,abcd,0.1,2026-02-07T11:45:33.768712
20,20,2,17,27,pyomo_cplex,0.08871984481811523,True,False,0.38888888888888884,True,,abcd,0.1,2026-02-07T11:45:34.339817
20,20,2,17,27,bnb_py,0.025171995162963867,True,False,0.38888888888888895,True,,abcd,0.1,2026-02-07T11:45:34.847505
20,20,2,17,27,leiden_c_x100,0.0053021907806396484,True,False,0.388888888888889,True,,abcd,0.1,2026-02-07T11:45:35.319189
20,12,2,18,16,gurobi,0.010073184967041016,True,False,0.310546875,True,,abcd,0.1,2026-02-07T11:45:35.795409
20,12,2,18,16,bnb_c_seq,0.005140781402587891,True,False,0.310546875,True,,abcd,0.1,2026-02-07T11:45:36.259411
20,12,2,18,16,bnb_c,0.008365631103515625,True,False,0.310546875,True,,abcd,0.1,2026-02-07T11:45:36.734195
20,12,2,18,16,bnb_c_pruned,0.006763935089111328,True,False,0.310546875,True,,abcd,0.1,2026-02-07T11:45:37.205816
20,12,2,18,16,pyomo_cplex,0.08117079734802246,True,False,0.310546875,True,,abcd,0.1,2026-02-07T11:45:37.752980
20,12,2,18,16,bnb_py,0.01045989990234375,True,False,0.310546875,True,,abcd,0.1,2026-02-07T11:45:38.239412
20,12,2,18,16,leiden_c_x100,0.005586862564086914,True,False,0.310546875,True,,abcd,0.1,2026-02-07T11:45:38.705684
20,20,2,19,26,gurobi,0.017042160034179688,True,False,0.4607988165680474,True,,abcd,0.1,2026-02-07T11:45:39.195089
20,20,2,19,26,bnb_c_seq,0.005780935287475586,True,False,0.460798816568047,True,,abcd,0.1,2026-02-07T11:45:39.670725
20,20,2,19,26,bnb_c,0.00725102424621582,True,False,0.460798816568047,True,,abcd,0.1,2026-02-07T11:45:40.146656
20,20,2,19,26,bnb_c_pruned,0.006345033645629883,True,False,0.460798816568047,True,,abcd,0.1,2026-02-07T11:45:40.613308
20,20,2,19,26,pyomo_cplex,0.08227920532226562,True,False,0.460798816568048,True,,abcd,0.1,2026-02-07T11:45:41.160347
20,20,2,19,26,bnb_py,0.02280879020690918,True,False,0.4607988165680474,True,,abcd,0.1,2026-02-07T11:45:41.643390
20,20,2,19,26,leiden_c_x100,0.005334138870239258,True,False,0.460798816568047,True,,abcd,0.1,2026-02-07T11:45:42.106010
40,40,2,0,56,gurobi,0.8833260536193848,True,False,0.40927933673469374,True,,abcd,0.1,2026-02-07T11:45:43.450431
40,40,2,0,56,bnb_c_seq,0.0073642730712890625,True,False,0.409279336734694,True,,abcd,0.1,2026-02-07T11:45:43.932975
40,40,2,0,56,bnb_c,0.007339000701904297,True,False,0.409279336734694,True,,abcd,0.1,2026-02-07T11:45:44.415924
40,40,2,0,56,bnb_c_pruned,0.007591962814331055,True,False,0.409279336734694,True,,abcd,0.1,2026-02-07T11:45:44.893668
40,40,2,0,56,pyomo_cplex,0.3175790309906006,True,False,0.40927933673469324,True,,abcd,0.1,2026-02-07T11:45:45.685996
40,40,2,0,56,bnb_py,0.1768052577972412,True,False,0.40927933673469385,True,,abcd,0.1,2026-02-07T11:45:46.328257
40,40,2,0,56,leiden_c_x100,0.0052301883697509766,True,False,0.409279336734694,True,,abcd,0.1,2026-02-07T11:45:46.798572
40,40,2,1,71,gurobi,0.4731259346008301,True,False,0.4014084507042247,True,,abcd,0.1,2026-02-07T11:45:47.737512
40,40,2,1,71,bnb_c_seq,0.0065631866455078125,True,False,0.401408450704225,True,,abcd,0.1,2026-02-07T11:45:48.215383
40,40,2,1,71,bnb_c,0.01566004753112793,True,False,0.401408450704225,True,,abcd,0.1,2026-02-07T11:45:48.690473
40,40,2,1,71,bnb_c_pruned,0.007606983184814453,True,False,0.401408450704225,True,,abcd,0.1,2026-02-07T11:45:49.155799
40,40,2,1,71,pyomo_cplex,0.2812368869781494,True,False,0.40140845070422615,True,,abcd,0.1,2026-02-07T11:45:49.897564
40,40,2,1,71,bnb_py,0.1006472110748291,True,False,0.4014084507042254,True,,abcd,0.1,2026-02-07T11:45:50.463904
40,40,2,1,71,leiden_c_x100,0.0052337646484375,True,False,0.391489783773061,False,,abcd,0.1,2026-02-07T11:45:50.933770
40,40,2,2,67,gurobi,0.32492780685424805,True,False,0.4014257072844714,True,,abcd,0.1,2026-02-07T11:45:51.720761
40,40,2,2,67,bnb_c_seq,0.00592803955078125,True,False,0.401425707284473,True,,abcd,0.1,2026-02-07T11:45:52.201944
40,40,2,2,67,bnb_c,0.007046937942504883,True,False,0.401425707284473,True,,abcd,0.1,2026-02-07T11:45:52.670049
40,40,2,2,67,bnb_c_pruned,0.00702214241027832,True,False,0.401425707284473,True,,abcd,0.1,2026-02-07T11:45:53.139579
40,40,2,2,67,pyomo_cplex,0.16438817977905273,True,False,0.40142570728447174,True,,abcd,0.1,2026-02-07T11:45:53.765648
40,40,2,2,67,bnb_py,0.10750889778137207,True,False,0.4014257072844732,True,,abcd,0.1,2026-02-07T11:45:54.336346
40,40,2,2,67,leiden_c_x100,0.005695819854736328,True,False,0.380485631543774,False,,abcd,0.1,2026-02-07T11:45:54.809547
40,40,2,3,70,gurobi,0.1428220272064209,True,False,0.4363265306122436,True,,abcd,0.1,2026-02-07T11:45:55.416193
40,40,2,3,70,bnb_c_seq,0.0057811737060546875,True,False,0.436326530612245,True,,abcd,0.1,2026-02-07T11:45:55.892213
40,40,2,3,70,bnb_c,0.007147073745727539,True,False,0.436326530612245,True,,abcd,0.1,2026-02-07T11:45:56.364814
40,40,2,3,70,bnb_c_pruned,0.006464719772338867,True,False,0.436326530612245,True,,abcd,0.1,2026-02-07T11:45:56.835711
40,40,2,3,70,pyomo_cplex,0.15616512298583984,True,False,0.43632653061224463,True,,abcd,0.1,2026-02-07T11:45:57.465640
40,40,2,3,70,bnb_py,0.09944915771484375,True,False,0.4363265306122449,True,,abcd,0.1,2026-02-07T11:45:58.030854
40,40,2,3,70,leiden_c_x100,0.006365060806274414,True,False,0.42765306122449,False,,abcd,0.1,2026-02-07T11:45:58.501408
40,40,2,4,66,gurobi,0.2892138957977295,True,False,0.39761248852157893,True,,abcd,0.1,2026-02-07T11:45:59.253013
40,40,2,4,66,bnb_c_seq,0.006781101226806641,True,False,0.397612488521579,True,,abcd,0.1,2026-02-07T11:45:59.735111
40,40,2,4,66,bnb_c,0.007239818572998047,True,False,0.397612488521579,True,,abcd,0.1,2026-02-07T11:46:00.203009
40,40,2,4,66,bnb_c_pruned,0.007857322692871094,True,False,0.397612488521579,True,,abcd,0.1,2026-02-07T11:46:00.671945
40,40,2,4,66,pyomo_cplex,0.23958802223205566,True,False,0.3976124885215778,True,,abcd,0.1,2026-02-07T11:46:01.378466
40,40,2,4,66,bnb_py,0.1147470474243164,True,False,0.3976124885215794,True,,abcd,0.1,2026-02-07T11:46:01.958876
40,40,2,4,66,leiden_c_x100,0.0054738521575927734,True,False,0.280532598714417,False,,abcd,0.1,2026-02-07T11:46:02.439053
40,40,2,5,57,gurobi,0.3196101188659668,True,False,0.4647583871960627,True,,abcd,0.1,2026-02-07T11:46:03.225994
40,40,2,5,57,bnb_c_seq,0.005828142166137695,True,False,0.46475838719606,True,,abcd,0.1,2026-02-07T11:46:03.707103
40,40,2,5,57,bnb_c,0.0065441131591796875,True,False,0.46475838719606,True,,abcd,0.1,2026-02-07T11:46:04.175627
40,40,2,5,57,bnb_c_pruned,0.0072879791259765625,True,False,0.46475838719606,True,,abcd,0.1,2026-02-07T11:46:04.645466
40,40,2,5,57,pyomo_cplex,0.2189781665802002,True,False,0.46475838719605905,True,,abcd,0.1,2026-02-07T11:46:05.328272
40,40,2,5,57,bnb_py,0.10705828666687012,True,False,0.4647583871960603,True,,abcd,0.1,2026-02-07T11:46:05.900540
40,40,2,5,57,leiden_c_x100,0.005089998245239258,True,False,0.3601108033241,False,,abcd,0.1,2026-02-07T11:46:06.374715
40,40,2,6,66,gurobi,0.32990217208862305,True,False,0.43204775022956776,True,,abcd,0.1,2026-02-07T11:46:07.170823
40,40,2,6,66,bnb_c_seq,0.005961894989013672,True,False,0.432047750229568,True,,abcd,0.1,2026-02-07T11:46:07.651724
40,40,2,6,66,bnb_c,0.007990121841430664,True,False,0.432047750229568,True,,abcd,0.1,2026-02-07T11:46:08.121867
40,40,2,6,66,bnb_c_pruned,0.0074310302734375,True,False,0.432047750229568,True,,abcd,0.1,2026-02-07T11:46:08.618464
40,40,2,6,66,pyomo_cplex,0.2374279499053955,True,False,0.432047750229567,True,,abcd,0.1,2026-02-07T11:46:09.321403
40,40,2,6,66,bnb_py,0.09654498100280762,True,False,0.43204775022956843,True,,abcd,0.1,2026-02-07T11:46:09.883687
40,40,2,6,66,leiden_c_x100,0.005882978439331055,True,False,0.407254361799816,False,,abcd,0.1,2026-02-07T11:46:10.362701
40,40,2,7,77,gurobi,0.5097911357879639,True,False,0.40909090909090856,True,,abcd,0.1,2026-02-07T11:46:11.338008
40,40,2,7,77,bnb_c_seq,0.005626678466796875,True,False,0.409090909090909,True,,abcd,0.1,2026-02-07T11:46:11.825514
40,40,2,7,77,bnb_c,0.007899045944213867,True,False,0.409090909090909,True,,abcd,0.1,2026-02-07T11:46:12.298126
40,40,2,7,77,bnb_c_pruned,0.0071277618408203125,True,False,0.409090909090909,True,,abcd,0.1,2026-02-07T11:46:12.770277
40,40,2,7,77,pyomo_cplex,0.2628297805786133,True,False,0.40909090909090967,True,,abcd,0.1,2026-02-07T11:46:13.496535
40,40,2,7,77,bnb_py,0.10609579086303711,True,False,0.4090909090909092,True,,abcd,0.1,2026-02-07T11:46:14.072024
40,40,2,7,77,leiden_c_x100,0.0051119327545166016,True,False,0.340613931523022,False,,abcd,0.1,2026-02-07T11:46:14.544141
40,40,2,8,65,gurobi,0.3595278263092041,True,False,0.4288757396449702,True,,abcd,0.1,2026-02-07T11:46:15.371389
40,40,2,8,65,bnb_c_seq,0.006560087203979492,True,False,0.428875739644971,True,,abcd,0.1,2026-02-07T11:46:15.854932
40,40,2,8,65,bnb_c,0.008028030395507812,True,False,0.428875739644971,True,,abcd,0.1,2026-02-07T11:46:16.328906
40,40,2,8,65,bnb_c_pruned,0.007050991058349609,True,False,0.428875739644971,True,,abcd,0.1,2026-02-07T11:46:16.799714
40,40,2,8,65,pyomo_cplex,0.28072214126586914,True,False,0.42887573964497083,True,,abcd,0.1,2026-02-07T11:46:17.546420
40,40,2,8,65,bnb_py,0.09610700607299805,True,False,0.42887573964497044,True,,abcd,0.1,2026-02-07T11:46:18.112050
40,40,2,8,65,leiden_c_x100,0.005110025405883789,True,False,0.406627218934911,False,,abcd,0.1,2026-02-07T11:46:18.589431
40,40,2,9,71,gurobi,0.29238176345825195,True,False,0.40101170402697905,True,,abcd,0.1,2026-02-07T11:46:19.349305
40,40,2,9,71,bnb_c_seq,0.005568981170654297,True,False,0.401011704026979,True,,abcd,0.1,2026-02-07T11:46:19.833028
40,40,2,9,71,bnb_c,0.0073320865631103516,True,False,0.401011704026979,True,,abcd,0.1,2026-02-07T11:46:20.304993
40,40,2,9,71,bnb_c_pruned,0.007292032241821289,True,False,0.401011704026979,True,,abcd,0.1,2026-02-07T11:46:20.776069
40,40,2,9,71,pyomo_cplex,0.16712307929992676,True,False,0.40101170402697806,True,,abcd,0.1,2026-02-07T11:46:21.410294
40,40,2,9,71,bnb_py,0.13205289840698242,True,False,0.4010117040269788,True,,abcd,0.1,2026-02-07T11:46:22.010664
40,40,2,9,71,leiden_c_x100,0.005370140075683594,True,False,0.401011704026979,True,,abcd,0.1,2026-02-07T11:46:22.483724
40,40,2,10,71,gurobi,0.4716808795928955,True,False,0.4014084507042255,True,,abcd,0.1,2026-02-07T11:46:23.423708
40,40,2,10,71,bnb_c_seq,0.006405830383300781,True,False,0.401408450704225,True,,abcd,0.1,2026-02-07T11:46:23.908486
40,40,2,10,71,bnb_c,0.0069386959075927734,True,False,0.401408450704225,True,,abcd,0.1,2026-02-07T11:46:24.382844
40,40,2,10,71,bnb_c_pruned,0.007030010223388672,True,False,0.401408450704225,True,,abcd,0.1,2026-02-07T11:46:24.857032
40,40,2,10,71,pyomo_cplex,0.27553462982177734,True,False,0.4014084507042254,True,,abcd,0.1,2026-02-07T11:46:25.600618
40,40,2,10,71,bnb_py,0.12509679794311523,True,False,0.4014084507042254,True,,abcd,0.1,2026-02-07T11:46:26.198286
40,40,2,10,71,leiden_c_x100,0.005329132080078125,True,False,0.382463796865701,False,,abcd,0.1,2026-02-07T11:46:26.675041
40,40,2,11,64,gurobi,0.37594079971313477,True,False,0.40966796875,True,,abcd,0.1,2026-02-07T11:46:27.520046
40,40,2,11,64,bnb_c_seq,0.005918025970458984,True,False,0.40966796875,True,,abcd,0.1,2026-02-07T11:46:28.002423
40,40,2,11,64,bnb_c,0.0071620941162109375,True,False,0.40966796875,True,,abcd,0.1,2026-02-07T11:46:28.477819
40,40,2,11,64,bnb_c_pruned,0.007009029388427734,True,False,0.40966796875,True,,abcd,0.1,2026-02-07T11:46:28.948736
40,40,2,11,64,pyomo_cplex,0.24260306358337402,True,False,0.40966796875,True,,abcd,0.1,2026-02-07T11:46:29.658058
40,40,2,11,64,bnb_py,0.13612604141235352,True,False,0.40966796875,True,,abcd,0.1,2026-02-07T11:46:30.264310
40,40,2,11,64,leiden_c_x100,0.005155086517333984,True,False,0.40966796875,True,,abcd,0.1,2026-02-07T11:46:30.738893
40,40,2,12,69,gurobi,0.15300416946411133,True,False,0.4700693131695012,True,,abcd,0.1,2026-02-07T11:46:31.360950
40,40,2,12,69,bnb_c_seq,0.005697965621948242,True,False,0.470069313169502,True,,abcd,0.1,2026-02-07T11:46:31.843083
40,40,2,12,69,bnb_c,0.0070438385009765625,True,False,0.470069313169502,True,,abcd,0.1,2026-02-07T11:46:32.318807
40,40,2,12,69,bnb_c_pruned,0.006722688674926758,True,False,0.470069313169502,True,,abcd,0.1,2026-02-07T11:46:32.790916
40,40,2,12,69,pyomo_cplex,0.24185395240783691,True,False,0.47006931316950423,True,,abcd,0.1,2026-02-07T11:46:33.500874
40,40,2,12,69,bnb_py,0.09705185890197754,True,False,0.47006931316950223,True,,abcd,0.1,2026-02-07T11:46:34.066990
40,40,2,12,69,leiden_c_x100,0.005233049392700195,True,False,0.470069313169502,True,,abcd,0.1,2026-02-07T11:46:34.543535
40,40,2,13,62,gurobi,0.3388071060180664,True,False,0.3900884495317374,True,,abcd,0.1,2026-02-07T11:46:35.352377
40,40,2,13,62,bnb_c_seq,0.008095264434814453,True,False,0.390088449531738,True,,abcd,0.1,2026-02-07T11:46:35.837043
40,40,2,13,62,bnb_c,0.007996082305908203,True,False,0.390088449531738,True,,abcd,0.1,2026-02-07T11:46:36.314090
40,40,2,13,62,bnb_c_pruned,0.007670164108276367,True,False,0.390088449531738,True,,abcd,0.1,2026-02-07T11:46:36.786936
40,40,2,13,62,pyomo_cplex,0.22555088996887207,True,False,0.390088449531738,True,,abcd,0.1,2026-02-07T11:46:37.480746
40,40,2,13,62,bnb_py,0.16993308067321777,True,False,0.39008844953173777,True,,abcd,0.1,2026-02-07T11:46:38.123298
40,40,2,13,62,leiden_c_x100,0.005244016647338867,True,False,0.306451612903226,False,,abcd,0.1,2026-02-07T11:46:38.599427
40,40,2,14,66,gurobi,0.5826780796051025,True,False,0.3846418732782367,True,,abcd,0.1,2026-02-07T11:46:39.652471
40,40,2,14,66,bnb_c_seq,0.006021022796630859,True,False,0.384641873278237,True,,abcd,0.1,2026-02-07T11:46:40.140894
40,40,2,14,66,bnb_c,0.007476091384887695,True,False,0.384641873278237,True,,abcd,0.1,2026-02-07T11:46:40.618291
40,40,2,14,66,bnb_c_pruned,0.008108854293823242,True,False,0.384641873278237,True,,abcd,0.1,2026-02-07T11:46:41.096320
40,40,2,14,66,pyomo_cplex,0.2971992492675781,True,False,0.3846418732782364,True,,abcd,0.1,2026-02-07T11:46:41.861419
40,40,2,14,66,bnb_py,0.19554400444030762,True,False,0.38464187327823696,True,,abcd,0.1,2026-02-07T11:46:42.530601
40,40,2,14,66,leiden_c_x100,0.005254983901977539,True,False,0.380050505050505,False,,abcd,0.1,2026-02-07T11:46:43.008301
40,40,2,15,65,gurobi,0.5199651718139648,True,False,0.37680473372781076,True,,abcd,0.1,2026-02-07T11:46:44.000924
40,40,2,15,65,bnb_c_seq,0.006744861602783203,True,False,0.376804733727811,True,,abcd,0.1,2026-02-07T11:46:44.486030
40,40,2,15,65,bnb_c,0.00758814811706543,True,False,0.376804733727811,True,,abcd,0.1,2026-02-07T11:46:44.960024
40,40,2,15,65,bnb_c_pruned,0.007594108581542969,True,False,0.376804733727811,True,,abcd,0.1,2026-02-07T11:46:45.435697
40,40,2,15,65,pyomo_cplex,0.3150169849395752,True,False,0.37680473372781115,True,,abcd,0.1,2026-02-07T11:46:46.220213
40,40,2,15,65,bnb_py,0.20902109146118164,True,False,0.3768047337278107,True,,abcd,0.1,2026-02-07T11:46:46.902260
40,40,2,15,65,leiden_c_x100,0.005292177200317383,True,False,0.355502958579882,False,,abcd,0.1,2026-02-07T11:46:47.377368
40,40,2,16,76,gurobi,0.7194218635559082,True,False,0.35517659279778374,True,,abcd,0.1,2026-02-07T11:46:48.579139
40,40,2,16,76,bnb_c_seq,0.006834983825683594,True,False,0.355176592797784,True,,abcd,0.1,2026-02-07T11:46:49.073928
40,40,2,16,76,bnb_c,0.007751941680908203,True,False,0.355176592797784,True,,abcd,0.1,2026-02-07T11:46:49.552076
40,40,2,16,76,bnb_c_pruned,0.0073070526123046875,True,False,0.355176592797784,True,,abcd,0.1,2026-02-07T11:46:50.026268
40,40,2,16,76,pyomo_cplex,0.27839112281799316,True,False,0.35517659279778424,True,,abcd,0.1,2026-02-07T11:46:50.774566
40,40,2,16,76,bnb_py,0.18572473526000977,True,False,0.355176592797784,True,,abcd,0.1,2026-02-07T11:46:51.433502
40,40,2,16,76,leiden_c_x100,0.005133867263793945,True,False,0.32470567867036,False,,abcd,0.1,2026-02-07T11:46:51.908376
40,40,2,17,66,gurobi,0.33808398246765137,True,False,0.42378328741965027,True,,abcd,0.1,2026-02-07T11:46:52.719581
40,40,2,17,66,bnb_c_seq,0.0064661502838134766,True,False,0.423783287419651,True,,abcd,0.1,2026-02-07T11:46:53.205660
40,40,2,17,66,bnb_c,0.007014751434326172,True,False,0.423783287419651,True,,abcd,0.1,2026-02-07T11:46:53.682898
40,40,2,17,66,bnb_c_pruned,0.007461071014404297,True,False,0.423783287419651,True,,abcd,0.1,2026-02-07T11:46:54.158986
40,40,2,17,66,pyomo_cplex,0.23607873916625977,True,False,0.4237832874196497,True,,abcd,0.1,2026-02-07T11:46:54.868789
40,40,2,17,66,bnb_py,0.12416291236877441,True,False,0.4237832874196511,True,,abcd,0.1,2026-02-07T11:46:55.467805
40,40,2,17,66,leiden_c_x100,0.005638837814331055,True,False,0.423783287419651,True,,abcd,0.1,2026-02-07T11:46:55.947110
40,36,2,18,60,gurobi,0.24306893348693848,True,False,0.3765277777777786,True,,abcd,0.1,2026-02-07T11:46:56.663292
40,36,2,18,60,bnb_c_seq,0.00703120231628418,True,False,0.376527777777778,True,,abcd,0.1,2026-02-07T11:46:57.164942
40,36,2,18,60,bnb_c,0.007296085357666016,True,False,0.376527777777778,True,,abcd,0.1,2026-02-07T11:46:57.646714
40,36,2,18,60,bnb_c_pruned,0.0069119930267333984,True,False,0.376527777777778,True,,abcd,0.1,2026-02-07T11:46:58.123164
40,36,2,18,60,pyomo_cplex,0.14878106117248535,True,False,0.3765277777777777,True,,abcd,0.1,2026-02-07T11:46:58.742579
40,36,2,18,60,bnb_py,0.08595800399780273,True,False,0.37652777777777774,True,,abcd,0.1,2026-02-07T11:46:59.301105
40,36,2,18,60,leiden_c_x100,0.005688905715942383,True,False,0.366527777777778,False,,abcd,0.1,2026-02-07T11:46:59.781002
40,40,2,19,66,gurobi,0.5893268585205078,True,False,0.40495867768595034,True,,abcd,0.1,2026-02-07T11:47:00.840752
40,40,2,19,66,bnb_c_seq,0.006018877029418945,True,False,0.40495867768595,True,,abcd,0.1,2026-02-07T11:47:01.329179
40,40,2,19,66,bnb_c,0.0072939395904541016,True,False,0.40495867768595,True,,abcd,0.1,2026-02-07T11:47:01.808436
40,40,2,19,66,bnb_c_pruned,0.007417201995849609,True,False,0.40495867768595,True,,abcd,0.1,2026-02-07T11:47:02.291024
40,40,2,19,66,pyomo_cplex,0.30962491035461426,True,False,0.40495867768594934,True,,abcd,0.1,2026-02-07T11:47:03.078213
40,40,2,19,66,bnb_py,0.12772202491760254,True,False,0.4049586776859505,True,,abcd,0.1,2026-02-07T11:47:03.685523
40,40,2,19,66,leiden_c_x100,0.005897998809814453,True,False,0.313934802571166,False,,abcd,0.1,2026-02-07T11:47:04.167181
60,60,2,0,109,gurobi,0.02837514877319336,True,False,0.42976180456190727,True,,abcd,0.1,2026-02-07T11:47:04.672677
60,60,2,0,109,bnb_c_seq,0.007079124450683594,True,False,0.429761804561906,True,,abcd,0.1,2026-02-07T11:47:05.161477
60,60,2,0,109,bnb_c,0.007691860198974609,True,False,0.429761804561906,True,,abcd,0.1,2026-02-07T11:47:05.640204
60,60,2,0,109,bnb_c_pruned,0.007880926132202148,True,False,0.429761804561906,True,,abcd,0.1,2026-02-07T11:47:06.122780
60,60,2,0,109,pyomo_cplex,0.8534798622131348,True,False,0.42976180456190577,True,,abcd,0.1,2026-02-07T11:47:07.448453
60,60,2,0,109,bnb_py,0.24387001991271973,True,False,0.4297618045619055,True,,abcd,0.1,2026-02-07T11:47:08.172726
60,60,2,0,109,leiden_c_x100,0.006454944610595703,True,False,0.381238952950088,False,,abcd,0.1,2026-02-07T11:47:08.653185
60,60,2,1,101,gurobi,0.03161287307739258,True,False,0.4434369179492226,True,,abcd,0.1,2026-02-07T11:47:09.161226
60,60,2,1,101,bnb_c_seq,0.00667119026184082,True,False,0.443436917949221,True,,abcd,0.1,2026-02-07T11:47:09.646366
60,60,2,1,101,bnb_c,0.008968830108642578,True,False,0.443436917949221,True,,abcd,0.1,2026-02-07T11:47:10.133120
60,60,2,1,101,bnb_c_pruned,0.00786280632019043,True,False,0.443436917949221,True,,abcd,0.1,2026-02-07T11:47:10.613884
60,60,2,1,101,pyomo_cplex,1.5599958896636963,True,False,0.44343691794922,True,,abcd,0.1,2026-02-07T11:47:12.650677
60,60,2,1,101,bnb_py,0.2943878173828125,True,False,0.4434369179492207,True,,abcd,0.1,2026-02-07T11:47:13.426182
60,60,2,1,101,leiden_c_x100,0.005906105041503906,True,False,0.420154886775806,False,,abcd,0.1,2026-02-07T11:47:13.908554
60,60,2,2,118,gurobi,0.040003061294555664,True,False,0.41511060040218223,True,,abcd,0.1,2026-02-07T11:47:14.424872
60,60,2,2,118,bnb_c_seq,0.007914066314697266,True,False,0.415110600402183,True,,abcd,0.1,2026-02-07T11:47:14.913093
60,60,2,2,118,bnb_c,0.007537126541137695,True,False,0.415110600402183,True,,abcd,0.1,2026-02-07T11:47:15.397728
60,60,2,2,118,bnb_c_pruned,0.008691787719726562,True,False,0.415110600402183,True,,abcd,0.1,2026-02-07T11:47:15.893046
60,60,2,2,118,pyomo_cplex,1.9162111282348633,True,False,0.4151106004021833,True,,abcd,0.1,2026-02-07T11:47:18.287245
60,60,2,2,118,bnb_py,0.3529641628265381,True,False,0.4151106004021833,True,,abcd,0.1,2026-02-07T11:47:19.125447
60,60,2,2,118,leiden_c_x100,0.005919933319091797,True,False,0.36397586900316,False,,abcd,0.1,2026-02-07T11:47:19.610290
60,60,2,3,106,gurobi,0.026002168655395508,True,False,0.4426842292630852,True,,abcd,0.1,2026-02-07T11:47:20.112798
60,60,2,3,106,bnb_c_seq,0.006628751754760742,True,False,0.442684229263083,True,,abcd,0.1,2026-02-07T11:47:20.603997
60,60,2,3,106,bnb_c,0.008196830749511719,True,False,0.442684229263083,True,,abcd,0.1,2026-02-07T11:47:21.088544
60,60,2,3,106,bnb_c_pruned,0.008046150207519531,True,False,0.442684229263083,True,,abcd,0.1,2026-02-07T11:47:21.570979
60,60,2,3,106,pyomo_cplex,1.3246140480041504,True,False,0.44268422926308293,True,,abcd,0.1,2026-02-07T11:47:23.374978
60,60,2,3,106,bnb_py,0.25015974044799805,True,False,0.44268422926308293,True,,abcd,0.1,2026-02-07T11:47:24.116279
60,60,2,3,106,leiden_c_x100,0.005887031555175781,True,False,0.415049839800641,False,,abcd,0.1,2026-02-07T11:47:24.600921
60,60,2,4,109,gurobi,0.05034184455871582,True,False,0.42151334062789364,True,,abcd,0.1,2026-02-07T11:47:25.128222
60,60,2,4,109,bnb_c_seq,0.006811857223510742,True,False,0.421513340627893,True,,abcd,0.1,2026-02-07T11:47:25.621139
60,60,2,4,109,bnb_c,0.008605241775512695,True,False,0.421513340627893,True,,abcd,0.1,2026-02-07T11:47:26.104844
60,60,2,4,109,bnb_c_pruned,0.007943153381347656,True,False,0.421513340627893,True,,abcd,0.1,2026-02-07T11:47:26.589481
60,60,2,4,109,pyomo_cplex,2.011798858642578,True,False,0.4215133406278936,True,,abcd,0.1,2026-02-07T11:47:29.078012
60,60,2,4,109,bnb_py,0.28990602493286133,True,False,0.4215133406278933,True,,abcd,0.1,2026-02-07T11:47:29.851978
60,60,2,4,109,leiden_c_x100,0.005563259124755859,True,False,0.421513340627893,True,,abcd,0.1,2026-02-07T11:47:30.339600
60,60,2,5,107,gurobi,0.03255200386047363,True,False,0.44283343523451313,True,,abcd,0.1,2026-02-07T11:47:30.852722
60,60,2,5,107,bnb_c_seq,0.0067331790924072266,True,False,0.442833435234518,True,,abcd,0.1,2026-02-07T11:47:31.344167
60,60,2,5,107,bnb_c,0.007957935333251953,True,False,0.442833435234518,True,,abcd,0.1,2026-02-07T11:47:31.830083
60,60,2,5,107,bnb_c_pruned,0.007544755935668945,True,False,0.442833435234518,True,,abcd,0.1,2026-02-07T11:47:32.315045
60,60,2,5,107,pyomo_cplex,2.1987950801849365,True,False,0.4428334352345233,True,,abcd,0.1,2026-02-07T11:47:34.992756
60,60,2,5,107,bnb_py,0.2532937526702881,True,False,0.44283343523451835,True,,abcd,0.1,2026-02-07T11:47:35.743634
60,60,2,5,107,leiden_c_x100,0.00534510612487793,True,False,0.339942353043934,False,,abcd,0.1,2026-02-07T11:47:36.234218
60,60,2,6,119,gurobi,0.07929396629333496,True,False,0.3721488595438183,True,,abcd,0.1,2026-02-07T11:47:36.799762
60,60,2,6,119,bnb_c_seq,0.013145208358764648,True,False,0.372148859543818,True,,abcd,0.1,2026-02-07T11:47:37.302542
60,60,2,6,119,bnb_c,0.010520219802856445,True,False,0.372148859543818,True,,abcd,0.1,2026-02-07T11:47:37.794659
60,60,2,6,119,bnb_c_pruned,0.011256217956542969,True,False,0.372148859543818,True,,abcd,0.1,2026-02-07T11:47:38.285413
60,60,2,6,119,pyomo_cplex,2.0891897678375244,True,False,0.37214885954381577,True,,abcd,0.1,2026-02-07T11:47:40.857250
60,60,2,6,119,bnb_py,1.1603779792785645,True,False,0.37214885954381755,True,,abcd,0.1,2026-02-07T11:47:42.504651
60,60,2,6,119,leiden_c_x100,0.00557708740234375,True,False,0.273109243697479,False,,abcd,0.1,2026-02-07T11:47:42.994172
60,60,2,7,102,gurobi,0.03342270851135254,True,False,0.42560553633217957,True,,abcd,0.1,2026-02-07T11:47:43.508818
60,60,2,7,102,bnb_c_seq,0.0075757503509521484,True,False,0.42560553633218,True,,abcd,0.1,2026-02-07T11:47:44.008419
60,60,2,7,102,bnb_c,0.00806879997253418,True,False,0.42560553633218,True,,abcd,0.1,2026-02-07T11:47:44.498898
60,60,2,7,102,bnb_c_pruned,0.008234262466430664,True,False,0.42560553633218,True,,abcd,0.1,2026-02-07T11:47:44.986242
60,60,2,7,102,pyomo_cplex,4.654412746429443,True,False,0.42560553633217646,True,,abcd,0.1,2026-02-07T11:47:50.122353
60,60,2,7,102,bnb_py,0.3104398250579834,True,False,0.42560553633218,True,,abcd,0.1,2026-02-07T11:47:50.922067
60,60,2,7,102,leiden_c_x100,0.006025075912475586,True,False,0.42560553633218,True,,abcd,0.1,2026-02-07T11:47:51.411174
60,60,2,8,111,gurobi,0.11740493774414062,True,False,0.3803262722181629,True,,abcd,0.1,2026-02-07T11:47:52.013805
60,60,2,8,111,bnb_c_seq,0.022751808166503906,True,False,0.380326272218164,True,,abcd,0.1,2026-02-07T11:47:52.528132
60,60,2,8,111,bnb_c,0.012573957443237305,True,False,0.380326272218164,True,,abcd,0.1,2026-02-07T11:47:53.024351
60,60,2,8,111,bnb_c_pruned,0.01190185546875,True,False,0.380326272218164,True,,abcd,0.1,2026-02-07T11:47:53.516007
60,60,2,8,111,pyomo_cplex,2.6402058601379395,True,False,0.3803262722181632,True,,abcd,0.1,2026-02-07T11:47:56.638774
60,60,2,8,111,bnb_py,1.9516170024871826,True,False,0.38032627221816423,True,,abcd,0.1,2026-02-07T11:47:59.089474
60,60,2,8,111,leiden_c_x100,0.0055959224700927734,True,False,0.364377891404918,False,,abcd,0.1,2026-02-07T11:47:59.585425
60,60,2,9,114,gurobi,0.02748894691467285,True,False,0.42009079716835995,True,,abcd,0.1,2026-02-07T11:48:00.097120
60,60,2,9,114,bnb_c_seq,0.0073010921478271484,True,False,0.42009079716836,True,,abcd,0.1,2026-02-07T11:48:00.597117
60,60,2,9,114,bnb_c,0.008826732635498047,True,False,0.42009079716836,True,,abcd,0.1,2026-02-07T11:48:01.090366
60,60,2,9,114,bnb_c_pruned,0.008053302764892578,True,False,0.42009079716836,True,,abcd,0.1,2026-02-07T11:48:01.576682
60,60,2,9,114,pyomo_cplex,1.5923118591308594,True,False,0.4200907971683561,True,,abcd,0.1,2026-02-07T11:48:03.650077
60,60,2,9,114,bnb_py,0.3089480400085449,True,False,0.4200907971683596,True,,abcd,0.1,2026-02-07T11:48:04.443668
60,60,2,9,114,leiden_c_x100,0.005425930023193359,True,False,0.42009079716836,True,,abcd,0.1,2026-02-07T11:48:04.930706
60,60,2,10,98,gurobi,0.02754521369934082,True,False,0.4339858392336492,True,,abcd,0.1,2026-02-07T11:48:05.440324
60,60,2,10,98,bnb_c_seq,0.007403850555419922,True,False,0.433985839233653,True,,abcd,0.1,2026-02-07T11:48:05.937804
60,60,2,10,98,bnb_c,0.008471965789794922,True,False,0.433985839233653,True,,abcd,0.1,2026-02-07T11:48:06.429033
60,60,2,10,98,bnb_c_pruned,0.008069992065429688,True,False,0.433985839233653,True,,abcd,0.1,2026-02-07T11:48:06.917071
60,60,2,10,98,pyomo_cplex,1.140859842300415,True,False,0.4339858392336533,True,,abcd,0.1,2026-02-07T11:48:08.539025
60,60,2,10,98,bnb_py,0.29749512672424316,True,False,0.43398583923365264,True,,abcd,0.1,2026-02-07T11:48:09.320541
60,60,2,10,98,leiden_c_x100,0.005181074142456055,True,False,0.343971261974177,False,,abcd,0.1,2026-02-07T11:48:09.805688
60,60,2,11,107,gurobi,0.02850198745727539,True,False,0.42169621801030177,True,,abcd,0.1,2026-02-07T11:48:10.316883
60,60,2,11,107,bnb_c_seq,0.007210969924926758,True,False,0.421696218010307,True,,abcd,0.1,2026-02-07T11:48:10.815112
60,60,2,11,107,bnb_c,0.008977174758911133,True,False,0.421696218010307,True,,abcd,0.1,2026-02-07T11:48:11.302245
60,60,2,11,107,bnb_c_pruned,0.008105993270874023,True,False,0.421696218010307,True,,abcd,0.1,2026-02-07T11:48:11.788477
60,60,2,11,107,pyomo_cplex,1.1974897384643555,True,False,0.42169621801031076,True,,abcd,0.1,2026-02-07T11:48:13.468171
60,60,2,11,107,bnb_py,0.3070070743560791,True,False,0.42169621801030654,True,,abcd,0.1,2026-02-07T11:48:14.257396
60,60,2,11,107,leiden_c_x100,0.0056231021881103516,True,False,0.421696218010307,True,,abcd,0.1,2026-02-07T11:48:14.744606
60,60,2,12,115,gurobi,0.02855205535888672,True,False,0.41629489603024544,True,,abcd,0.1,2026-02-07T11:48:15.253555
60,60,2,12,115,bnb_c_seq,0.007104158401489258,True,False,0.416294896030246,True,,abcd,0.1,2026-02-07T11:48:15.749111
60,60,2,12,115,bnb_c,0.009770870208740234,True,False,0.416294896030246,True,,abcd,0.1,2026-02-07T11:48:16.236841
60,60,2,12,115,bnb_c_pruned,0.007796049118041992,True,False,0.416294896030246,True,,abcd,0.1,2026-02-07T11:48:16.722357
60,60,2,12,115,pyomo_cplex,2.829975128173828,True,False,0.4162948960302481,True,,abcd,0.1,2026-02-07T11:48:20.032127
60,60,2,12,115,bnb_py,0.29794979095458984,True,False,0.4162948960302457,True,,abcd,0.1,2026-02-07T11:48:20.817517
60,60,2,12,115,leiden_c_x100,0.0061910152435302734,True,False,0.401928166351607,False,,abcd,0.1,2026-02-07T11:48:21.309091
60,60,2,13,112,gurobi,0.0625762939453125,True,False,0.3829320790816313,True,,abcd,0.1,2026-02-07T11:48:21.855852
60,60,2,13,112,bnb_c_seq,0.013316869735717773,True,False,0.382932079081633,True,,abcd,0.1,2026-02-07T11:48:22.358474
60,60,2,13,112,bnb_c,0.010666847229003906,True,False,0.382932079081633,True,,abcd,0.1,2026-02-07T11:48:22.850389
60,60,2,13,112,bnb_c_pruned,0.010698080062866211,True,False,0.382932079081633,True,,abcd,0.1,2026-02-07T11:48:23.340958
60,60,2,13,112,pyomo_cplex,2.522028923034668,True,False,0.3829320790816328,True,,abcd,0.1,2026-02-07T11:48:26.344374
60,60,2,13,112,bnb_py,0.9312839508056641,True,False,0.3829320790816327,True,,abcd,0.1,2026-02-07T11:48:27.761756
60,60,2,13,112,leiden_c_x100,0.005171060562133789,True,False,0.35905612244898,False,,abcd,0.1,2026-02-07T11:48:28.251223
60,60,2,14,95,gurobi,0.024377107620239258,True,False,0.4684210526315814,True,,abcd,0.1,2026-02-07T11:48:28.759607
60,60,2,14,95,bnb_c_seq,0.006475925445556641,True,False,0.468421052631579,True,,abcd,0.1,2026-02-07T11:48:29.259543
60,60,2,14,95,bnb_c,0.007770061492919922,True,False,0.468421052631579,True,,abcd,0.1,2026-02-07T11:48:29.748081
60,60,2,14,95,bnb_c_pruned,0.007765054702758789,True,False,0.468421052631579,True,,abcd,0.1,2026-02-07T11:48:30.235118
60,60,2,14,95,pyomo_cplex,1.5696542263031006,True,False,0.46842105263157957,True,,abcd,0.1,2026-02-07T11:48:32.285675
60,60,2,14,95,bnb_py,0.23471617698669434,True,False,0.46842105263157896,True,,abcd,0.1,2026-02-07T11:48:33.000912
60,60,2,14,95,leiden_c_x100,0.005923748016357422,True,False,0.468421052631579,True,,abcd,0.1,2026-02-07T11:48:33.489772
60,60,2,15,115,gurobi,0.11769771575927734,True,False,0.3497542533081288,True,,abcd,0.1,2026-02-07T11:48:34.088937
60,60,2,15,115,bnb_c_seq,0.04513406753540039,True,False,0.349754253308129,True,,abcd,0.1,2026-02-07T11:48:34.623645
60,60,2,15,115,bnb_c,0.017438173294067383,True,False,0.349754253308129,True,,abcd,0.1,2026-02-07T11:48:35.120153
60,60,2,15,115,bnb_c_pruned,0.016170978546142578,True,False,0.349754253308129,True,,abcd,0.1,2026-02-07T11:48:35.618545
60,60,2,15,115,pyomo_cplex,3.4286351203918457,True,False,0.3497542533081292,True,,abcd,0.1,2026-02-07T11:48:39.528237
60,60,2,15,115,bnb_py,4.923411846160889,True,False,0.3497542533081286,True,,abcd,0.1,2026-02-07T11:48:44.945418
60,60,2,15,115,leiden_c_x100,0.005730152130126953,True,False,0.326805293005671,False,,abcd,0.1,2026-02-07T11:48:45.436620
60,60,2,16,111,gurobi,0.07573676109313965,True,False,0.38466845223601964,True,,abcd,0.1,2026-02-07T11:48:45.998060
60,60,2,16,111,bnb_c_seq,0.011883020401000977,True,False,0.38466845223602,True,,abcd,0.1,2026-02-07T11:48:46.504426
60,60,2,16,111,bnb_c,0.01023411750793457,True,False,0.38466845223602,True,,abcd,0.1,2026-02-07T11:48:46.996809
60,60,2,16,111,bnb_c_pruned,0.009598970413208008,True,False,0.38466845223602,True,,abcd,0.1,2026-02-07T11:48:47.488871
60,60,2,16,111,pyomo_cplex,1.7737767696380615,True,False,0.3846684522360194,True,,abcd,0.1,2026-02-07T11:48:49.744632
60,60,2,16,111,bnb_py,0.9825239181518555,True,False,0.38466845223601986,True,,abcd,0.1,2026-02-07T11:48:51.211457
60,60,2,16,111,leiden_c_x100,0.00612187385559082,True,False,0.375781186591997,False,,abcd,0.1,2026-02-07T11:48:51.697051
60,60,2,17,111,gurobi,0.028629779815673828,True,False,0.41327814300787075,True,,abcd,0.1,2026-02-07T11:48:52.206519
60,60,2,17,111,bnb_c_seq,0.007952213287353516,True,False,0.413278143007873,True,,abcd,0.1,2026-02-07T11:48:52.704505
60,60,2,17,111,bnb_c,0.008538961410522461,True,False,0.413278143007873,True,,abcd,0.1,2026-02-07T11:48:53.192127
60,60,2,17,111,bnb_c_pruned,0.0086669921875,True,False,0.413278143007873,True,,abcd,0.1,2026-02-07T11:48:53.680939
60,60,2,17,111,pyomo_cplex,1.4249107837677002,True,False,0.41327814300787263,True,,abcd,0.1,2026-02-07T11:48:55.589621
60,60,2,17,111,bnb_py,0.3567771911621094,True,False,0.4132781430078728,True,,abcd,0.1,2026-02-07T11:48:56.426299
60,60,2,17,111,leiden_c_x100,0.006078958511352539,True,False,0.413278143007873,True,,abcd,0.1,2026-02-07T11:48:56.917122
60,60,2,18,94,gurobi,0.02582406997680664,True,False,0.43254866455409313,True,,abcd,0.1,2026-02-07T11:48:57.435142
60,60,2,18,94,bnb_c_seq,0.007476091384887695,True,False,0.432548664554097,True,,abcd,0.1,2026-02-07T11:48:57.933105
60,60,2,18,94,bnb_c,0.008249998092651367,True,False,0.432548664554097,True,,abcd,0.1,2026-02-07T11:48:58.419577
60,60,2,18,94,bnb_c_pruned,0.008967876434326172,True,False,0.432548664554097,True,,abcd,0.1,2026-02-07T11:48:58.906293
60,60,2,18,94,pyomo_cplex,3.8677921295166016,True,False,0.43254866455409957,True,,abcd,0.1,2026-02-07T11:49:03.256471
60,60,2,18,94,bnb_py,0.34551024436950684,True,False,0.43254866455409696,True,,abcd,0.1,2026-02-07T11:49:04.090211
60,60,2,18,94,leiden_c_x100,0.0056078433990478516,True,False,0.414893617021277,False,,abcd,0.1,2026-02-07T11:49:04.584884
60,60,2,19,103,gurobi,0.29995298385620117,True,False,0.421905928928266,True,,abcd,0.1,2026-02-07T11:49:05.375033
60,60,2,19,103,bnb_c_seq,0.0075380802154541016,True,False,0.421905928928269,True,,abcd,0.1,2026-02-07T11:49:05.887151
60,60,2,19,103,bnb_c,0.008510112762451172,True,False,0.421905928928269,True,,abcd,0.1,2026-02-07T11:49:06.383777
60,60,2,19,103,bnb_c_pruned,0.008813142776489258,True,False,0.421905928928269,True,,abcd,0.1,2026-02-07T11:49:06.873139
60,60,2,19,103,pyomo_cplex,4.526233911514282,True,False,0.4219059289282683,True,,abcd,0.1,2026-02-07T11:49:11.881664
60,60,2,19,103,bnb_py,0.32538795471191406,True,False,0.4219059289282685,True,,abcd,0.1,2026-02-07T11:49:12.694970
60,60,2,19,103,leiden_c_x100,0.006041049957275391,True,False,0.399095107927232,False,,abcd,0.1,2026-02-07T11:49:13.184011
80,80,2,0,155,gurobi,0.93060302734375,True,False,0.3753381893860547,True,,abcd,0.1,2026-02-07T11:49:14.601243
80,80,2,0,155,bnb_c_seq,0.4918332099914551,True,False,0.375338189386056,True,,abcd,0.1,2026-02-07T11:49:15.594021
80,80,2,0,155,bnb_c,0.08177733421325684,True,False,0.375338189386056,True,,abcd,0.1,2026-02-07T11:49:16.162756
80,80,2,0,155,bnb_c_pruned,0.0487980842590332,True,False,0.375338189386056,True,,abcd,0.1,2026-02-07T11:49:16.695142
80,80,2,0,155,pyomo_cplex,30.0,False,True,,,timeout,abcd,0.1,2026-02-07T11:49:46.711806
80,80,2,0,155,bnb_py,30.0,False,True,,,timeout,abcd,0.1,2026-02-07T11:50:16.724012
80,80,2,0,155,leiden_c_x100,0.006030082702636719,True,False,0.370946930280957,False,,abcd,0.1,2026-02-07T11:50:17.224666
80,80,2,1,153,gurobi,0.09981918334960938,True,False,0.42776282626340484,True,,abcd,0.1,2026-02-07T11:50:17.809082
80,80,2,1,153,bnb_c_seq,0.009767293930053711,True,False,0.427762826263403,True,,abcd,0.1,2026-02-07T11:50:18.311732
80,80,2,1,153,bnb_c,0.009479045867919922,True,False,0.427762826263403,True,,abcd,0.1,2026-02-07T11:50:18.804914
80,80,2,1,153,bnb_c_pruned,0.009657144546508789,True,False,0.427762826263403,True,,abcd,0.1,2026-02-07T11:50:19.298099
80,80,2,1,153,pyomo_cplex,10.939207077026367,True,False,0.4277628262633987,True,,abcd,0.1,2026-02-07T11:50:30.719928
80,80,2,1,153,bnb_py,0.6895959377288818,True,False,0.4277628262634034,True,,abcd,0.1,2026-02-07T11:50:31.896013
80,80,2,1,153,leiden_c_x100,0.006415843963623047,True,False,0.427762826263403,True,,abcd,0.1,2026-02-07T11:50:32.388076
80,80,2,2,162,gurobi,0.1244049072265625,True,False,0.41624752324340947,True,,abcd,0.1,2026-02-07T11:50:33.000713
80,80,2,2,162,bnb_c_seq,0.018329858779907227,True,False,0.416247523243408,True,,abcd,0.1,2026-02-07T11:50:33.515740
80,80,2,2,162,bnb_c,0.012007951736450195,True,False,0.416247523243408,True,,abcd,0.1,2026-02-07T11:50:34.012081
80,80,2,2,162,bnb_c_pruned,0.011786937713623047,True,False,0.416247523243408,True,,abcd,0.1,2026-02-07T11:50:34.505812
80,80,2,2,162,pyomo_cplex,8.476208925247192,True,False,0.4162475232434048,True,,abcd,0.1,2026-02-07T11:50:43.466823
80,80,2,2,162,bnb_py,1.3471691608428955,True,False,0.416247523243408,True,,abcd,0.1,2026-02-07T11:50:45.301762
80,80,2,2,162,leiden_c_x100,0.005486965179443359,True,False,0.395042676421277,False,,abcd,0.1,2026-02-07T11:50:45.793304
80,80,2,3,165,gurobi,0.6073517799377441,True,False,0.40549127640036703,True,,abcd,0.1,2026-02-07T11:50:46.889907
80,80,2,3,165,bnb_c_seq,0.1759660243988037,True,False,0.405491276400367,True,,abcd,0.1,2026-02-07T11:50:47.574607
80,80,2,3,165,bnb_c,0.04896903038024902,True,False,0.405491276400367,True,,abcd,0.1,2026-02-07T11:50:48.120410
80,80,2,3,165,bnb_c_pruned,0.017821311950683594,True,False,0.405491276400367,True,,abcd,0.1,2026-02-07T11:50:48.627718
80,80,2,3,165,pyomo_cplex,9.851995706558228,True,False,0.4054912764003682,True,,abcd,0.1,2026-02-07T11:50:58.968354
80,80,2,3,165,bnb_py,21.705047130584717,True,False,0.40549127640036736,True,,abcd,0.1,2026-02-07T11:51:21.204736
80,80,2,3,165,leiden_c_x100,0.0058057308197021484,True,False,0.402130394857668,False,,abcd,0.1,2026-02-07T11:51:21.700310
80,80,2,4,168,gurobi,0.12748289108276367,True,False,0.4196251417233568,True,,abcd,0.1,2026-02-07T11:51:22.320454
80,80,2,4,168,bnb_c_seq,0.011382102966308594,True,False,0.419625141723356,True,,abcd,0.1,2026-02-07T11:51:22.828384
80,80,2,4,168,bnb_c,0.010504007339477539,True,False,0.419625141723356,True,,abcd,0.1,2026-02-07T11:51:23.323544
80,80,2,4,168,bnb_c_pruned,0.010299205780029297,True,False,0.419625141723356,True,,abcd,0.1,2026-02-07T11:51:23.817018
80,80,2,4,168,pyomo_cplex,10.262570858001709,True,False,0.4196251417233555,True,,abcd,0.1,2026-02-07T11:51:34.564815
80,80,2,4,168,bnb_py,0.697484016418457,True,False,0.4196251417233561,True,,abcd,0.1,2026-02-07T11:51:35.749241
80,80,2,4,168,leiden_c_x100,0.0054781436920166016,True,False,0.383485685941043,False,,abcd,0.1,2026-02-07T11:51:36.240437
80,80,2,5,168,gurobi,0.06477189064025879,True,False,0.40809240362812,True,,abcd,0.1,2026-02-07T11:51:36.791876
80,80,2,5,168,bnb_c_seq,0.010920047760009766,True,False,0.408092403628118,True,,abcd,0.1,2026-02-07T11:51:37.298702
80,80,2,5,168,bnb_c,0.01021885871887207,True,False,0.408092403628118,True,,abcd,0.1,2026-02-07T11:51:37.794391
80,80,2,5,168,bnb_c_pruned,0.009690999984741211,True,False,0.408092403628118,True,,abcd,0.1,2026-02-07T11:51:38.285020
80,80,2,5,168,pyomo_cplex,8.449197053909302,True,False,0.40809240362811655,True,,abcd,0.1,2026-02-07T11:51:47.217533
80,80,2,5,168,bnb_py,0.7846200466156006,True,False,0.40809240362811794,True,,abcd,0.1,2026-02-07T11:51:48.494201
80,80,2,5,168,leiden_c_x100,0.005928754806518555,True,False,0.408092403628118,True,,abcd,0.1,2026-02-07T11:51:48.985379
80,80,2,6,132,gurobi,0.061057090759277344,True,False,0.45454545454545875,True,,abcd,0.1,2026-02-07T11:51:49.536669
80,80,2,6,132,bnb_c_seq,0.008317947387695312,True,False,0.454545454545455,True,,abcd,0.1,2026-02-07T11:51:50.039837
80,80,2,6,132,bnb_c,0.008809328079223633,True,False,0.454545454545455,True,,abcd,0.1,2026-02-07T11:51:50.535236
80,80,2,6,132,bnb_c_pruned,0.009984731674194336,True,False,0.454545454545455,True,,abcd,0.1,2026-02-07T11:51:51.027393
80,80,2,6,132,pyomo_cplex,5.613140821456909,True,False,0.45454545454544976,True,,abcd,0.1,2026-02-07T11:51:57.126525
80,80,2,6,132,bnb_py,0.506054162979126,True,False,0.4545454545454547,True,,abcd,0.1,2026-02-07T11:51:58.128978
80,80,2,6,132,leiden_c_x100,0.005606174468994141,True,False,0.454545454545455,True,,abcd,0.1,2026-02-07T11:51:58.622845
80,80,2,7,155,gurobi,0.7227909564971924,True,False,0.3967534164569451,True,,abcd,0.1,2026-02-07T11:51:59.831907
80,80,2,7,155,bnb_c_seq,0.026114702224731445,True,False,0.396753381893861,True,,abcd,0.1,2026-02-07T11:52:00.358157
80,80,2,7,155,bnb_c,0.014202117919921875,True,False,0.396753381893861,True,,abcd,0.1,2026-02-07T11:52:00.857360
80,80,2,7,155,bnb_c_pruned,0.012992143630981445,True,False,0.396753381893861,True,,abcd,0.1,2026-02-07T11:52:01.351981
80,80,2,7,155,pyomo_cplex,6.7701256275177,True,False,0.39675338189386444,True,,abcd,0.1,2026-02-07T11:52:08.613381
80,80,2,7,155,bnb_py,2.6643428802490234,True,False,0.39675338189386083,True,,abcd,0.1,2026-02-07T11:52:11.770210
80,80,2,7,155,leiden_c_x100,0.005575895309448242,True,False,0.319334027055151,False,,abcd,0.1,2026-02-07T11:52:12.259640
80,80,2,8,182,gurobi,0.041734933853149414,True,False,0.4318922835406362,True,,abcd,0.1,2026-02-07T11:52:12.789036
80,80,2,8,182,bnb_c_seq,0.007929801940917969,True,False,0.431892283540635,True,,abcd,0.1,2026-02-07T11:52:13.292901
80,80,2,8,182,bnb_c,0.009294986724853516,True,False,0.431892283540635,True,,abcd,0.1,2026-02-07T11:52:13.786038
80,80,2,8,182,bnb_c_pruned,0.008849143981933594,True,False,0.431892283540635,True,,abcd,0.1,2026-02-07T11:52:14.280356
80,80,2,8,182,pyomo_cplex,9.048932075500488,True,False,0.4318922835406307,True,,abcd,0.1,2026-02-07T11:52:23.814030
80,80,2,8,182,bnb_py,0.4718000888824463,True,False,0.43189228354063525,True,,abcd,0.1,2026-02-07T11:52:24.773898
80,80,2,8,182,leiden_c_x100,0.0056209564208984375,True,False,0.423016543895665,False,,abcd,0.1,2026-02-07T11:52:25.268956
80,80,2,9,133,gurobi,0.058397769927978516,True,False,0.40214257448131313,True,,abcd,0.1,2026-02-07T11:52:25.814743
80,80,2,9,133,bnb_c_seq,0.17436981201171875,True,False,0.402142574481316,True,,abcd,0.1,2026-02-07T11:52:26.483613
80,80,2,9,133,bnb_c,0.0423731803894043,True,False,0.402142574481316,True,,abcd,0.1,2026-02-07T11:52:27.009537
80,80,2,9,133,bnb_c_pruned,0.03641510009765625,True,False,0.402142574481316,True,,abcd,0.1,2026-02-07T11:52:27.530485
80,80,2,9,133,pyomo_cplex,30.0,False,True,,,timeout,abcd,0.1,2026-02-07T11:52:57.552303
80,80,2,9,133,bnb_py,22.4685161113739,True,False,0.40214257448131596,True,,abcd,0.1,2026-02-07T11:53:20.544710
80,80,2,9,133,leiden_c_x100,0.005548954010009766,True,False,0.379670981966194,False,,abcd,0.1,2026-02-07T11:53:21.035955
80,80,2,10,163,gurobi,0.08173298835754395,True,False,0.4146185404042309,True,,abcd,0.1,2026-02-07T11:53:21.605420
80,80,2,10,163,bnb_c_seq,0.011475086212158203,True,False,0.41461854040423,True,,abcd,0.1,2026-02-07T11:53:22.113792
80,80,2,10,163,bnb_c,0.010703802108764648,True,False,0.41461854040423,True,,abcd,0.1,2026-02-07T11:53:22.607362
80,80,2,10,163,bnb_c_pruned,0.014239072799682617,True,False,0.41461854040423,True,,abcd,0.1,2026-02-07T11:53:23.106789
80,80,2,10,163,pyomo_cplex,8.434064865112305,True,False,0.41461854040423235,True,,abcd,0.1,2026-02-07T11:53:32.024939
80,80,2,10,163,bnb_py,0.712785005569458,True,False,0.4146185404042305,True,,abcd,0.1,2026-02-07T11:53:33.222938
80,80,2,10,163,leiden_c_x100,0.006451129913330078,True,False,0.392017012307577,False,,abcd,0.1,2026-02-07T11:53:33.714917
80,80,2,11,146,gurobi,0.11697697639465332,True,False,0.4041095890410945,True,,abcd,0.1,2026-02-07T11:53:34.317749
80,80,2,11,146,bnb_c_seq,0.034548044204711914,True,False,0.404109589041096,True,,abcd,0.1,2026-02-07T11:53:34.846631
80,80,2,11,146,bnb_c,0.01688981056213379,True,False,0.404109589041096,True,,abcd,0.1,2026-02-07T11:53:35.346851
80,80,2,11,146,bnb_c_pruned,0.016128063201904297,True,False,0.404109589041096,True,,abcd,0.1,2026-02-07T11:53:35.845680
80,80,2,11,146,pyomo_cplex,30.0,False,True,,,timeout,abcd,0.1,2026-02-07T11:54:05.868343
80,80,2,11,146,bnb_py,3.604231119155884,True,False,0.40410958904109584,True,,abcd,0.1,2026-02-07T11:54:09.978873
80,80,2,11,146,leiden_c_x100,0.0058977603912353516,True,False,0.376712328767123,False,,abcd,0.1,2026-02-07T11:54:10.471297
80,80,2,12,156,gurobi,0.5855591297149658,True,False,0.37894477317554487,True,,abcd,0.1,2026-02-07T11:54:11.543724
80,80,2,12,156,bnb_c_seq,0.3452622890472412,True,False,0.378944773175542,True,,abcd,0.1,2026-02-07T11:54:12.381061
80,80,2,12,156,bnb_c,0.06523299217224121,True,False,0.378944773175542,True,,abcd,0.1,2026-02-07T11:54:12.931766
80,80,2,12,156,bnb_c_pruned,0.041127920150756836,True,False,0.378944773175542,True,,abcd,0.1,2026-02-07T11:54:13.465806
80,80,2,12,156,pyomo_cplex,12.478254079818726,True,False,0.3789447731755427,True,,abcd,0.1,2026-02-07T11:54:26.431967
80,80,2,12,156,bnb_py,30.0,False,True,,,timeout,abcd,0.1,2026-02-07T11:54:56.443350
80,80,2,12,156,leiden_c_x100,0.006266117095947266,True,False,0.374013806706114,False,,abcd,0.1,2026-02-07T11:54:56.938915
80,80,2,13,178,gurobi,0.05743288993835449,True,False,0.41217964903421106,True,,abcd,0.1,2026-02-07T11:54:57.492285
80,80,2,13,178,bnb_c_seq,0.009138822555541992,True,False,0.412179649034213,True,,abcd,0.1,2026-02-07T11:54:57.995595
80,80,2,13,178,bnb_c,0.009441137313842773,True,False,0.412179649034213,True,,abcd,0.1,2026-02-07T11:54:58.489784
80,80,2,13,178,bnb_c_pruned,0.009003877639770508,True,False,0.412179649034213,True,,abcd,0.1,2026-02-07T11:54:58.983310
80,80,2,13,178,pyomo_cplex,6.55677604675293,True,False,0.4121796490342172,True,,abcd,0.1,2026-02-07T11:55:06.027106
80,80,2,13,178,bnb_py,0.5842502117156982,True,False,0.41217964903421284,True,,abcd,0.1,2026-02-07T11:55:07.097130
80,80,2,13,178,leiden_c_x100,0.006010770797729492,True,False,0.393116399444515,False,,abcd,0.1,2026-02-07T11:55:07.599755
80,80,2,14,170,gurobi,0.08102726936340332,True,False,0.42117647058823476,True,,abcd,0.1,2026-02-07T11:55:08.169517
80,80,2,14,170,bnb_c_seq,0.012594223022460938,True,False,0.421176470588235,True,,abcd,0.1,2026-02-07T11:55:08.682453
80,80,2,14,170,bnb_c,0.010981082916259766,True,False,0.421176470588235,True,,abcd,0.1,2026-02-07T11:55:09.180156
80,80,2,14,170,bnb_c_pruned,0.009491920471191406,True,False,0.421176470588235,True,,abcd,0.1,2026-02-07T11:55:09.673714
80,80,2,14,170,pyomo_cplex,11.189595699310303,True,False,0.42117647058823326,True,,abcd,0.1,2026-02-07T11:55:21.345278
80,80,2,14,170,bnb_py,1.009324073791504,True,False,0.4211764705882353,True,,abcd,0.1,2026-02-07T11:55:22.841930
80,80,2,14,170,leiden_c_x100,0.00570988655090332,True,False,0.398961937716263,False,,abcd,0.1,2026-02-07T11:55:23.334681
80,80,2,15,145,gurobi,0.5789549350738525,True,False,0.3965517241379258,True,,abcd,0.1,2026-02-07T11:55:24.402478
80,80,2,15,145,bnb_c_seq,0.1931772232055664,True,False,0.396551724137931,True,,abcd,0.1,2026-02-07T11:55:25.092519
80,80,2,15,145,bnb_c,0.042822837829589844,True,False,0.396551724137931,True,,abcd,0.1,2026-02-07T11:55:25.622589
80,80,2,15,145,bnb_c_pruned,0.028896093368530273,True,False,0.396551724137931,True,,abcd,0.1,2026-02-07T11:55:26.135001
80,80,2,15,145,pyomo_cplex,14.421804189682007,True,False,0.3965517241379299,True,,abcd,0.1,2026-02-07T11:55:41.043397
80,80,2,15,145,bnb_py,24.621666193008423,True,False,0.3965517241379311,True,,abcd,0.1,2026-02-07T11:56:06.181738
80,80,2,15,145,leiden_c_x100,0.006183147430419922,True,False,0.388941736028537,False,,abcd,0.1,2026-02-07T11:56:06.688279
80,80,2,16,133,gurobi,0.1470792293548584,True,False,0.4311153824410629,True,,abcd,0.1,2026-02-07T11:56:07.322250
80,80,2,16,133,bnb_c_seq,0.08571195602416992,True,False,0.431115382441065,True,,abcd,0.1,2026-02-07T11:56:07.902831
80,80,2,16,133,bnb_c,0.03912711143493652,True,False,0.431115382441065,True,,abcd,0.1,2026-02-07T11:56:08.425183
80,80,2,16,133,bnb_c_pruned,0.015128850936889648,True,False,0.431115382441065,True,,abcd,0.1,2026-02-07T11:56:08.923344
80,80,2,16,133,pyomo_cplex,30.0,False,True,,,timeout,abcd,0.1,2026-02-07T11:56:38.945133
80,80,2,16,133,bnb_py,14.689266920089722,True,False,0.43111538244106506,True,,abcd,0.1,2026-02-07T11:56:54.144200
80,80,2,16,133,leiden_c_x100,0.006788015365600586,True,False,0.416275651534852,False,,abcd,0.1,2026-02-07T11:56:54.631496
80,80,2,17,161,gurobi,0.20975828170776367,True,False,0.39086069210293023,True,,abcd,0.1,2026-02-07T11:56:55.325100
80,80,2,17,161,bnb_c_seq,0.0949711799621582,True,False,0.390860692102928,True,,abcd,0.1,2026-02-07T11:56:55.903606
80,80,2,17,161,bnb_c,0.027364015579223633,True,False,0.390860692102928,True,,abcd,0.1,2026-02-07T11:56:56.410029
80,80,2,17,161,bnb_c_pruned,0.015540838241577148,True,False,0.390860692102928,True,,abcd,0.1,2026-02-07T11:56:56.909138
80,80,2,17,161,pyomo_cplex,8.2553551197052,True,False,0.3908606921029237,True,,abcd,0.1,2026-02-07T11:57:05.656991
80,80,2,17,161,bnb_py,30.0,False,True,,,timeout,abcd,0.1,2026-02-07T11:57:35.674413
80,80,2,17,161,leiden_c_x100,0.006085872650146484,True,False,0.386636318043285,False,,abcd,0.1,2026-02-07T11:57:36.174352
80,80,2,18,156,gurobi,0.05802512168884277,True,False,0.42200854700855234,True,,abcd,0.1,2026-02-07T11:57:36.717608
80,80,2,18,156,bnb_c_seq,0.011391878128051758,True,False,0.422008547008547,True,,abcd,0.1,2026-02-07T11:57:37.210907
80,80,2,18,156,bnb_c,0.010204076766967773,True,False,0.422008547008547,True,,abcd,0.1,2026-02-07T11:57:37.701096
80,80,2,18,156,bnb_c_pruned,0.01032710075378418,True,False,0.422008547008547,True,,abcd,0.1,2026-02-07T11:57:38.189566
80,80,2,18,156,pyomo_cplex,6.204187870025635,True,False,0.4220085470085455,True,,abcd,0.1,2026-02-07T11:57:44.872970
80,80,2,18,156,bnb_py,0.9466152191162109,True,False,0.42200854700854706,True,,abcd,0.1,2026-02-07T11:57:46.301747
80,80,2,18,156,leiden_c_x100,0.005858898162841797,True,False,0.365364069690993,False,,abcd,0.1,2026-02-07T11:57:46.787910
80,80,2,19,146,gurobi,0.04267597198486328,True,False,0.4268155376243175,True,,abcd,0.1,2026-02-07T11:57:47.310929
80,80,2,19,146,bnb_c_seq,0.012057781219482422,True,False,0.42681553762432,True,,abcd,0.1,2026-02-07T11:57:47.805213
80,80,2,19,146,bnb_c,0.01040196418762207,True,False,0.42681553762432,True,,abcd,0.1,2026-02-07T11:57:48.293404
80,80,2,19,146,bnb_c_pruned,0.010684013366699219,True,False,0.42681553762432,True,,abcd,0.1,2026-02-07T11:57:48.779306
80,80,2,19,146,pyomo_cplex,10.305787801742554,True,False,0.4268155376243253,True,,abcd,0.1,2026-02-07T11:57:59.563558
80,80,2,19,146,bnb_py,0.7883777618408203,True,False,0.4268155376243198,True,,abcd,0.1,2026-02-07T11:58:00.844755
80,80,2,19,146,leiden_c_x100,0.005845069885253906,True,False,0.412249014824545,False,,abcd,0.1,2026-02-07T11:58:01.340280
100,100,2,0,211,gurobi,0.991682767868042,True,False,0.3989465645425664,True,,abcd,0.1,2026-02-07T11:58:02.818704
100,100,2,0,211,bnb_c_seq,1.7984137535095215,True,False,0.398946564542576,True,,abcd,0.1,2026-02-07T11:58:05.113116
100,100,2,0,211,bnb_c,0.2877051830291748,True,False,0.398946564542576,True,,abcd,0.1,2026-02-07T11:58:05.884811
100,100,2,0,211,bnb_c_pruned,0.15183210372924805,True,False,0.398946564542576,True,,abcd,0.1,2026-02-07T11:58:06.521263
100,100,2,0,211,pyomo_cplex,30.0,False,True,,,timeout,abcd,0.1,2026-02-07T11:58:36.558931
100,100,2,0,211,bnb_py,30.0,False,True,,,timeout,abcd,0.1,2026-02-07T11:59:06.575030
100,100,2,0,211,leiden_c_x100,0.006267070770263672,True,False,0.398946564542575,True,,abcd,0.1,2026-02-07T11:59:07.077496
100,100,2,1,202,gurobi,0.6217107772827148,True,False,0.41808401137142814,True,,abcd,0.1,2026-02-07T11:59:08.182011
100,100,2,1,202,bnb_c_seq,0.07795095443725586,True,False,0.418084011371434,True,,abcd,0.1,2026-02-07T11:59:08.741827
100,100,2,1,202,bnb_c,0.025230884552001953,True,False,0.418084011371434,True,,abcd,0.1,2026-02-07T11:59:09.248978
100,100,2,1,202,bnb_c_pruned,0.022407054901123047,True,False,0.418084011371434,True,,abcd,0.1,2026-02-07T11:59:09.751538
100,100,2,1,202,pyomo_cplex,30.0,False,True,,,timeout,abcd,0.1,2026-02-07T11:59:39.773800
100,100,2,1,202,bnb_py,9.136334896087646,True,False,0.4180840113714343,True,,abcd,0.1,2026-02-07T11:59:49.411370
100,100,2,1,202,leiden_c_x100,0.0066928863525390625,True,False,0.379374571120478,False,,abcd,0.1,2026-02-07T11:59:49.909172
100,100,2,2,194,gurobi,0.1375420093536377,True,False,0.434995748751201,True,,abcd,0.1,2026-02-07T11:59:50.529894
100,100,2,2,194,bnb_c_seq,0.033941030502319336,True,False,0.434995748751196,True,,abcd,0.1,2026-02-07T11:59:51.041276
100,100,2,2,194,bnb_c,0.01829981803894043,True,False,0.434995748751196,True,,abcd,0.1,2026-02-07T11:59:51.535960
100,100,2,2,194,bnb_c_pruned,0.01494598388671875,True,False,0.434995748751196,True,,abcd,0.1,2026-02-07T11:59:52.029046
100,100,2,2,194,pyomo_cplex,30.0,False,True,,,timeout,abcd,0.1,2026-02-07T12:00:22.061062
100,100,2,2,194,bnb_py,1.7469220161437988,True,False,0.43499574875119573,True,,abcd,0.1,2026-02-07T12:00:24.310807
100,100,2,2,194,leiden_c_x100,0.006275177001953125,True,False,0.434995748751196,True,,abcd,0.1,2026-02-07T12:00:24.796682
100,100,2,3,209,gurobi,0.06418204307556152,True,False,0.46171104141388286,True,,abcd,0.1,2026-02-07T12:00:25.341112
100,100,2,3,209,bnb_c_seq,0.009265899658203125,True,False,0.461711041413887,True,,abcd,0.1,2026-02-07T12:00:25.834282
100,100,2,3,209,bnb_c,0.010876893997192383,True,False,0.461711041413887,True,,abcd,0.1,2026-02-07T12:00:26.324430
100,100,2,3,209,bnb_c_pruned,0.009447813034057617,True,False,0.461711041413887,True,,abcd,0.1,2026-02-07T12:00:26.809687
100,100,2,3,209,pyomo_cplex,19.217687129974365,True,False,0.46171104141387914,True,,abcd,0.1,2026-02-07T12:00:46.506839
100,100,2,3,209,bnb_py,0.7251601219177246,True,False,0.4617110414138872,True,,abcd,0.1,2026-02-07T12:00:47.714086
100,100,2,3,209,leiden_c_x100,0.006087064743041992,True,False,0.461711041413887,True,,abcd,0.1,2026-02-07T12:00:48.201620
100,100,2,4,215,gurobi,0.05581378936767578,True,False,0.425905895078424,True,,abcd,0.1,2026-02-07T12:00:48.738734
100,100,2,4,215,bnb_c_seq,0.012429952621459961,True,False,0.425905895078421,True,,abcd,0.1,2026-02-07T12:00:49.232473
100,100,2,4,215,bnb_c,0.010566234588623047,True,False,0.425905895078421,True,,abcd,0.1,2026-02-07T12:00:49.724247
100,100,2,4,215,bnb_c_pruned,0.010811805725097656,True,False,0.425905895078421,True,,abcd,0.1,2026-02-07T12:00:50.212253
100,100,2,4,215,pyomo_cplex,11.253052234649658,True,False,0.4259058950784185,True,,abcd,0.1,2026-02-07T12:01:01.946458
100,100,2,4,215,bnb_py,1.0122058391571045,True,False,0.4259058950784209,True,,abcd,0.1,2026-02-07T12:01:03.456741
100,100,2,4,215,leiden_c_x100,0.0062961578369140625,True,False,0.410935640886966,False,,abcd,0.1,2026-02-07T12:01:03.945283
100,100,2,5,244,gurobi,0.4029831886291504,True,False,0.37140553614619815,True,,abcd,0.1,2026-02-07T12:01:04.831849
100,100,2,5,244,bnb_c_seq,0.5501749515533447,True,False,0.371405536146197,True,,abcd,0.1,2026-02-07T12:01:05.867651
100,100,2,5,244,bnb_c,0.010125160217285156,True,False,0.371405536146197,True,,abcd,0.1,2026-02-07T12:01:06.372962
100,100,2,5,244,bnb_c_pruned,0.07065606117248535,True,False,0.371405536146197,True,,abcd,0.1,2026-02-07T12:01:06.925156
100,100,2,5,244,pyomo_cplex,30.0,False,True,,,timeout,abcd,0.1,2026-02-07T12:01:36.960152
100,100,2,5,244,bnb_py,30.0,False,True,,,timeout,abcd,0.1,2026-02-07T12:02:06.976263
100,100,2,5,244,leiden_c_x100,0.006095170974731445,True,False,0.371405536146197,True,,abcd,0.1,2026-02-07T12:02:07.473471
100,100,2,6,213,gurobi,0.6998989582061768,True,False,0.3943551764420651,True,,abcd,0.1,2026-02-07T12:02:08.655825
100,100,2,6,213,bnb_c_seq,2.1278631687164307,True,False,0.394355176442064,True,,abcd,0.1,2026-02-07T12:02:11.265279
100,100,2,6,213,bnb_c,0.34735798835754395,True,False,0.394355176442064,True,,abcd,0.1,2026-02-07T12:02:12.091140
100,100,2,6,213,bnb_c_pruned,0.10686278343200684,True,False,0.394355176442064,True,,abcd,0.1,2026-02-07T12:02:12.678670
100,100,2,6,213,pyomo_cplex,30.0,False,True,,,timeout,abcd,0.1,2026-02-07T12:02:42.708929
100,100,2,6,213,bnb_py,30.0,False,True,,,timeout,abcd,0.1,2026-02-07T12:03:12.722169
100,100,2,6,213,leiden_c_x100,0.006150007247924805,True,False,0.393264123079636,False,,abcd,0.1,2026-02-07T12:03:13.219314
100,100,2,7,219,gurobi,0.19319796562194824,True,False,0.38581347344717465,True,,abcd,0.1,2026-02-07T12:03:13.893540
100,100,2,7,219,bnb_c_seq,0.6025316715240479,True,False,0.385813473447176,True,,abcd,0.1,2026-02-07T12:03:14.979721
100,100,2,7,219,bnb_c,0.1260380744934082,True,False,0.385813473447176,True,,abcd,0.1,2026-02-07T12:03:15.584358
100,100,2,7,219,bnb_c_pruned,0.10175490379333496,True,False,0.385813473447176,True,,abcd,0.1,2026-02-07T12:03:16.167040
100,100,2,7,219,pyomo_cplex,30.0,False,True,,,timeout,abcd,0.1,2026-02-07T12:03:46.189833
100,100,2,7,219,bnb_py,30.0,False,True,,,timeout,abcd,0.1,2026-02-07T12:04:16.203650
100,100,2,7,219,leiden_c_x100,0.006163120269775391,True,False,0.332634849148266,False,,abcd,0.1,2026-02-07T12:04:16.701481
100,100,2,8,178,gurobi,1.6155569553375244,True,False,0.3975350334553704,True,,abcd,0.1,2026-02-07T12:04:18.798554
100,100,2,8,178,bnb_c_seq,1.7859148979187012,True,False,0.397535033455372,True,,abcd,0.1,2026-02-07T12:04:21.068410
100,100,2,8,178,bnb_c,0.3216838836669922,True,False,0.397535033455372,True,,abcd,0.1,2026-02-07T12:04:21.869280
100,100,2,8,178,bnb_c_pruned,0.28234291076660156,True,False,0.397535033455372,True,,abcd,0.1,2026-02-07T12:04:22.634290
100,100,2,8,178,pyomo_cplex,30.0,False,True,,,timeout,abcd,0.1,2026-02-07T12:04:52.656621
100,100,2,8,178,bnb_py,30.0,False,True,,,timeout,abcd,0.1,2026-02-07T12:05:22.668777
100,100,2,8,178,leiden_c_x100,0.006330013275146484,True,False,0.33706287084964,False,,abcd,0.1,2026-02-07T12:05:23.169373
100,100,2,9,180,gurobi,0.07281184196472168,True,False,0.4533333333333287,True,,abcd,0.1,2026-02-07T12:05:23.727191
100,100,2,9,180,bnb_c_seq,0.013603925704956055,True,False,0.453333333333333,True,,abcd,0.1,2026-02-07T12:05:24.225970
100,100,2,9,180,bnb_c,0.012552022933959961,True,False,0.453333333333333,True,,abcd,0.1,2026-02-07T12:05:24.718782
100,100,2,9,180,bnb_c_pruned,0.011625051498413086,True,False,0.453333333333333,True,,abcd,0.1,2026-02-07T12:05:25.208627
100,100,2,9,180,pyomo_cplex,30.0,False,True,,,timeout,abcd,0.1,2026-02-07T12:05:55.248971
100,100,2,9,180,bnb_py,1.1838011741638184,True,False,0.4533333333333334,True,,abcd,0.1,2026-02-07T12:05:56.915756
100,100,2,9,180,leiden_c_x100,0.0062122344970703125,True,False,0.438873456790124,False,,abcd,0.1,2026-02-07T12:05:57.412999
100,100,2,10,217,gurobi,0.05072021484375,True,False,0.45930047357131454,True,,abcd,0.1,2026-02-07T12:05:57.945281
100,100,2,10,217,bnb_c_seq,0.009105920791625977,True,False,0.459300473571323,True,,abcd,0.1,2026-02-07T12:05:58.436047
100,100,2,10,217,bnb_c,0.010104894638061523,True,False,0.459300473571323,True,,abcd,0.1,2026-02-07T12:05:58.924934
100,100,2,10,217,bnb_c_pruned,0.010446786880493164,True,False,0.459300473571323,True,,abcd,0.1,2026-02-07T12:05:59.412273
100,100,2,10,217,pyomo_cplex,23.222707986831665,True,False,0.45930047357132886,True,,abcd,0.1,2026-02-07T12:06:23.116463
100,100,2,10,217,bnb_py,0.6269073486328125,True,False,0.4593004735713226,True,,abcd,0.1,2026-02-07T12:06:24.238600
100,100,2,10,217,leiden_c_x100,0.005983829498291016,True,False,0.451527957697127,False,,abcd,0.1,2026-02-07T12:06:24.726448
100,100,2,11,197,gurobi,0.19880032539367676,True,False,0.4194903244092914,True,,abcd,0.1,2026-02-07T12:06:25.409632
100,100,2,11,197,bnb_c_seq,0.6547820568084717,True,False,0.419490324409286,True,,abcd,0.1,2026-02-07T12:06:26.545918
100,100,2,11,197,bnb_c,0.07460594177246094,True,False,0.419490324409286,True,,abcd,0.1,2026-02-07T12:06:27.105421
100,100,2,11,197,bnb_c_pruned,0.042340993881225586,True,False,0.419490324409286,True,,abcd,0.1,2026-02-07T12:06:27.625292
100,100,2,11,197,pyomo_cplex,27.285529851913452,True,False,0.4194903244092886,True,,abcd,0.1,2026-02-07T12:06:55.395219
100,100,2,11,197,bnb_py,30.0,False,True,,,timeout,abcd,0.1,2026-02-07T12:07:25.411485
100,100,2,11,197,leiden_c_x100,0.005895853042602539,True,False,0.404390734108068,False,,abcd,0.1,2026-02-07T12:07:25.906448
100,100,2,12,243,gurobi,0.15180611610412598,True,False,0.3929279073311986,True,,abcd,0.1,2026-02-07T12:07:26.538745
100,100,2,12,243,bnb_c_seq,0.024567127227783203,True,False,0.3929279073312,True,,abcd,0.1,2026-02-07T12:07:27.044786
100,100,2,12,243,bnb_c,0.013933897018432617,True,False,0.3929279073312,True,,abcd,0.1,2026-02-07T12:07:27.537100
100,100,2,12,243,bnb_c_pruned,0.013935089111328125,True,False,0.3929279073312,True,,abcd,0.1,2026-02-07T12:07:28.031023
100,100,2,12,243,pyomo_cplex,30.0,False,True,,,timeout,abcd,0.1,2026-02-07T12:07:58.060833
100,100,2,12,243,bnb_py,2.623271942138672,True,False,0.39292790733119953,True,,abcd,0.1,2026-02-07T12:08:01.177477
100,100,2,12,243,leiden_c_x100,0.0060770511627197266,True,False,0.388888888888889,False,,abcd,0.1,2026-02-07T12:08:01.668664
100,100,2,13,221,gurobi,1.4815340042114258,True,False,0.3658401752625907,True,,abcd,0.1,2026-02-07T12:08:03.641191
100,100,2,13,221,bnb_c_seq,2.697045087814331,True,False,0.365840175262587,True,,abcd,0.1,2026-02-07T12:08:06.827503
100,100,2,13,221,bnb_c,0.4339430332183838,True,False,0.365840175262587,True,,abcd,0.1,2026-02-07T12:08:07.743644
100,100,2,13,221,bnb_c_pruned,0.3436579704284668,True,False,0.365840175262587,True,,abcd,0.1,2026-02-07T12:08:08.571448
100,100,2,13,221,pyomo_cplex,30.0,False,True,,,timeout,abcd,0.1,2026-02-07T12:08:38.593214
100,100,2,13,221,bnb_py,30.0,False,True,,,timeout,abcd,0.1,2026-02-07T12:09:08.601018
100,100,2,13,221,leiden_c_x100,0.008523941040039062,True,False,0.354773653283102,False,,abcd,0.1,2026-02-07T12:09:09.121339
100,100,2,14,202,gurobi,0.6183497905731201,True,False,0.4267106166062115,True,,abcd,0.1,2026-02-07T12:09:10.228306
100,100,2,14,202,bnb_c_seq,0.03515887260437012,True,False,0.426710616606215,True,,abcd,0.1,2026-02-07T12:09:10.760668
100,100,2,14,202,bnb_c,0.01927804946899414,True,False,0.426710616606215,True,,abcd,0.1,2026-02-07T12:09:11.263922
100,100,2,14,202,bnb_c_pruned,0.013386964797973633,True,False,0.426710616606215,True,,abcd,0.1,2026-02-07T12:09:11.766990
100,100,2,14,202,pyomo_cplex,30.0,False,True,,,timeout,abcd,0.1,2026-02-07T12:09:41.785925
100,100,2,14,202,bnb_py,3.7611730098724365,True,False,0.4267106166062152,True,,abcd,0.1,2026-02-07T12:09:46.044627
100,100,2,14,202,leiden_c_x100,0.005826234817504883,True,False,0.397117929614744,False,,abcd,0.1,2026-02-07T12:09:46.539848
100,100,2,15,225,gurobi,0.669450044631958,True,False,0.3841086419753098,True,,abcd,0.1,2026-02-07T12:09:47.699720
100,100,2,15,225,bnb_c_seq,1.5735750198364258,True,False,0.384108641975309,True,,abcd,0.1,2026-02-07T12:09:49.773588
100,100,2,15,225,bnb_c,0.28931212425231934,True,False,0.384108641975309,True,,abcd,0.1,2026-02-07T12:09:50.547782
100,100,2,15,225,bnb_c_pruned,0.1915140151977539,True,False,0.384108641975309,True,,abcd,0.1,2026-02-07T12:09:51.230854
100,100,2,15,225,pyomo_cplex,30.0,False,True,,,timeout,abcd,0.1,2026-02-07T12:10:21.258710
100,100,2,15,225,bnb_py,30.0,False,True,,,timeout,abcd,0.1,2026-02-07T12:10:51.268051
100,100,2,15,225,leiden_c_x100,0.006079196929931641,True,False,0.360730864197531,False,,abcd,0.1,2026-02-07T12:10:51.759517
100,100,2,16,267,gurobi,0.08116364479064941,True,False,0.41315630742471,True,,abcd,0.1,2026-02-07T12:10:52.327218
100,100,2,16,267,bnb_c_seq,0.013844013214111328,True,False,0.413156307424708,True,,abcd,0.1,2026-02-07T12:10:52.839168
100,100,2,16,267,bnb_c,0.011800050735473633,True,False,0.413156307424708,True,,abcd,0.1,2026-02-07T12:10:53.334869
100,100,2,16,267,bnb_c_pruned,0.013073921203613281,True,False,0.413156307424708,True,,abcd,0.1,2026-02-07T12:10:53.831562
100,100,2,16,267,pyomo_cplex,30.0,False,True,,,timeout,abcd,0.1,2026-02-07T12:11:23.848153
100,100,2,16,267,bnb_py,1.4766666889190674,True,False,0.4131563074247078,True,,abcd,0.1,2026-02-07T12:11:25.829240
100,100,2,16,267,leiden_c_x100,0.006635904312133789,True,False,0.402614709141663,False,,abcd,0.1,2026-02-07T12:11:26.322237
100,100,2,17,222,gurobi,1.0316858291625977,True,False,0.39492533073614067,True,,abcd,0.1,2026-02-07T12:11:27.841952
100,100,2,17,222,bnb_c_seq,0.4039781093597412,True,False,0.394925330736141,True,,abcd,0.1,2026-02-07T12:11:28.749424
100,100,2,17,222,bnb_c,0.0867929458618164,True,False,0.394925330736141,True,,abcd,0.1,2026-02-07T12:11:29.324724
100,100,2,17,222,bnb_c_pruned,0.04644417762756348,True,False,0.394925330736141,True,,abcd,0.1,2026-02-07T12:11:29.853785
100,100,2,17,222,pyomo_cplex,30.0,False,True,,,timeout,abcd,0.1,2026-02-07T12:11:59.882530
100,100,2,17,222,bnb_py,30.0,False,True,,,timeout,abcd,0.1,2026-02-07T12:12:29.894744
100,100,2,17,222,leiden_c_x100,0.0065631866455078125,True,False,0.390055596136677,False,,abcd,0.1,2026-02-07T12:12:30.396899
100,100,2,18,201,gurobi,0.09398007392883301,True,False,0.42840523749411474,True,,abcd,0.1,2026-02-07T12:12:30.976629
100,100,2,18,201,bnb_c_seq,0.01539301872253418,True,False,0.428405237494122,True,,abcd,0.1,2026-02-07T12:12:31.487858
100,100,2,18,201,bnb_c,0.011768817901611328,True,False,0.428405237494122,True,,abcd,0.1,2026-02-07T12:12:31.982287
100,100,2,18,201,bnb_c_pruned,0.011047840118408203,True,False,0.428405237494122,True,,abcd,0.1,2026-02-07T12:12:32.475811
100,100,2,18,201,pyomo_cplex,20.52550196647644,True,False,0.4284052374941312,True,,abcd,0.1,2026-02-07T12:12:53.488149
100,100,2,18,201,bnb_py,1.2870252132415771,True,False,0.42840523749412146,True,,abcd,0.1,2026-02-07T12:12:55.262751
100,100,2,18,201,leiden_c_x100,0.006045103073120117,True,False,0.409445310759635,False,,abcd,0.1,2026-02-07T12:12:55.754114
100,100,2,19,208,gurobi,0.1800520420074463,True,False,0.4035572300295798,True,,abcd,0.1,2026-02-07T12:12:56.422185
100,100,2,19,208,bnb_c_seq,0.13887810707092285,True,False,0.403557230029586,True,,abcd,0.1,2026-02-07T12:12:57.056693
100,100,2,19,208,bnb_c,0.009742975234985352,True,False,0.403557230029586,True,,abcd,0.1,2026-02-07T12:12:57.559756
100,100,2,19,208,bnb_c_pruned,0.024309873580932617,True,False,0.403557230029586,True,,abcd,0.1,2026-02-07T12:12:58.069131
100,100,2,19,208,pyomo_cplex,30.0,False,True,,,timeout,abcd,0.1,2026-02-07T12:13:28.095167
100,100,2,19,208,bnb_py,14.421677112579346,True,False,0.4035572300295859,True,,abcd,0.1,2026-02-07T12:13:43.036130
100,100,2,19,208,leiden_c_x100,0.005977153778076172,True,False,0.403557230029586,True,,abcd,0.1,2026-02-07T12:13:43.538707
120,120,2,0,273,gurobi,1.0374782085418701,True,False,0.4112426035502993,True,,abcd,0.1,2026-02-07T12:13:45.065285
120,120,2,0,273,bnb_c_seq,1.7353360652923584,True,False,0.411242603550296,True,,abcd,0.1,2026-02-07T12:13:47.297128
120,120,2,0,273,bnb_c,0.25409889221191406,True,False,0.411242603550296,True,,abcd,0.1,2026-02-07T12:13:48.038045
120,120,2,0,273,bnb_c_pruned,0.12403512001037598,True,False,0.411242603550296,True,,abcd,0.1,2026-02-07T12:13:48.649829
120,120,2,0,273,bnb_py,30.0,False,True,,,timeout,abcd,0.1,2026-02-07T12:14:18.666248
120,120,2,0,273,leiden_c_x100,0.006181955337524414,True,False,0.357142857142857,False,,abcd,0.1,2026-02-07T12:14:19.169493
120,120,2,1,276,gurobi,0.7901930809020996,True,False,0.37869538962402954,True,,abcd,0.1,2026-02-07T12:14:20.445575
120,120,2,1,276,bnb_c_seq,16.422722101211548,True,False,0.378695389624029,True,,abcd,0.1,2026-02-07T12:14:37.363872
120,120,2,1,276,bnb_c,2.383898973464966,True,False,0.378695389624029,True,,abcd,0.1,2026-02-07T12:14:40.231894
120,120,2,1,276,bnb_c_pruned,0.6375901699066162,True,False,0.378695389624029,True,,abcd,0.1,2026-02-07T12:14:41.357801
120,120,2,1,276,bnb_py,30.0,False,True,,,timeout,abcd,0.1,2026-02-07T12:15:11.371785
120,120,2,1,276,leiden_c_x100,0.006662130355834961,True,False,0.378695389624029,True,,abcd,0.1,2026-02-07T12:15:11.875387
120,120,2,2,275,gurobi,0.21291518211364746,True,False,0.3874115702479327,True,,abcd,0.1,2026-02-07T12:15:12.572948
120,120,2,2,275,bnb_c_seq,0.9570629596710205,True,False,0.387411570247934,True,,abcd,0.1,2026-02-07T12:15:14.031861
120,120,2,2,275,bnb_c,0.1750648021697998,True,False,0.387411570247934,True,,abcd,0.1,2026-02-07T12:15:14.690084
120,120,2,2,275,bnb_c_pruned,0.17104697227478027,True,False,0.387411570247934,True,,abcd,0.1,2026-02-07T12:15:15.343954
120,120,2,2,275,bnb_py,30.0,False,True,,,timeout,abcd,0.1,2026-02-07T12:15:45.359163
120,120,2,2,275,leiden_c_x100,0.006028175354003906,True,False,0.38124958677686,False,,abcd,0.1,2026-02-07T12:15:45.847474
120,120,2,3,259,gurobi,0.29967784881591797,True,False,0.40372087476333823,True,,abcd,0.1,2026-02-07T12:15:46.629959
120,120,2,3,259,bnb_c_seq,0.37843918800354004,True,False,0.403720874763346,True,,abcd,0.1,2026-02-07T12:15:47.498488
120,120,2,3,259,bnb_c,0.07665205001831055,True,False,0.403720874763346,True,,abcd,0.1,2026-02-07T12:15:48.056176
120,120,2,3,259,bnb_c_pruned,0.07414078712463379,True,False,0.403720874763346,True,,abcd,0.1,2026-02-07T12:15:48.612240
120,120,2,3,259,bnb_py,30.0,False,True,,,timeout,abcd,0.1,2026-02-07T12:16:18.626241
120,120,2,3,259,leiden_c_x100,0.006036043167114258,True,False,0.403720874763346,True,,abcd,0.1,2026-02-07T12:16:19.121478
120,120,2,4,261,gurobi,2.336055040359497,True,False,0.3888375097253384,True,,abcd,0.1,2026-02-07T12:16:21.938213
120,120,2,4,261,bnb_c_seq,15.034013986587524,True,False,0.388837509725342,True,,abcd,0.1,2026-02-07T12:16:37.464551
120,120,2,4,261,bnb_c,1.9872219562530518,True,False,0.388837509725342,True,,abcd,0.1,2026-02-07T12:16:39.943087
120,120,2,4,261,bnb_c_pruned,1.2495219707489014,True,False,0.388837509725342,True,,abcd,0.1,2026-02-07T12:16:41.677339
120,120,2,4,261,bnb_py,30.0,False,True,,,timeout,abcd,0.1,2026-02-07T12:17:11.693810
120,120,2,4,261,leiden_c_x100,0.006654024124145508,True,False,0.372917308906211,False,,abcd,0.1,2026-02-07T12:17:12.190891
120,120,2,5,262,gurobi,26.57950496673584,True,False,0.3768137054950235,True,,abcd,0.1,2026-02-07T12:17:39.252781
120,120,2,5,262,bnb_c_seq,15.454078912734985,True,False,0.376813705495018,True,,abcd,0.1,2026-02-07T12:17:55.223441
120,120,2,5,262,bnb_c,2.8721132278442383,True,False,0.376813705495018,True,,abcd,0.1,2026-02-07T12:17:58.593031
120,120,2,5,262,bnb_c_pruned,2.455947160720825,True,False,0.376813705495018,True,,abcd,0.1,2026-02-07T12:18:01.546363
120,120,2,5,262,bnb_py,30.0,False,True,,,timeout,abcd,0.1,2026-02-07T12:18:31.561472
120,120,2,5,262,leiden_c_x100,0.006654024124145508,True,False,0.358771341996387,False,,abcd,0.1,2026-02-07T12:18:32.065534
120,120,2,6,267,gurobi,0.3042280673980713,True,False,0.4325772559581336,True,,abcd,0.1,2026-02-07T12:18:32.857905
120,120,2,6,267,bnb_c_seq,0.026053905487060547,True,False,0.432577255958142,True,,abcd,0.1,2026-02-07T12:18:33.379213
120,120,2,6,267,bnb_c,0.015291929244995117,True,False,0.432577255958142,True,,abcd,0.1,2026-02-07T12:18:33.879377
120,120,2,6,267,bnb_c_pruned,0.015598058700561523,True,False,0.432577255958142,True,,abcd,0.1,2026-02-07T12:18:34.376971
120,120,2,6,267,bnb_py,3.065345048904419,True,False,0.43257725595814234,True,,abcd,0.1,2026-02-07T12:18:37.924792
120,120,2,6,267,leiden_c_x100,0.0063817501068115234,True,False,0.432577255958142,True,,abcd,0.1,2026-02-07T12:18:38.414650
120,120,2,7,286,gurobi,0.47311902046203613,True,False,0.3823108709472405,True,,abcd,0.1,2026-02-07T12:18:39.375443
120,120,2,7,286,bnb_c_seq,2.3376970291137695,True,False,0.382310870947235,True,,abcd,0.1,2026-02-07T12:18:42.206751
120,120,2,7,286,bnb_c,0.4144442081451416,True,False,0.382310870947235,True,,abcd,0.1,2026-02-07T12:18:43.104592
120,120,2,7,286,bnb_c_pruned,0.33548498153686523,True,False,0.382310870947235,True,,abcd,0.1,2026-02-07T12:18:43.929727
120,120,2,7,286,bnb_py,30.0,False,True,,,timeout,abcd,0.1,2026-02-07T12:19:13.940873
120,120,2,7,286,leiden_c_x100,0.0068149566650390625,True,False,0.358495525453567,False,,abcd,0.1,2026-02-07T12:19:14.440447
120,120,2,8,265,gurobi,14.115350723266602,True,False,0.39048771804912397,True,,abcd,0.1,2026-02-07T12:19:29.041645
120,120,2,8,265,bnb_c_seq,30.0,False,True,,,timeout,abcd,0.1,2026-02-07T12:19:59.049668
120,120,2,8,265,bnb_c,4.027166128158569,True,False,0.390487718049128,True,,abcd,0.1,2026-02-07T12:20:03.578900
120,120,2,8,265,bnb_c_pruned,3.0717430114746094,True,False,0.390487718049128,True,,abcd,0.1,2026-02-07T12:20:07.139082
120,120,2,8,265,bnb_py,30.0,False,True,,,timeout,abcd,0.1,2026-02-07T12:20:37.150514
120,120,2,8,265,leiden_c_x100,0.006442070007324219,True,False,0.342976148095408,False,,abcd,0.1,2026-02-07T12:20:37.642148
120,120,2,9,287,gurobi,0.1002812385559082,True,False,0.41462200585172304,True,,abcd,0.1,2026-02-07T12:20:38.226412
120,120,2,9,287,bnb_c_seq,0.05945611000061035,True,False,0.414622005851716,True,,abcd,0.1,2026-02-07T12:20:38.778272
120,120,2,9,287,bnb_c,0.020663976669311523,True,False,0.414622005851716,True,,abcd,0.1,2026-02-07T12:20:39.280007
120,120,2,9,287,bnb_c_pruned,0.021189212799072266,True,False,0.414622005851716,True,,abcd,0.1,2026-02-07T12:20:39.782261
120,120,2,9,287,bnb_py,7.330322980880737,True,False,0.41462200585171605,True,,abcd,0.1,2026-02-07T12:20:47.596491
120,120,2,9,287,leiden_c_x100,0.00619196891784668,True,False,0.412017870800908,False,,abcd,0.1,2026-02-07T12:20:48.085223
120,120,2,10,299,gurobi,0.49685120582580566,True,False,0.3765505978680359,True,,abcd,0.1,2026-02-07T12:20:49.066392
120,120,2,10,299,bnb_c_seq,3.493675947189331,True,False,0.376550597868033,True,,abcd,0.1,2026-02-07T12:20:53.053431
120,120,2,10,299,bnb_c,1.1293470859527588,True,False,0.376550597868033,True,,abcd,0.1,2026-02-07T12:20:54.671600
120,120,2,10,299,bnb_c_pruned,0.2993350028991699,True,False,0.376550597868033,True,,abcd,0.1,2026-02-07T12:20:55.451536
120,120,2,10,299,bnb_py,30.0,False,True,,,timeout,abcd,0.1,2026-02-07T12:21:25.460075
120,120,2,10,299,leiden_c_x100,0.007314205169677734,True,False,0.344694130938133,False,,abcd,0.1,2026-02-07T12:21:25.962223
120,120,2,11,280,gurobi,0.2938528060913086,True,False,0.41426020408163877,True,,abcd,0.1,2026-02-07T12:21:26.741677
120,120,2,11,280,bnb_c_seq,0.03588986396789551,True,False,0.414260204081633,True,,abcd,0.1,2026-02-07T12:21:27.298764
120,120,2,11,280,bnb_c,0.016772747039794922,True,False,0.414260204081633,True,,abcd,0.1,2026-02-07T12:21:27.794467
120,120,2,11,280,bnb_c_pruned,0.01614212989807129,True,False,0.414260204081633,True,,abcd,0.1,2026-02-07T12:21:28.294561
120,120,2,11,280,bnb_py,4.330371141433716,True,False,0.41426020408163267,True,,abcd,0.1,2026-02-07T12:21:33.109501
120,120,2,11,280,leiden_c_x100,0.0062389373779296875,True,False,0.292755102040816,False,,abcd,0.1,2026-02-07T12:21:33.602332
120,120,2,12,301,gurobi,0.21915006637573242,True,False,0.4069712254831629,True,,abcd,0.1,2026-02-07T12:21:34.304580
120,120,2,12,301,bnb_c_seq,0.18373489379882812,True,False,0.406971225483163,True,,abcd,0.1,2026-02-07T12:21:34.987035
120,120,2,12,301,bnb_c,0.0410611629486084,True,False,0.406971225483163,True,,abcd,0.1,2026-02-07T12:21:35.509013
120,120,2,12,301,bnb_c_pruned,0.04001808166503906,True,False,0.406971225483163,True,,abcd,0.1,2026-02-07T12:21:36.036088
120,120,2,12,301,bnb_py,23.563817977905273,True,False,0.40697122548316245,True,,abcd,0.1,2026-02-07T12:22:00.095342
120,120,2,12,301,leiden_c_x100,0.006436824798583984,True,False,0.406971225483162,True,,abcd,0.1,2026-02-07T12:22:00.593077
120,120,2,13,274,gurobi,3.358961820602417,True,False,0.3676541105013586,True,,abcd,0.1,2026-02-07T12:22:04.434760
120,120,2,13,274,bnb_c_seq,30.0,False,True,,,timeout,abcd,0.1,2026-02-07T12:22:34.441674
120,120,2,13,274,bnb_c,27.209311962127686,True,False,0.367654110501359,True,,abcd,0.1,2026-02-07T12:23:02.135244
120,120,2,13,274,bnb_c_pruned,6.572583913803101,True,False,0.367654110501359,True,,abcd,0.1,2026-02-07T12:23:09.213401
120,120,2,13,274,bnb_py,30.0,False,True,,,timeout,abcd,0.1,2026-02-07T12:23:39.225399
120,120,2,13,274,leiden_c_x100,0.006530046463012695,True,False,0.367654110501359,True,,abcd,0.1,2026-02-07T12:23:39.733187
120,120,2,14,255,gurobi,0.5724952220916748,True,False,0.40202998846596566,True,,abcd,0.1,2026-02-07T12:23:40.796591
120,120,2,14,255,bnb_c_seq,2.1417558193206787,True,False,0.402029988465975,True,,abcd,0.1,2026-02-07T12:23:43.438103
120,120,2,14,255,bnb_c,0.43198204040527344,True,False,0.402029988465975,True,,abcd,0.1,2026-02-07T12:23:44.359668
120,120,2,14,255,bnb_c_pruned,0.3210618495941162,True,False,0.402029988465975,True,,abcd,0.1,2026-02-07T12:23:45.181250
120,120,2,14,255,bnb_py,30.0,False,True,,,timeout,abcd,0.1,2026-02-07T12:24:15.194776
120,120,2,14,255,leiden_c_x100,0.006579160690307617,True,False,0.358169934640523,False,,abcd,0.1,2026-02-07T12:24:15.699414
120,120,2,15,242,gurobi,0.1518089771270752,True,False,0.4416706509118323,True,,abcd,0.1,2026-02-07T12:24:16.341572
120,120,2,15,242,bnb_c_seq,0.02689504623413086,True,False,0.441670650911823,True,,abcd,0.1,2026-02-07T12:24:16.864541
120,120,2,15,242,bnb_c,0.014870166778564453,True,False,0.441670650911823,True,,abcd,0.1,2026-02-07T12:24:17.366459
120,120,2,15,242,bnb_c_pruned,0.014822959899902344,True,False,0.441670650911823,True,,abcd,0.1,2026-02-07T12:24:17.872389
120,120,2,15,242,bnb_py,2.5433590412139893,True,False,0.44167065091182295,True,,abcd,0.1,2026-02-07T12:24:20.903977
120,120,2,15,242,leiden_c_x100,0.00577092170715332,True,False,0.43425141725292,False,,abcd,0.1,2026-02-07T12:24:21.398562
120,120,2,16,279,gurobi,1.6086890697479248,True,False,0.38848421782865145,True,,abcd,0.1,2026-02-07T12:24:23.500607
120,120,2,16,279,bnb_c_seq,6.689888954162598,True,False,0.388484217828651,True,,abcd,0.1,2026-02-07T12:24:30.688545
120,120,2,16,279,bnb_c,1.1082208156585693,True,False,0.388484217828651,True,,abcd,0.1,2026-02-07T12:24:32.286754
120,120,2,16,279,bnb_c_pruned,0.6309051513671875,True,False,0.388484217828651,True,,abcd,0.1,2026-02-07T12:24:33.405668
120,120,2,16,279,bnb_py,30.0,False,True,,,timeout,abcd,0.1,2026-02-07T12:25:03.412987
120,120,2,16,279,leiden_c_x100,0.006587028503417969,True,False,0.360806001978392,False,,abcd,0.1,2026-02-07T12:25:03.919871
120,120,2,17,264,gurobi,1.51987886428833,True,False,0.3689666551882465,True,,abcd,0.1,2026-02-07T12:25:05.931207
120,120,2,17,264,bnb_c_seq,9.158860206604004,True,False,0.368966655188246,True,,abcd,0.1,2026-02-07T12:25:15.591256
120,120,2,17,264,bnb_c,1.5048692226409912,True,False,0.368966655188246,True,,abcd,0.1,2026-02-07T12:25:17.586049
120,120,2,17,264,bnb_c_pruned,1.0205230712890625,True,False,0.368966655188246,True,,abcd,0.1,2026-02-07T12:25:19.096614
120,120,2,17,264,bnb_py,30.0,False,True,,,timeout,abcd,0.1,2026-02-07T12:25:49.106414
120,120,2,17,264,leiden_c_x100,0.0072100162506103516,True,False,0.352265553259871,False,,abcd,0.1,2026-02-07T12:25:49.597447
120,120,2,18,272,gurobi,0.15422368049621582,True,False,0.4164616673875496,True,,abcd,0.1,2026-02-07T12:25:50.234535
120,120,2,18,272,bnb_c_seq,0.09881591796875,True,False,0.416461667387543,True,,abcd,0.1,2026-02-07T12:25:50.826030
120,120,2,18,272,bnb_c,0.0270841121673584,True,False,0.416461667387543,True,,abcd,0.1,2026-02-07T12:25:51.334806
120,120,2,18,272,bnb_c_pruned,0.02503681182861328,True,False,0.416461667387543,True,,abcd,0.1,2026-02-07T12:25:51.845058
120,120,2,18,272,bnb_py,12.480862140655518,True,False,0.41646166738754326,True,,abcd,0.1,2026-02-07T12:26:04.817251
120,120,2,18,272,leiden_c_x100,0.005900859832763672,True,False,0.402681660899654,False,,abcd,0.1,2026-02-07T12:26:05.315616
120,120,2,19,257,gurobi,0.8177978992462158,True,False,0.40327635543307655,True,,abcd,0.1,2026-02-07T12:26:06.617950
120,120,2,19,257,bnb_c_seq,1.164341926574707,True,False,0.403276355433088,True,,abcd,0.1,2026-02-07T12:26:08.276254
120,120,2,19,257,bnb_c,0.19594883918762207,True,False,0.403276355433088,True,,abcd,0.1,2026-02-07T12:26:08.954423
120,120,2,19,257,bnb_c_pruned,0.21192288398742676,True,False,0.403276355433088,True,,abcd,0.1,2026-02-07T12:26:09.649712
120,120,2,19,257,bnb_py,30.0,False,True,,,timeout,abcd,0.1,2026-02-07T12:26:39.663014
120,120,2,19,257,leiden_c_x100,0.006236076354980469,True,False,0.367242501778982,False,,abcd,0.1,2026-02-07T12:26:40.149658
140,140,2,0,298,gurobi,0.885380744934082,True,False,0.4113722354848898,True,,abcd,0.1,2026-02-07T12:26:41.518555
140,140,2,0,298,bnb_c_seq,8.32640790939331,True,False,0.411372235484888,True,,abcd,0.1,2026-02-07T12:26:50.339400
140,140,2,0,298,bnb_c,1.1966698169708252,True,False,0.411372235484888,True,,abcd,0.1,2026-02-07T12:26:52.017262
140,140,2,0,298,bnb_c_pruned,0.9936530590057373,True,False,0.411372235484888,True,,abcd,0.1,2026-02-07T12:26:53.496141
140,140,2,0,298,bnb_py,30.0,False,True,,,timeout,abcd,0.1,2026-02-07T12:27:23.510060
140,140,2,0,298,leiden_c_x100,0.006773710250854492,True,False,0.405477230755371,False,,abcd,0.1,2026-02-07T12:27:24.006988
140,140,2,1,317,gurobi,0.5347750186920166,True,False,0.40961697300200606,True,,abcd,0.1,2026-02-07T12:27:25.028549
140,140,2,1,317,bnb_c_seq,1.7483248710632324,True,False,0.40961697300202,True,,abcd,0.1,2026-02-07T12:27:27.268959
140,140,2,1,317,bnb_c,0.2868049144744873,True,False,0.40961697300202,True,,abcd,0.1,2026-02-07T12:27:28.035707
140,140,2,1,317,bnb_c_pruned,0.26692986488342285,True,False,0.40961697300202,True,,abcd,0.1,2026-02-07T12:27:28.788207
140,140,2,1,317,bnb_py,30.0,False,True,,,timeout,abcd,0.1,2026-02-07T12:27:58.795554
140,140,2,1,317,leiden_c_x100,0.00650477409362793,True,False,0.344196877270149,False,,abcd,0.1,2026-02-07T12:27:59.291544
140,140,2,2,296,gurobi,7.534579753875732,True,False,0.4068434989043132,True,,abcd,0.1,2026-02-07T12:28:07.306401
140,140,2,2,296,bnb_c_seq,30.0,False,True,,,timeout,abcd,0.1,2026-02-07T12:28:37.314775
140,140,2,2,296,bnb_c,5.92660927772522,True,False,0.40684349890431,True,,abcd,0.1,2026-02-07T12:28:43.741174
140,140,2,2,296,bnb_c_pruned,5.062623977661133,True,False,0.40684349890431,True,,abcd,0.1,2026-02-07T12:28:49.304901
140,140,2,2,296,bnb_py,30.0,False,True,,,timeout,abcd,0.1,2026-02-07T12:29:19.319235
140,140,2,2,296,leiden_c_x100,0.00795125961303711,True,False,0.391891891891892,False,,abcd,0.1,2026-02-07T12:29:19.830392
140,140,2,3,294,gurobi,0.5210919380187988,True,False,0.42479985191354924,True,,abcd,0.1,2026-02-07T12:29:20.837697
140,140,2,3,294,bnb_c_seq,0.5768740177154541,True,False,0.424799851913555,True,,abcd,0.1,2026-02-07T12:29:21.915364
140,140,2,3,294,bnb_c,0.10408186912536621,True,False,0.424799851913555,True,,abcd,0.1,2026-02-07T12:29:22.509404
140,140,2,3,294,bnb_c_pruned,0.09378719329833984,True,False,0.424799851913555,True,,abcd,0.1,2026-02-07T12:29:23.087528
140,140,2,3,294,bnb_py,30.0,False,True,,,timeout,abcd,0.1,2026-02-07T12:29:53.097024
140,140,2,3,294,leiden_c_x100,0.006609916687011719,True,False,0.424799851913554,True,,abcd,0.1,2026-02-07T12:29:53.597391
140,140,2,4,277,gurobi,0.971034049987793,True,False,0.4112134916393991,True,,abcd,0.1,2026-02-07T12:29:55.052675
140,140,2,4,277,bnb_c_seq,30.0,False,True,,,timeout,abcd,0.1,2026-02-07T12:30:25.063890
140,140,2,4,277,bnb_c,23.183213233947754,True,False,0.411213491639406,True,,abcd,0.1,2026-02-07T12:30:48.740304
140,140,2,4,277,bnb_c_pruned,3.535825252532959,True,False,0.411213491639406,True,,abcd,0.1,2026-02-07T12:30:52.768682
140,140,2,4,277,bnb_py,30.0,False,True,,,timeout,abcd,0.1,2026-02-07T12:31:22.777265
140,140,2,4,277,leiden_c_x100,0.006554126739501953,True,False,0.395052718007533,False,,abcd,0.1,2026-02-07T12:31:23.285281
140,140,2,5,332,gurobi,5.283232927322388,True,False,0.3759571418202914,True,,abcd,0.1,2026-02-07T12:31:29.061040
140,140,2,5,332,bnb_c_seq,30.0,False,True,,,timeout,abcd,0.1,2026-02-07T12:31:59.068857
140,140,2,5,332,bnb_c,26.98207187652588,True,False,0.375957141820293,True,,abcd,0.1,2026-02-07T12:32:26.550811
140,140,2,5,332,bnb_c_pruned,4.101786851882935,True,False,0.375957141820293,True,,abcd,0.1,2026-02-07T12:32:31.145129
140,140,2,5,332,bnb_py,30.0,False,True,,,timeout,abcd,0.1,2026-02-07T12:33:01.153338
140,140,2,5,332,leiden_c_x100,0.006464958190917969,True,False,0.283132530120482,False,,abcd,0.1,2026-02-07T12:33:01.661728
140,140,2,6,342,gurobi,4.550266742706299,True,False,0.3832931500290734,True,,abcd,0.1,2026-02-07T12:33:06.706433
140,140,2,6,342,bnb_c_seq,30.0,False,True,,,timeout,abcd,0.1,2026-02-07T12:33:36.713534
140,140,2,6,342,bnb_c,30.0,False,True,,,timeout,abcd,0.1,2026-02-07T12:34:06.727149
140,140,2,6,342,bnb_c_pruned,30.0,False,True,,,timeout,abcd,0.1,2026-02-07T12:34:36.742110
140,140,2,6,342,bnb_py,30.0,False,True,,,timeout,abcd,0.1,2026-02-07T12:35:06.752909
140,140,2,6,342,leiden_c_x100,0.008405923843383789,True,False,0.245609760268117,,,abcd,0.1,2026-02-07T12:35:07.501232
140,140,2,7,340,gurobi,3.9872570037841797,True,False,0.3782698961937743,True,,abcd,0.1,2026-02-07T12:35:12.196607
140,140,2,7,340,bnb_c_seq,30.0,False,True,,,timeout,abcd,0.1,2026-02-07T12:35:42.217122
140,140,2,7,340,bnb_c,30.0,False,True,,,timeout,abcd,0.1,2026-02-07T12:36:12.236963
140,140,2,7,340,bnb_c_pruned,7.019155025482178,True,False,0.378269896193772,True,,abcd,0.1,2026-02-07T12:36:19.864549
140,140,2,7,340,bnb_py,30.0,False,True,,,timeout,abcd,0.1,2026-02-07T12:36:49.881027
140,140,2,7,340,leiden_c_x100,0.006871938705444336,True,False,0.378269896193772,,,abcd,0.1,2026-02-07T12:36:50.390445
140,140,2,8,350,gurobi,0.17959022521972656,True,False,0.42099591836736167,True,,abcd,0.1,2026-02-07T12:36:51.075259
140,140,2,8,350,bnb_c_seq,0.08954811096191406,True,False,0.420995918367347,True,,abcd,0.1,2026-02-07T12:36:51.669665
140,140,2,8,350,bnb_c,0.027568817138671875,True,False,0.420995918367347,True,,abcd,0.1,2026-02-07T12:36:52.198666
140,140,2,8,350,bnb_c_pruned,0.0280609130859375,True,False,0.420995918367347,True,,abcd,0.1,2026-02-07T12:36:52.729898
140,140,2,8,350,bnb_py,11.843981981277466,True,False,0.420995918367347,True,,abcd,0.1,2026-02-07T12:37:05.082572
140,140,2,8,350,leiden_c_x100,0.006571054458618164,True,False,0.341938775510204,False,,abcd,0.1,2026-02-07T12:37:05.603700
140,140,2,9,353,gurobi,0.13552403450012207,True,False,0.42036690768726287,True,,abcd,0.1,2026-02-07T12:37:06.248070
140,140,2,9,353,bnb_c_seq,0.12543416023254395,True,False,0.420366907687246,True,,abcd,0.1,2026-02-07T12:37:06.881571
140,140,2,9,353,bnb_c,0.03703188896179199,True,False,0.420366907687246,True,,abcd,0.1,2026-02-07T12:37:07.420093
140,140,2,9,353,bnb_c_pruned,0.037735939025878906,True,False,0.420366907687246,True,,abcd,0.1,2026-02-07T12:37:07.961333
140,140,2,9,353,bnb_py,13.639188051223755,True,False,0.42036690768724566,True,,abcd,0.1,2026-02-07T12:37:22.110978
140,140,2,9,353,leiden_c_x100,0.0065958499908447266,True,False,0.370583184200178,False,,abcd,0.1,2026-02-07T12:37:22.624377
140,140,2,10,300,gurobi,0.5131509304046631,True,False,0.4197277777777862,True,,abcd,0.1,2026-02-07T12:37:23.645492
140,140,2,10,300,bnb_c_seq,14.11892318725586,True,False,0.419727777777778,True,,abcd,0.1,2026-02-07T12:37:38.277562
140,140,2,10,300,bnb_c,3.4746158123016357,True,False,0.419727777777778,True,,abcd,0.1,2026-02-07T12:37:42.252098
140,140,2,10,300,bnb_c_pruned,0.565605878829956,True,False,0.419727777777778,True,,abcd,0.1,2026-02-07T12:37:43.308495
140,140,2,10,300,bnb_py,30.0,False,True,,,timeout,abcd,0.1,2026-02-07T12:38:13.320229
140,140,2,10,300,leiden_c_x100,0.006470203399658203,True,False,0.419727777777778,True,,abcd,0.1,2026-02-07T12:38:13.828805
140,140,2,11,318,gurobi,1.4201767444610596,True,False,0.4113711878485943,True,,abcd,0.1,2026-02-07T12:38:15.741624
140,140,2,11,318,bnb_c_seq,0.5526487827301025,True,False,0.411371187848582,True,,abcd,0.1,2026-02-07T12:38:16.797893
140,140,2,11,318,bnb_c,0.10638189315795898,True,False,0.411371187848582,True,,abcd,0.1,2026-02-07T12:38:17.397914
140,140,2,11,318,bnb_c_pruned,0.08938980102539062,True,False,0.411371187848582,True,,abcd,0.1,2026-02-07T12:38:17.981858
140,140,2,11,318,bnb_py,30.0,False,True,,,timeout,abcd,0.1,2026-02-07T12:38:47.990406
140,140,2,11,318,leiden_c_x100,0.007200956344604492,True,False,0.37413472568332,False,,abcd,0.1,2026-02-07T12:38:48.498700
140,140,2,12,340,gurobi,1.1448042392730713,True,False,0.3576081314878941,True,,abcd,0.1,2026-02-07T12:38:50.136241
140,140,2,12,340,bnb_c_seq,30.0,False,True,,,timeout,abcd,0.1,2026-02-07T12:39:20.153128
140,140,2,12,340,bnb_c,30.0,False,True,,,timeout,abcd,0.1,2026-02-07T12:39:50.175973
140,140,2,12,340,bnb_c_pruned,30.0,False,True,,,timeout,abcd,0.1,2026-02-07T12:40:20.197318
140,140,2,12,340,bnb_py,30.0,False,True,,,timeout,abcd,0.1,2026-02-07T12:40:50.238498
140,140,2,12,340,leiden_c_x100,0.008668899536132812,True,False,0.308217993079585,,,abcd,0.1,2026-02-07T12:40:51.047957
140,140,2,13,340,gurobi,10.744446039199829,True,False,0.390034602076124,True,,abcd,0.1,2026-02-07T12:41:02.569918
140,140,2,13,340,bnb_c_seq,30.0,False,True,,,timeout,abcd,0.1,2026-02-07T12:41:32.585124
140,140,2,13,340,bnb_c,30.0,False,True,,,timeout,abcd,0.1,2026-02-07T12:42:02.605298
140,140,2,13,340,bnb_c_pruned,30.0,False,True,,,timeout,abcd,0.1,2026-02-07T12:42:32.620075
140,140,2,13,340,bnb_py,30.0,False,True,,,timeout,abcd,0.1,2026-02-07T12:43:02.648632
140,140,2,13,340,leiden_c_x100,0.009694099426269531,True,False,0.390034602076125,,,abcd,0.1,2026-02-07T12:43:03.249375
140,140,2,14,336,gurobi,2.6068549156188965,True,False,0.4100765306122609,True,,abcd,0.1,2026-02-07T12:43:06.418978
140,140,2,14,336,bnb_c_seq,2.65266489982605,True,False,0.410076530612245,True,,abcd,0.1,2026-02-07T12:43:09.661736
140,140,2,14,336,bnb_c,0.8703181743621826,True,False,0.410076530612245,True,,abcd,0.1,2026-02-07T12:43:11.120367
140,140,2,14,336,bnb_c_pruned,0.6420400142669678,True,False,0.410076530612245,True,,abcd,0.1,2026-02-07T12:43:12.333086
140,140,2,14,336,bnb_py,30.0,False,True,,,timeout,abcd,0.1,2026-02-07T12:43:42.349209
140,140,2,14,336,leiden_c_x100,0.006556034088134766,True,False,0.408942743764172,False,,abcd,0.1,2026-02-07T12:43:42.867780
140,140,2,15,297,gurobi,1.6783668994903564,True,False,0.42097178292463094,True,,abcd,0.1,2026-02-07T12:43:45.053952
140,140,2,15,297,bnb_c_seq,1.5955641269683838,True,False,0.420971782924645,True,,abcd,0.1,2026-02-07T12:43:47.158675
140,140,2,15,297,bnb_c,0.29915285110473633,True,False,0.420971782924645,True,,abcd,0.1,2026-02-07T12:43:47.962838
140,140,2,15,297,bnb_c_pruned,0.2924528121948242,True,False,0.420971782924645,True,,abcd,0.1,2026-02-07T12:43:48.762279
140,140,2,15,297,bnb_py,30.0,False,True,,,timeout,abcd,0.1,2026-02-07T12:44:18.772945
140,140,2,15,297,leiden_c_x100,0.00840306282043457,True,False,0.372048203698035,False,,abcd,0.1,2026-02-07T12:44:19.311095
140,140,2,16,268,gurobi,0.2712888717651367,True,False,0.4589482624192462,True,,abcd,0.1,2026-02-07T12:44:20.098195
140,140,2,16,268,bnb_c_seq,0.03891277313232422,True,False,0.458948262419247,True,,abcd,0.1,2026-02-07T12:44:20.650330
140,140,2,16,268,bnb_c,0.019713163375854492,True,False,0.458948262419247,True,,abcd,0.1,2026-02-07T12:44:21.179073
140,140,2,16,268,bnb_c_pruned,0.020023822784423828,True,False,0.458948262419247,True,,abcd,0.1,2026-02-07T12:44:21.710044
140,140,2,16,268,bnb_py,6.1394031047821045,True,False,0.458948262419247,True,,abcd,0.1,2026-02-07T12:44:28.361833
140,140,2,16,268,leiden_c_x100,0.006746768951416016,True,False,0.458948262419247,True,,abcd,0.1,2026-02-07T12:44:28.889134
140,140,2,17,333,gurobi,2.172037124633789,True,False,0.40061683304926776,True,,abcd,0.1,2026-02-07T12:44:31.568626
140,140,2,17,333,bnb_c_seq,3.1559150218963623,True,False,0.400616833049265,True,,abcd,0.1,2026-02-07T12:44:35.233687
140,140,2,17,333,bnb_c,0.5421419143676758,True,False,0.400616833049265,True,,abcd,0.1,2026-02-07T12:44:36.282483
140,140,2,17,333,bnb_c_pruned,0.5700979232788086,True,False,0.400616833049265,True,,abcd,0.1,2026-02-07T12:44:37.359240
140,140,2,17,333,bnb_py,30.0,False,True,,,timeout,abcd,0.1,2026-02-07T12:45:07.369437
140,140,2,17,333,leiden_c_x100,0.006310701370239258,True,False,0.399439980521062,False,,abcd,0.1,2026-02-07T12:45:07.894589
140,140,2,18,354,gurobi,20.437432050704956,True,False,0.3660785534169599,True,,abcd,0.1,2026-02-07T12:45:28.841598
140,140,2,18,354,bnb_c_seq,30.0,False,True,,,timeout,abcd,0.1,2026-02-07T12:45:58.851596
140,140,2,18,354,bnb_c,30.0,False,True,,,timeout,abcd,0.1,2026-02-07T12:46:28.864489
140,140,2,18,354,bnb_c_pruned,30.0,False,True,,,timeout,abcd,0.1,2026-02-07T12:46:58.879324
140,140,2,18,354,bnb_py,30.0,False,True,,,timeout,abcd,0.1,2026-02-07T12:47:28.917952
140,140,2,18,354,leiden_c_x100,0.007426023483276367,True,False,0.344724536372052,,,abcd,0.1,2026-02-07T12:47:29.781873
140,140,2,19,338,gurobi,0.8121023178100586,True,False,0.4348937362137222,True,,abcd,0.1,2026-02-07T12:47:31.411592
140,140,2,19,338,bnb_c_seq,0.04304385185241699,True,False,0.434893736213718,True,,abcd,0.1,2026-02-07T12:47:32.298951
140,140,2,19,338,bnb_c,0.02637481689453125,True,False,0.434893736213718,True,,abcd,0.1,2026-02-07T12:47:33.143598
140,140,2,19,338,bnb_c_pruned,0.02844381332397461,True,False,0.434893736213718,True,,abcd,0.1,2026-02-07T12:47:34.010515
140,140,2,19,338,bnb_py,11.404704093933105,True,False,0.4348937362137182,True,,abcd,0.1,2026-02-07T12:47:46.248303
140,140,2,19,338,leiden_c_x100,0.024826765060424805,True,False,0.434893736213718,True,,abcd,0.1,2026-02-07T12:47:47.093356
160,160,2,0,371,gurobi,0.871344804763794,True,False,0.4428731264666679,True,,abcd,0.1,2026-02-07T12:47:48.777333
160,160,2,0,371,bnb_c_seq,0.06201291084289551,True,False,0.442873126466678,True,,abcd,0.1,2026-02-07T12:47:49.656407
160,160,2,0,371,bnb_c,0.03746771812438965,True,False,0.442873126466678,True,,abcd,0.1,2026-02-07T12:47:50.517972
160,160,2,0,371,bnb_c_pruned,0.03405904769897461,True,False,0.442873126466678,True,,abcd,0.1,2026-02-07T12:47:51.357899
160,160,2,0,371,leiden_c_x100,0.00904536247253418,True,False,0.440522809337334,False,,abcd,0.1,2026-02-07T12:47:52.208222
160,160,2,1,356,gurobi,7.0321900844573975,True,False,0.4213483146067584,True,,abcd,0.1,2026-02-07T12:48:00.031462
160,160,2,1,356,bnb_c_seq,1.463810920715332,True,False,0.421348314606742,True,,abcd,0.1,2026-02-07T12:48:02.370158
160,160,2,1,356,bnb_c,0.19534087181091309,True,False,0.421348314606742,True,,abcd,0.1,2026-02-07T12:48:03.388047
160,160,2,1,356,bnb_c_pruned,0.16361498832702637,True,False,0.421348314606742,True,,abcd,0.1,2026-02-07T12:48:04.384296
160,160,2,1,356,leiden_c_x100,0.008120059967041016,True,False,0.255614032319152,False,,abcd,0.1,2026-02-07T12:48:05.218017
160,160,2,2,355,gurobi,6.227017879486084,True,False,0.4229279904780696,True,,abcd,0.1,2026-02-07T12:48:12.297102
160,160,2,2,355,bnb_c_seq,2.885197162628174,True,False,0.42292799047808,True,,abcd,0.1,2026-02-07T12:48:15.983484
160,160,2,2,355,bnb_c,0.48906397819519043,True,False,0.42292799047808,True,,abcd,0.1,2026-02-07T12:48:17.267740
160,160,2,2,355,bnb_c_pruned,0.5745489597320557,True,False,0.42292799047808,True,,abcd,0.1,2026-02-07T12:48:18.664606
160,160,2,2,355,leiden_c_x100,0.00892019271850586,True,False,0.409855187462805,False,,abcd,0.1,2026-02-07T12:48:19.536483
160,160,2,3,389,gurobi,1.5445168018341064,True,False,0.4348867638992785,True,,abcd,0.1,2026-02-07T12:48:21.854910
160,160,2,3,389,bnb_c_seq,0.09305405616760254,True,False,0.434886763899261,True,,abcd,0.1,2026-02-07T12:48:22.853926
160,160,2,3,389,bnb_c,0.03830099105834961,True,False,0.434886763899261,True,,abcd,0.1,2026-02-07T12:48:23.706527
160,160,2,3,389,bnb_c_pruned,0.039836883544921875,True,False,0.434886763899261,True,,abcd,0.1,2026-02-07T12:48:24.556928
160,160,2,3,389,leiden_c_x100,0.009090185165405273,True,False,0.412593096794232,False,,abcd,0.1,2026-02-07T12:48:25.396386
160,160,2,4,440,gurobi,6.845793008804321,True,False,0.3981818181818132,True,,abcd,0.1,2026-02-07T12:48:33.051182
160,160,2,4,440,bnb_c_seq,30.0,False,True,,,timeout,abcd,0.1,2026-02-07T12:49:03.068976
160,160,2,4,440,bnb_c,30.0,False,True,,,timeout,abcd,0.1,2026-02-07T12:49:33.089184
160,160,2,4,440,bnb_c_pruned,27.24969482421875,True,False,0.398181818181818,True,,abcd,0.1,2026-02-07T12:50:01.223466
160,160,2,4,440,leiden_c_x100,0.00952601432800293,True,False,0.379504132231405,,,abcd,0.1,2026-02-07T12:50:01.841683
160,160,2,5,369,gurobi,3.636375665664673,True,False,0.43495572955239,True,,abcd,0.1,2026-02-07T12:50:05.999728
160,160,2,5,369,bnb_c_seq,0.13826298713684082,True,False,0.434955677470054,True,,abcd,0.1,2026-02-07T12:50:06.712849
160,160,2,5,369,bnb_c,0.04395103454589844,True,False,0.434955677470054,True,,abcd,0.1,2026-02-07T12:50:07.270724
160,160,2,5,369,bnb_c_pruned,0.0435943603515625,True,False,0.434955677470054,True,,abcd,0.1,2026-02-07T12:50:07.821424
160,160,2,5,369,leiden_c_x100,0.00975799560546875,True,False,0.434955677470054,True,,abcd,0.1,2026-02-07T12:50:08.338595
160,160,2,6,393,gurobi,15.517683267593384,True,False,0.3990022596455842,True,,abcd,0.1,2026-02-07T12:50:24.371715
160,160,2,6,393,bnb_c_seq,30.0,False,True,,,timeout,abcd,0.1,2026-02-07T12:50:54.394673
160,160,2,6,393,bnb_c,30.0,False,True,,,timeout,abcd,0.1,2026-02-07T12:51:24.414903
160,160,2,6,393,bnb_c_pruned,30.0,False,True,,,timeout,abcd,0.1,2026-02-07T12:51:54.440837
160,160,2,6,393,leiden_c_x100,0.015713930130004883,True,False,0.371578967814618,,,abcd,0.1,2026-02-07T12:51:55.848268
160,160,2,7,413,gurobi,1.218621015548706,True,False,0.42461115443017944,True,,abcd,0.1,2026-02-07T12:51:58.444063
160,160,2,7,413,bnb_c_seq,0.15254926681518555,True,False,0.424611154430172,True,,abcd,0.1,2026-02-07T12:51:59.941336
160,160,2,7,413,bnb_c,0.05962204933166504,True,False,0.424611154430172,True,,abcd,0.1,2026-02-07T12:52:01.397535
160,160,2,7,413,bnb_c_pruned,0.05791592597961426,True,False,0.424611154430172,True,,abcd,0.1,2026-02-07T12:52:02.765022
160,160,2,7,413,leiden_c_x100,0.011206865310668945,True,False,0.333518986451231,False,,abcd,0.1,2026-02-07T12:52:04.077226
160,160,2,8,411,gurobi,9.966856002807617,True,False,0.41088733786798787,True,,abcd,0.1,2026-02-07T12:52:15.362055
160,160,2,8,411,bnb_c_seq,16.62024712562561,True,False,0.410887337867998,True,,abcd,0.1,2026-02-07T12:52:33.329635
160,160,2,8,411,bnb_c,6.86622428894043,True,False,0.410887337867998,True,,abcd,0.1,2026-02-07T12:52:41.106006
160,160,2,8,411,bnb_c_pruned,0.7477138042449951,True,False,0.410887337867998,True,,abcd,0.1,2026-02-07T12:52:42.845614
160,160,2,8,411,leiden_c_x100,0.012985944747924805,True,False,0.410887337867998,True,,abcd,0.1,2026-02-07T12:52:43.818853
160,160,2,9,510,gurobi,6.1466288566589355,True,False,0.3380545943867637,True,,abcd,0.1,2026-02-07T12:52:50.850695
160,160,2,9,510,bnb_c_seq,30.0,False,True,,,timeout,abcd,0.1,2026-02-07T12:53:20.865696
160,160,2,9,510,bnb_c,30.0,False,True,,,timeout,abcd,0.1,2026-02-07T12:53:50.887024
160,160,2,9,510,bnb_c_pruned,30.0,False,True,,,timeout,abcd,0.1,2026-02-07T12:54:20.905200
160,160,2,9,510,leiden_c_x100,0.011250972747802734,True,False,0.336532103037293,,,abcd,0.1,2026-02-07T12:54:22.678770
160,160,2,10,377,gurobi,27.831115007400513,True,False,0.3994223557472389,True,,abcd,0.1,2026-02-07T12:54:52.230847
160,160,2,10,377,bnb_c_seq,30.0,False,True,,,timeout,abcd,0.1,2026-02-07T12:55:22.252075
160,160,2,10,377,bnb_c,30.0,False,True,,,timeout,abcd,0.1,2026-02-07T12:55:52.263150
160,160,2,10,377,bnb_c_pruned,30.0,False,True,,,timeout,abcd,0.1,2026-02-07T12:56:22.281310
160,160,2,10,377,leiden_c_x100,0.018054962158203125,True,False,0.360317035932146,,,abcd,0.1,2026-02-07T12:56:24.206969
160,160,2,11,332,gurobi,4.32980489730835,True,False,0.4384117796486983,True,,abcd,0.1,2026-02-07T12:56:30.315361
160,160,2,11,332,bnb_c_seq,1.4165539741516113,True,False,0.438411779648715,True,,abcd,0.1,2026-02-07T12:56:33.386601
160,160,2,11,332,bnb_c,0.24143624305725098,True,False,0.438411779648715,True,,abcd,0.1,2026-02-07T12:56:35.336957
160,160,2,11,332,bnb_c_pruned,0.022325992584228516,True,False,0.438411779648715,True,,abcd,0.1,2026-02-07T12:56:37.203232
160,160,2,11,332,leiden_c_x100,0.011089086532592773,True,False,0.424331361590942,False,,abcd,0.1,2026-02-07T12:56:38.921736
160,160,2,12,414,gurobi,19.158519983291626,True,False,0.38632173446288054,True,,abcd,0.1,2026-02-07T12:56:59.818904
160,160,2,12,414,bnb_c_seq,30.0,False,True,,,timeout,abcd,0.1,2026-02-07T12:57:29.838146
160,160,2,12,414,bnb_c,30.0,False,True,,,timeout,abcd,0.1,2026-02-07T12:57:59.862318
160,160,2,12,414,bnb_c_pruned,30.0,False,True,,,timeout,abcd,0.1,2026-02-07T12:58:29.883881
160,160,2,12,414,leiden_c_x100,0.011383056640625,True,False,0.35370720436883,,,abcd,0.1,2026-02-07T12:58:32.062411
160,160,2,13,367,gurobi,3.644850969314575,True,False,0.4079434846201099,True,,abcd,0.1,2026-02-07T12:58:37.970571
160,160,2,13,367,bnb_c_seq,26.082798957824707,True,False,0.407943484620125,True,,abcd,0.1,2026-02-07T12:59:06.451538
160,160,2,13,367,bnb_c,7.122736930847168,True,False,0.407943484620125,True,,abcd,0.1,2026-02-07T12:59:15.853668
160,160,2,13,367,bnb_c_pruned,5.170307874679565,True,False,0.407943484620125,True,,abcd,0.1,2026-02-07T12:59:23.313509
160,160,2,13,367,leiden_c_x100,0.009475946426391602,True,False,0.34318689722249,False,,abcd,0.1,2026-02-07T12:59:25.607038
160,160,2,14,368,gurobi,30.0,False,True,,,timeout,abcd,0.1,2026-02-07T12:59:55.636779
160,160,2,14,368,bnb_c_seq,30.0,False,True,,,timeout,abcd,0.1,2026-02-07T13:00:25.651888
160,160,2,14,368,bnb_c,15.769291877746582,True,False,0.410148865784499,True,,abcd,0.1,2026-02-07T13:00:43.744809
160,160,2,14,368,bnb_c_pruned,0.02199697494506836,True,False,0.410148865784499,True,,abcd,0.1,2026-02-07T13:00:45.985446
160,160,2,14,368,leiden_c_x100,0.04828214645385742,True,False,0.383447542533081,False,,abcd,0.1,2026-02-07T13:00:48.318753
160,160,2,15,415,gurobi,30.0,False,True,,,timeout,abcd,0.1,2026-02-07T13:01:18.356707
160,160,2,15,415,bnb_c_seq,30.0,False,True,,,timeout,abcd,0.1,2026-02-07T13:01:48.374737
160,160,2,15,415,bnb_c,30.0,False,True,,,timeout,abcd,0.1,2026-02-07T13:02:18.403408
160,160,2,15,415,bnb_c_pruned,30.0,False,True,,,timeout,abcd,0.1,2026-02-07T13:02:48.433191
160,160,2,15,415,leiden_c_x100,0.011770009994506836,True,False,0.341460299027435,,,abcd,0.1,2026-02-07T13:02:50.935840
160,160,2,16,410,gurobi,12.638758897781372,True,False,0.39013682331945754,True,,abcd,0.1,2026-02-07T13:03:05.796836
160,160,2,16,410,bnb_c_seq,30.0,False,True,,,timeout,abcd,0.1,2026-02-07T13:03:35.822203
160,160,2,16,410,bnb_c,30.0,False,True,,,timeout,abcd,0.1,2026-02-07T13:04:05.843850
160,160,2,16,410,bnb_c_pruned,30.0,False,True,,,timeout,abcd,0.1,2026-02-07T13:04:35.862667
160,160,2,16,410,leiden_c_x100,0.007802248001098633,True,False,0.275609756097561,,,abcd,0.1,2026-02-07T13:04:38.764987
160,160,2,17,419,gurobi,30.0,False,True,,,timeout,abcd,0.1,2026-02-07T13:05:08.791106
160,160,2,17,419,bnb_c_seq,30.0,False,True,,,timeout,abcd,0.1,2026-02-07T13:05:38.812599
160,160,2,17,419,bnb_c,30.0,False,True,,,timeout,abcd,0.1,2026-02-07T13:06:08.836346
160,160,2,17,419,bnb_c_pruned,30.0,False,True,,,timeout,abcd,0.1,2026-02-07T13:06:38.860754
160,160,2,17,419,leiden_c_x100,0.011282205581665039,True,False,0.346842408051902,,,abcd,0.1,2026-02-07T13:06:41.465013
160,160,2,18,396,gurobi,30.0,False,True,,,timeout,abcd,0.1,2026-02-07T13:07:11.485266
160,160,2,18,396,bnb_c_seq,30.0,False,True,,,timeout,abcd,0.1,2026-02-07T13:07:41.504809
160,160,2,18,396,bnb_c,30.0,False,True,,,timeout,abcd,0.1,2026-02-07T13:08:11.518842
160,160,2,18,396,bnb_c_pruned,30.0,False,True,,,timeout,abcd,0.1,2026-02-07T13:08:41.533086
160,160,2,18,396,leiden_c_x100,0.03412008285522461,True,False,0.283972936435058,,,abcd,0.1,2026-02-07T13:08:44.245030
160,160,2,19,378,gurobi,30.0,False,True,,,timeout,abcd,0.1,2026-02-07T13:09:14.273842
160,160,2,19,378,bnb_c_seq,10.619721174240112,True,False,0.413860194283475,True,,abcd,0.1,2026-02-07T13:09:27.239248
160,160,2,19,378,bnb_c,2.0096688270568848,True,False,0.413860194283475,True,,abcd,0.1,2026-02-07T13:09:31.499355
160,160,2,19,378,bnb_c_pruned,11.996811151504517,True,False,0.413860194283475,True,,abcd,0.1,2026-02-07T13:09:45.741716
160,160,2,19,378,leiden_c_x100,0.047426700592041016,True,False,0.406620055429579,False,,abcd,0.1,2026-02-07T13:09:47.882288
180,180,2,0,444,gurobi,30.0,False,True,,,timeout,abcd,0.1,2026-02-07T13:10:17.977714
180,180,2,0,444,bnb_c_seq,30.0,False,True,,,timeout,abcd,0.1,2026-02-07T13:10:47.993200
180,180,2,0,444,bnb_c,30.0,False,True,,,timeout,abcd,0.1,2026-02-07T13:11:18.014153
180,180,2,0,444,bnb_c_pruned,30.0,False,True,,,timeout,abcd,0.1,2026-02-07T13:11:48.037030
180,180,2,0,444,leiden_c_x100,0.012665271759033203,True,False,0.368636372859346,,,abcd,0.1,2026-02-07T13:11:50.745484
180,180,2,1,436,gurobi,30.0,False,True,,,timeout,abcd,0.1,2026-02-07T13:12:20.791899
180,180,2,1,436,bnb_c_seq,30.0,False,True,,,timeout,abcd,0.1,2026-02-07T13:12:50.813495
180,180,2,1,436,bnb_c,30.0,False,True,,,timeout,abcd,0.1,2026-02-07T13:13:20.835117
180,180,2,1,436,bnb_c_pruned,30.0,False,True,,,timeout,abcd,0.1,2026-02-07T13:13:50.853873
180,180,2,1,436,leiden_c_x100,0.01123189926147461,True,False,0.389358534635132,,,abcd,0.1,2026-02-07T13:13:54.317279
180,180,2,2,421,gurobi,30.0,False,True,,,timeout,abcd,0.1,2026-02-07T13:14:24.396833
180,180,2,2,421,bnb_c_seq,30.0,False,True,,,timeout,abcd,0.1,2026-02-07T13:14:54.415441
180,180,2,2,421,bnb_c,30.0,False,True,,,timeout,abcd,0.1,2026-02-07T13:15:24.436066
180,180,2,2,421,bnb_c_pruned,30.0,False,True,,,timeout,abcd,0.1,2026-02-07T13:15:54.451969
180,180,2,2,421,leiden_c_x100,0.025991201400756836,True,False,0.407081318656518,,,abcd,0.1,2026-02-07T13:15:58.946640
180,180,2,3,392,gurobi,30.0,False,True,,,timeout,abcd,0.1,2026-02-07T13:16:28.998598
180,180,2,3,392,bnb_c_seq,30.0,False,True,,,timeout,abcd,0.1,2026-02-07T13:16:59.018217
180,180,2,3,392,bnb_c,30.0,False,True,,,timeout,abcd,0.1,2026-02-07T13:17:29.043654
180,180,2,3,392,bnb_c_pruned,30.0,False,True,,,timeout,abcd,0.1,2026-02-07T13:17:59.064019
180,180,2,3,392,leiden_c_x100,0.13431000709533691,True,False,0.372448979591837,,,abcd,0.1,2026-02-07T13:18:04.733347
180,180,2,4,443,gurobi,30.0,False,True,,,timeout,abcd,0.1,2026-02-07T13:18:34.919582
180,180,2,4,443,bnb_c_seq,30.0,False,True,,,timeout,abcd,0.1,2026-02-07T13:19:04.936251
180,180,2,4,443,bnb_c,0.024692058563232422,True,False,0.391000718474999,True,,abcd,0.1,2026-02-07T13:19:10.168562
180,180,2,4,443,bnb_c_pruned,30.0,False,True,,,timeout,abcd,0.1,2026-02-07T13:19:40.188204
180,180,2,4,443,leiden_c_x100,0.01295614242553711,True,False,0.338964784533934,False,,abcd,0.1,2026-02-07T13:19:45.755419
180,180,2,5,495,gurobi,30.0,False,True,,,timeout,abcd,0.1,2026-02-07T13:20:15.966943
180,180,2,5,495,bnb_c_seq,30.0,False,True,,,timeout,abcd,0.1,2026-02-07T13:20:45.980627
180,180,2,5,495,bnb_c,30.0,False,True,,,timeout,abcd,0.1,2026-02-07T13:21:15.994410
180,180,2,5,495,bnb_c_pruned,30.0,False,True,,,timeout,abcd,0.1,2026-02-07T13:21:46.008295
180,180,2,5,495,leiden_c_x100,0.14044189453125,True,False,0.40048770533619,,,abcd,0.1,2026-02-07T13:21:51.860020
180,180,2,6,427,gurobi,30.0,False,True,,,timeout,abcd,0.1,2026-02-07T13:22:21.937882
180,180,2,6,427,bnb_c_seq,30.0,False,True,,,timeout,abcd,0.1,2026-02-07T13:22:51.958282
180,180,2,6,427,bnb_c,30.0,False,True,,,timeout,abcd,0.1,2026-02-07T13:23:21.990451
180,180,2,6,427,bnb_c_pruned,30.0,False,True,,,timeout,abcd,0.1,2026-02-07T13:23:52.009720
180,180,2,6,427,leiden_c_x100,0.10061168670654297,True,False,0.401480291122092,,,abcd,0.1,2026-02-07T13:23:58.262588
180,180,2,7,418,gurobi,30.0,False,True,,,timeout,abcd,0.1,2026-02-07T13:24:28.285901
180,180,2,7,418,bnb_c_seq,30.0,False,True,,,timeout,abcd,0.1,2026-02-07T13:24:58.310345
180,180,2,7,418,bnb_c,30.0,False,True,,,timeout,abcd,0.1,2026-02-07T13:25:28.329539
180,180,2,7,418,bnb_c_pruned,30.0,False,True,,,timeout,abcd,0.1,2026-02-07T13:25:58.339692
180,180,2,7,418,leiden_c_x100,0.00985097885131836,True,False,0.350561456926352,,,abcd,0.1,2026-02-07T13:26:05.193589
180,180,2,8,444,gurobi,20.860518217086792,True,False,0.4135596745394073,True,,abcd,0.1,2026-02-07T13:26:33.059172
180,180,2,8,444,bnb_c_seq,30.0,False,True,,,timeout,abcd,0.1,2026-02-07T13:27:03.073814
180,180,2,8,444,bnb_c,30.0,False,True,,,timeout,abcd,0.1,2026-02-07T13:27:33.092533
180,180,2,8,444,bnb_c_pruned,30.0,False,True,,,timeout,abcd,0.1,2026-02-07T13:28:03.104636
180,180,2,8,444,leiden_c_x100,0.020758867263793945,True,False,0.395260124989855,,,abcd,0.1,2026-02-07T13:28:10.918515
180,180,2,9,414,gurobi,30.0,False,True,,,timeout,abcd,0.1,2026-02-07T13:28:40.986856
180,180,2,9,414,bnb_c_seq,30.0,False,True,,,timeout,abcd,0.1,2026-02-07T13:29:11.006086
180,180,2,9,414,bnb_c,30.0,False,True,,,timeout,abcd,0.1,2026-02-07T13:29:41.022961
180,180,2,9,414,bnb_c_pruned,18.674089908599854,True,False,0.417874396135266,True,,abcd,0.1,2026-02-07T13:30:07.853001
180,180,2,9,414,leiden_c_x100,0.19222092628479004,True,False,0.410625102102733,,,abcd,0.1,2026-02-07T13:30:15.227226
180,180,2,10,400,gurobi,30.0,False,True,,,timeout,abcd,0.1,2026-02-07T13:30:45.257486
180,180,2,10,400,bnb_c_seq,30.0,False,True,,,timeout,abcd,0.1,2026-02-07T13:31:15.270799
180,180,2,10,400,bnb_c,30.0,False,True,,,timeout,abcd,0.1,2026-02-07T13:31:45.286840
180,180,2,10,400,bnb_c_pruned,0.06595611572265625,True,False,0.426171875,True,,abcd,0.1,2026-02-07T13:31:52.655945
180,180,2,10,400,leiden_c_x100,0.009498119354248047,True,False,0.4178875,,,abcd,0.1,2026-02-07T13:32:00.328738
180,180,2,11,435,gurobi,30.0,False,True,,,timeout,abcd,0.1,2026-02-07T13:32:30.399888
180,180,2,11,435,bnb_c_seq,30.0,False,True,,,timeout,abcd,0.1,2026-02-07T13:33:00.426186
180,180,2,11,435,bnb_c,0.025333881378173828,True,False,0.422668780552253,True,,abcd,0.1,2026-02-07T13:33:07.404420
180,180,2,11,435,bnb_c_pruned,30.0,False,True,,,timeout,abcd,0.1,2026-02-07T13:33:37.426443
180,180,2,11,435,leiden_c_x100,0.0604708194732666,True,False,0.389652530056811,False,,abcd,0.1,2026-02-07T13:33:45.170605
180,180,2,12,387,gurobi,30.0,False,True,,,timeout,abcd,0.1,2026-02-07T13:34:15.264101
180,180,2,12,387,bnb_c_seq,30.0,False,True,,,timeout,abcd,0.1,2026-02-07T13:34:45.279236
180,180,2,12,387,bnb_c,30.0,False,True,,,timeout,abcd,0.1,2026-02-07T13:35:15.302115
180,180,2,12,387,bnb_c_pruned,30.0,False,True,,,timeout,abcd,0.1,2026-02-07T13:35:45.317346
180,180,2,12,387,leiden_c_x100,0.013546943664550781,True,False,0.399211452303214,,,abcd,0.1,2026-02-07T13:35:53.686461
180,180,2,13,499,gurobi,30.0,False,True,,,timeout,abcd,0.1,2026-02-07T13:36:23.780908
180,180,2,13,499,bnb_c_seq,30.0,False,True,,,timeout,abcd,0.1,2026-02-07T13:36:53.794667
180,180,2,13,499,bnb_c,30.0,False,True,,,timeout,abcd,0.1,2026-02-07T13:37:23.810310
180,180,2,13,499,bnb_c_pruned,30.0,False,True,,,timeout,abcd,0.1,2026-02-07T13:37:53.825140
180,180,2,13,499,leiden_c_x100,0.014400005340576172,True,False,0.402839747631536,,,abcd,0.1,2026-02-07T13:38:03.280192
180,180,2,14,469,gurobi,30.0,False,True,,,timeout,abcd,0.1,2026-02-07T13:38:33.397723
180,180,2,14,469,bnb_c_seq,30.0,False,True,,,timeout,abcd,0.1,2026-02-07T13:39:03.413068
180,180,2,14,469,bnb_c,30.0,False,True,,,timeout,abcd,0.1,2026-02-07T13:39:33.429576
180,180,2,14,469,bnb_c_pruned,30.0,False,True,,,timeout,abcd,0.1,2026-02-07T13:40:03.447790
180,180,2,14,469,leiden_c_x100,0.013570070266723633,True,False,0.38485913411923,,,abcd,0.1,2026-02-07T13:40:13.757583
180,180,2,15,480,gurobi,30.0,False,True,,,timeout,abcd,0.1,2026-02-07T13:40:43.896476
180,180,2,15,480,bnb_c_seq,30.0,False,True,,,timeout,abcd,0.1,2026-02-07T13:41:13.914366
180,180,2,15,480,bnb_c,30.0,False,True,,,timeout,abcd,0.1,2026-02-07T13:41:43.932360
180,180,2,15,480,bnb_c_pruned,30.0,False,True,,,timeout,abcd,0.1,2026-02-07T13:42:13.952027
180,180,2,15,480,leiden_c_x100,0.009812116622924805,True,False,0.33748046875,,,abcd,0.1,2026-02-07T13:42:24.361159
180,180,2,16,453,gurobi,30.0,False,True,,,timeout,abcd,0.1,2026-02-07T13:42:54.444471
180,180,2,16,453,bnb_c_seq,30.0,False,True,,,timeout,abcd,0.1,2026-02-07T13:43:24.461929
180,180,2,16,453,bnb_c,30.0,False,True,,,timeout,abcd,0.1,2026-02-07T13:43:54.478443
180,180,2,16,453,bnb_c_pruned,30.0,False,True,,,timeout,abcd,0.1,2026-02-07T13:44:24.493967
180,180,2,16,453,leiden_c_x100,0.009739875793457031,True,False,0.341408027913006,,,abcd,0.1,2026-02-07T13:44:35.687717
180,180,2,17,392,gurobi,30.0,False,True,,,timeout,abcd,0.1,2026-02-07T13:45:05.792887
180,180,2,17,392,bnb_c_seq,30.0,False,True,,,timeout,abcd,0.1,2026-02-07T13:45:35.814498
180,180,2,17,392,bnb_c,0.2426140308380127,True,False,0.416805497709288,True,,abcd,0.1,2026-02-07T13:45:48.410142
180,180,2,17,392,bnb_c_pruned,30.0,False,True,,,timeout,abcd,0.1,2026-02-07T13:46:18.434836
180,180,2,17,392,leiden_c_x100,0.010090827941894531,True,False,0.362892414618909,False,,abcd,0.1,2026-02-07T13:46:29.182241
180,180,2,18,527,gurobi,30.0,False,True,,,timeout,abcd,0.1,2026-02-07T13:46:59.213952
180,180,2,18,527,bnb_c_seq,30.0,False,True,,,timeout,abcd,0.1,2026-02-07T13:47:29.231192
180,180,2,18,527,bnb_c,5.9139180183410645,True,False,0.408734773826284,True,,abcd,0.1,2026-02-07T13:47:46.092137
180,180,2,18,527,bnb_c_pruned,14.532259941101074,True,False,0.408734773826284,True,,abcd,0.1,2026-02-07T13:48:12.956256
180,180,2,18,527,leiden_c_x100,0.320389986038208,True,False,0.405609425015033,False,,abcd,0.1,2026-02-07T13:48:24.711166
180,180,2,19,468,gurobi,30.0,False,True,,,timeout,abcd,0.1,2026-02-07T13:48:54.942347
180,180,2,19,468,bnb_c_seq,30.0,False,True,,,timeout,abcd,0.1,2026-02-07T13:49:24.957545
180,180,2,19,468,bnb_c,0.03148198127746582,True,False,0.403496877054569,True,,abcd,0.1,2026-02-07T13:49:36.262474
180,180,2,19,468,bnb_c_pruned,30.0,False,True,,,timeout,abcd,0.1,2026-02-07T13:50:06.276133
180,180,2,19,468,leiden_c_x100,0.01616215705871582,True,False,0.395098254072613,False,,abcd,0.1,2026-02-07T13:50:17.776601
200,200,2,0,553,gurobi,30.0,False,True,,,timeout,abcd,0.1,2026-02-07T13:50:47.863467
200,200,2,0,553,bnb_c_seq,30.0,False,True,,,timeout,abcd,0.1,2026-02-07T13:51:17.876658
200,200,2,0,553,bnb_c,30.0,False,True,,,timeout,abcd,0.1,2026-02-07T13:51:47.889114
200,200,2,0,553,bnb_c_pruned,30.0,False,True,,,timeout,abcd,0.1,2026-02-07T13:52:17.902571
200,200,2,0,553,leiden_c_x100,0.011687994003295898,True,False,0.400699456196515,,,abcd,0.1,2026-02-07T13:52:29.330565
200,200,2,1,463,gurobi,30.0,False,True,,,timeout,abcd,0.1,2026-02-07T13:52:59.538711
200,200,2,1,463,bnb_c_seq,30.0,False,True,,,timeout,abcd,0.1,2026-02-07T13:53:29.559391
200,200,2,1,463,bnb_c,30.0,False,True,,,timeout,abcd,0.1,2026-02-07T13:53:59.579821
200,200,2,1,463,bnb_c_pruned,30.0,False,True,,,timeout,abcd,0.1,2026-02-07T13:54:29.593215
200,200,2,1,463,leiden_c_x100,0.010447263717651367,True,False,0.429313473496634,,,abcd,0.1,2026-02-07T13:54:40.833945
200,200,2,2,579,gurobi,30.0,False,True,,,timeout,abcd,0.1,2026-02-07T13:55:10.981658
200,200,2,2,579,bnb_c_seq,30.0,False,True,,,timeout,abcd,0.1,2026-02-07T13:55:40.999373
200,200,2,2,579,bnb_c,0.3492867946624756,True,False,0.35648831735975,True,,abcd,0.1,2026-02-07T13:55:52.757213
200,200,2,2,579,bnb_c_pruned,0.029842138290405273,True,False,0.35648831735975,True,,abcd,0.1,2026-02-07T13:56:03.292099
200,200,2,2,579,leiden_c_x100,0.011453866958618164,True,False,0.313129957254632,False,,abcd,0.1,2026-02-07T13:56:14.366968
200,200,2,3,521,gurobi,30.0,False,True,,,timeout,abcd,0.1,2026-02-07T13:56:44.489518
200,200,2,3,521,bnb_c_seq,30.0,False,True,,,timeout,abcd,0.1,2026-02-07T13:57:14.513278
200,200,2,3,521,bnb_c,30.0,False,True,,,timeout,abcd,0.1,2026-02-07T13:57:44.529840
200,200,2,3,521,bnb_c_pruned,30.0,False,True,,,timeout,abcd,0.1,2026-02-07T13:58:14.548548
200,200,2,3,521,leiden_c_x100,0.2841308116912842,True,False,0.428218286846865,,,abcd,0.1,2026-02-07T13:58:26.113957
200,200,2,4,440,gurobi,30.0,False,True,,,timeout,abcd,0.1,2026-02-07T13:58:56.204684
200,200,2,4,440,bnb_c_seq,30.0,False,True,,,timeout,abcd,0.1,2026-02-07T13:59:26.220037
200,200,2,4,440,bnb_c,30.0,False,True,,,timeout,abcd,0.1,2026-02-07T13:59:56.232107
200,200,2,4,440,bnb_c_pruned,30.0,False,True,,,timeout,abcd,0.1,2026-02-07T14:00:26.247572
200,200,2,4,440,leiden_c_x100,0.011154890060424805,True,False,0.372634297520661,,,abcd,0.1,2026-02-07T14:00:36.858158
200,200,2,5,468,gurobi,30.0,False,True,,,timeout,abcd,0.1,2026-02-07T14:01:06.997734
200,200,2,5,468,bnb_c_seq,30.0,False,True,,,timeout,abcd,0.1,2026-02-07T14:01:37.007441
200,200,2,5,468,bnb_c,30.0,False,True,,,timeout,abcd,0.1,2026-02-07T14:02:07.019281
200,200,2,5,468,bnb_c_pruned,30.0,False,True,,,timeout,abcd,0.1,2026-02-07T14:02:37.034530
200,200,2,5,468,leiden_c_x100,0.010365962982177734,True,False,0.329059829059829,,,abcd,0.1,2026-02-07T14:02:48.625422
200,200,2,6,491,gurobi,30.0,False,True,,,timeout,abcd,0.1,2026-02-07T14:03:18.742226
200,200,2,6,491,bnb_c_seq,30.0,False,True,,,timeout,abcd,0.1,2026-02-07T14:03:48.756590
200,200,2,6,491,bnb_c,30.0,False,True,,,timeout,abcd,0.1,2026-02-07T14:04:18.766206
200,200,2,6,491,bnb_c_pruned,30.0,False,True,,,timeout,abcd,0.1,2026-02-07T14:04:48.781391
200,200,2,6,491,leiden_c_x100,0.13178491592407227,True,False,0.322188393112688,,,abcd,0.1,2026-02-07T14:05:01.300307
200,200,2,7,547,gurobi,30.0,False,True,,,timeout,abcd,0.1,2026-02-07T14:05:31.326361
200,200,2,7,547,bnb_c_seq,30.0,False,True,,,timeout,abcd,0.1,2026-02-07T14:06:01.337607
200,200,2,7,547,bnb_c,30.0,False,True,,,timeout,abcd,0.1,2026-02-07T14:06:31.353064
200,200,2,7,547,bnb_c_pruned,30.0,False,True,,,timeout,abcd,0.1,2026-02-07T14:07:01.362627
200,200,2,7,547,leiden_c_x100,0.016337156295776367,True,False,0.38332235995575,,,abcd,0.1,2026-02-07T14:07:13.653832
200,200,2,8,465,gurobi,30.0,False,True,,,timeout,abcd,0.1,2026-02-07T14:07:43.684428
200,200,2,8,465,bnb_c_seq,11.705891132354736,True,False,0.439671638339693,True,,abcd,0.1,2026-02-07T14:08:07.658997
200,200,2,8,465,bnb_c,6.943966865539551,True,False,0.439671638339693,True,,abcd,0.1,2026-02-07T14:08:23.663460
200,200,2,8,465,bnb_c_pruned,0.04238581657409668,True,False,0.439671638339692,True,,abcd,0.1,2026-02-07T14:08:37.163609
200,200,2,8,465,leiden_c_x100,0.14383721351623535,True,False,0.439671638339692,True,,abcd,0.1,2026-02-07T14:08:50.602374
200,200,2,9,434,gurobi,30.0,False,True,,,timeout,abcd,0.1,2026-02-07T14:09:20.911651
200,200,2,9,434,bnb_c_seq,30.0,False,True,,,timeout,abcd,0.1,2026-02-07T14:09:50.922445
200,200,2,9,434,bnb_c,30.0,False,True,,,timeout,abcd,0.1,2026-02-07T14:10:20.932198
200,200,2,9,434,bnb_c_pruned,0.1915912628173828,True,False,0.423198623882435,True,,abcd,0.1,2026-02-07T14:10:32.799446
200,200,2,9,434,leiden_c_x100,0.010250329971313477,True,False,0.413992652211769,,,abcd,0.1,2026-02-07T14:10:45.814212
200,200,2,10,525,gurobi,30.0,False,True,,,timeout,abcd,0.1,2026-02-07T14:11:15.848112
200,200,2,10,525,bnb_c_seq,30.0,False,True,,,timeout,abcd,0.1,2026-02-07T14:11:45.870562
200,200,2,10,525,bnb_c,30.0,False,True,,,timeout,abcd,0.1,2026-02-07T14:12:15.891221
200,200,2,10,525,bnb_c_pruned,30.0,False,True,,,timeout,abcd,0.1,2026-02-07T14:12:45.910173
200,200,2,10,525,leiden_c_x100,0.011443138122558594,True,False,0.349168253968254,,,abcd,0.1,2026-02-07T14:12:58.696213
200,200,2,11,463,gurobi,30.0,False,True,,,timeout,abcd,0.1,2026-02-07T14:13:28.717325
200,200,2,11,463,bnb_c_seq,30.0,False,True,,,timeout,abcd,0.1,2026-02-07T14:13:58.738134
200,200,2,11,463,bnb_c,0.5432119369506836,True,False,0.425537274512639,True,,abcd,0.1,2026-02-07T14:14:11.792738
200,200,2,11,463,bnb_c_pruned,0.03235292434692383,True,False,0.425537274512639,True,,abcd,0.1,2026-02-07T14:14:24.931777
200,200,2,11,463,leiden_c_x100,0.012050151824951172,True,False,0.425537274512639,True,,abcd,0.1,2026-02-07T14:14:37.645488
200,200,2,12,476,gurobi,30.0,False,True,,,timeout,abcd,0.1,2026-02-07T14:15:07.661525
200,200,2,12,476,bnb_c_seq,30.0,False,True,,,timeout,abcd,0.1,2026-02-07T14:15:37.673438
200,200,2,12,476,bnb_c,0.45380616188049316,True,False,0.394878539651155,True,,abcd,0.1,2026-02-07T14:15:51.343617
200,200,2,12,476,bnb_c_pruned,30.0,False,True,,,timeout,abcd,0.1,2026-02-07T14:16:21.351577
200,200,2,12,476,leiden_c_x100,0.011855125427246094,True,False,0.342869500741473,False,,abcd,0.1,2026-02-07T14:16:28.676779
200,200,2,13,448,gurobi,30.0,False,True,,,timeout,abcd,0.1,2026-02-07T14:16:58.703880
200,200,2,13,448,bnb_c_seq,30.0,False,True,,,timeout,abcd,0.1,2026-02-07T14:17:28.717986
200,200,2,13,448,bnb_c,30.0,False,True,,,timeout,abcd,0.1,2026-02-07T14:17:58.730404
200,200,2,13,448,bnb_c_pruned,30.0,False,True,,,timeout,abcd,0.1,2026-02-07T14:18:28.745975
200,200,2,13,448,leiden_c_x100,0.1958169937133789,True,False,0.410674426020408,,,abcd,0.1,2026-02-07T14:18:43.741902
200,200,2,14,531,gurobi,30.0,False,True,,,timeout,abcd,0.1,2026-02-07T14:19:13.944518
200,200,2,14,531,bnb_c_seq,30.0,False,True,,,timeout,abcd,0.1,2026-02-07T14:19:43.961549
200,200,2,14,531,bnb_c,30.0,False,True,,,timeout,abcd,0.1,2026-02-07T14:20:13.978508
200,200,2,14,531,bnb_c_pruned,0.6580321788787842,True,False,0.382726689152046,True,,abcd,0.1,2026-02-07T14:20:27.631685
200,200,2,14,531,leiden_c_x100,0.011852025985717773,True,False,0.298379917790049,,,abcd,0.1,2026-02-07T14:20:41.833247
200,200,2,15,519,gurobi,30.0,False,True,,,timeout,abcd,0.1,2026-02-07T14:21:11.953837
200,200,2,15,519,bnb_c_seq,30.0,False,True,,,timeout,abcd,0.1,2026-02-07T14:21:41.970814
200,200,2,15,519,bnb_c,30.0,False,True,,,timeout,abcd,0.1,2026-02-07T14:22:11.987930
200,200,2,15,519,bnb_c_pruned,0.22896504402160645,True,False,0.363903831660857,True,,abcd,0.1,2026-02-07T14:22:28.294801
200,200,2,15,519,leiden_c_x100,0.2621939182281494,True,False,0.35445368854437,,,abcd,0.1,2026-02-07T14:22:43.299838
200,200,2,16,479,gurobi,30.0,False,True,,,timeout,abcd,0.1,2026-02-07T14:23:13.377548
200,200,2,16,479,bnb_c_seq,30.0,False,True,,,timeout,abcd,0.1,2026-02-07T14:23:43.392762
200,200,2,16,479,bnb_c,0.022613048553466797,True,False,0.393469345060386,True,,abcd,0.1,2026-02-07T14:23:58.319031
200,200,2,16,479,bnb_c_pruned,0.46477293968200684,True,False,0.393469345060386,True,,abcd,0.1,2026-02-07T14:24:13.966884
200,200,2,16,479,leiden_c_x100,0.01379704475402832,True,False,0.364248325277522,False,,abcd,0.1,2026-02-07T14:24:28.390336
200,200,2,17,489,gurobi,30.0,False,True,,,timeout,abcd,0.1,2026-02-07T14:24:58.570486
200,200,2,17,489,bnb_c_seq,30.0,False,True,,,timeout,abcd,0.1,2026-02-07T14:25:28.582525
200,200,2,17,489,bnb_c,3.27333402633667,True,False,0.44478527607362,True,,abcd,0.1,2026-02-07T14:25:45.628300
200,200,2,17,489,bnb_c_pruned,30.0,False,True,,,timeout,abcd,0.1,2026-02-07T14:26:15.640060
200,200,2,17,489,leiden_c_x100,0.2786717414855957,True,False,0.44478527607362,True,,abcd,0.1,2026-02-07T14:26:31.262241
200,200,2,18,467,gurobi,30.0,False,True,,,timeout,abcd,0.1,2026-02-07T14:27:01.318667
200,200,2,18,467,bnb_c_seq,30.0,False,True,,,timeout,abcd,0.1,2026-02-07T14:27:31.333978
200,200,2,18,467,bnb_c,11.041584014892578,True,False,0.441186854907859,True,,abcd,0.1,2026-02-07T14:27:56.468385
200,200,2,18,467,bnb_c_pruned,30.0,False,True,,,timeout,abcd,0.1,2026-02-07T14:28:26.488914
200,200,2,18,467,leiden_c_x100,0.018311023712158203,True,False,0.426367217053588,False,,abcd,0.1,2026-02-07T14:28:40.959580
200,200,2,19,491,gurobi,30.0,False,True,,,timeout,abcd,0.1,2026-02-07T14:29:11.064882
200,200,2,19,491,bnb_c_seq,30.0,False,True,,,timeout,abcd,0.1,2026-02-07T14:29:41.078304
200,200,2,19,491,bnb_c,30.0,False,True,,,timeout,abcd,0.1,2026-02-07T14:30:11.090156
200,200,2,19,491,bnb_c_pruned,30.0,False,True,,,timeout,abcd,0.1,2026-02-07T14:30:41.107023
200,200,2,19,491,leiden_c_x100,0.011444091796875,True,False,0.328918496273037,,,abcd,0.1,2026-02-07T14:30:55.914873
20,13,2,0,17,igraph,0.0010771751403808594,True,False,0.40484429065743943,True,,abcd,0.1,2026-03-22T20:03:34.204600
20,13,2,0,17,bayan,0.6036090850830078,True,False,0.40484429,True,,abcd,0.1,2026-03-22T20:03:35.228559
20,20,2,1,25,igraph,0.004080057144165039,True,False,0.5464,True,,abcd,0.1,2026-03-22T20:03:35.685352
20,20,2,1,25,bayan,0.6198720932006836,True,False,0.508,True,,abcd,0.1,2026-03-22T20:03:36.740310
20,20,2,2,24,igraph,0.0051729679107666016,True,False,0.4939236111111111,True,,abcd,0.1,2026-03-22T20:03:37.169407
20,20,2,2,24,bayan,1.7065770626068115,False,False,,,"^^^^^^^^^^^^^^^^^^^^^^^^^^^^^^^^^^^^^^^^^^^^^^^^
  File ""numpy/random/mtrand.pyx"", line 964, in numpy.random.mtrand.RandomState.choice
ValueError: a must be greater than 0 unless no samples are taken
",abcd,0.1,2026-03-22T20:03:38.876341
20,20,2,3,27,igraph,0.0035979747772216797,True,False,0.5754458161865569,True,,abcd,0.1,2026-03-22T20:03:39.303190
20,20,2,3,27,bayan,0.6363809108734131,True,False,0.57544582,True,,abcd,0.1,2026-03-22T20:03:40.368207
20,20,2,4,26,igraph,0.005254030227661133,True,False,0.5325443786982249,True,,abcd,0.1,2026-03-22T20:03:40.799337
20,20,2,4,26,bayan,0.634666919708252,True,False,0.53254438,True,,abcd,0.1,2026-03-22T20:03:41.856805
20,20,2,5,25,igraph,0.005789995193481445,True,False,0.5192,True,,abcd,0.1,2026-03-22T20:03:42.285083
20,20,2,5,25,bayan,0.6460869312286377,True,False,0.5192,True,,abcd,0.1,2026-03-22T20:03:43.353580
20,20,2,6,25,igraph,0.0035839080810546875,True,False,0.5864,True,,abcd,0.1,2026-03-22T20:03:43.780422
20,20,2,6,25,bayan,0.6390531063079834,True,False,0.5864,True,,abcd,0.1,2026-03-22T20:03:44.836647
20,20,2,7,28,igraph,0.017824172973632812,True,False,0.46619897959183676,True,,abcd,0.1,2026-03-22T20:03:45.275588
20,20,2,7,28,bayan,0.9380898475646973,True,False,0.46619898,True,,abcd,0.1,2026-03-22T20:03:46.642399
20,14,2,8,19,igraph,0.0013120174407958984,True,False,0.43213296398891965,True,,abcd,0.1,2026-03-22T20:03:47.063928
20,14,2,8,19,bayan,0.5990750789642334,True,False,0.43213296,True,,abcd,0.1,2026-03-22T20:03:48.087360
20,20,2,9,27,igraph,0.004025697708129883,True,False,0.517832647462277,True,,abcd,0.1,2026-03-22T20:03:48.514479
20,20,2,9,27,bayan,0.6440010070800781,True,False,0.51783265,True,,abcd,0.1,2026-03-22T20:03:49.583752
20,20,2,10,28,igraph,0.0037779808044433594,True,False,0.5707908163265306,True,,abcd,0.1,2026-03-22T20:03:50.013955
20,20,2,10,28,bayan,0.6216921806335449,True,False,0.5440051,True,,abcd,0.1,2026-03-22T20:03:51.063958
20,20,2,11,26,igraph,0.0036940574645996094,True,False,0.5902366863905326,True,,abcd,0.1,2026-03-22T20:03:51.490891
20,20,2,11,26,bayan,0.6330611705780029,True,False,0.59023669,True,,abcd,0.1,2026-03-22T20:03:52.553231
20,20,2,12,21,igraph,0.08863496780395508,True,False,0.5136054421768708,True,,abcd,0.1,2026-03-22T20:03:53.070226
20,20,2,12,21,bayan,1.2794041633605957,True,False,0.40702948,True,,abcd,0.1,2026-03-22T20:03:54.781315
20,20,2,13,27,igraph,0.00450897216796875,True,False,0.5411522633744856,True,,abcd,0.1,2026-03-22T20:03:55.207491
20,20,2,13,27,bayan,0.6394181251525879,True,False,0.54115226,True,,abcd,0.1,2026-03-22T20:03:56.263581
20,20,2,14,23,igraph,0.004876136779785156,True,False,0.5283553875236294,True,,abcd,0.1,2026-03-22T20:03:56.695011
20,20,2,14,23,bayan,0.6772463321685791,True,False,0.0,True,,abcd,0.1,2026-03-22T20:03:57.793466
20,20,2,15,27,igraph,0.01851201057434082,True,False,0.46433470507544583,True,,abcd,0.1,2026-03-22T20:03:58.239965
20,20,2,15,27,bayan,0.7045738697052002,True,False,0.46433471,True,,abcd,0.1,2026-03-22T20:03:59.384235
20,20,2,16,27,igraph,0.003715991973876953,True,False,0.5877914951989026,True,,abcd,0.1,2026-03-22T20:03:59.821301
20,20,2,16,27,bayan,0.6352298259735107,True,False,0.5877915,True,,abcd,0.1,2026-03-22T20:04:00.873895
20,20,2,17,23,igraph,0.005270957946777344,True,False,0.558601134215501,True,,abcd,0.1,2026-03-22T20:04:01.307370
20,20,2,17,23,bayan,0.6382029056549072,True,False,0.55860113,True,,abcd,0.1,2026-03-22T20:04:02.368831
20,15,2,18,20,igraph,0.0018570423126220703,True,False,0.46125000000000005,True,,abcd,0.1,2026-03-22T20:04:02.799645
20,15,2,18,20,bayan,0.5898430347442627,True,False,-0.0,True,,abcd,0.1,2026-03-22T20:04:03.812941
20,20,2,19,25,igraph,0.02190089225769043,True,False,0.5136000000000001,True,,abcd,0.1,2026-03-22T20:04:04.261225
20,20,2,19,25,bayan,0.6938350200653076,True,False,-0.0,True,,abcd,0.1,2026-03-22T20:04:05.389430
40,40,2,0,67,igraph,0.5636670589447021,True,False,0.546669636890176,True,,abcd,0.1,2026-03-22T20:04:06.387401
40,40,2,0,67,bayan,4.567569017410278,True,False,0.51258632,True,,abcd,0.1,2026-03-22T20:04:11.394643
40,40,2,1,67,igraph,0.3699469566345215,True,False,0.5503452884829584,True,,abcd,0.1,2026-03-22T20:04:12.195807
40,40,2,1,67,bayan,1.0486977100372314,True,False,0.55034529,True,,abcd,0.1,2026-03-22T20:04:13.681148
40,40,2,2,58,igraph,0.1261429786682129,True,False,0.6428359096313913,True,,abcd,0.1,2026-03-22T20:04:14.236996
40,40,2,2,58,bayan,0.9646039009094238,True,False,0.64283591,True,,abcd,0.1,2026-03-22T20:04:15.637958
40,40,2,3,64,igraph,0.11494922637939453,True,False,0.5794677734375,True,,abcd,0.1,2026-03-22T20:04:16.184859
40,40,2,3,64,bayan,1.008763074874878,True,False,0.57946777,True,,abcd,0.1,2026-03-22T20:04:17.636529
40,40,2,4,63,igraph,0.09821295738220215,True,False,0.610607205845301,True,,abcd,0.1,2026-03-22T20:04:18.165826
40,40,2,4,63,bayan,0.9848120212554932,True,False,0.61060721,True,,abcd,0.1,2026-03-22T20:04:19.583827
40,40,2,5,66,igraph,0.12184596061706543,True,False,0.5562442607897153,True,,abcd,0.1,2026-03-22T20:04:20.132393
40,40,2,5,66,bayan,0.9803891181945801,True,False,0.54591368,True,,abcd,0.1,2026-03-22T20:04:21.550711
40,40,2,6,63,igraph,0.552893877029419,True,False,0.5251952632905014,True,,abcd,0.1,2026-03-22T20:04:22.533113
40,40,2,6,63,bayan,1.8430142402648926,True,False,0.52519526,True,,abcd,0.1,2026-03-22T20:04:24.819062
40,40,2,7,71,igraph,0.143693208694458,True,False,0.5581233882166237,True,,abcd,0.1,2026-03-22T20:04:25.396269
40,40,2,7,71,bayan,1.3103790283203125,True,False,0.55296568,True,,abcd,0.1,2026-03-22T20:04:27.146303
40,40,2,8,65,igraph,0.14206600189208984,True,False,0.5307692307692308,True,,abcd,0.1,2026-03-22T20:04:27.724271
40,40,2,8,65,bayan,1.0042710304260254,True,False,0.53076923,True,,abcd,0.1,2026-03-22T20:04:29.164980
40,40,2,9,69,igraph,0.1635572910308838,True,False,0.5329762654904432,True,,abcd,0.1,2026-03-22T20:04:29.763283
40,40,2,9,69,bayan,1.0397629737854004,True,False,0.53297627,True,,abcd,0.1,2026-03-22T20:04:31.241112
40,40,2,10,60,igraph,0.6501431465148926,True,False,0.5736111111111112,True,,abcd,0.1,2026-03-22T20:04:32.331977
40,40,2,10,60,bayan,1.278944969177246,True,False,0.57361111,True,,abcd,0.1,2026-03-22T20:04:34.048762
40,40,2,11,63,igraph,0.1771228313446045,True,False,0.5617283950617283,True,,abcd,0.1,2026-03-22T20:04:34.661411
40,40,2,11,63,bayan,0.9911611080169678,True,False,0.5617284,True,,abcd,0.1,2026-03-22T20:04:36.089559
40,40,2,12,67,igraph,1.5339140892028809,True,False,0.5274003118734685,True,,abcd,0.1,2026-03-22T20:04:38.065436
40,40,2,12,67,bayan,1.265599012374878,True,False,0.52160838,True,,abcd,0.1,2026-03-22T20:04:39.816783
40,40,2,13,63,igraph,0.7109038829803467,True,False,0.5289745527840765,True,,abcd,0.1,2026-03-22T20:04:40.959929
40,40,2,13,63,bayan,2.0783019065856934,True,False,0.52897455,True,,abcd,0.1,2026-03-22T20:04:43.485752
40,40,2,14,57,igraph,0.09222888946533203,True,False,0.6218836565096951,True,,abcd,0.1,2026-03-22T20:04:44.014012
40,40,2,14,57,bayan,0.9343140125274658,True,False,0.62188366,True,,abcd,0.1,2026-03-22T20:04:45.389197
40,40,2,15,65,igraph,2.17307186126709,True,False,0.5158579881656805,True,,abcd,0.1,2026-03-22T20:04:47.996381
40,40,2,15,65,bayan,2.7867960929870605,True,False,0.5156213,True,,abcd,0.1,2026-03-22T20:04:51.242819
40,40,2,16,64,igraph,0.11268877983093262,True,False,0.6138916015625,True,,abcd,0.1,2026-03-22T20:04:51.790269
40,40,2,16,64,bayan,1.0015819072723389,True,False,0.6138916,True,,abcd,0.1,2026-03-22T20:04:53.233282
40,40,2,17,61,igraph,0.10179376602172852,True,False,0.6150228433216877,True,,abcd,0.1,2026-03-22T20:04:53.774802
40,40,2,17,61,bayan,0.9815738201141357,True,False,0.61502284,True,,abcd,0.1,2026-03-22T20:04:55.201339
40,40,2,18,60,igraph,0.9413878917694092,True,False,0.5480555555555555,True,,abcd,0.1,2026-03-22T20:04:56.586162
40,40,2,18,60,bayan,3.363297939300537,True,False,0.54805556,True,,abcd,0.1,2026-03-22T20:05:00.402098
40,40,2,19,59,igraph,0.0919651985168457,True,False,0.6124676817006607,True,,abcd,0.1,2026-03-22T20:05:00.934950
40,40,2,19,59,bayan,0.9656898975372314,True,False,0.61246768,True,,abcd,0.1,2026-03-22T20:05:02.370100
60,60,2,0,131,igraph,1.8590190410614014,True,False,0.5230755783462502,True,,abcd,0.1,2026-03-22T20:05:04.673144
60,60,2,0,131,bayan,2.0313830375671387,True,False,0.52307558,True,,abcd,0.1,2026-03-22T20:05:07.148595
60,60,2,1,115,igraph,1.3178482055664062,True,False,0.5820415879017014,True,,abcd,0.1,2026-03-22T20:05:08.905880
60,60,2,1,115,bayan,1.9457340240478516,True,False,0.58204159,True,,abcd,0.1,2026-03-22T20:05:11.330783
60,60,2,2,115,igraph,30,False,True,,,timeout,abcd,0.1,2026-03-22T20:05:41.338650
60,60,2,2,115,bayan,32.96193289756775,True,False,0.48015123,False,,abcd,0.1,2026-03-22T20:06:14.755660
60,60,2,3,113,igraph,5.995816946029663,True,False,0.5478111050199703,True,,abcd,0.1,2026-03-22T20:06:21.194887
60,60,2,3,113,bayan,6.513648986816406,True,False,0.54781111,True,,abcd,0.1,2026-03-22T20:06:28.169989
60,60,2,4,107,igraph,1.3563446998596191,True,False,0.5741112760939819,True,,abcd,0.1,2026-03-22T20:06:29.965159
60,60,2,4,107,bayan,1.9112370014190674,True,False,0.57411128,True,,abcd,0.1,2026-03-22T20:06:32.323729
60,60,2,5,108,igraph,24.72834587097168,True,False,0.546124828532236,True,,abcd,0.1,2026-03-22T20:06:57.508302
60,60,2,5,108,bayan,5.602247953414917,True,False,0.53210734,True,,abcd,0.1,2026-03-22T20:07:03.581865
60,60,2,6,114,igraph,1.276611089706421,True,False,0.6034549092028316,True,,abcd,0.1,2026-03-22T20:07:05.346379
60,60,2,6,114,bayan,1.856259822845459,True,False,0.60345491,True,,abcd,0.1,2026-03-22T20:07:07.673723
60,60,2,7,113,igraph,9.782685041427612,True,False,0.5534106038060929,True,,abcd,0.1,2026-03-22T20:07:17.905178
60,60,2,7,113,bayan,2.0725691318511963,True,False,0.5534106,True,,abcd,0.1,2026-03-22T20:07:20.431396
60,60,2,8,107,igraph,30,False,True,,,timeout,abcd,0.1,2026-03-22T20:07:50.440469
60,60,2,8,107,bayan,32.296167850494385,True,False,0.52192331,False,,abcd,0.1,2026-03-22T20:08:23.227016
60,60,2,9,119,igraph,1.3318378925323486,True,False,0.562001271096674,True,,abcd,0.1,2026-03-22T20:08:25.086320
60,60,2,9,119,bayan,2.0332400798797607,True,False,0.56200127,True,,abcd,0.1,2026-03-22T20:08:27.585958
60,60,2,10,123,igraph,2.0576272010803223,True,False,0.5285213827748034,True,,abcd,0.1,2026-03-22T20:08:30.091944
60,60,2,10,123,bayan,2.184185028076172,True,False,0.52296913,True,,abcd,0.1,2026-03-22T20:08:32.747780
60,60,2,11,105,igraph,30,False,True,,,timeout,abcd,0.1,2026-03-22T20:09:02.755813
60,60,2,11,105,bayan,32.76179504394531,True,False,0.54226757,False,,abcd,0.1,2026-03-22T20:09:35.982218
60,60,2,12,112,igraph,30,False,True,,,timeout,abcd,0.1,2026-03-22T20:10:05.991253
60,60,2,12,112,bayan,19.579459190368652,True,False,0.47911352,True,,abcd,0.1,2026-03-22T20:10:26.040370
60,60,2,13,116,igraph,30,False,True,,,timeout,abcd,0.1,2026-03-22T20:10:56.048567
60,60,2,13,116,bayan,16.39281988143921,True,False,0.49658145,True,,abcd,0.1,2026-03-22T20:11:12.901127
60,60,2,14,101,igraph,1.332392930984497,True,False,0.5624938731496912,True,,abcd,0.1,2026-03-22T20:11:14.688729
60,60,2,14,101,bayan,1.7756900787353516,True,False,0.56249387,True,,abcd,0.1,2026-03-22T20:11:16.927797
60,60,2,15,119,igraph,1.6351981163024902,True,False,0.5969211213897323,True,,abcd,0.1,2026-03-22T20:11:19.012620
60,60,2,15,119,bayan,1.9669928550720215,True,False,0.59692112,True,,abcd,0.1,2026-03-22T20:11:21.433874
60,60,2,16,105,igraph,1.2882192134857178,True,False,0.622312925170068,True,,abcd,0.1,2026-03-22T20:11:23.168892
60,60,2,16,105,bayan,1.8416390419006348,True,False,0.62231293,True,,abcd,0.1,2026-03-22T20:11:25.468237
60,60,2,17,92,igraph,30,False,True,,,timeout,abcd,0.1,2026-03-22T20:11:55.476749
60,60,2,17,92,bayan,32.217936277389526,True,False,0.57029773,False,,abcd,0.1,2026-03-22T20:12:28.165041
60,60,2,18,93,igraph,1.09736967086792,True,False,0.6077581223262806,True,,abcd,0.1,2026-03-22T20:12:29.712685
60,60,2,18,93,bayan,1.7230610847473145,True,False,0.60775812,True,,abcd,0.1,2026-03-22T20:12:31.905729
60,57,2,19,103,igraph,30,False,True,,,timeout,abcd,0.1,2026-03-22T20:13:01.914190
60,57,2,19,103,bayan,27.485039949417114,True,False,0.53214252,True,,abcd,0.1,2026-03-22T20:13:29.906615
80,80,2,0,152,igraph,6.990701198577881,True,False,0.6055444944598338,True,,abcd,0.1,2026-03-22T20:13:37.353549
80,80,2,0,152,bayan,3.185771942138672,True,False,0.60554449,True,,abcd,0.1,2026-03-22T20:13:41.012546
80,80,2,1,160,igraph,30,False,True,,,timeout,abcd,0.1,2026-03-22T20:14:11.024420
80,80,2,1,160,bayan,34.452635049819946,True,False,0.51441406,False,,abcd,0.1,2026-03-22T20:14:45.941338
80,80,2,2,146,igraph,8.307661056518555,True,False,0.6009804841433665,True,,abcd,0.1,2026-03-22T20:14:54.708384
80,80,2,2,146,bayan,3.6273820400238037,True,False,0.60098048,True,,abcd,0.1,2026-03-22T20:14:58.800753
80,80,2,3,167,igraph,30,False,True,,,timeout,abcd,0.1,2026-03-22T20:15:28.812309
80,80,2,3,167,bayan,34.41784071922302,True,False,0.4956793,False,,abcd,0.1,2026-03-22T20:16:03.709474
80,80,2,4,175,igraph,30,False,True,,,timeout,abcd,0.1,2026-03-22T20:16:33.721120
80,80,2,4,175,bayan,7.612154960632324,True,False,0.56001633,True,,abcd,0.1,2026-03-22T20:16:41.824053
80,80,2,5,159,igraph,30,False,True,,,timeout,abcd,0.1,2026-03-22T20:17:11.836266
80,80,2,5,159,bayan,3.644181966781616,True,False,0.59028519,True,,abcd,0.1,2026-03-22T20:17:15.952684
80,80,2,6,161,igraph,8.600336790084839,True,False,0.6021951313606728,True,,abcd,0.1,2026-03-22T20:17:25.008454
80,80,2,6,161,bayan,3.5278332233428955,True,False,0.60219513,True,,abcd,0.1,2026-03-22T20:17:29.005802
80,80,2,7,167,igraph,10.446873188018799,True,False,0.5884398866936785,True,,abcd,0.1,2026-03-22T20:17:39.902068
80,80,2,7,167,bayan,3.6618337631225586,True,False,0.58843989,True,,abcd,0.1,2026-03-22T20:17:44.038384
80,80,2,8,154,igraph,30,False,True,,,timeout,abcd,0.1,2026-03-22T20:18:14.050646
80,80,2,8,154,bayan,23.51265001296997,True,False,0.56628436,True,,abcd,0.1,2026-03-22T20:18:38.062867
80,80,2,9,176,igraph,13.260884046554565,True,False,0.5444699121900827,True,,abcd,0.1,2026-03-22T20:18:51.787587
80,80,2,9,176,bayan,5.543026924133301,True,False,0.53727079,True,,abcd,0.1,2026-03-22T20:18:57.823556
80,80,2,10,177,igraph,13.992141246795654,True,False,0.5273548469469181,True,,abcd,0.1,2026-03-22T20:19:12.271516
80,80,2,10,177,bayan,3.938304901123047,True,False,0.52735485,True,,abcd,0.1,2026-03-22T20:19:16.674219
80,80,2,11,165,igraph,30,False,True,,,timeout,abcd,0.1,2026-03-22T20:19:46.684937
80,80,2,11,165,bayan,11.689892768859863,True,False,0.53926538,True,,abcd,0.1,2026-03-22T20:19:58.862857
80,80,2,12,150,igraph,30,False,True,,,timeout,abcd,0.1,2026-03-22T20:20:28.874737
80,80,2,12,150,bayan,3.3343167304992676,True,False,0.59424444,True,,abcd,0.1,2026-03-22T20:20:32.673502
80,80,2,13,168,igraph,15.046977758407593,True,False,0.588063350340136,True,,abcd,0.1,2026-03-22T20:20:48.178213
80,80,2,13,168,bayan,3.710860013961792,True,False,0.58799249,True,,abcd,0.1,2026-03-22T20:20:52.361696
80,80,2,14,171,igraph,30,False,True,,,timeout,abcd,0.1,2026-03-22T20:21:22.372807
80,80,2,14,171,bayan,30,False,True,,,timeout,abcd,0.1,2026-03-22T20:21:57.384839
80,80,2,15,146,igraph,6.784792900085449,True,False,0.6071730155751548,True,,abcd,0.1,2026-03-22T20:22:04.633375
80,80,2,15,146,bayan,3.3082022666931152,True,False,0.60717302,True,,abcd,0.1,2026-03-22T20:22:08.480353
80,80,2,16,141,igraph,6.795573949813843,True,False,0.6404858910517579,True,,abcd,0.1,2026-03-22T20:22:15.813181
80,80,2,16,141,bayan,6.327719211578369,True,False,0.64048589,True,,abcd,0.1,2026-03-22T20:22:22.595437
80,80,2,17,139,igraph,30,False,True,,,timeout,abcd,0.1,2026-03-22T20:22:52.607200
80,80,2,17,139,bayan,30,False,True,,,timeout,abcd,0.1,2026-03-22T20:23:27.618620
80,80,2,18,142,igraph,9.01808214187622,True,False,0.5871354889902797,True,,abcd,0.1,2026-03-22T20:23:37.169072
80,80,2,18,142,bayan,3.4605581760406494,True,False,0.58713549,True,,abcd,0.1,2026-03-22T20:23:41.103433
80,80,2,19,157,igraph,30,False,True,,,timeout,abcd,0.1,2026-03-22T20:24:11.115010
80,80,2,19,157,bayan,11.73715877532959,True,False,0.56442452,True,,abcd,0.1,2026-03-22T20:24:23.318944
100,100,2,0,243,igraph,30,False,True,,,timeout,abcd,0.1,2026-03-22T20:24:53.330160
100,100,2,0,243,bayan,7.0330681800842285,True,False,0.57998442,True,,abcd,0.1,2026-03-22T20:25:00.851167
100,100,2,1,185,igraph,30,False,True,,,timeout,abcd,0.1,2026-03-22T20:25:30.865211
100,100,2,1,185,bayan,30,False,True,,,timeout,abcd,0.1,2026-03-22T20:26:05.878471
100,100,2,2,208,igraph,30,False,True,,,timeout,abcd,0.1,2026-03-22T20:26:35.895283
100,100,2,2,208,bayan,30,False,True,,,timeout,abcd,0.1,2026-03-22T20:27:10.906787
100,100,2,3,191,igraph,30,False,True,,,timeout,abcd,0.1,2026-03-22T20:27:40.919621
100,100,2,3,191,bayan,5.596477031707764,True,False,0.58603108,True,,abcd,0.1,2026-03-22T20:27:47.026300
100,100,2,4,225,igraph,30,False,True,,,timeout,abcd,0.1,2026-03-22T20:28:17.038968
100,100,2,4,225,bayan,6.58896017074585,True,False,0.55418272,True,,abcd,0.1,2026-03-22T20:28:24.094686
100,100,2,5,241,igraph,30,False,True,,,timeout,abcd,0.1,2026-03-22T20:28:54.105830
100,100,2,5,241,bayan,7.161929130554199,True,False,0.54416246,True,,abcd,0.1,2026-03-22T20:29:01.784071
100,100,2,6,190,igraph,30,False,True,,,timeout,abcd,0.1,2026-03-22T20:29:31.796638
100,100,2,6,190,bayan,8.241964101791382,True,False,0.58166205,True,,abcd,0.1,2026-03-22T20:29:40.498897
100,100,2,7,179,igraph,30,False,True,,,timeout,abcd,0.1,2026-03-22T20:30:10.510030
100,100,2,7,179,bayan,5.21801495552063,True,False,0.60202553,True,,abcd,0.1,2026-03-22T20:30:16.239023
100,100,2,8,200,igraph,30,False,True,,,timeout,abcd,0.1,2026-03-22T20:30:46.253909
100,100,2,8,200,bayan,5.666709899902344,True,False,0.59005,True,,abcd,0.1,2026-03-22T20:30:52.398682
100,100,2,9,215,igraph,30,False,True,,,timeout,abcd,0.1,2026-03-22T20:31:22.412686
100,100,2,9,215,bayan,30,False,True,,,timeout,abcd,0.1,2026-03-22T20:31:57.425255
100,100,2,10,211,igraph,30,False,True,,,timeout,abcd,0.1,2026-03-22T20:32:27.437220
100,100,2,10,211,bayan,16.66216802597046,True,False,0.56212798,True,,abcd,0.1,2026-03-22T20:32:44.564510
100,100,2,11,251,igraph,30,False,True,,,timeout,abcd,0.1,2026-03-22T20:33:14.576486
100,100,2,11,251,bayan,7.525101900100708,True,False,0.48823035,True,,abcd,0.1,2026-03-22T20:33:22.568887
100,100,2,12,199,igraph,30,False,True,,,timeout,abcd,0.1,2026-03-22T20:33:52.581799
100,100,2,12,199,bayan,30,False,True,,,timeout,abcd,0.1,2026-03-22T20:34:27.592991
100,100,2,13,187,igraph,30,False,True,,,timeout,abcd,0.1,2026-03-22T20:34:57.604754
100,100,2,13,187,bayan,5.7037739753723145,True,False,0.62576854,True,,abcd,0.1,2026-03-22T20:35:03.776877
100,100,2,14,203,igraph,30,False,True,,,timeout,abcd,0.1,2026-03-22T20:35:33.789325
100,100,2,14,203,bayan,8.214746713638306,True,False,0.5854425,True,,abcd,0.1,2026-03-22T20:35:42.475696
100,100,2,15,176,igraph,30,False,True,,,timeout,abcd,0.1,2026-03-22T20:36:12.487692
100,100,2,15,176,bayan,30,False,True,,,timeout,abcd,0.1,2026-03-22T20:36:47.499053
100,100,2,16,216,igraph,30,False,True,,,timeout,abcd,0.1,2026-03-22T20:37:17.512518
100,100,2,16,216,bayan,6.2864038944244385,True,False,0.54659636,True,,abcd,0.1,2026-03-22T20:37:24.395968
100,100,2,17,197,igraph,30,False,True,,,timeout,abcd,0.1,2026-03-22T20:37:54.407903
100,100,2,17,197,bayan,5.727441072463989,True,False,0.5830864,True,,abcd,0.1,2026-03-22T20:38:00.599495
100,100,2,18,221,igraph,30,False,True,,,timeout,abcd,0.1,2026-03-22T20:38:30.609826
100,100,2,18,221,bayan,6.703371047973633,True,False,0.52687291,True,,abcd,0.1,2026-03-22T20:38:37.766186
100,100,2,19,249,igraph,30,False,True,,,timeout,abcd,0.1,2026-03-22T20:39:07.778462
100,100,2,19,249,bayan,7.530705213546753,True,False,0.54441864,True,,abcd,0.1,2026-03-22T20:39:15.765726
120,120,2,0,250,igraph,30,False,True,,,timeout,abcd,0.1,2026-03-22T20:39:45.780984
120,120,2,0,250,bayan,9.631317377090454,True,False,0.578464,True,,abcd,0.1,2026-03-22T20:39:55.882900
120,120,2,1,296,igraph,30,False,True,,,timeout,abcd,0.1,2026-03-22T20:40:25.897207
120,120,2,1,296,bayan,11.431516170501709,True,False,0.52452178,True,,abcd,0.1,2026-03-22T20:40:37.808682
120,120,2,2,210,igraph,30,False,True,,,timeout,abcd,0.1,2026-03-22T20:41:07.822709
120,120,2,2,210,bayan,30,False,True,,,timeout,abcd,0.1,2026-03-22T20:41:42.835633
120,120,2,3,217,igraph,30,False,True,,,timeout,abcd,0.1,2026-03-22T20:42:12.855671
120,120,2,3,217,bayan,27.887068271636963,True,False,0.62220476,True,,abcd,0.1,2026-03-22T20:42:41.215293
120,120,2,4,224,igraph,30,False,True,,,timeout,abcd,0.1,2026-03-22T20:43:11.229474
120,120,2,4,224,bayan,8.608956813812256,True,False,0.61804448,True,,abcd,0.1,2026-03-22T20:43:20.311427
120,120,2,5,314,igraph,30,False,True,,,timeout,abcd,0.1,2026-03-22T20:43:50.326950
120,120,2,5,314,bayan,30,False,True,,,timeout,abcd,0.1,2026-03-22T20:44:25.341353
120,120,2,6,280,igraph,30,False,True,,,timeout,abcd,0.1,2026-03-22T20:44:55.357870
120,120,2,6,280,bayan,14.007070064544678,True,False,0.53961097,True,,abcd,0.1,2026-03-22T20:45:09.828584
120,120,2,7,275,igraph,30,False,True,,,timeout,abcd,0.1,2026-03-22T20:45:39.846025
120,120,2,7,275,bayan,30,False,True,,,timeout,abcd,0.1,2026-03-22T20:46:14.861515
120,120,2,8,265,igraph,30,False,True,,,timeout,abcd,0.1,2026-03-22T20:46:44.879437
120,120,2,8,265,bayan,30,False,True,,,timeout,abcd,0.1,2026-03-22T20:47:19.894656
120,120,2,9,249,igraph,30,False,True,,,timeout,abcd,0.1,2026-03-22T20:47:49.920080
120,120,2,9,249,bayan,9.348992824554443,True,False,0.60864341,True,,abcd,0.1,2026-03-22T20:47:59.809620
120,120,2,10,243,igraph,30,False,True,,,timeout,abcd,0.1,2026-03-22T20:48:29.825066
120,120,2,10,243,bayan,9.313857078552246,True,False,0.57428576,True,,abcd,0.1,2026-03-22T20:48:39.614293
120,120,2,11,289,igraph,30,False,True,,,timeout,abcd,0.1,2026-03-22T20:49:09.631155
120,120,2,11,289,bayan,30,False,True,,,timeout,abcd,0.1,2026-03-22T20:49:44.644911
120,120,2,12,243,igraph,30,False,True,,,timeout,abcd,0.1,2026-03-22T20:50:14.661418
120,120,2,12,243,bayan,30,False,True,,,timeout,abcd,0.1,2026-03-22T20:50:49.674346
120,120,2,13,283,igraph,30,False,True,,,timeout,abcd,0.1,2026-03-22T20:51:19.694496
120,120,2,13,283,bayan,13.905951023101807,True,False,0.55114935,True,,abcd,0.1,2026-03-22T20:51:34.223834
120,120,2,14,309,igraph,30,False,True,,,timeout,abcd,0.1,2026-03-22T20:52:04.239861
120,120,2,14,309,bayan,30,False,True,,,timeout,abcd,0.1,2026-03-22T20:52:39.252838
120,120,2,15,303,igraph,30,False,True,,,timeout,abcd,0.1,2026-03-22T20:53:09.270088
120,120,2,15,303,bayan,30,False,True,,,timeout,abcd,0.1,2026-03-22T20:53:44.284980
120,120,2,16,271,igraph,30,False,True,,,timeout,abcd,0.1,2026-03-22T20:54:14.304785
120,120,2,16,271,bayan,30,False,True,,,timeout,abcd,0.1,2026-03-22T20:54:49.318907
120,120,2,17,262,igraph,30,False,True,,,timeout,abcd,0.1,2026-03-22T20:55:19.336109
120,120,2,17,262,bayan,10.440800905227661,True,False,0.56983859,True,,abcd,0.1,2026-03-22T20:55:30.336788
120,120,2,18,273,igraph,30,False,True,,,timeout,abcd,0.1,2026-03-22T20:56:00.353687
120,120,2,18,273,bayan,10.285438060760498,True,False,0.58157898,True,,abcd,0.1,2026-03-22T20:56:11.227673
120,120,2,19,256,igraph,30,False,True,,,timeout,abcd,0.1,2026-03-22T20:56:41.243824
120,120,2,19,256,bayan,10.044089794158936,True,False,0.5694809,True,,abcd,0.1,2026-03-22T20:56:51.773340
140,140,2,0,327,igraph,30,False,True,,,timeout,abcd,0.1,2026-03-22T20:57:21.794341
140,140,2,0,327,bayan,30,False,True,,,timeout,abcd,0.1,2026-03-22T20:57:56.809504
140,140,2,1,298,igraph,30,False,True,,,timeout,abcd,0.1,2026-03-22T20:58:26.832363
140,140,2,1,298,bayan,14.863508224487305,True,False,0.60708414,True,,abcd,0.1,2026-03-22T20:58:42.301907
140,140,2,2,285,igraph,30,False,True,,,timeout,abcd,0.1,2026-03-22T20:59:12.324770
140,140,2,2,285,bayan,30,False,True,,,timeout,abcd,0.1,2026-03-22T20:59:47.337384
140,140,2,3,336,igraph,30,False,True,,,timeout,abcd,0.1,2026-03-22T21:00:17.357946
140,140,2,3,336,bayan,30,False,True,,,timeout,abcd,0.1,2026-03-22T21:00:52.369765
140,140,2,4,363,igraph,30,False,True,,,timeout,abcd,0.1,2026-03-22T21:01:22.394421
140,140,2,4,363,bayan,23.78105092048645,True,False,0.5182099,True,,abcd,0.1,2026-03-22T21:01:46.706465
140,140,2,5,306,igraph,30,False,True,,,timeout,abcd,0.1,2026-03-22T21:02:16.728819
140,140,2,5,306,bayan,30,False,True,,,timeout,abcd,0.1,2026-03-22T21:02:51.751177
140,140,2,6,290,igraph,30,False,True,,,timeout,abcd,0.1,2026-03-22T21:03:21.778792
140,140,2,6,290,bayan,30,False,True,,,timeout,abcd,0.1,2026-03-22T21:03:56.794267
140,140,2,7,339,igraph,30,False,True,,,timeout,abcd,0.1,2026-03-22T21:04:26.822599
140,140,2,7,339,bayan,16.542819023132324,True,False,0.56503163,True,,abcd,0.1,2026-03-22T21:04:43.990922
140,140,2,8,289,igraph,30,False,True,,,timeout,abcd,0.1,2026-03-22T21:05:14.012471
140,140,2,8,289,bayan,30,False,True,,,timeout,abcd,0.1,2026-03-22T21:05:49.024213
140,140,2,9,311,igraph,30,False,True,,,timeout,abcd,0.1,2026-03-22T21:06:19.051936
140,140,2,9,311,bayan,30,False,True,,,timeout,abcd,0.1,2026-03-22T21:06:54.065739
140,140,2,10,303,igraph,30,False,True,,,timeout,abcd,0.1,2026-03-22T21:07:24.093357
140,140,2,10,303,bayan,14.867630958557129,True,False,0.59549717,True,,abcd,0.1,2026-03-22T21:07:39.507135
140,140,2,11,347,igraph,30,False,True,,,timeout,abcd,0.1,2026-03-22T21:08:09.530583
140,140,2,11,347,bayan,17.302661180496216,True,False,0.55203099,True,,abcd,0.1,2026-03-22T21:08:27.442899
140,140,2,12,299,igraph,30,False,True,,,timeout,abcd,0.1,2026-03-22T21:08:57.461811
140,140,2,12,299,bayan,30,False,True,,,timeout,abcd,0.1,2026-03-22T21:09:32.476064
140,140,2,13,295,igraph,30,False,True,,,timeout,abcd,0.1,2026-03-22T21:10:02.495890
140,140,2,13,295,bayan,30,False,True,,,timeout,abcd,0.1,2026-03-22T21:10:37.508773
140,140,2,14,333,igraph,30,False,True,,,timeout,abcd,0.1,2026-03-22T21:11:07.537496
140,140,2,14,333,bayan,30,False,True,,,timeout,abcd,0.1,2026-03-22T21:11:42.553130
140,140,2,15,316,igraph,30,False,True,,,timeout,abcd,0.1,2026-03-22T21:12:12.583793
140,140,2,15,316,bayan,30,False,True,,,timeout,abcd,0.1,2026-03-22T21:12:47.597976
140,140,2,16,339,igraph,30,False,True,,,timeout,abcd,0.1,2026-03-22T21:13:17.623124
140,140,2,16,339,bayan,30,False,True,,,timeout,abcd,0.1,2026-03-22T21:13:52.641950
140,140,2,17,352,igraph,30,False,True,,,timeout,abcd,0.1,2026-03-22T21:14:22.672242
140,140,2,17,352,bayan,30,False,True,,,timeout,abcd,0.1,2026-03-22T21:14:57.686549
140,140,2,18,347,igraph,30,False,True,,,timeout,abcd,0.1,2026-03-22T21:15:27.739910
140,140,2,18,347,bayan,30,False,True,,,timeout,abcd,0.1,2026-03-22T21:16:02.753166
140,140,2,19,343,igraph,30,False,True,,,timeout,abcd,0.1,2026-03-22T21:16:32.797514
140,140,2,19,343,bayan,30,False,True,,,timeout,abcd,0.1,2026-03-22T21:17:07.816397
160,160,2,0,439,igraph,30,False,True,,,timeout,abcd,0.1,2026-03-22T21:17:37.857832
160,160,2,0,439,bayan,28.025243043899536,True,False,0.53297254,True,,abcd,0.1,2026-03-22T21:18:06.494572
160,160,2,1,386,igraph,30,False,True,,,timeout,abcd,0.1,2026-03-22T21:18:36.521964
160,160,2,1,386,bayan,24.112310886383057,True,False,0.54723952,True,,abcd,0.1,2026-03-22T21:19:01.115779
160,160,2,2,392,igraph,30,False,True,,,timeout,abcd,0.1,2026-03-22T21:19:31.142910
160,160,2,2,392,bayan,30,False,True,,,timeout,abcd,0.1,2026-03-22T21:20:06.157236
160,160,2,3,415,igraph,30,False,True,,,timeout,abcd,0.1,2026-03-22T21:20:36.183746
160,160,2,3,415,bayan,26.15102219581604,True,False,0.52902018,True,,abcd,0.1,2026-03-22T21:21:02.808595
160,160,2,4,333,igraph,30,False,True,,,timeout,abcd,0.1,2026-03-22T21:21:32.834142
160,160,2,4,333,bayan,30,False,True,,,timeout,abcd,0.1,2026-03-22T21:22:07.848546
160,160,2,5,399,igraph,30,False,True,,,timeout,abcd,0.1,2026-03-22T21:22:37.881526
160,160,2,5,399,bayan,30,False,True,,,timeout,abcd,0.1,2026-03-22T21:23:12.896210
160,160,2,6,452,igraph,30,False,True,,,timeout,abcd,0.1,2026-03-22T21:23:42.934771
160,160,2,6,452,bayan,30,False,True,,,timeout,abcd,0.1,2026-03-22T21:24:17.949650
160,160,2,7,362,igraph,30,False,True,,,timeout,abcd,0.1,2026-03-22T21:24:47.984454
160,160,2,7,362,bayan,30,False,True,,,timeout,abcd,0.1,2026-03-22T21:25:23.001713
160,160,2,8,372,igraph,30,False,True,,,timeout,abcd,0.1,2026-03-22T21:25:53.040399
160,160,2,8,372,bayan,30,False,True,,,timeout,abcd,0.1,2026-03-22T21:26:28.058016
160,160,2,9,403,igraph,30,False,True,,,timeout,abcd,0.1,2026-03-22T21:26:58.102074
160,160,2,9,403,bayan,30,False,True,,,timeout,abcd,0.1,2026-03-22T21:27:33.117589
160,160,2,10,391,igraph,30,False,True,,,timeout,abcd,0.1,2026-03-22T21:28:03.151720
160,160,2,10,391,bayan,30,False,True,,,timeout,abcd,0.1,2026-03-22T21:28:38.167865
160,160,2,11,397,igraph,30,False,True,,,timeout,abcd,0.1,2026-03-22T21:29:08.204814
160,160,2,11,397,bayan,23.634207010269165,True,False,0.53500117,True,,abcd,0.1,2026-03-22T21:29:32.472458
160,160,2,12,399,igraph,30,False,True,,,timeout,abcd,0.1,2026-03-22T21:30:02.510060
160,160,2,12,399,bayan,30,False,True,,,timeout,abcd,0.1,2026-03-22T21:30:37.524499
160,160,2,13,435,igraph,30,False,True,,,timeout,abcd,0.1,2026-03-22T21:31:07.561830
160,160,2,13,435,bayan,30,False,True,,,timeout,abcd,0.1,2026-03-22T21:31:42.578510
160,160,2,14,405,igraph,30,False,True,,,timeout,abcd,0.1,2026-03-22T21:32:12.616274
160,160,2,14,405,bayan,30,False,True,,,timeout,abcd,0.1,2026-03-22T21:32:47.631696
160,160,2,15,418,igraph,30,False,True,,,timeout,abcd,0.1,2026-03-22T21:33:17.671448
160,160,2,15,418,bayan,26.015602350234985,True,False,0.56989881,True,,abcd,0.1,2026-03-22T21:33:44.206494
160,160,2,16,377,igraph,30,False,True,,,timeout,abcd,0.1,2026-03-22T21:34:14.254711
160,160,2,16,377,bayan,23.05061984062195,True,False,0.55360271,True,,abcd,0.1,2026-03-22T21:34:37.910542
160,160,2,17,370,igraph,30,False,True,,,timeout,abcd,0.1,2026-03-22T21:35:07.938155
160,160,2,17,370,bayan,30,False,True,,,timeout,abcd,0.1,2026-03-22T21:35:42.953362
160,160,2,18,425,igraph,30,False,True,,,timeout,abcd,0.1,2026-03-22T21:36:12.994644
160,160,2,18,425,bayan,26.699156999588013,True,False,0.54070865,True,,abcd,0.1,2026-03-22T21:36:40.282488
160,160,2,19,375,igraph,30,False,True,,,timeout,abcd,0.1,2026-03-22T21:37:10.313877
160,160,2,19,375,bayan,30,False,True,,,timeout,abcd,0.1,2026-03-22T21:37:45.329067
180,180,2,0,510,igraph,30,False,True,,,timeout,abcd,0.1,2026-03-22T21:38:15.380244
180,180,2,0,510,bayan,30,False,True,,,timeout,abcd,0.1,2026-03-22T21:38:50.392855
180,180,2,1,456,igraph,30,False,True,,,timeout,abcd,0.1,2026-03-22T21:39:20.444906
180,180,2,1,456,bayan,30,False,True,,,timeout,abcd,0.1,2026-03-22T21:39:55.459053
180,180,2,2,460,igraph,30,False,True,,,timeout,abcd,0.1,2026-03-22T21:40:25.504978
180,180,2,2,460,bayan,33.417720079422,True,False,0.54136106,True,,abcd,0.1,2026-03-22T21:40:59.470677
180,180,2,3,502,igraph,30,False,True,,,timeout,abcd,0.1,2026-03-22T21:41:29.503655
180,180,2,3,502,bayan,30,False,True,,,timeout,abcd,0.1,2026-03-22T21:42:04.511378
180,180,2,4,458,igraph,30,False,True,,,timeout,abcd,0.1,2026-03-22T21:42:34.561762
180,180,2,4,458,bayan,30,False,True,,,timeout,abcd,0.1,2026-03-22T21:43:09.573994
180,180,2,5,421,igraph,30,False,True,,,timeout,abcd,0.1,2026-03-22T21:43:39.624237
180,180,2,5,421,bayan,31.066762924194336,True,False,0.56750413,True,,abcd,0.1,2026-03-22T21:44:11.276697
180,180,2,6,484,igraph,30,False,True,,,timeout,abcd,0.1,2026-03-22T21:44:41.325044
180,180,2,6,484,bayan,30,False,True,,,timeout,abcd,0.1,2026-03-22T21:45:16.337877
180,180,2,7,434,igraph,30,False,True,,,timeout,abcd,0.1,2026-03-22T21:45:46.387823
180,180,2,7,434,bayan,30,False,True,,,timeout,abcd,0.1,2026-03-22T21:46:21.402215
180,180,2,8,477,igraph,30,False,True,,,timeout,abcd,0.1,2026-03-22T21:46:51.453729
180,180,2,8,477,bayan,30,False,True,,,timeout,abcd,0.1,2026-03-22T21:47:26.467609
180,180,2,9,452,igraph,30,False,True,,,timeout,abcd,0.1,2026-03-22T21:47:56.536901
180,180,2,9,452,bayan,30,False,True,,,timeout,abcd,0.1,2026-03-22T21:48:31.549986
180,180,2,10,481,igraph,30,False,True,,,timeout,abcd,0.1,2026-03-22T21:49:01.602217
180,180,2,10,481,bayan,30,False,True,,,timeout,abcd,0.1,2026-03-22T21:49:36.614211
180,180,2,11,451,igraph,30,False,True,,,timeout,abcd,0.1,2026-03-22T21:50:06.665558
180,180,2,11,451,bayan,33.47711730003357,True,False,0.54157797,True,,abcd,0.1,2026-03-22T21:50:40.736975
180,180,2,12,435,igraph,30,False,True,,,timeout,abcd,0.1,2026-03-22T21:51:10.778746
180,180,2,12,435,bayan,30,False,True,,,timeout,abcd,0.1,2026-03-22T21:51:45.793468
180,180,2,13,448,igraph,30,False,True,,,timeout,abcd,0.1,2026-03-22T21:52:15.833406
180,180,2,13,448,bayan,33.52706813812256,True,False,0.5795176,True,,abcd,0.1,2026-03-22T21:52:49.945127
180,180,2,14,443,igraph,30,False,True,,,timeout,abcd,0.1,2026-03-22T21:53:19.985339
180,180,2,14,443,bayan,32.55417776107788,True,False,0.55387034,True,,abcd,0.1,2026-03-22T21:53:53.052845
180,180,2,15,430,igraph,30,False,True,,,timeout,abcd,0.1,2026-03-22T21:54:23.084256
180,180,2,15,430,bayan,31.64567518234253,True,False,0.58083559,True,,abcd,0.1,2026-03-22T21:54:55.214941
180,180,2,16,486,igraph,30,False,True,,,timeout,abcd,0.1,2026-03-22T21:55:25.250313
180,180,2,16,486,bayan,30,False,True,,,timeout,abcd,0.1,2026-03-22T21:56:00.262188
180,180,2,17,489,igraph,30,False,True,,,timeout,abcd,0.1,2026-03-22T21:56:30.312421
180,180,2,17,489,bayan,30,False,True,,,timeout,abcd,0.1,2026-03-22T21:57:05.318783
180,180,2,18,425,igraph,30,False,True,,,timeout,abcd,0.1,2026-03-22T21:57:35.370869
180,180,2,18,425,bayan,33.06472611427307,True,False,0.56573841,True,,abcd,0.1,2026-03-22T21:58:08.957246
180,180,2,19,464,igraph,30,False,True,,,timeout,abcd,0.1,2026-03-22T21:58:38.989564
180,180,2,19,464,bayan,30,False,True,,,timeout,abcd,0.1,2026-03-22T21:59:13.998621
200,200,2,0,510,igraph,30,False,True,,,timeout,abcd,0.1,2026-03-22T21:59:44.063980
200,200,2,0,510,bayan,30,False,True,,,timeout,abcd,0.1,2026-03-22T22:00:19.075018
200,200,2,1,500,igraph,30,False,True,,,timeout,abcd,0.1,2026-03-22T22:00:49.150376
200,200,2,1,500,bayan,30,False,True,,,timeout,abcd,0.1,2026-03-22T22:01:24.161519
200,200,2,2,501,igraph,30,False,True,,,timeout,abcd,0.1,2026-03-22T22:01:54.229086
200,200,2,2,501,bayan,30,False,True,,,timeout,abcd,0.1,2026-03-22T22:02:29.240200
200,200,2,3,531,igraph,30,False,True,,,timeout,abcd,0.1,2026-03-22T22:02:59.314667
200,200,2,3,531,bayan,30,False,True,,,timeout,abcd,0.1,2026-03-22T22:03:34.324388
200,200,2,4,486,igraph,30,False,True,,,timeout,abcd,0.1,2026-03-22T22:04:04.388301
200,200,2,4,486,bayan,30,False,True,,,timeout,abcd,0.1,2026-03-22T22:04:39.401728
200,200,2,5,450,igraph,30,False,True,,,timeout,abcd,0.1,2026-03-22T22:05:09.480155
200,200,2,5,450,bayan,30,False,True,,,timeout,abcd,0.1,2026-03-22T22:05:44.489417
200,200,2,6,495,igraph,30,False,True,,,timeout,abcd,0.1,2026-03-22T22:06:14.554503
200,200,2,6,495,bayan,30,False,True,,,timeout,abcd,0.1,2026-03-22T22:06:49.567778
200,200,2,7,510,igraph,30,False,True,,,timeout,abcd,0.1,2026-03-22T22:07:19.635589
200,200,2,7,510,bayan,30,False,True,,,timeout,abcd,0.1,2026-03-22T22:07:54.645247
200,200,2,8,505,igraph,30,False,True,,,timeout,abcd,0.1,2026-03-22T22:08:24.719376
200,200,2,8,505,bayan,30,False,True,,,timeout,abcd,0.1,2026-03-22T22:08:59.732368
200,200,2,9,471,igraph,30,False,True,,,timeout,abcd,0.1,2026-03-22T22:09:29.798359
200,200,2,9,471,bayan,30,False,True,,,timeout,abcd,0.1,2026-03-22T22:10:04.810857
200,200,2,10,481,igraph,30,False,True,,,timeout,abcd,0.1,2026-03-22T22:10:34.887354
200,200,2,10,481,bayan,30,False,True,,,timeout,abcd,0.1,2026-03-22T22:11:09.898921
200,200,2,11,476,igraph,30,False,True,,,timeout,abcd,0.1,2026-03-22T22:11:39.971506
200,200,2,11,476,bayan,30,False,True,,,timeout,abcd,0.1,2026-03-22T22:12:14.982210
200,200,2,12,508,igraph,30,False,True,,,timeout,abcd,0.1,2026-03-22T22:12:45.052935
200,200,2,12,508,bayan,30,False,True,,,timeout,abcd,0.1,2026-03-22T22:13:20.064964
200,200,2,13,541,igraph,30,False,True,,,timeout,abcd,0.1,2026-03-22T22:13:50.140597
200,200,2,13,541,bayan,30,False,True,,,timeout,abcd,0.1,2026-03-22T22:14:25.171120
200,200,2,14,505,igraph,30,False,True,,,timeout,abcd,0.1,2026-03-22T22:14:55.240851
200,200,2,14,505,bayan,30,False,True,,,timeout,abcd,0.1,2026-03-22T22:15:30.266144
200,200,2,15,518,igraph,30,False,True,,,timeout,abcd,0.1,2026-03-22T22:16:00.338948
200,200,2,15,518,bayan,30,False,True,,,timeout,abcd,0.1,2026-03-22T22:16:35.350377
200,200,2,16,537,igraph,30,False,True,,,timeout,abcd,0.1,2026-03-22T22:17:05.424056
200,200,2,16,537,bayan,30,False,True,,,timeout,abcd,0.1,2026-03-22T22:17:40.438831
200,200,2,17,500,igraph,30,False,True,,,timeout,abcd,0.1,2026-03-22T22:18:10.504754
200,200,2,17,500,bayan,30,False,True,,,timeout,abcd,0.1,2026-03-22T22:18:45.514167
200,200,2,18,508,igraph,30,False,True,,,timeout,abcd,0.1,2026-03-22T22:19:15.585397
200,200,2,18,508,bayan,30,False,True,,,timeout,abcd,0.1,2026-03-22T22:19:50.595478
200,200,2,19,516,igraph,30,False,True,,,timeout,abcd,0.1,2026-03-22T22:20:20.666714
200,200,2,19,516,bayan,30,False,True,,,timeout,abcd,0.1,2026-03-22T22:20:55.688274
