n,k,seed,num_edges,algorithm,time,success,timed_out,modularity,optimal,error,graph_type,timestamp
20,2,0,33,gurobi,0.32961320877075195,True,False,0.3140495867768596,True,,lfr,2026-03-10T14:34:40.988906
20,2,0,33,bnb_c,0.03478193283081055,True,False,0.31404958677686,True,,lfr,2026-03-10T14:34:41.128411
20,2,1,31,gurobi,0.017416000366210938,True,False,0.3381893860561914,True,,lfr,2026-03-10T14:34:41.262490
20,2,1,31,bnb_c,0.021022796630859375,True,False,0.338189386056191,True,,lfr,2026-03-10T14:34:41.380660
20,2,2,31,gurobi,0.017570018768310547,True,False,0.3777315296566076,True,,lfr,2026-03-10T14:34:41.508436
20,2,2,31,bnb_c,0.02031993865966797,True,False,0.377731529656608,True,,lfr,2026-03-10T14:34:41.627767
20,2,3,34,gurobi,0.018184185028076172,True,False,0.3373702422145327,True,,lfr,2026-03-10T14:34:41.756283
20,2,3,34,bnb_c,0.019810914993286133,True,False,0.337370242214533,True,,lfr,2026-03-10T14:34:41.874590
20,2,4,29,gurobi,0.01919412612915039,True,False,0.39120095124851334,True,,lfr,2026-03-10T14:34:42.005083
20,2,4,29,bnb_c,0.019744873046875,True,False,0.391200951248514,True,,lfr,2026-03-10T14:34:42.123572
20,2,5,32,gurobi,0.017702817916870117,True,False,0.388671875,True,,lfr,2026-03-10T14:34:42.254380
20,2,5,32,bnb_c,0.01944899559020996,True,False,0.388671875,True,,lfr,2026-03-10T14:34:42.369493
20,2,6,33,gurobi,0.017035961151123047,True,False,0.40220385674931125,True,,lfr,2026-03-10T14:34:42.496125
20,2,6,33,bnb_c,0.01826930046081543,True,False,0.402203856749311,True,,lfr,2026-03-10T14:34:42.612034
20,2,7,32,gurobi,0.0181729793548584,True,False,0.294921875,True,,lfr,2026-03-10T14:34:42.738393
20,2,7,32,bnb_c,0.019616127014160156,True,False,0.294921875,True,,lfr,2026-03-10T14:34:42.856796
20,2,8,34,gurobi,0.017023086547851562,True,False,0.32525951557093413,True,,lfr,2026-03-10T14:34:42.985065
20,2,8,34,bnb_c,0.019693851470947266,True,False,0.325259515570934,True,,lfr,2026-03-10T14:34:43.102913
20,2,9,30,gurobi,0.0178220272064209,True,False,0.3,True,,lfr,2026-03-10T14:34:43.233566
20,2,9,30,bnb_c,0.02042388916015625,True,False,0.3,True,,lfr,2026-03-10T14:34:43.350831
20,2,10,32,gurobi,0.017617225646972656,True,False,0.404296875,True,,lfr,2026-03-10T14:34:43.476795
20,2,10,32,bnb_c,0.02072000503540039,True,False,0.404296875,True,,lfr,2026-03-10T14:34:43.596519
20,2,11,33,gurobi,0.017217159271240234,True,False,0.35629017447199246,True,,lfr,2026-03-10T14:34:43.724128
20,2,11,33,bnb_c,0.02006983757019043,True,False,0.356290174471993,True,,lfr,2026-03-10T14:34:43.843039
20,2,12,29,gurobi,0.017657756805419922,True,False,0.33293697978596853,True,,lfr,2026-03-10T14:34:43.971453
20,2,12,29,bnb_c,0.020821094512939453,True,False,0.332936979785969,True,,lfr,2026-03-10T14:34:44.094895
20,2,13,29,gurobi,0.018285274505615234,True,False,0.3674197384066583,True,,lfr,2026-03-10T14:34:44.226923
20,2,13,29,bnb_c,0.021609067916870117,True,False,0.367419738406659,True,,lfr,2026-03-10T14:34:44.348572
20,2,14,26,gurobi,0.01809096336364746,True,False,0.38461538461538447,True,,lfr,2026-03-10T14:34:44.482557
20,2,14,26,bnb_c,0.021252155303955078,True,False,0.384615384615385,True,,lfr,2026-03-10T14:34:44.611062
20,2,15,33,gurobi,0.01752185821533203,True,False,0.3865932047750229,True,,lfr,2026-03-10T14:34:44.745857
20,2,15,33,bnb_c,0.021713972091674805,True,False,0.386593204775023,True,,lfr,2026-03-10T14:34:44.875222
20,2,16,29,gurobi,0.017728805541992188,True,False,0.35671819262782367,True,,lfr,2026-03-10T14:34:45.007907
20,2,16,29,bnb_c,0.020088672637939453,True,False,0.356718192627824,True,,lfr,2026-03-10T14:34:45.135495
20,2,17,31,gurobi,0.01819610595703125,True,False,0.2643080124869928,True,,lfr,2026-03-10T14:34:45.273378
20,2,17,31,bnb_c,0.02138805389404297,True,False,0.264308012486993,True,,lfr,2026-03-10T14:34:45.411502
20,2,18,27,gurobi,0.01769280433654785,True,False,0.2716049382716051,True,,lfr,2026-03-10T14:34:45.545012
20,2,18,27,bnb_c,0.019301891326904297,True,False,0.271604938271605,True,,lfr,2026-03-10T14:34:45.664303
20,2,19,29,gurobi,0.021867990493774414,True,False,0.20927467300832336,True,,lfr,2026-03-10T14:34:45.850784
20,2,19,29,bnb_c,0.02649402618408203,True,False,0.209274673008324,True,,lfr,2026-03-10T14:34:46.063013
20,2,20,32,gurobi,0.018201112747192383,True,False,0.4375,True,,lfr,2026-03-10T14:34:46.213766
20,2,20,32,bnb_c,0.022062063217163086,True,False,0.4375,True,,lfr,2026-03-10T14:34:46.355258
20,2,21,32,gurobi,0.01818394660949707,True,False,0.40625,True,,lfr,2026-03-10T14:34:46.493193
20,2,21,32,bnb_c,0.018659114837646484,True,False,0.40625,True,,lfr,2026-03-10T14:34:46.614958
20,2,22,32,gurobi,0.016982078552246094,True,False,0.263671875,True,,lfr,2026-03-10T14:34:46.746752
20,2,22,32,bnb_c,0.020080089569091797,True,False,0.263671875,True,,lfr,2026-03-10T14:34:46.875211
20,2,23,32,gurobi,0.017320871353149414,True,False,0.28125,True,,lfr,2026-03-10T14:34:47.008124
20,2,23,32,bnb_c,0.02293086051940918,True,False,0.28125,True,,lfr,2026-03-10T14:34:47.132594
20,2,24,36,gurobi,0.01814889907836914,True,False,0.33179012345679015,True,,lfr,2026-03-10T14:34:47.265440
20,2,24,36,bnb_c,0.020199060440063477,True,False,0.33179012345679,True,,lfr,2026-03-10T14:34:47.396335
20,2,25,35,gurobi,0.017839908599853516,True,False,0.3755102040816329,True,,lfr,2026-03-10T14:34:47.530768
20,2,25,35,bnb_c,0.021968841552734375,True,False,0.375510204081633,True,,lfr,2026-03-10T14:34:47.651413
20,2,26,28,gurobi,0.01756000518798828,True,False,0.3545918367346941,True,,lfr,2026-03-10T14:34:47.780146
20,2,26,28,bnb_c,0.022111177444458008,True,False,0.354591836734694,True,,lfr,2026-03-10T14:34:47.899071
20,2,27,35,gurobi,0.01828789710998535,True,False,0.3853061224489799,True,,lfr,2026-03-10T14:34:48.034703
20,2,27,35,bnb_c,0.021677017211914062,True,False,0.38530612244898,True,,lfr,2026-03-10T14:34:48.155866
20,2,28,30,gurobi,0.017430782318115234,True,False,0.4133333333333333,True,,lfr,2026-03-10T14:34:48.283800
20,2,28,30,bnb_c,0.021257877349853516,True,False,0.413333333333333,True,,lfr,2026-03-10T14:34:48.401521
20,2,29,29,gurobi,0.01743626594543457,True,False,0.32223543400713384,True,,lfr,2026-03-10T14:34:48.531514
20,2,29,29,bnb_c,0.02091383934020996,True,False,0.322235434007134,True,,lfr,2026-03-10T14:34:48.649783
20,2,30,29,gurobi,0.017347097396850586,True,False,0.3816884661117711,True,,lfr,2026-03-10T14:34:48.778202
20,2,30,29,bnb_c,0.01981329917907715,True,False,0.381688466111772,True,,lfr,2026-03-10T14:34:48.894085
20,2,31,31,gurobi,0.01657581329345703,True,False,0.30176899063475504,True,,lfr,2026-03-10T14:34:49.024430
20,2,31,31,bnb_c,0.02147197723388672,True,False,0.301768990634755,True,,lfr,2026-03-10T14:34:49.148754
20,2,32,34,gurobi,0.017400026321411133,True,False,0.323529411764706,True,,lfr,2026-03-10T14:34:49.278707
20,2,32,34,bnb_c,0.021082162857055664,True,False,0.323529411764706,True,,lfr,2026-03-10T14:34:49.399131
20,2,33,34,gurobi,0.016891956329345703,True,False,0.29584775086505183,True,,lfr,2026-03-10T14:34:49.532248
20,2,33,34,bnb_c,0.021623849868774414,True,False,0.295847750865052,True,,lfr,2026-03-10T14:34:49.652565
20,2,34,29,gurobi,0.0174710750579834,True,False,0.3567181926278236,True,,lfr,2026-03-10T14:34:49.781035
20,2,34,29,bnb_c,0.022854089736938477,True,False,0.356718192627824,True,,lfr,2026-03-10T14:34:49.902387
20,2,35,30,gurobi,0.01678776741027832,True,False,0.30000000000000016,True,,lfr,2026-03-10T14:34:50.032426
20,2,35,30,bnb_c,0.02189016342163086,True,False,0.3,True,,lfr,2026-03-10T14:34:50.152995
20,2,36,30,gurobi,0.01689004898071289,True,False,0.30000000000000004,True,,lfr,2026-03-10T14:34:50.282574
20,2,36,30,bnb_c,0.022696971893310547,True,False,0.3,True,,lfr,2026-03-10T14:34:50.426945
20,2,37,28,gurobi,0.01757216453552246,True,False,0.34693877551020386,True,,lfr,2026-03-10T14:34:50.560599
20,2,37,28,bnb_c,0.020440101623535156,True,False,0.346938775510204,True,,lfr,2026-03-10T14:34:50.675234
20,2,38,31,gurobi,0.017848730087280273,True,False,0.30593132154006214,True,,lfr,2026-03-10T14:34:50.803165
20,2,38,31,bnb_c,0.023426055908203125,True,False,0.305931321540062,True,,lfr,2026-03-10T14:34:50.924786
20,2,39,32,gurobi,0.016715049743652344,True,False,0.34375,True,,lfr,2026-03-10T14:34:51.056994
20,2,39,32,bnb_c,0.019829988479614258,True,False,0.34375,True,,lfr,2026-03-10T14:34:51.174636
20,2,40,35,gurobi,0.017013072967529297,True,False,0.36571428571428616,True,,lfr,2026-03-10T14:34:51.303003
20,2,40,35,bnb_c,0.019529104232788086,True,False,0.365714285714286,True,,lfr,2026-03-10T14:34:51.419338
20,2,41,29,gurobi,0.017440080642700195,True,False,0.2294887039238999,True,,lfr,2026-03-10T14:34:51.546052
20,2,41,29,bnb_c,0.019868135452270508,True,False,0.2294887039239,True,,lfr,2026-03-10T14:34:51.663402
20,2,42,29,gurobi,0.016782045364379883,True,False,0.2794292508917951,True,,lfr,2026-03-10T14:34:51.792099
20,2,42,29,bnb_c,0.020170927047729492,True,False,0.279429250891796,True,,lfr,2026-03-10T14:34:51.909203
20,2,43,30,gurobi,0.017492055892944336,True,False,0.2466666666666668,True,,lfr,2026-03-10T14:34:52.035304
20,2,43,30,bnb_c,0.021403074264526367,True,False,0.246666666666667,True,,lfr,2026-03-10T14:34:52.157593
20,2,44,31,gurobi,0.01839303970336914,True,False,0.35796045785639946,True,,lfr,2026-03-10T14:34:52.292026
20,2,44,31,bnb_c,0.020435810089111328,True,False,0.3579604578564,True,,lfr,2026-03-10T14:34:52.414182
20,2,45,29,gurobi,0.01845717430114746,True,False,0.3959571938168842,True,,lfr,2026-03-10T14:34:52.541875
20,2,45,29,bnb_c,0.019756793975830078,True,False,0.395957193816885,True,,lfr,2026-03-10T14:34:52.659951
20,2,46,32,gurobi,0.018758773803710938,True,False,0.357421875,True,,lfr,2026-03-10T14:34:52.788793
20,2,46,32,bnb_c,0.01976776123046875,True,False,0.357421875,True,,lfr,2026-03-10T14:34:52.905466
20,2,47,30,gurobi,0.017453908920288086,True,False,0.29111111111111126,True,,lfr,2026-03-10T14:34:53.033321
20,2,47,30,bnb_c,0.02052783966064453,True,False,0.291111111111111,True,,lfr,2026-03-10T14:34:53.161636
20,2,48,33,gurobi,0.0176239013671875,True,False,0.40495867768595023,True,,lfr,2026-03-10T14:34:53.293622
20,2,48,33,bnb_c,0.020546913146972656,True,False,0.40495867768595,True,,lfr,2026-03-10T14:34:53.418124
20,2,49,32,gurobi,0.017293930053710938,True,False,0.263671875,True,,lfr,2026-03-10T14:34:53.554087
20,2,49,32,bnb_c,0.019800901412963867,True,False,0.263671875,True,,lfr,2026-03-10T14:34:53.672804
20,2,50,26,gurobi,0.07482790946960449,True,False,0.4201183431952658,True,,lfr,2026-03-10T14:34:53.900635
20,2,50,26,bnb_c,0.02317500114440918,True,False,0.420118343195266,True,,lfr,2026-03-10T14:34:54.053212
20,2,51,28,gurobi,0.018012285232543945,True,False,0.42857142857142855,True,,lfr,2026-03-10T14:34:54.191222
20,2,51,28,bnb_c,0.022392988204956055,True,False,0.428571428571428,True,,lfr,2026-03-10T14:34:54.313190
20,2,52,31,gurobi,0.017472028732299805,True,False,0.24141519250780447,True,,lfr,2026-03-10T14:34:54.440417
20,2,52,31,bnb_c,0.02054286003112793,True,False,0.241415192507804,True,,lfr,2026-03-10T14:34:54.560053
20,2,53,27,gurobi,0.016774892807006836,True,False,0.2976680384087792,True,,lfr,2026-03-10T14:34:54.693454
20,2,53,27,bnb_c,0.021299123764038086,True,False,0.297668038408779,True,,lfr,2026-03-10T14:34:54.810388
20,2,54,30,gurobi,0.017267227172851562,True,False,0.2577777777777779,True,,lfr,2026-03-10T14:34:54.941788
20,2,54,30,bnb_c,0.020123004913330078,True,False,0.257777777777778,True,,lfr,2026-03-10T14:34:55.060174
20,2,55,34,gurobi,0.0168912410736084,True,False,0.24913494809688586,True,,lfr,2026-03-10T14:34:55.192279
20,2,55,34,bnb_c,0.02222585678100586,True,False,0.249134948096886,True,,lfr,2026-03-10T14:34:55.311673
20,2,56,30,gurobi,0.01731419563293457,True,False,0.29777777777777786,True,,lfr,2026-03-10T14:34:55.442231
20,2,56,30,bnb_c,0.021300077438354492,True,False,0.297777777777778,True,,lfr,2026-03-10T14:34:55.562877
20,2,57,26,gurobi,0.0167391300201416,True,False,0.35798816568047326,True,,lfr,2026-03-10T14:34:55.692110
20,2,57,26,bnb_c,0.02182292938232422,True,False,0.357988165680473,True,,lfr,2026-03-10T14:34:55.810569
20,2,58,33,gurobi,0.017764806747436523,True,False,0.17447199265381091,True,,lfr,2026-03-10T14:34:55.942150
20,2,58,33,bnb_c,0.02289891242980957,True,False,0.174471992653811,True,,lfr,2026-03-10T14:34:56.063518
20,2,59,30,gurobi,0.018203020095825195,True,False,0.26666666666666683,True,,lfr,2026-03-10T14:34:56.193554
20,2,59,30,bnb_c,0.02178192138671875,True,False,0.266666666666667,True,,lfr,2026-03-10T14:34:56.310722
20,2,60,30,gurobi,0.017477989196777344,True,False,0.331111111111111,True,,lfr,2026-03-10T14:34:56.442701
20,2,60,30,bnb_c,0.020946979522705078,True,False,0.331111111111111,True,,lfr,2026-03-10T14:34:56.561628
20,2,61,29,gurobi,0.016675949096679688,True,False,0.2532699167657545,True,,lfr,2026-03-10T14:34:56.692544
20,2,61,29,bnb_c,0.021796226501464844,True,False,0.253269916765755,True,,lfr,2026-03-10T14:34:56.809705
20,2,62,30,gurobi,0.01674485206604004,True,False,0.39111111111111085,True,,lfr,2026-03-10T14:34:56.937990
20,2,62,30,bnb_c,0.020924091339111328,True,False,0.391111111111111,True,,lfr,2026-03-10T14:34:57.054595
20,2,63,30,gurobi,0.017190933227539062,True,False,0.39777777777777745,True,,lfr,2026-03-10T14:34:57.185617
20,2,63,30,bnb_c,0.021583080291748047,True,False,0.397777777777778,True,,lfr,2026-03-10T14:34:57.305320
20,2,64,31,gurobi,0.016857147216796875,True,False,0.28095733610822055,True,,lfr,2026-03-10T14:34:57.436238
20,2,64,31,bnb_c,0.022207975387573242,True,False,0.280957336108221,True,,lfr,2026-03-10T14:34:57.556005
20,2,65,30,gurobi,0.01728200912475586,True,False,0.31333333333333313,True,,lfr,2026-03-10T14:34:57.685057
20,2,65,30,bnb_c,0.019344091415405273,True,False,0.313333333333333,True,,lfr,2026-03-10T14:34:57.801691
20,2,66,29,gurobi,0.016866207122802734,True,False,0.27824019024970253,True,,lfr,2026-03-10T14:34:57.931511
20,2,66,29,bnb_c,0.021616220474243164,True,False,0.278240190249703,True,,lfr,2026-03-10T14:34:58.051269
20,2,67,30,gurobi,0.01642584800720215,True,False,0.3311111111111113,True,,lfr,2026-03-10T14:34:58.181304
20,2,67,30,bnb_c,0.022871971130371094,True,False,0.331111111111111,True,,lfr,2026-03-10T14:34:58.300619
20,2,68,35,gurobi,0.01688098907470703,True,False,0.3183673469387756,True,,lfr,2026-03-10T14:34:58.431428
20,2,68,35,bnb_c,0.021620988845825195,True,False,0.318367346938776,True,,lfr,2026-03-10T14:34:58.549868
20,2,69,27,gurobi,0.017322063446044922,True,False,0.20713305898491088,True,,lfr,2026-03-10T14:34:58.679240
20,2,69,27,bnb_c,0.019999027252197266,True,False,0.207133058984911,True,,lfr,2026-03-10T14:34:58.797306
20,2,70,32,gurobi,0.01676797866821289,True,False,0.326171875,True,,lfr,2026-03-10T14:34:58.928430
20,2,70,32,bnb_c,0.020792007446289062,True,False,0.326171875,True,,lfr,2026-03-10T14:34:59.048328
20,2,71,29,gurobi,0.016927003860473633,True,False,0.3472057074910816,True,,lfr,2026-03-10T14:34:59.179297
20,2,71,29,bnb_c,0.0206301212310791,True,False,0.347205707491082,True,,lfr,2026-03-10T14:34:59.295944
20,2,72,34,gurobi,0.017383098602294922,True,False,0.38235294117647023,True,,lfr,2026-03-10T14:34:59.424356
20,2,72,34,bnb_c,0.020168066024780273,True,False,0.382352941176471,True,,lfr,2026-03-10T14:34:59.542451
20,2,73,30,gurobi,0.017251014709472656,True,False,0.29777777777777753,True,,lfr,2026-03-10T14:34:59.674472
20,2,73,30,bnb_c,0.020732879638671875,True,False,0.297777777777778,True,,lfr,2026-03-10T14:34:59.791645
20,2,74,30,gurobi,0.017318248748779297,True,False,0.2999999999999999,True,,lfr,2026-03-10T14:34:59.921156
20,2,74,30,bnb_c,0.020117998123168945,True,False,0.3,True,,lfr,2026-03-10T14:35:00.039242
20,2,75,29,gurobi,0.01648402214050293,True,False,0.3674197384066586,True,,lfr,2026-03-10T14:35:00.170420
20,2,75,29,bnb_c,0.020767927169799805,True,False,0.367419738406659,True,,lfr,2026-03-10T14:35:00.288295
20,2,76,29,gurobi,0.016767024993896484,True,False,0.35671819262782384,True,,lfr,2026-03-10T14:35:00.419016
20,2,76,29,bnb_c,0.02054619789123535,True,False,0.356718192627824,True,,lfr,2026-03-10T14:35:00.537769
20,2,77,31,gurobi,0.016707897186279297,True,False,0.2414151925078044,True,,lfr,2026-03-10T14:35:00.664778
20,2,77,31,bnb_c,0.021918058395385742,True,False,0.241415192507804,True,,lfr,2026-03-10T14:35:00.783109
20,2,78,32,gurobi,0.017200231552124023,True,False,0.375,True,,lfr,2026-03-10T14:35:00.913989
20,2,78,32,bnb_c,0.022683143615722656,True,False,0.375,True,,lfr,2026-03-10T14:35:01.035198
20,2,79,32,gurobi,0.017914772033691406,True,False,0.294921875,True,,lfr,2026-03-10T14:35:01.165482
20,2,79,32,bnb_c,0.020971059799194336,True,False,0.294921875,True,,lfr,2026-03-10T14:35:01.284617
20,2,80,32,gurobi,0.01681995391845703,True,False,0.294921875,True,,lfr,2026-03-10T14:35:01.412641
20,2,80,32,bnb_c,0.022219181060791016,True,False,0.294921875,True,,lfr,2026-03-10T14:35:01.531477
20,2,81,27,gurobi,0.016953229904174805,True,False,0.35116598079561,True,,lfr,2026-03-10T14:35:01.661921
20,2,81,27,bnb_c,0.019977331161499023,True,False,0.351165980795611,True,,lfr,2026-03-10T14:35:01.778599
20,2,82,29,gurobi,0.017075777053833008,True,False,0.25802615933412554,True,,lfr,2026-03-10T14:35:01.908844
20,2,82,29,bnb_c,0.021045923233032227,True,False,0.258026159334126,True,,lfr,2026-03-10T14:35:02.026639
20,2,83,32,gurobi,0.01772594451904297,True,False,0.4296875,True,,lfr,2026-03-10T14:35:02.157398
20,2,83,32,bnb_c,0.020424842834472656,True,False,0.4296875,True,,lfr,2026-03-10T14:35:02.273275
20,2,84,30,gurobi,0.017334938049316406,True,False,0.32444444444444465,True,,lfr,2026-03-10T14:35:02.402216
20,2,84,30,bnb_c,0.02134990692138672,True,False,0.324444444444444,True,,lfr,2026-03-10T14:35:02.519642
20,2,85,29,gurobi,0.017372846603393555,True,False,0.32223543400713395,True,,lfr,2026-03-10T14:35:02.651013
20,2,85,29,bnb_c,0.020750045776367188,True,False,0.322235434007134,True,,lfr,2026-03-10T14:35:02.769292
20,2,86,30,gurobi,0.017232894897460938,True,False,0.3644444444444444,True,,lfr,2026-03-10T14:35:02.899565
20,2,86,30,bnb_c,0.022218942642211914,True,False,0.364444444444444,True,,lfr,2026-03-10T14:35:03.020637
20,2,87,28,gurobi,0.017123937606811523,True,False,0.31122448979591816,True,,lfr,2026-03-10T14:35:03.152586
20,2,87,28,bnb_c,0.022897958755493164,True,False,0.311224489795918,True,,lfr,2026-03-10T14:35:03.272267
20,2,88,30,gurobi,0.01734018325805664,True,False,0.39111111111111097,True,,lfr,2026-03-10T14:35:03.402523
20,2,88,30,bnb_c,0.02076888084411621,True,False,0.391111111111111,True,,lfr,2026-03-10T14:35:03.520690
20,2,89,30,gurobi,0.017246246337890625,True,False,0.39111111111111113,True,,lfr,2026-03-10T14:35:03.649411
20,2,89,30,bnb_c,0.02262282371520996,True,False,0.391111111111111,True,,lfr,2026-03-10T14:35:03.768168
20,2,90,29,gurobi,0.018342018127441406,True,False,0.15457788347205711,True,,lfr,2026-03-10T14:35:03.899057
20,2,90,29,bnb_c,0.02071094512939453,True,False,0.154577883472057,True,,lfr,2026-03-10T14:35:04.017392
20,2,91,28,gurobi,0.016314268112182617,True,False,0.2755102040816327,True,,lfr,2026-03-10T14:35:04.135244
20,2,91,28,bnb_c,0.02118706703186035,True,False,0.275510204081633,True,,lfr,2026-03-10T14:35:04.253571
20,2,92,31,gurobi,0.017050981521606445,True,False,0.31321540062434977,True,,lfr,2026-03-10T14:35:04.385175
20,2,92,31,bnb_c,0.02161717414855957,True,False,0.31321540062435,True,,lfr,2026-03-10T14:35:04.504892
20,2,93,29,gurobi,0.017905235290527344,True,False,0.1890606420927466,True,,lfr,2026-03-10T14:35:04.634197
20,2,93,29,bnb_c,0.020878076553344727,True,False,0.189060642092747,True,,lfr,2026-03-10T14:35:04.750038
20,2,94,31,gurobi,0.016736984252929688,True,False,0.45473465140478636,True,,lfr,2026-03-10T14:35:04.880602
20,2,94,31,bnb_c,0.019657373428344727,True,False,0.454734651404787,True,,lfr,2026-03-10T14:35:04.996457
20,2,95,30,gurobi,0.016610145568847656,True,False,0.3644444444444443,True,,lfr,2026-03-10T14:35:05.126894
20,2,95,30,bnb_c,0.02069878578186035,True,False,0.364444444444444,True,,lfr,2026-03-10T14:35:05.244595
20,2,96,28,gurobi,0.016963958740234375,True,False,0.42857142857142855,True,,lfr,2026-03-10T14:35:05.373694
20,2,96,28,bnb_c,0.023319721221923828,True,False,0.428571428571428,True,,lfr,2026-03-10T14:35:05.495660
20,2,97,30,gurobi,0.01779627799987793,True,False,0.3977777777777778,True,,lfr,2026-03-10T14:35:05.625126
20,2,97,30,bnb_c,0.02149200439453125,True,False,0.397777777777778,True,,lfr,2026-03-10T14:35:05.742350
20,2,98,35,gurobi,0.016782760620117188,True,False,0.2612244897959185,True,,lfr,2026-03-10T14:35:05.871316
20,2,98,35,bnb_c,0.020325899124145508,True,False,0.261224489795918,True,,lfr,2026-03-10T14:35:05.987716
20,2,99,30,gurobi,0.01666402816772461,True,False,0.19111111111111137,True,,lfr,2026-03-10T14:35:06.118049
20,2,99,30,bnb_c,0.02071094512939453,True,False,0.191111111111111,True,,lfr,2026-03-10T14:35:06.237563
40,2,0,78,gurobi,0.4302380084991455,True,False,0.37179487179487164,True,,lfr,2026-03-10T14:35:06.772809
40,2,0,78,bnb_c,0.05266690254211426,True,False,0.371794871794872,True,,lfr,2026-03-10T14:35:06.919982
40,2,1,71,gurobi,0.39315009117126465,True,False,0.37968657012497514,True,,lfr,2026-03-10T14:35:07.417991
40,2,1,71,bnb_c,0.055336952209472656,True,False,0.379686570124975,True,,lfr,2026-03-10T14:35:07.567993
40,2,2,74,gurobi,0.38883042335510254,True,False,0.40905770635500394,True,,lfr,2026-03-10T14:35:08.063705
40,2,2,74,bnb_c,0.04785609245300293,True,False,0.409057706355004,True,,lfr,2026-03-10T14:35:08.205582
40,2,3,72,gurobi,0.41507935523986816,True,False,0.38647762345679026,True,,lfr,2026-03-10T14:35:08.723572
40,2,3,72,bnb_c,0.04584193229675293,True,False,0.38647762345679,True,,lfr,2026-03-10T14:35:08.863268
40,2,4,65,gurobi,0.43573617935180664,True,False,0.37644970414201173,True,,lfr,2026-03-10T14:35:09.407403
40,2,4,65,bnb_c,0.04712796211242676,True,False,0.376449704142012,True,,lfr,2026-03-10T14:35:09.548972
40,2,5,59,gurobi,0.4630119800567627,True,False,0.415110600402181,True,,lfr,2026-03-10T14:35:10.120645
40,2,5,59,bnb_c,0.047698974609375,True,False,0.415110600402183,True,,lfr,2026-03-10T14:35:10.263079
40,2,6,73,gurobi,0.32322216033935547,True,False,0.3766185025333084,True,,lfr,2026-03-10T14:35:10.695700
40,2,6,73,bnb_c,0.050115108489990234,True,False,0.376618502533308,True,,lfr,2026-03-10T14:35:10.840524
40,2,7,62,gurobi,0.6911592483520508,True,False,0.36043184183142457,True,,lfr,2026-03-10T14:35:11.640690
40,2,7,62,bnb_c,0.05124354362487793,True,False,0.360431841831426,True,,lfr,2026-03-10T14:35:11.787429
40,2,8,67,gurobi,0.16246604919433594,True,False,0.4348407217643119,True,,lfr,2026-03-10T14:35:12.052146
40,2,8,67,bnb_c,0.05440497398376465,True,False,0.434840721764313,True,,lfr,2026-03-10T14:35:12.209429
40,2,9,71,gurobi,0.3331949710845947,True,False,0.39783773060900646,True,,lfr,2026-03-10T14:35:12.646995
40,2,9,71,bnb_c,0.05189990997314453,True,False,0.397837730609006,True,,lfr,2026-03-10T14:35:12.803369
40,2,10,72,gurobi,0.4154479503631592,True,False,0.38541666666666624,True,,lfr,2026-03-10T14:35:13.328012
40,2,10,72,bnb_c,0.052732229232788086,True,False,0.385416666666667,True,,lfr,2026-03-10T14:35:13.475764
40,2,11,63,gurobi,0.3768270015716553,True,False,0.4195011337868479,True,,lfr,2026-03-10T14:35:13.960586
40,2,11,63,bnb_c,0.058074235916137695,True,False,0.419501133786848,True,,lfr,2026-03-10T14:35:14.115553
40,2,12,70,gurobi,0.37551403045654297,True,False,0.37744897959183504,True,,lfr,2026-03-10T14:35:14.602017
40,2,12,70,bnb_c,0.05016493797302246,True,False,0.377448979591837,True,,lfr,2026-03-10T14:35:14.746621
40,2,13,69,gurobi,0.8569839000701904,True,False,0.34047469019113613,True,,lfr,2026-03-10T14:35:15.718056
40,2,13,69,bnb_c,0.051796913146972656,True,False,0.340474690191136,True,,lfr,2026-03-10T14:35:15.867226
40,2,14,75,gurobi,0.3406221866607666,True,False,0.3652444444444452,True,,lfr,2026-03-10T14:35:16.316363
40,2,14,75,bnb_c,0.05294370651245117,True,False,0.365244444444445,True,,lfr,2026-03-10T14:35:16.473918
40,2,15,78,gurobi,0.3827660083770752,True,False,0.37467126890203806,True,,lfr,2026-03-10T14:35:16.958826
40,2,15,78,bnb_c,0.054962158203125,True,False,0.374671268902038,True,,lfr,2026-03-10T14:35:17.109963
40,2,16,72,gurobi,0.7293078899383545,True,False,0.3283179012345681,True,,lfr,2026-03-10T14:35:17.947951
40,2,16,72,bnb_c,0.09205412864685059,True,False,0.328317901234568,True,,lfr,2026-03-10T14:35:18.138780
40,2,17,67,gurobi,0.18288874626159668,True,False,0.36711962575183676,True,,lfr,2026-03-10T14:35:18.440926
40,2,17,67,bnb_c,0.05336499214172363,True,False,0.367119625751838,True,,lfr,2026-03-10T14:35:18.593549
40,2,18,68,gurobi,0.3011786937713623,True,False,0.40484429065743854,True,,lfr,2026-03-10T14:35:19.003605
40,2,18,68,bnb_c,0.0524449348449707,True,False,0.404844290657439,True,,lfr,2026-03-10T14:35:19.157705
40,2,19,62,gurobi,0.4560587406158447,True,False,0.3547086368366278,True,,lfr,2026-03-10T14:35:19.716558
40,2,19,62,bnb_c,0.05158400535583496,True,False,0.354708636836629,True,,lfr,2026-03-10T14:35:19.864118
40,2,20,71,gurobi,0.6539051532745361,True,False,0.3261257686966875,True,,lfr,2026-03-10T14:35:20.622389
40,2,20,71,bnb_c,0.05191493034362793,True,False,0.326125768696687,True,,lfr,2026-03-10T14:35:20.770248
40,2,21,71,gurobi,0.35159969329833984,True,False,0.44326522515373884,True,,lfr,2026-03-10T14:35:21.233125
40,2,21,71,bnb_c,0.05985617637634277,True,False,0.443265225153739,True,,lfr,2026-03-10T14:35:21.389495
40,2,22,69,gurobi,0.7161481380462646,True,False,0.35496744381432405,True,,lfr,2026-03-10T14:35:22.222443
40,2,22,69,bnb_c,0.048053741455078125,True,False,0.354967443814325,True,,lfr,2026-03-10T14:35:22.367190
40,2,23,68,gurobi,0.443789005279541,True,False,0.3529411764705873,True,,lfr,2026-03-10T14:35:22.913243
40,2,23,68,bnb_c,0.05715799331665039,True,False,0.352941176470588,True,,lfr,2026-03-10T14:35:23.067478
40,2,24,72,gurobi,0.9360568523406982,True,False,0.3394097222222222,True,,lfr,2026-03-10T14:35:24.115568
40,2,24,72,bnb_c,0.05553603172302246,True,False,0.339409722222222,True,,lfr,2026-03-10T14:35:24.268482
40,2,25,73,gurobi,0.3113977909088135,True,False,0.3767123287671232,True,,lfr,2026-03-10T14:35:24.712709
40,2,25,73,bnb_c,0.0490419864654541,True,False,0.376712328767123,True,,lfr,2026-03-10T14:35:24.864334
40,2,26,69,gurobi,0.30600404739379883,True,False,0.43824826717076176,True,,lfr,2026-03-10T14:35:25.270883
40,2,26,69,bnb_c,0.04759788513183594,True,False,0.438248267170762,True,,lfr,2026-03-10T14:35:25.416789
40,2,27,69,gurobi,0.505239725112915,True,False,0.3686200378071828,True,,lfr,2026-03-10T14:35:26.033433
40,2,27,69,bnb_c,0.05530691146850586,True,False,0.368620037807183,True,,lfr,2026-03-10T14:35:26.191086
40,2,28,62,gurobi,0.7064940929412842,True,False,0.41974505723204847,True,,lfr,2026-03-10T14:35:26.997931
40,2,28,62,bnb_c,0.05393218994140625,True,False,0.41974505723205,True,,lfr,2026-03-10T14:35:27.149819
40,2,29,69,gurobi,0.37901782989501953,True,False,0.3823776517538329,True,,lfr,2026-03-10T14:35:27.638805
40,2,29,69,bnb_c,0.05354022979736328,True,False,0.382377651753833,True,,lfr,2026-03-10T14:35:27.789834
40,2,30,64,gurobi,0.8340311050415039,True,False,0.310546875,True,,lfr,2026-03-10T14:35:28.745257
40,2,30,64,bnb_c,0.056748151779174805,True,False,0.310546875,True,,lfr,2026-03-10T14:35:28.905468
40,2,31,69,gurobi,0.7335562705993652,True,False,0.34268010922075115,True,,lfr,2026-03-10T14:35:29.755274
40,2,31,69,bnb_c,0.05042529106140137,True,False,0.342680109220752,True,,lfr,2026-03-10T14:35:29.903980
40,2,32,75,gurobi,0.4223809242248535,True,False,0.36257777777777744,True,,lfr,2026-03-10T14:35:30.436370
40,2,32,75,bnb_c,0.05386209487915039,True,False,0.362577777777778,True,,lfr,2026-03-10T14:35:30.595405
40,2,33,67,gurobi,0.36815714836120605,True,False,0.379594564490977,True,,lfr,2026-03-10T14:35:31.070295
40,2,33,67,bnb_c,0.05317997932434082,True,False,0.379594564490978,True,,lfr,2026-03-10T14:35:31.228155
40,2,34,71,gurobi,0.3651010990142822,True,False,0.42322951795278635,True,,lfr,2026-03-10T14:35:31.701707
40,2,34,71,bnb_c,0.0534820556640625,True,False,0.423229517952787,True,,lfr,2026-03-10T14:35:31.860254
40,2,35,72,gurobi,0.6631088256835938,True,False,0.3586998456790122,True,,lfr,2026-03-10T14:35:32.636088
40,2,35,72,bnb_c,0.061686038970947266,True,False,0.358699845679012,True,,lfr,2026-03-10T14:35:32.807795
40,2,36,57,gurobi,0.3781318664550781,True,False,0.38919667590028,True,,lfr,2026-03-10T14:35:33.291428
40,2,36,57,bnb_c,0.05331611633300781,True,False,0.389196675900277,True,,lfr,2026-03-10T14:35:33.446189
40,2,37,72,gurobi,0.3381781578063965,True,False,0.37808641975308654,True,,lfr,2026-03-10T14:35:33.894638
40,2,37,72,bnb_c,0.052133798599243164,True,False,0.378086419753086,True,,lfr,2026-03-10T14:35:34.046015
40,2,38,65,gurobi,0.3223738670349121,True,False,0.42887573964497233,True,,lfr,2026-03-10T14:35:34.476061
40,2,38,65,bnb_c,0.055399179458618164,True,False,0.428875739644971,True,,lfr,2026-03-10T14:35:34.631588
40,2,39,70,gurobi,0.7640342712402344,True,False,0.35673469387754947,True,,lfr,2026-03-10T14:35:35.503414
40,2,39,70,bnb_c,0.05312609672546387,True,False,0.356734693877551,True,,lfr,2026-03-10T14:35:35.655787
40,2,40,74,gurobi,0.5487751960754395,True,False,0.38860482103725336,True,,lfr,2026-03-10T14:35:36.313997
40,2,40,74,bnb_c,0.05307793617248535,True,False,0.388604821037254,True,,lfr,2026-03-10T14:35:36.473036
40,2,41,70,gurobi,0.38132405281066895,True,False,0.3791836734693862,True,,lfr,2026-03-10T14:35:36.969470
40,2,41,70,bnb_c,0.05375480651855469,True,False,0.379183673469388,True,,lfr,2026-03-10T14:35:37.129677
40,2,42,65,gurobi,0.8756890296936035,True,False,0.3650887573964492,True,,lfr,2026-03-10T14:35:38.111307
40,2,42,65,bnb_c,0.053147077560424805,True,False,0.36508875739645,True,,lfr,2026-03-10T14:35:38.271724
40,2,43,65,gurobi,0.4320669174194336,True,False,0.34662721893491083,True,,lfr,2026-03-10T14:35:38.818698
40,2,43,65,bnb_c,0.051080942153930664,True,False,0.346627218934911,True,,lfr,2026-03-10T14:35:38.969178
40,2,44,64,gurobi,0.40199899673461914,True,False,0.390625,True,,lfr,2026-03-10T14:35:39.483975
40,2,44,64,bnb_c,0.05496335029602051,True,False,0.390625,True,,lfr,2026-03-10T14:35:39.638370
40,2,45,75,gurobi,0.5488917827606201,True,False,0.3768000000000009,True,,lfr,2026-03-10T14:35:40.295291
40,2,45,75,bnb_c,0.05752706527709961,True,False,0.3768,True,,lfr,2026-03-10T14:35:40.450519
40,2,46,75,gurobi,0.18121790885925293,True,False,0.3652444444444452,True,,lfr,2026-03-10T14:35:40.739229
40,2,46,75,bnb_c,0.04983091354370117,True,False,0.365244444444445,True,,lfr,2026-03-10T14:35:40.892742
40,2,47,70,gurobi,0.7537291049957275,True,False,0.3203061224489791,True,,lfr,2026-03-10T14:35:41.757015
40,2,47,70,bnb_c,0.05204176902770996,True,False,0.32030612244898,True,,lfr,2026-03-10T14:35:41.906578
40,2,48,66,gurobi,0.4066181182861328,True,False,0.3681129476584023,True,,lfr,2026-03-10T14:35:42.422127
40,2,48,66,bnb_c,0.05037093162536621,True,False,0.368112947658402,True,,lfr,2026-03-10T14:35:42.572244
40,2,49,76,gurobi,0.5701639652252197,True,False,0.31708795013850355,True,,lfr,2026-03-10T14:35:43.246236
40,2,49,76,bnb_c,0.0518190860748291,True,False,0.317087950138504,True,,lfr,2026-03-10T14:35:43.401721
40,2,50,64,gurobi,0.42013120651245117,True,False,0.373046875,True,,lfr,2026-03-10T14:35:43.923285
40,2,50,64,bnb_c,0.0523838996887207,True,False,0.373046875,True,,lfr,2026-03-10T14:35:44.078164
40,2,51,63,gurobi,0.47330522537231445,True,False,0.37301587301587297,True,,lfr,2026-03-10T14:35:44.661211
40,2,51,63,bnb_c,0.05418801307678223,True,False,0.373015873015873,True,,lfr,2026-03-10T14:35:44.814868
40,2,52,70,gurobi,0.21065306663513184,True,False,0.39989795918367227,True,,lfr,2026-03-10T14:35:45.131754
40,2,52,70,bnb_c,0.049720048904418945,True,False,0.399897959183674,True,,lfr,2026-03-10T14:35:45.286719
40,2,53,63,gurobi,0.7915380001068115,True,False,0.3151927437641722,True,,lfr,2026-03-10T14:35:46.186977
40,2,53,63,bnb_c,0.052047014236450195,True,False,0.315192743764172,True,,lfr,2026-03-10T14:35:46.340424
40,2,54,71,gurobi,0.726599931716919,True,False,0.35151755604046897,True,,lfr,2026-03-10T14:35:47.173673
40,2,54,71,bnb_c,0.050477027893066406,True,False,0.351517556040468,True,,lfr,2026-03-10T14:35:47.325101
40,2,55,77,gurobi,0.2669179439544678,True,False,0.44501602293810066,True,,lfr,2026-03-10T14:35:47.708532
40,2,55,77,bnb_c,0.05643796920776367,True,False,0.445016022938101,True,,lfr,2026-03-10T14:35:47.868294
40,2,56,72,gurobi,0.5782530307769775,True,False,0.3586998456790117,True,,lfr,2026-03-10T14:35:48.561388
40,2,56,72,bnb_c,0.052320003509521484,True,False,0.358699845679012,True,,lfr,2026-03-10T14:35:48.717274
40,2,57,75,gurobi,0.5735170841217041,True,False,0.37680000000000013,True,,lfr,2026-03-10T14:35:49.406907
40,2,57,75,bnb_c,0.05470108985900879,True,False,0.3768,True,,lfr,2026-03-10T14:35:49.565796
40,2,58,72,gurobi,0.546339750289917,True,False,0.3780864197530864,True,,lfr,2026-03-10T14:35:50.219110
40,2,58,72,bnb_c,0.0503690242767334,True,False,0.378086419753087,True,,lfr,2026-03-10T14:35:50.375565
40,2,59,78,gurobi,0.5575690269470215,True,False,0.36316568047337205,True,,lfr,2026-03-10T14:35:51.043068
40,2,59,78,bnb_c,0.0561223030090332,True,False,0.363165680473373,True,,lfr,2026-03-10T14:35:51.200315
40,2,60,75,gurobi,0.544252872467041,True,False,0.3783111111111118,True,,lfr,2026-03-10T14:35:51.859183
40,2,60,75,bnb_c,0.054534912109375,True,False,0.378311111111111,True,,lfr,2026-03-10T14:35:52.013978
40,2,61,66,gurobi,0.4008662700653076,True,False,0.4168962350780532,True,,lfr,2026-03-10T14:35:52.521799
40,2,61,66,bnb_c,0.0536799430847168,True,False,0.416896235078053,True,,lfr,2026-03-10T14:35:52.675715
40,2,62,76,gurobi,0.6130921840667725,True,False,0.32963988919667525,True,,lfr,2026-03-10T14:35:53.405968
40,2,62,76,bnb_c,0.04824090003967285,True,False,0.329639889196676,True,,lfr,2026-03-10T14:35:53.554839
40,2,63,63,gurobi,0.33550405502319336,True,False,0.45225497606450027,True,,lfr,2026-03-10T14:35:54.000644
40,2,63,63,bnb_c,0.05406785011291504,True,False,0.4522549760645,True,,lfr,2026-03-10T14:35:54.154337
40,2,64,71,gurobi,0.48758602142333984,True,False,0.4091450109105342,True,,lfr,2026-03-10T14:35:54.756754
40,2,64,71,bnb_c,0.0556340217590332,True,False,0.409145010910534,True,,lfr,2026-03-10T14:35:54.912687
40,2,65,73,gurobi,0.33086204528808594,True,False,0.3673297053856264,True,,lfr,2026-03-10T14:35:55.355636
40,2,65,73,bnb_c,0.056205034255981445,True,False,0.367329705385626,True,,lfr,2026-03-10T14:35:55.512438
40,2,66,71,gurobi,0.39175987243652344,True,False,0.3575679428684783,True,,lfr,2026-03-10T14:35:56.012279
40,2,66,71,bnb_c,0.05428504943847656,True,False,0.357567942868479,True,,lfr,2026-03-10T14:35:56.168019
40,2,67,63,gurobi,0.4434943199157715,True,False,0.3993449231544471,True,,lfr,2026-03-10T14:35:56.728306
40,2,67,63,bnb_c,0.04885506629943848,True,False,0.399344923154447,True,,lfr,2026-03-10T14:35:56.878399
40,2,68,65,gurobi,0.7274229526519775,True,False,0.34662721893491083,True,,lfr,2026-03-10T14:35:57.715229
40,2,68,65,bnb_c,0.053277015686035156,True,False,0.346627218934911,True,,lfr,2026-03-10T14:35:57.868741
40,2,69,71,gurobi,0.3743002414703369,True,False,0.41281491767506406,True,,lfr,2026-03-10T14:35:58.355075
40,2,69,71,bnb_c,0.052690982818603516,True,False,0.412814917675065,True,,lfr,2026-03-10T14:35:58.508334
40,2,70,77,gurobi,0.3360249996185303,True,False,0.36979254511722004,True,,lfr,2026-03-10T14:35:58.958061
40,2,70,77,bnb_c,0.0557248592376709,True,False,0.36979254511722,True,,lfr,2026-03-10T14:35:59.113871
40,2,71,71,gurobi,0.3298299312591553,True,False,0.3846459035905577,True,,lfr,2026-03-10T14:35:59.561138
40,2,71,71,bnb_c,0.05132102966308594,True,False,0.384645903590558,True,,lfr,2026-03-10T14:35:59.713529
40,2,72,70,gurobi,0.6843607425689697,True,False,0.36122448979591665,True,,lfr,2026-03-10T14:36:00.506864
40,2,72,70,bnb_c,0.0567479133605957,True,False,0.361224489795918,True,,lfr,2026-03-10T14:36:00.663487
40,2,73,71,gurobi,0.3713109493255615,True,False,0.4014084507042254,True,,lfr,2026-03-10T14:36:01.150832
40,2,73,71,bnb_c,0.05622124671936035,True,False,0.401408450704225,True,,lfr,2026-03-10T14:36:01.311515
40,2,74,83,gurobi,0.5788977146148682,True,False,0.3800987080853554,True,,lfr,2026-03-10T14:36:02.004075
40,2,74,83,bnb_c,0.05454206466674805,True,False,0.380098708085354,True,,lfr,2026-03-10T14:36:02.168165
40,2,75,76,gurobi,0.44676995277404785,True,False,0.4123961218836559,True,,lfr,2026-03-10T14:36:02.729623
40,2,75,76,bnb_c,0.05641984939575195,True,False,0.412396121883657,True,,lfr,2026-03-10T14:36:02.900911
40,2,76,73,gurobi,0.6033270359039307,True,False,0.35653968849690376,True,,lfr,2026-03-10T14:36:03.621665
40,2,76,73,bnb_c,0.05893898010253906,True,False,0.356539688496904,True,,lfr,2026-03-10T14:36:03.786916
40,2,77,72,gurobi,0.7777128219604492,True,False,0.31934799382716067,True,,lfr,2026-03-10T14:36:04.676988
40,2,77,72,bnb_c,0.05502915382385254,True,False,0.319347993827161,True,,lfr,2026-03-10T14:36:04.833666
40,2,78,76,gurobi,0.3806900978088379,True,False,0.37941481994459736,True,,lfr,2026-03-10T14:36:05.325215
40,2,78,76,bnb_c,0.05338406562805176,True,False,0.379414819944598,True,,lfr,2026-03-10T14:36:05.484459
40,2,79,73,gurobi,0.6924450397491455,True,False,0.35869769187464895,True,,lfr,2026-03-10T14:36:06.293983
40,2,79,73,bnb_c,0.05250191688537598,True,False,0.358697691874648,True,,lfr,2026-03-10T14:36:06.448925
40,2,80,67,gurobi,0.4219491481781006,True,False,0.37157496101581555,True,,lfr,2026-03-10T14:36:06.981182
40,2,80,67,bnb_c,0.05462813377380371,True,False,0.371574961015817,True,,lfr,2026-03-10T14:36:07.141175
40,2,81,75,gurobi,0.6366970539093018,True,False,0.3916444444444453,True,,lfr,2026-03-10T14:36:07.894153
40,2,81,75,bnb_c,0.05412697792053223,True,False,0.391644444444444,True,,lfr,2026-03-10T14:36:08.054554
40,2,82,80,gurobi,0.3521127700805664,True,False,0.3405468750000001,True,,lfr,2026-03-10T14:36:08.517511
40,2,82,80,bnb_c,0.05836200714111328,True,False,0.340546875,True,,lfr,2026-03-10T14:36:08.684650
40,2,83,59,gurobi,0.40384411811828613,True,False,0.38121229531743517,True,,lfr,2026-03-10T14:36:09.194082
40,2,83,59,bnb_c,0.054585933685302734,True,False,0.381212295317438,True,,lfr,2026-03-10T14:36:09.351856
40,2,84,74,gurobi,0.42125391960144043,True,False,0.39180058436815324,True,,lfr,2026-03-10T14:36:09.886279
40,2,84,74,bnb_c,0.054284095764160156,True,False,0.391800584368152,True,,lfr,2026-03-10T14:36:10.044566
40,2,85,68,gurobi,0.796983003616333,True,False,0.3464532871972314,True,,lfr,2026-03-10T14:36:10.956591
40,2,85,68,bnb_c,0.05502486228942871,True,False,0.346453287197232,True,,lfr,2026-03-10T14:36:11.116461
40,2,86,68,gurobi,0.37906384468078613,True,False,0.4052768166089955,True,,lfr,2026-03-10T14:36:11.607988
40,2,86,68,bnb_c,0.05814981460571289,True,False,0.405276816608997,True,,lfr,2026-03-10T14:36:11.770758
40,2,87,68,gurobi,0.6482818126678467,True,False,0.46096453287197126,True,,lfr,2026-03-10T14:36:12.531818
40,2,87,68,bnb_c,0.05038189888000488,True,False,0.460964532871972,True,,lfr,2026-03-10T14:36:12.682881
40,2,88,70,gurobi,0.3785209655761719,True,False,0.41418367346938606,True,,lfr,2026-03-10T14:36:13.169065
40,2,88,70,bnb_c,0.04942488670349121,True,False,0.414183673469388,True,,lfr,2026-03-10T14:36:13.319464
40,2,89,67,gurobi,0.47904515266418457,True,False,0.39006460236132634,True,,lfr,2026-03-10T14:36:13.906687
40,2,89,67,bnb_c,0.05221700668334961,True,False,0.390064602361328,True,,lfr,2026-03-10T14:36:14.060653
40,2,90,64,gurobi,0.4089846611022949,True,False,0.48388671875,True,,lfr,2026-03-10T14:36:14.581494
40,2,90,64,bnb_c,0.056511878967285156,True,False,0.48388671875,True,,lfr,2026-03-10T14:36:14.738763
40,2,91,79,gurobi,0.3365480899810791,True,False,0.3384073065213925,True,,lfr,2026-03-10T14:36:15.188696
40,2,91,79,bnb_c,0.05475306510925293,True,False,0.338407306521391,True,,lfr,2026-03-10T14:36:15.345457
40,2,92,82,gurobi,0.3454620838165283,True,False,0.34622248661510946,True,,lfr,2026-03-10T14:36:15.804317
40,2,92,82,bnb_c,0.05368518829345703,True,False,0.34622248661511,True,,lfr,2026-03-10T14:36:15.966009
40,2,93,74,gurobi,0.35306406021118164,True,False,0.4050401753104463,True,,lfr,2026-03-10T14:36:16.423673
40,2,93,74,bnb_c,0.060041189193725586,True,False,0.405040175310446,True,,lfr,2026-03-10T14:36:16.586158
40,2,94,73,gurobi,0.828016996383667,True,False,0.33092512666541574,True,,lfr,2026-03-10T14:36:17.526440
40,2,94,73,bnb_c,0.05347585678100586,True,False,0.330925126665416,True,,lfr,2026-03-10T14:36:17.681800
40,2,95,68,gurobi,0.395496129989624,True,False,0.3874351211072665,True,,lfr,2026-03-10T14:36:18.190470
40,2,95,68,bnb_c,0.0550999641418457,True,False,0.387435121107267,True,,lfr,2026-03-10T14:36:18.350209
40,2,96,65,gurobi,0.3905751705169678,True,False,0.362603550295859,True,,lfr,2026-03-10T14:36:18.851885
40,2,96,65,bnb_c,0.05717825889587402,True,False,0.362603550295858,True,,lfr,2026-03-10T14:36:19.010530
40,2,97,72,gurobi,0.6539721488952637,True,False,0.37258873456790165,True,,lfr,2026-03-10T14:36:19.779448
40,2,97,72,bnb_c,0.053868770599365234,True,False,0.372588734567901,True,,lfr,2026-03-10T14:36:19.939383
40,2,98,60,gurobi,1.0915608406066895,True,False,0.3383333333333335,True,,lfr,2026-03-10T14:36:21.148573
40,2,98,60,bnb_c,0.05385184288024902,True,False,0.338333333333333,True,,lfr,2026-03-10T14:36:21.303828
40,2,99,76,gurobi,0.3705720901489258,True,False,0.37525969529085773,True,,lfr,2026-03-10T14:36:21.791518
40,2,99,76,bnb_c,0.05164599418640137,True,False,0.375259695290859,True,,lfr,2026-03-10T14:36:21.944377
60,2,0,122,gurobi,0.037783145904541016,True,False,0.37325315775329077,True,,lfr,2026-03-10T14:36:22.093939
60,2,0,122,bnb_c,0.09214901924133301,True,False,0.373253157753292,True,,lfr,2026-03-10T14:36:22.289497
60,2,1,107,gurobi,0.044767141342163086,True,False,0.37522927766616765,True,,lfr,2026-03-10T14:36:22.448080
60,2,1,107,bnb_c,0.09349203109741211,True,False,0.375229277666172,True,,lfr,2026-03-10T14:36:22.646641
60,2,2,115,gurobi,0.07926106452941895,True,False,0.40506616257089006,True,,lfr,2026-03-10T14:36:22.839422
60,2,2,115,bnb_c,0.09828996658325195,True,False,0.405066162570889,True,,lfr,2026-03-10T14:36:23.044685
60,2,3,123,gurobi,0.02564215660095215,True,False,0.4174763698856523,True,,lfr,2026-03-10T14:36:23.173856
60,2,3,123,bnb_c,0.0978250503540039,True,False,0.41747636988565,True,,lfr,2026-03-10T14:36:23.374332
60,2,4,117,gurobi,0.046547889709472656,True,False,0.38425012783986995,True,,lfr,2026-03-10T14:36:23.525345
60,2,4,117,bnb_c,0.09578490257263184,True,False,0.384250127839872,True,,lfr,2026-03-10T14:36:23.725698
60,2,5,98,gurobi,0.0254976749420166,True,False,0.43877551020407696,True,,lfr,2026-03-10T14:36:23.856250
60,2,5,98,bnb_c,0.09596872329711914,True,False,0.438775510204082,True,,lfr,2026-03-10T14:36:24.054944
60,2,6,113,gurobi,0.03623390197753906,True,False,0.34638577805622967,True,,lfr,2026-03-10T14:36:24.196774
60,2,6,113,bnb_c,0.09720993041992188,True,False,0.34638577805623,True,,lfr,2026-03-10T14:36:24.397067
60,2,7,100,gurobi,0.03080606460571289,True,False,0.3995499999999971,True,,lfr,2026-03-10T14:36:24.538150
60,2,7,100,bnb_c,0.10325026512145996,True,False,0.39955,True,,lfr,2026-03-10T14:36:24.744590
60,2,8,113,gurobi,0.03752589225769043,True,False,0.37614535202443333,True,,lfr,2026-03-10T14:36:24.885799
60,2,8,113,bnb_c,0.10302424430847168,True,False,0.376145352024434,True,,lfr,2026-03-10T14:36:25.092213
60,2,9,120,gurobi,0.0513310432434082,True,False,0.42496527777777887,True,,lfr,2026-03-10T14:36:25.256322
60,2,9,120,bnb_c,0.09151411056518555,True,False,0.424965277777778,True,,lfr,2026-03-10T14:36:25.452515
60,2,10,97,gurobi,0.02463698387145996,True,False,0.45536188755447127,True,,lfr,2026-03-10T14:36:25.582678
60,2,10,97,bnb_c,0.09865689277648926,True,False,0.455361887554469,True,,lfr,2026-03-10T14:36:25.782309
60,2,11,100,gurobi,0.03379201889038086,True,False,0.40154999999999863,True,,lfr,2026-03-10T14:36:25.923254
60,2,11,100,bnb_c,0.09941577911376953,True,False,0.40155,True,,lfr,2026-03-10T14:36:26.125696
60,2,12,113,gurobi,0.03396296501159668,True,False,0.3926305897094516,True,,lfr,2026-03-10T14:36:26.266602
60,2,12,113,bnb_c,0.09522795677185059,True,False,0.392630589709453,True,,lfr,2026-03-10T14:36:26.464675
60,2,13,108,gurobi,0.0360260009765625,True,False,0.37958676268861535,True,,lfr,2026-03-10T14:36:26.606093
60,2,13,108,bnb_c,0.09191608428955078,True,False,0.379586762688615,True,,lfr,2026-03-10T14:36:26.801075
60,2,14,128,gurobi,0.04951214790344238,True,False,0.37451171875,True,,lfr,2026-03-10T14:36:26.956912
60,2,14,128,bnb_c,0.09714794158935547,True,False,0.37451171875,True,,lfr,2026-03-10T14:36:27.158914
60,2,15,118,gurobi,0.03165173530578613,True,False,0.400890548692905,True,,lfr,2026-03-10T14:36:27.301396
60,2,15,118,bnb_c,0.10199093818664551,True,False,0.400890548692904,True,,lfr,2026-03-10T14:36:27.506185
60,2,16,112,gurobi,0.027235746383666992,True,False,0.41067442602040743,True,,lfr,2026-03-10T14:36:27.648260
60,2,16,112,bnb_c,0.10134625434875488,True,False,0.410674426020408,True,,lfr,2026-03-10T14:36:27.851754
60,2,17,104,gurobi,0.02585291862487793,True,False,0.44004252958579554,True,,lfr,2026-03-10T14:36:27.980120
60,2,17,104,bnb_c,0.09818100929260254,True,False,0.440042529585799,True,,lfr,2026-03-10T14:36:28.179650
60,2,18,118,gurobi,0.05909419059753418,True,False,0.372450445274346,True,,lfr,2026-03-10T14:36:28.347522
60,2,18,118,bnb_c,0.09184789657592773,True,False,0.372450445274347,True,,lfr,2026-03-10T14:36:28.543808
60,2,19,102,gurobi,0.03957200050354004,True,False,0.4036428296808917,True,,lfr,2026-03-10T14:36:28.686395
60,2,19,102,bnb_c,0.10338687896728516,True,False,0.403642829680892,True,,lfr,2026-03-10T14:36:28.893197
60,2,20,115,gurobi,0.02950000762939453,True,False,0.4454064272211722,True,,lfr,2026-03-10T14:36:29.033799
60,2,20,115,bnb_c,0.10047197341918945,True,False,0.445406427221172,True,,lfr,2026-03-10T14:36:29.237064
60,2,21,108,gurobi,0.03279376029968262,True,False,0.3964334705075454,True,,lfr,2026-03-10T14:36:29.378877
60,2,21,108,bnb_c,0.09677600860595703,True,False,0.396433470507545,True,,lfr,2026-03-10T14:36:29.578891
60,2,22,125,gurobi,0.03960895538330078,True,False,0.39119999999999955,True,,lfr,2026-03-10T14:36:29.731112
60,2,22,125,bnb_c,0.09393191337585449,True,False,0.3912,True,,lfr,2026-03-10T14:36:29.929395
60,2,23,124,gurobi,0.03455471992492676,True,False,0.37395941727367044,True,,lfr,2026-03-10T14:36:30.070776
60,2,23,124,bnb_c,0.09431123733520508,True,False,0.373959417273673,True,,lfr,2026-03-10T14:36:30.267300
60,2,24,119,gurobi,0.042514801025390625,True,False,0.36374549819928037,True,,lfr,2026-03-10T14:36:30.424349
60,2,24,119,bnb_c,0.10148096084594727,True,False,0.36374549819928,True,,lfr,2026-03-10T14:36:30.629339
60,2,25,122,gurobi,0.05893516540527344,True,False,0.3753023380811596,True,,lfr,2026-03-10T14:36:30.795445
60,2,25,122,bnb_c,0.10139703750610352,True,False,0.375302338081161,True,,lfr,2026-03-10T14:36:31.001031
60,2,26,98,gurobi,0.044341087341308594,True,False,0.3916597251145323,True,,lfr,2026-03-10T14:36:31.154343
60,2,26,98,bnb_c,0.09320926666259766,True,False,0.391659725114536,True,,lfr,2026-03-10T14:36:31.351667
60,2,27,110,gurobi,0.03715991973876953,True,False,0.41388429752066175,True,,lfr,2026-03-10T14:36:31.493172
60,2,27,110,bnb_c,0.08695125579833984,True,False,0.413884297520661,True,,lfr,2026-03-10T14:36:31.683126
60,2,28,113,gurobi,0.04251909255981445,True,False,0.3783381627378803,True,,lfr,2026-03-10T14:36:31.839742
60,2,28,113,bnb_c,0.09970307350158691,True,False,0.378338162737881,True,,lfr,2026-03-10T14:36:32.042840
60,2,29,124,gurobi,0.049765825271606445,True,False,0.332856399583765,True,,lfr,2026-03-10T14:36:32.196065
60,2,29,124,bnb_c,0.10164618492126465,True,False,0.332856399583767,True,,lfr,2026-03-10T14:36:32.401396
60,2,30,105,gurobi,0.05436515808105469,True,False,0.36934240362812115,True,,lfr,2026-03-10T14:36:32.566790
60,2,30,105,bnb_c,0.0952608585357666,True,False,0.369342403628118,True,,lfr,2026-03-10T14:36:32.767346
60,2,31,102,gurobi,0.03736591339111328,True,False,0.37423106497500785,True,,lfr,2026-03-10T14:36:32.910863
60,2,31,102,bnb_c,0.0939640998840332,True,False,0.37423106497501,True,,lfr,2026-03-10T14:36:33.107800
60,2,32,102,gurobi,0.03371906280517578,True,False,0.37754709727027824,True,,lfr,2026-03-10T14:36:33.249021
60,2,32,102,bnb_c,0.09795212745666504,True,False,0.377547097270281,True,,lfr,2026-03-10T14:36:33.449716
60,2,33,118,gurobi,0.04009079933166504,True,False,0.4067437517954603,True,,lfr,2026-03-10T14:36:33.600881
60,2,33,118,bnb_c,0.1054542064666748,True,False,0.406743751795461,True,,lfr,2026-03-10T14:36:33.809842
60,2,34,103,gurobi,0.03177475929260254,True,False,0.4071071731548669,True,,lfr,2026-03-10T14:36:33.953193
60,2,34,103,bnb_c,0.0981910228729248,True,False,0.407107173154869,True,,lfr,2026-03-10T14:36:34.153918
60,2,35,111,gurobi,0.04654693603515625,True,False,0.3788247707166625,True,,lfr,2026-03-10T14:36:34.306535
60,2,35,111,bnb_c,0.10068082809448242,True,False,0.378824770716663,True,,lfr,2026-03-10T14:36:34.510841
60,2,36,108,gurobi,0.02432990074157715,True,False,0.4166666666666683,True,,lfr,2026-03-10T14:36:34.640222
60,2,36,108,bnb_c,0.10618710517883301,True,False,0.416666666666667,True,,lfr,2026-03-10T14:36:34.848354
60,2,37,88,gurobi,0.030251026153564453,True,False,0.43672520661157027,True,,lfr,2026-03-10T14:36:34.989408
60,2,37,88,bnb_c,0.09592676162719727,True,False,0.43672520661157,True,,lfr,2026-03-10T14:36:35.186586
60,2,38,109,gurobi,0.08718585968017578,True,False,0.39361164885110544,True,,lfr,2026-03-10T14:36:35.379171
60,2,38,109,bnb_c,0.10434794425964355,True,False,0.393611648851107,True,,lfr,2026-03-10T14:36:35.590993
60,2,39,105,gurobi,0.023025989532470703,True,False,0.45197278911564864,True,,lfr,2026-03-10T14:36:35.719164
60,2,39,105,bnb_c,0.1034250259399414,True,False,0.451972789115646,True,,lfr,2026-03-10T14:36:35.924316
60,2,40,100,gurobi,0.026233196258544922,True,False,0.4187499999999992,True,,lfr,2026-03-10T14:36:36.051056
60,2,40,100,bnb_c,0.09988284111022949,True,False,0.41875,True,,lfr,2026-03-10T14:36:36.252256
60,2,41,118,gurobi,0.03829503059387207,True,False,0.36997270899166745,True,,lfr,2026-03-10T14:36:36.393634
60,2,41,118,bnb_c,0.0979151725769043,True,False,0.369972708991669,True,,lfr,2026-03-10T14:36:36.594560
60,2,42,114,gurobi,0.03269505500793457,True,False,0.40397045244690766,True,,lfr,2026-03-10T14:36:36.736568
60,2,42,114,bnb_c,0.0984959602355957,True,False,0.403970452446907,True,,lfr,2026-03-10T14:36:36.937568
60,2,43,106,gurobi,0.05294489860534668,True,False,0.3841224635101467,True,,lfr,2026-03-10T14:36:37.102370
60,2,43,106,bnb_c,0.09580421447753906,True,False,0.384122463510146,True,,lfr,2026-03-10T14:36:37.301533
60,2,44,112,gurobi,0.0308840274810791,True,False,0.40174585459183654,True,,lfr,2026-03-10T14:36:37.444338
60,2,44,112,bnb_c,0.09981989860534668,True,False,0.401745854591837,True,,lfr,2026-03-10T14:36:37.646353
60,2,45,107,gurobi,0.03333592414855957,True,False,0.3711241156432846,True,,lfr,2026-03-10T14:36:37.786903
60,2,45,107,bnb_c,0.0976870059967041,True,False,0.371124115643288,True,,lfr,2026-03-10T14:36:37.991047
60,2,46,126,gurobi,0.06557321548461914,True,False,0.3722285210380474,True,,lfr,2026-03-10T14:36:38.167658
60,2,46,126,bnb_c,0.09598588943481445,True,False,0.372228521038045,True,,lfr,2026-03-10T14:36:38.367284
60,2,47,121,gurobi,0.043557167053222656,True,False,0.38842975206611513,True,,lfr,2026-03-10T14:36:38.516918
60,2,47,121,bnb_c,0.10132074356079102,True,False,0.388429752066116,True,,lfr,2026-03-10T14:36:38.721262
60,2,48,136,gurobi,0.02978205680847168,True,False,0.39638300173010416,True,,lfr,2026-03-10T14:36:38.861774
60,2,48,136,bnb_c,0.09588289260864258,True,False,0.396383001730104,True,,lfr,2026-03-10T14:36:39.059761
60,2,49,106,gurobi,0.0348658561706543,True,False,0.42412780348878704,True,,lfr,2026-03-10T14:36:39.200852
60,2,49,106,bnb_c,0.10019302368164062,True,False,0.424127803488786,True,,lfr,2026-03-10T14:36:39.402595
60,2,50,97,gurobi,0.042263031005859375,True,False,0.40636624508449515,True,,lfr,2026-03-10T14:36:39.556776
60,2,50,97,bnb_c,0.10167193412780762,True,False,0.406366245084494,True,,lfr,2026-03-10T14:36:39.761736
60,2,51,112,gurobi,0.053138017654418945,True,False,0.3902662627551023,True,,lfr,2026-03-10T14:36:39.917453
60,2,51,112,bnb_c,0.10153818130493164,True,False,0.390266262755102,True,,lfr,2026-03-10T14:36:40.122679
60,2,52,107,gurobi,0.026662111282348633,True,False,0.44209101231548253,True,,lfr,2026-03-10T14:36:40.252052
60,2,52,107,bnb_c,0.09571290016174316,True,False,0.442091012315486,True,,lfr,2026-03-10T14:36:40.448648
60,2,53,122,gurobi,0.057749032974243164,True,False,0.34977156678312166,True,,lfr,2026-03-10T14:36:40.614578
60,2,53,122,bnb_c,0.09830307960510254,True,False,0.349771566783123,True,,lfr,2026-03-10T14:36:40.818374
60,2,54,92,gurobi,0.04785490036010742,True,False,0.4068407372400791,True,,lfr,2026-03-10T14:36:40.973164
60,2,54,92,bnb_c,0.09346461296081543,True,False,0.406840737240076,True,,lfr,2026-03-10T14:36:41.170232
60,2,55,115,gurobi,0.026524782180786133,True,False,0.3956521739130443,True,,lfr,2026-03-10T14:36:41.300350
60,2,55,115,bnb_c,0.10034394264221191,True,False,0.395652173913044,True,,lfr,2026-03-10T14:36:41.502510
60,2,56,113,gurobi,0.06693196296691895,True,False,0.38194063748139956,True,,lfr,2026-03-10T14:36:41.682871
60,2,56,113,bnb_c,0.09596896171569824,True,False,0.3819406374814,True,,lfr,2026-03-10T14:36:41.883830
60,2,57,110,gurobi,0.024568796157836914,True,False,0.4140495867768604,True,,lfr,2026-03-10T14:36:42.011971
60,2,57,110,bnb_c,0.1021270751953125,True,False,0.41404958677686,True,,lfr,2026-03-10T14:36:42.215415
60,2,58,111,gurobi,0.09670090675354004,True,False,0.36498660822985257,True,,lfr,2026-03-10T14:36:42.420915
60,2,58,111,bnb_c,0.09083890914916992,True,False,0.364986608229852,True,,lfr,2026-03-10T14:36:42.618930
60,2,59,118,gurobi,0.03465700149536133,True,False,0.3924159724217178,True,,lfr,2026-03-10T14:36:42.763527
60,2,59,118,bnb_c,0.09767889976501465,True,False,0.392415972421718,True,,lfr,2026-03-10T14:36:42.965398
60,2,60,114,gurobi,0.04740786552429199,True,False,0.3910433979686067,True,,lfr,2026-03-10T14:36:43.125463
60,2,60,114,bnb_c,0.09722423553466797,True,False,0.391043397968606,True,,lfr,2026-03-10T14:36:43.325959
60,2,61,108,gurobi,0.03264307975769043,True,False,0.38717421124828655,True,,lfr,2026-03-10T14:36:43.469259
60,2,61,108,bnb_c,0.08927488327026367,True,False,0.387174211248285,True,,lfr,2026-03-10T14:36:43.660732
60,2,62,126,gurobi,0.022372961044311523,True,False,0.40473041068279575,True,,lfr,2026-03-10T14:36:43.790523
60,2,62,126,bnb_c,0.09762907028198242,True,False,0.404730410682792,True,,lfr,2026-03-10T14:36:43.989979
60,2,63,113,gurobi,0.0515289306640625,True,False,0.39133839768188633,True,,lfr,2026-03-10T14:36:44.142242
60,2,63,113,bnb_c,0.09920811653137207,True,False,0.391338397681886,True,,lfr,2026-03-10T14:36:44.344496
60,2,64,102,gurobi,0.05409383773803711,True,False,0.4353613994617443,True,,lfr,2026-03-10T14:36:44.510590
60,2,64,102,bnb_c,0.0966799259185791,True,False,0.435361399461746,True,,lfr,2026-03-10T14:36:44.711840
60,2,65,121,gurobi,0.051260948181152344,True,False,0.36773444436855324,True,,lfr,2026-03-10T14:36:44.876256
60,2,65,121,bnb_c,0.10366582870483398,True,False,0.367734444368554,True,,lfr,2026-03-10T14:36:45.083010
60,2,66,106,gurobi,0.02855205535888672,True,False,0.4177643289426841,True,,lfr,2026-03-10T14:36:45.223024
60,2,66,106,bnb_c,0.09608817100524902,True,False,0.417764328942684,True,,lfr,2026-03-10T14:36:45.420847
60,2,67,112,gurobi,0.030939817428588867,True,False,0.4014269770408179,True,,lfr,2026-03-10T14:36:45.562460
60,2,67,112,bnb_c,0.10529494285583496,True,False,0.401426977040816,True,,lfr,2026-03-10T14:36:45.769947
60,2,68,107,gurobi,0.06074857711791992,True,False,0.40728447899379394,True,,lfr,2026-03-10T14:36:45.935142
60,2,68,107,bnb_c,0.0987551212310791,True,False,0.407284478993799,True,,lfr,2026-03-10T14:36:46.138605
60,2,69,99,gurobi,0.05018901824951172,True,False,0.4145495357616554,True,,lfr,2026-03-10T14:36:46.290572
60,2,69,99,bnb_c,0.09606814384460449,True,False,0.414549535761657,True,,lfr,2026-03-10T14:36:46.489831
60,2,70,117,gurobi,0.026714801788330078,True,False,0.3631017605376554,True,,lfr,2026-03-10T14:36:46.618434
60,2,70,117,bnb_c,0.09601306915283203,True,False,0.363101760537658,True,,lfr,2026-03-10T14:36:46.815978
60,2,71,112,gurobi,0.02589273452758789,True,False,0.4360650510204087,True,,lfr,2026-03-10T14:36:46.942603
60,2,71,112,bnb_c,0.09489583969116211,True,False,0.436065051020408,True,,lfr,2026-03-10T14:36:47.139515
60,2,72,112,gurobi,0.11517000198364258,True,False,0.32712850765306134,True,,lfr,2026-03-10T14:36:47.366693
60,2,72,112,bnb_c,0.10136175155639648,True,False,0.327128507653061,True,,lfr,2026-03-10T14:36:47.575476
60,2,73,111,gurobi,0.04047894477844238,True,False,0.36665043421800286,True,,lfr,2026-03-10T14:36:47.727974
60,2,73,111,bnb_c,0.10471296310424805,True,False,0.366650434218002,True,,lfr,2026-03-10T14:36:47.936032
60,2,74,127,gurobi,0.02611684799194336,True,False,0.3702647405294817,True,,lfr,2026-03-10T14:36:48.063131
60,2,74,127,bnb_c,0.1047978401184082,True,False,0.370264740529481,True,,lfr,2026-03-10T14:36:48.317610
60,2,75,114,gurobi,0.048729896545410156,True,False,0.37946291166512724,True,,lfr,2026-03-10T14:36:48.469725
60,2,75,114,bnb_c,0.09583568572998047,True,False,0.379462911665128,True,,lfr,2026-03-10T14:36:48.668354
60,2,76,120,gurobi,0.027059078216552734,True,False,0.36666666666666725,True,,lfr,2026-03-10T14:36:48.805971
60,2,76,120,bnb_c,0.09455299377441406,True,False,0.366666666666667,True,,lfr,2026-03-10T14:36:49.001986
60,2,77,125,gurobi,0.03600788116455078,True,False,0.34320000000000017,True,,lfr,2026-03-10T14:36:49.141539
60,2,77,125,bnb_c,0.10426068305969238,True,False,0.3432,True,,lfr,2026-03-10T14:36:49.346160
60,2,78,113,gurobi,0.026826858520507812,True,False,0.4026157099224674,True,,lfr,2026-03-10T14:36:49.475256
60,2,78,113,bnb_c,0.10041379928588867,True,False,0.402615709922469,True,,lfr,2026-03-10T14:36:49.676890
60,2,79,116,gurobi,0.026447057723999023,True,False,0.41483353151010705,True,,lfr,2026-03-10T14:36:49.804531
60,2,79,116,bnb_c,0.10063695907592773,True,False,0.414833531510107,True,,lfr,2026-03-10T14:36:50.006227
60,2,80,110,gurobi,0.028626203536987305,True,False,0.3586363636363627,True,,lfr,2026-03-10T14:36:50.144659
60,2,80,110,bnb_c,0.09753108024597168,True,False,0.358636363636364,True,,lfr,2026-03-10T14:36:50.343489
60,2,81,114,gurobi,0.05960798263549805,True,False,0.3733456448137884,True,,lfr,2026-03-10T14:36:50.514372
60,2,81,114,bnb_c,0.09273004531860352,True,False,0.373345644813789,True,,lfr,2026-03-10T14:36:50.711841
60,2,82,128,gurobi,0.029888153076171875,True,False,0.382049560546875,True,,lfr,2026-03-10T14:36:50.852058
60,2,82,128,bnb_c,0.1044778823852539,True,False,0.382049560546875,True,,lfr,2026-03-10T14:36:51.058645
60,2,83,106,gurobi,0.025897979736328125,True,False,0.4012103951584185,True,,lfr,2026-03-10T14:36:51.184862
60,2,83,106,bnb_c,0.1014866828918457,True,False,0.401210395158419,True,,lfr,2026-03-10T14:36:51.387542
60,2,84,109,gurobi,0.027543067932128906,True,False,0.41949330864405293,True,,lfr,2026-03-10T14:36:51.527535
60,2,84,109,bnb_c,0.10146427154541016,True,False,0.419493308644054,True,,lfr,2026-03-10T14:36:51.731659
60,2,85,118,gurobi,0.028879880905151367,True,False,0.3953964378052277,True,,lfr,2026-03-10T14:36:51.872717
60,2,85,118,bnb_c,0.09843897819519043,True,False,0.395396437805228,True,,lfr,2026-03-10T14:36:52.072682
60,2,86,107,gurobi,0.04676413536071777,True,False,0.4021311904969821,True,,lfr,2026-03-10T14:36:52.225300
60,2,86,107,bnb_c,0.09423995018005371,True,False,0.402131190496987,True,,lfr,2026-03-10T14:36:52.421978
60,2,87,117,gurobi,0.027475833892822266,True,False,0.4197896120973014,True,,lfr,2026-03-10T14:36:52.562444
60,2,87,117,bnb_c,0.10642385482788086,True,False,0.419789612097304,True,,lfr,2026-03-10T14:36:52.770139
60,2,88,115,gurobi,0.03379201889038086,True,False,0.3989035916824213,True,,lfr,2026-03-10T14:36:52.911869
60,2,88,115,bnb_c,0.10330486297607422,True,False,0.39890359168242,True,,lfr,2026-03-10T14:36:53.117065
60,2,89,122,gurobi,0.05294680595397949,True,False,0.37489922063961095,True,,lfr,2026-03-10T14:36:53.272486
60,2,89,122,bnb_c,0.09502601623535156,True,False,0.374899220639613,True,,lfr,2026-03-10T14:36:53.470608
60,2,90,102,gurobi,0.030534029006958008,True,False,0.3890811226451347,True,,lfr,2026-03-10T14:36:53.610754
60,2,90,102,bnb_c,0.09246301651000977,True,False,0.389081122645137,True,,lfr,2026-03-10T14:36:53.805289
60,2,91,129,gurobi,0.023500680923461914,True,False,0.42915089237425674,True,,lfr,2026-03-10T14:36:53.934193
60,2,91,129,bnb_c,0.10066604614257812,True,False,0.429150892374256,True,,lfr,2026-03-10T14:36:54.135582
60,2,92,97,gurobi,0.028157949447631836,True,False,0.39557870124349154,True,,lfr,2026-03-10T14:36:54.276316
60,2,92,97,bnb_c,0.08931303024291992,True,False,0.39557870124349,True,,lfr,2026-03-10T14:36:54.467790
60,2,93,111,gurobi,0.028903961181640625,True,False,0.40731271812352887,True,,lfr,2026-03-10T14:36:54.596005
60,2,93,111,bnb_c,0.0977640151977539,True,False,0.407312718123529,True,,lfr,2026-03-10T14:36:54.795246
60,2,94,111,gurobi,0.03602790832519531,True,False,0.38142196250304383,True,,lfr,2026-03-10T14:36:54.936780
60,2,94,111,bnb_c,0.09907293319702148,True,False,0.381421962503044,True,,lfr,2026-03-10T14:36:55.138219
60,2,95,108,gurobi,0.039830684661865234,True,False,0.3686556927297667,True,,lfr,2026-03-10T14:36:55.281507
60,2,95,108,bnb_c,0.09841585159301758,True,False,0.368655692729767,True,,lfr,2026-03-10T14:36:55.483101
60,2,96,109,gurobi,0.044550180435180664,True,False,0.3988721488090213,True,,lfr,2026-03-10T14:36:55.635399
60,2,96,109,bnb_c,0.0975799560546875,True,False,0.398872148809023,True,,lfr,2026-03-10T14:36:55.835451
60,2,97,96,gurobi,0.029562950134277344,True,False,0.3810221354166659,True,,lfr,2026-03-10T14:36:55.974733
60,2,97,96,bnb_c,0.09406304359436035,True,False,0.381022135416667,True,,lfr,2026-03-10T14:36:56.172010
60,2,98,95,gurobi,0.02037811279296875,True,False,0.4788919667590036,True,,lfr,2026-03-10T14:36:56.300940
60,2,98,95,bnb_c,0.09917807579040527,True,False,0.478891966759003,True,,lfr,2026-03-10T14:36:56.500696
60,2,99,116,gurobi,0.024106979370117188,True,False,0.4131985731272301,True,,lfr,2026-03-10T14:36:56.629377
60,2,99,116,bnb_c,0.09515190124511719,True,False,0.41319857312723,True,,lfr,2026-03-10T14:36:56.825741
80,2,0,140,gurobi,0.13153290748596191,True,False,0.4197959183673511,True,,lfr,2026-03-10T14:36:57.065432
80,2,0,140,bnb_c,0.17033100128173828,True,False,0.419795918367347,True,,lfr,2026-03-10T14:36:57.344512
80,2,1,156,gurobi,0.08437204360961914,True,False,0.4114069690992827,True,,lfr,2026-03-10T14:36:57.535172
80,2,1,156,bnb_c,0.1567220687866211,True,False,0.411406969099277,True,,lfr,2026-03-10T14:36:57.798928
80,2,2,169,gurobi,0.04360485076904297,True,False,0.4226742761107789,True,,lfr,2026-03-10T14:36:57.952140
80,2,2,169,bnb_c,0.1550462245941162,True,False,0.422674276110781,True,,lfr,2026-03-10T14:36:58.209397
80,2,3,163,gurobi,0.10105228424072266,True,False,0.3778087244533084,True,,lfr,2026-03-10T14:36:58.413177
80,2,3,163,bnb_c,0.15563416481018066,True,False,0.37780872445331,True,,lfr,2026-03-10T14:36:58.675546
80,2,4,155,gurobi,0.04101705551147461,True,False,0.40915712799167214,True,,lfr,2026-03-10T14:36:58.826986
80,2,4,155,bnb_c,0.16907596588134766,True,False,0.409157127991675,True,,lfr,2026-03-10T14:36:59.097961
80,2,5,143,gurobi,0.5128569602966309,True,False,0.3925864345444772,True,,lfr,2026-03-10T14:36:59.723966
80,2,5,143,bnb_c,0.15603399276733398,True,False,0.392586434544476,True,,lfr,2026-03-10T14:36:59.982769
80,2,6,171,gurobi,0.08073306083679199,True,False,0.39138538353681324,True,,lfr,2026-03-10T14:37:00.176305
80,2,6,171,bnb_c,0.1541581153869629,True,False,0.391385383536815,True,,lfr,2026-03-10T14:37:00.436565
80,2,7,151,gurobi,0.035677194595336914,True,False,0.4306170781983272,True,,lfr,2026-03-10T14:37:00.575972
80,2,7,151,bnb_c,0.16400623321533203,True,False,0.430617078198325,True,,lfr,2026-03-10T14:37:00.842484
80,2,8,145,gurobi,0.03691697120666504,True,False,0.38879904875147997,True,,lfr,2026-03-10T14:37:00.980995
80,2,8,145,bnb_c,0.1579122543334961,True,False,0.388799048751486,True,,lfr,2026-03-10T14:37:01.241985
80,2,9,152,gurobi,0.040139198303222656,True,False,0.4324575831024947,True,,lfr,2026-03-10T14:37:01.383795
80,2,9,152,bnb_c,0.16987895965576172,True,False,0.432457583102493,True,,lfr,2026-03-10T14:37:01.655832
80,2,10,142,gurobi,0.14391517639160156,True,False,0.40745883753224155,True,,lfr,2026-03-10T14:37:01.909783
80,2,10,142,bnb_c,0.15104198455810547,True,False,0.407458837532236,True,,lfr,2026-03-10T14:37:02.167990
80,2,11,168,gurobi,0.09038591384887695,True,False,0.3849206349206339,True,,lfr,2026-03-10T14:37:02.371724
80,2,11,168,bnb_c,0.159959077835083,True,False,0.384920634920635,True,,lfr,2026-03-10T14:37:02.638260
80,2,12,163,gurobi,0.2226858139038086,True,False,0.41324475892957746,True,,lfr,2026-03-10T14:37:02.969071
80,2,12,163,bnb_c,0.1742417812347412,True,False,0.41324475892958,True,,lfr,2026-03-10T14:37:03.244986
80,2,13,165,gurobi,0.06603884696960449,True,False,0.41761248852157706,True,,lfr,2026-03-10T14:37:03.413138
80,2,13,165,bnb_c,0.1579439640045166,True,False,0.417612488521579,True,,lfr,2026-03-10T14:37:03.674700
80,2,14,157,gurobi,0.10375189781188965,True,False,0.39076635969005036,True,,lfr,2026-03-10T14:37:03.888812
80,2,14,157,bnb_c,0.16084790229797363,True,False,0.390766359690048,True,,lfr,2026-03-10T14:37:04.157452
80,2,15,160,gurobi,0.1928858757019043,True,False,0.38748046874999736,True,,lfr,2026-03-10T14:37:04.458306
80,2,15,160,bnb_c,0.15745115280151367,True,False,0.38748046875,True,,lfr,2026-03-10T14:37:04.719571
80,2,16,153,gurobi,0.055442094802856445,True,False,0.4408987996069847,True,,lfr,2026-03-10T14:37:04.891314
80,2,16,153,bnb_c,0.1809849739074707,True,False,0.440898799606989,True,,lfr,2026-03-10T14:37:05.175182
80,2,17,154,gurobi,0.17718505859375,True,False,0.3932998819362386,True,,lfr,2026-03-10T14:37:05.460966
80,2,17,154,bnb_c,0.1464247703552246,True,False,0.393299881936246,True,,lfr,2026-03-10T14:37:05.713465
80,2,18,142,gurobi,0.054999589920043945,True,False,0.3978377306090085,True,,lfr,2026-03-10T14:37:05.884710
80,2,18,142,bnb_c,0.15451288223266602,True,False,0.397837730609006,True,,lfr,2026-03-10T14:37:06.143562
80,2,19,146,gurobi,0.13350462913513184,True,False,0.4262291236629806,True,,lfr,2026-03-10T14:37:06.384108
80,2,19,146,bnb_c,0.15838098526000977,True,False,0.426229123662976,True,,lfr,2026-03-10T14:37:06.648805
80,2,20,144,gurobi,0.16542720794677734,True,False,0.4129774305555526,True,,lfr,2026-03-10T14:37:06.929211
80,2,20,144,bnb_c,0.15515613555908203,True,False,0.412977430555556,True,,lfr,2026-03-10T14:37:07.191044
80,2,21,167,gurobi,0.05359792709350586,True,False,0.40496253002976,True,,lfr,2026-03-10T14:37:07.350544
80,2,21,167,bnb_c,0.1590418815612793,True,False,0.404962530029761,True,,lfr,2026-03-10T14:37:07.613477
80,2,22,159,gurobi,0.16619420051574707,True,False,0.3916973220995957,True,,lfr,2026-03-10T14:37:07.890250
80,2,22,159,bnb_c,0.1619720458984375,True,False,0.391697322099601,True,,lfr,2026-03-10T14:37:08.160105
80,2,23,150,gurobi,0.14446115493774414,True,False,0.35564444444444154,True,,lfr,2026-03-10T14:37:08.416925
80,2,23,150,bnb_c,0.16307616233825684,True,False,0.355644444444444,True,,lfr,2026-03-10T14:37:08.688654
80,2,24,158,gurobi,0.07279491424560547,True,False,0.39352667841691974,True,,lfr,2026-03-10T14:37:08.866205
80,2,24,158,bnb_c,0.15740203857421875,True,False,0.39352667841692,True,,lfr,2026-03-10T14:37:09.129519
80,2,25,174,gurobi,0.06101202964782715,True,False,0.39655172413792955,True,,lfr,2026-03-10T14:37:09.294316
80,2,25,174,bnb_c,0.16420507431030273,True,False,0.396551724137931,True,,lfr,2026-03-10T14:37:09.563158
80,2,26,149,gurobi,0.2752339839935303,True,False,0.39426151975136375,True,,lfr,2026-03-10T14:37:09.952239
80,2,26,149,bnb_c,0.1569967269897461,True,False,0.394261519751363,True,,lfr,2026-03-10T14:37:10.211960
80,2,27,166,gurobi,0.036685943603515625,True,False,0.41515459428073404,True,,lfr,2026-03-10T14:37:10.356839
80,2,27,166,bnb_c,0.15912699699401855,True,False,0.415154594280737,True,,lfr,2026-03-10T14:37:10.618216
80,2,28,154,gurobi,0.10010814666748047,True,False,0.40698262776184385,True,,lfr,2026-03-10T14:37:10.820871
80,2,28,154,bnb_c,0.1599442958831787,True,False,0.406982627761849,True,,lfr,2026-03-10T14:37:11.086746
80,2,29,161,gurobi,0.6435999870300293,True,False,0.3870799737664456,True,,lfr,2026-03-10T14:37:11.838348
80,2,29,161,bnb_c,0.16962003707885742,True,False,0.387079973766444,True,,lfr,2026-03-10T14:37:12.112340
80,2,30,142,gurobi,0.14124488830566406,True,False,0.41450109105336225,True,,lfr,2026-03-10T14:37:12.367783
80,2,30,142,bnb_c,0.15031814575195312,True,False,0.414501091053362,True,,lfr,2026-03-10T14:37:12.626641
80,2,31,142,gurobi,0.04108095169067383,True,False,0.43461118825630146,True,,lfr,2026-03-10T14:37:12.781206
80,2,31,142,bnb_c,0.15863513946533203,True,False,0.434611188256298,True,,lfr,2026-03-10T14:37:13.043699
80,2,32,152,gurobi,0.048625946044921875,True,False,0.41516620498615064,True,,lfr,2026-03-10T14:37:13.198160
80,2,32,152,bnb_c,0.15894818305969238,True,False,0.41516620498615,True,,lfr,2026-03-10T14:37:13.460490
80,2,33,156,gurobi,0.1482858657836914,True,False,0.3985864562787694,True,,lfr,2026-03-10T14:37:13.713552
80,2,33,156,bnb_c,0.16344594955444336,True,False,0.398586456278764,True,,lfr,2026-03-10T14:37:13.986132
80,2,34,161,gurobi,0.04842710494995117,True,False,0.4164769877705362,True,,lfr,2026-03-10T14:37:14.141216
80,2,34,161,bnb_c,0.1483149528503418,True,False,0.416476987770534,True,,lfr,2026-03-10T14:37:14.393979
80,2,35,149,gurobi,0.1454482078552246,True,False,0.4052970586910511,True,,lfr,2026-03-10T14:37:14.647889
80,2,35,149,bnb_c,0.15568804740905762,True,False,0.40529705869105,True,,lfr,2026-03-10T14:37:14.911792
80,2,36,166,gurobi,0.03877377510070801,True,False,0.4084591377558411,True,,lfr,2026-03-10T14:37:15.057333
80,2,36,166,bnb_c,0.16828012466430664,True,False,0.408459137755843,True,,lfr,2026-03-10T14:37:15.327969
80,2,37,144,gurobi,0.1232290267944336,True,False,0.37478298611111016,True,,lfr,2026-03-10T14:37:15.558948
80,2,37,144,bnb_c,0.15455007553100586,True,False,0.374782986111111,True,,lfr,2026-03-10T14:37:15.821647
80,2,38,163,gurobi,0.11278676986694336,True,False,0.39448229139222163,True,,lfr,2026-03-10T14:37:16.052313
80,2,38,163,bnb_c,0.1613459587097168,True,False,0.394482291392224,True,,lfr,2026-03-10T14:37:16.321454
80,2,39,148,gurobi,0.07901597023010254,True,False,0.39800949598246727,True,,lfr,2026-03-10T14:37:16.514202
80,2,39,148,bnb_c,0.16202712059020996,True,False,0.398009495982469,True,,lfr,2026-03-10T14:37:16.782122
80,2,40,128,gurobi,0.03853583335876465,True,False,0.45654296875,True,,lfr,2026-03-10T14:37:16.934332
80,2,40,128,bnb_c,0.1600961685180664,True,False,0.45654296875,True,,lfr,2026-03-10T14:37:17.196330
80,2,41,152,gurobi,0.07600784301757812,True,False,0.3860803324099738,True,,lfr,2026-03-10T14:37:17.373847
80,2,41,152,bnb_c,0.15050029754638672,True,False,0.386080332409972,True,,lfr,2026-03-10T14:37:17.629272
80,2,42,150,gurobi,0.03436613082885742,True,False,0.39964444444443975,True,,lfr,2026-03-10T14:37:17.771628
80,2,42,150,bnb_c,0.16601920127868652,True,False,0.399644444444445,True,,lfr,2026-03-10T14:37:18.039585
80,2,43,136,gurobi,0.03848099708557129,True,False,0.42406466262975573,True,,lfr,2026-03-10T14:37:18.220661
80,2,43,136,bnb_c,0.17052316665649414,True,False,0.424064662629758,True,,lfr,2026-03-10T14:37:18.494721
80,2,44,159,gurobi,0.08346128463745117,True,False,0.40558126656381716,True,,lfr,2026-03-10T14:37:18.683800
80,2,44,159,bnb_c,0.17019891738891602,True,False,0.405581266563823,True,,lfr,2026-03-10T14:37:18.959172
80,2,45,166,gurobi,0.04697895050048828,True,False,0.4215234431702686,True,,lfr,2026-03-10T14:37:19.111994
80,2,45,166,bnb_c,0.1668410301208496,True,False,0.421523443170272,True,,lfr,2026-03-10T14:37:19.379948
80,2,46,159,gurobi,0.09231090545654297,True,False,0.40160594913175734,True,,lfr,2026-03-10T14:37:19.582915
80,2,46,159,bnb_c,0.1632859706878662,True,False,0.401605949131759,True,,lfr,2026-03-10T14:37:19.851555
80,2,47,161,gurobi,0.16019129753112793,True,False,0.4018942170440952,True,,lfr,2026-03-10T14:37:20.114098
80,2,47,161,bnb_c,0.17293381690979004,True,False,0.401894217044096,True,,lfr,2026-03-10T14:37:20.393840
80,2,48,157,gurobi,0.15087413787841797,True,False,0.39644610329019886,True,,lfr,2026-03-10T14:37:20.664525
80,2,48,157,bnb_c,0.16411328315734863,True,False,0.396446103290194,True,,lfr,2026-03-10T14:37:20.936629
80,2,49,152,gurobi,0.05439400672912598,True,False,0.41843403739612456,True,,lfr,2026-03-10T14:37:21.103372
80,2,49,152,bnb_c,0.15571999549865723,True,False,0.418434037396122,True,,lfr,2026-03-10T14:37:21.364497
80,2,50,146,gurobi,0.09429192543029785,True,False,0.40195158566335226,True,,lfr,2026-03-10T14:37:21.569523
80,2,50,146,bnb_c,0.15596294403076172,True,False,0.401951585663352,True,,lfr,2026-03-10T14:37:21.831379
80,2,51,154,gurobi,0.19658303260803223,True,False,0.3730814639905478,True,,lfr,2026-03-10T14:37:22.134892
80,2,51,154,bnb_c,0.15947294235229492,True,False,0.373081463990555,True,,lfr,2026-03-10T14:37:22.398680
80,2,52,166,gurobi,0.03676581382751465,True,False,0.42413630425315424,True,,lfr,2026-03-10T14:37:22.543217
80,2,52,166,bnb_c,0.15930485725402832,True,False,0.424136304253157,True,,lfr,2026-03-10T14:37:22.805508
80,2,53,151,gurobi,0.037989139556884766,True,False,0.436691373185392,True,,lfr,2026-03-10T14:37:22.947488
80,2,53,151,bnb_c,0.14818477630615234,True,False,0.436691373185387,True,,lfr,2026-03-10T14:37:23.197736
80,2,54,135,gurobi,0.033976078033447266,True,False,0.4332235939643329,True,,lfr,2026-03-10T14:37:23.338128
80,2,54,135,bnb_c,0.1610119342803955,True,False,0.433223593964335,True,,lfr,2026-03-10T14:37:23.602189
80,2,55,166,gurobi,0.03739500045776367,True,False,0.4205254753955586,True,,lfr,2026-03-10T14:37:23.744566
80,2,55,166,bnb_c,0.1770308017730713,True,False,0.420525475395558,True,,lfr,2026-03-10T14:37:24.023314
80,2,56,173,gurobi,0.19770002365112305,True,False,0.3934645327274546,True,,lfr,2026-03-10T14:37:24.334872
80,2,56,173,bnb_c,0.16912102699279785,True,False,0.393464532727455,True,,lfr,2026-03-10T14:37:24.607982
80,2,57,175,gurobi,0.04510307312011719,True,False,0.39346938775510154,True,,lfr,2026-03-10T14:37:24.761639
80,2,57,175,bnb_c,0.15993285179138184,True,False,0.393469387755102,True,,lfr,2026-03-10T14:37:25.024999
80,2,58,138,gurobi,0.1430208683013916,True,False,0.3819313169502228,True,,lfr,2026-03-10T14:37:25.279930
80,2,58,138,bnb_c,0.16441822052001953,True,False,0.381931316950221,True,,lfr,2026-03-10T14:37:25.553078
80,2,59,162,gurobi,0.19473719596862793,True,False,0.3584628867550716,True,,lfr,2026-03-10T14:37:25.857138
80,2,59,162,bnb_c,0.1643660068511963,True,False,0.358462886755068,True,,lfr,2026-03-10T14:37:26.126475
80,2,60,146,gurobi,0.054847002029418945,True,False,0.40645524488647133,True,,lfr,2026-03-10T14:37:26.326046
80,2,60,146,bnb_c,0.16381597518920898,True,False,0.40645524488647,True,,lfr,2026-03-10T14:37:26.596024
80,2,61,163,gurobi,0.2782599925994873,True,False,0.3934660694794679,True,,lfr,2026-03-10T14:37:26.980220
80,2,61,163,bnb_c,0.1622469425201416,True,False,0.393466069479469,True,,lfr,2026-03-10T14:37:27.245046
80,2,62,155,gurobi,0.03782296180725098,True,False,0.3889906347554606,True,,lfr,2026-03-10T14:37:27.390289
80,2,62,155,bnb_c,0.16399788856506348,True,False,0.388990634755463,True,,lfr,2026-03-10T14:37:27.657103
80,2,63,150,gurobi,0.27755188941955566,True,False,0.39777777777777307,True,,lfr,2026-03-10T14:37:28.046563
80,2,63,150,bnb_c,0.16556096076965332,True,False,0.397777777777778,True,,lfr,2026-03-10T14:37:28.316251
80,2,64,132,gurobi,0.040843963623046875,True,False,0.4455635904499627,True,,lfr,2026-03-10T14:37:28.472913
80,2,64,132,bnb_c,0.15792632102966309,True,False,0.445563590449954,True,,lfr,2026-03-10T14:37:28.734178
80,2,65,154,gurobi,0.03703498840332031,True,False,0.4284870973182596,True,,lfr,2026-03-10T14:37:28.874063
80,2,65,154,bnb_c,0.16370320320129395,True,False,0.428487097318266,True,,lfr,2026-03-10T14:37:29.140097
80,2,66,147,gurobi,0.07451891899108887,True,False,0.4319727891156416,True,,lfr,2026-03-10T14:37:29.320289
80,2,66,147,bnb_c,0.161224365234375,True,False,0.431972789115646,True,,lfr,2026-03-10T14:37:29.586434
80,2,67,143,gurobi,0.030632972717285156,True,False,0.4431757054134649,True,,lfr,2026-03-10T14:37:29.727093
80,2,67,143,bnb_c,0.17637991905212402,True,False,0.443175705413468,True,,lfr,2026-03-10T14:37:30.005197
80,2,68,162,gurobi,0.2038862705230713,True,False,0.3906988263984177,True,,lfr,2026-03-10T14:37:30.320614
80,2,68,162,bnb_c,0.16150403022766113,True,False,0.390698826398415,True,,lfr,2026-03-10T14:37:30.584698
80,2,69,150,gurobi,0.03946495056152344,True,False,0.41944444444444157,True,,lfr,2026-03-10T14:37:30.729603
80,2,69,150,bnb_c,0.17605185508728027,True,False,0.419444444444445,True,,lfr,2026-03-10T14:37:31.009047
80,2,70,147,gurobi,0.03915715217590332,True,False,0.42528576056272593,True,,lfr,2026-03-10T14:37:31.149390
80,2,70,147,bnb_c,0.14928197860717773,True,False,0.425285760562729,True,,lfr,2026-03-10T14:37:31.401376
80,2,71,141,gurobi,0.1113731861114502,True,False,0.41690558825008717,True,,lfr,2026-03-10T14:37:31.616614
80,2,71,141,bnb_c,0.1584482192993164,True,False,0.416905588250088,True,,lfr,2026-03-10T14:37:31.885392
80,2,72,178,gurobi,0.08366012573242188,True,False,0.36769347304633043,True,,lfr,2026-03-10T14:37:32.081700
80,2,72,178,bnb_c,0.1712019443511963,True,False,0.367693473046333,True,,lfr,2026-03-10T14:37:32.359465
80,2,73,161,gurobi,0.10737109184265137,True,False,0.4154546506693443,True,,lfr,2026-03-10T14:37:32.577211
80,2,73,161,bnb_c,0.15761303901672363,True,False,0.415454650669342,True,,lfr,2026-03-10T14:37:32.842034
80,2,74,190,gurobi,0.07570695877075195,True,False,0.38648199445983333,True,,lfr,2026-03-10T14:37:33.020784
80,2,74,190,bnb_c,0.17212891578674316,True,False,0.386481994459834,True,,lfr,2026-03-10T14:37:33.299065
80,2,75,163,gurobi,0.27196383476257324,True,False,0.395630245775152,True,,lfr,2026-03-10T14:37:33.673084
80,2,75,163,bnb_c,0.14939117431640625,True,False,0.395630245775151,True,,lfr,2026-03-10T14:37:33.925217
80,2,76,153,gurobi,0.11506915092468262,True,False,0.3907257892263633,True,,lfr,2026-03-10T14:37:34.154443
80,2,76,153,bnb_c,0.17870473861694336,True,False,0.390725789226366,True,,lfr,2026-03-10T14:37:34.441888
80,2,77,149,gurobi,0.03270602226257324,True,False,0.4258141525156538,True,,lfr,2026-03-10T14:37:34.582244
80,2,77,149,bnb_c,0.16743183135986328,True,False,0.425814152515653,True,,lfr,2026-03-10T14:37:34.852620
80,2,78,161,gurobi,0.29450321197509766,True,False,0.3890667798310248,True,,lfr,2026-03-10T14:37:35.251516
80,2,78,161,bnb_c,0.1743168830871582,True,False,0.389066779831025,True,,lfr,2026-03-10T14:37:35.531345
80,2,79,179,gurobi,0.08512496948242188,True,False,0.40437252270528246,True,,lfr,2026-03-10T14:37:35.724211
80,2,79,179,bnb_c,0.15788865089416504,True,False,0.404372522705284,True,,lfr,2026-03-10T14:37:35.989317
80,2,80,137,gurobi,0.07843685150146484,True,False,0.4360115083382167,True,,lfr,2026-03-10T14:37:36.180640
80,2,80,137,bnb_c,0.15996003150939941,True,False,0.436011508338217,True,,lfr,2026-03-10T14:37:36.447111
80,2,81,139,gurobi,0.17428088188171387,True,False,0.4048185911702299,True,,lfr,2026-03-10T14:37:36.728727
80,2,81,139,bnb_c,0.15659093856811523,True,False,0.404818591170229,True,,lfr,2026-03-10T14:37:36.991348
80,2,82,155,gurobi,0.06568622589111328,True,False,0.4412903225806422,True,,lfr,2026-03-10T14:37:37.171841
80,2,82,155,bnb_c,0.1683659553527832,True,False,0.441290322580645,True,,lfr,2026-03-10T14:37:37.445874
80,2,83,157,gurobi,0.035431861877441406,True,False,0.42701529473812827,True,,lfr,2026-03-10T14:37:37.588286
80,2,83,157,bnb_c,0.17659306526184082,True,False,0.427015294738123,True,,lfr,2026-03-10T14:37:37.866757
80,2,84,186,gurobi,0.03809380531311035,True,False,0.37593941496127053,True,,lfr,2026-03-10T14:37:38.009731
80,2,84,186,bnb_c,0.17460083961486816,True,False,0.375939414961267,True,,lfr,2026-03-10T14:37:38.286443
80,2,85,168,gurobi,0.058259010314941406,True,False,0.4044784580498879,True,,lfr,2026-03-10T14:37:38.452480
80,2,85,168,bnb_c,0.1514148712158203,True,False,0.404478458049887,True,,lfr,2026-03-10T14:37:38.708479
80,2,86,148,gurobi,0.06577301025390625,True,False,0.4156318480642787,True,,lfr,2026-03-10T14:37:38.876400
80,2,86,148,bnb_c,0.15916800498962402,True,False,0.415631848064281,True,,lfr,2026-03-10T14:37:39.140950
80,2,87,141,gurobi,0.04617810249328613,True,False,0.42198581560283616,True,,lfr,2026-03-10T14:37:39.294626
80,2,87,141,bnb_c,0.16798901557922363,True,False,0.421985815602837,True,,lfr,2026-03-10T14:37:39.565658
80,2,88,196,gurobi,0.051217079162597656,True,False,0.37649677217825295,True,,lfr,2026-03-10T14:37:39.721122
80,2,88,196,bnb_c,0.16080260276794434,True,False,0.376496772178259,True,,lfr,2026-03-10T14:37:39.986777
80,2,89,151,gurobi,0.05649304389953613,True,False,0.3980746458488682,True,,lfr,2026-03-10T14:37:40.154626
80,2,89,151,bnb_c,0.15387415885925293,True,False,0.398074645848866,True,,lfr,2026-03-10T14:37:40.414141
80,2,90,141,gurobi,0.16175603866577148,True,False,0.37203862984759234,True,,lfr,2026-03-10T14:37:40.681137
80,2,90,141,bnb_c,0.155167818069458,True,False,0.372038629847593,True,,lfr,2026-03-10T14:37:40.944602
80,2,91,156,gurobi,0.048101186752319336,True,False,0.39149819197896496,True,,lfr,2026-03-10T14:37:41.101303
80,2,91,156,bnb_c,0.15287494659423828,True,False,0.391498191978961,True,,lfr,2026-03-10T14:37:41.357215
80,2,92,153,gurobi,0.08214092254638672,True,False,0.41503267973856217,True,,lfr,2026-03-10T14:37:41.550040
80,2,92,153,bnb_c,0.17345905303955078,True,False,0.415032679738562,True,,lfr,2026-03-10T14:37:41.830585
80,2,93,144,gurobi,0.032601118087768555,True,False,0.4442274305555537,True,,lfr,2026-03-10T14:37:41.970169
80,2,93,144,bnb_c,0.1510460376739502,True,False,0.444227430555556,True,,lfr,2026-03-10T14:37:42.224439
80,2,94,158,gurobi,0.08438777923583984,True,False,0.3945481493350406,True,,lfr,2026-03-10T14:37:42.415136
80,2,94,158,bnb_c,0.16489195823669434,True,False,0.394548149335043,True,,lfr,2026-03-10T14:37:42.687316
80,2,95,162,gurobi,0.37689876556396484,True,False,0.38286846517299533,True,,lfr,2026-03-10T14:37:43.171715
80,2,95,162,bnb_c,0.16618084907531738,True,False,0.382868465172992,True,,lfr,2026-03-10T14:37:43.442027
80,2,96,142,gurobi,0.04326987266540527,True,False,0.41358361436223223,True,,lfr,2026-03-10T14:37:43.600996
80,2,96,142,bnb_c,0.16922903060913086,True,False,0.41358361436223,True,,lfr,2026-03-10T14:37:43.873519
80,2,97,133,gurobi,0.03904986381530762,True,False,0.4698965458759716,True,,lfr,2026-03-10T14:37:44.016840
80,2,97,133,bnb_c,0.1596999168395996,True,False,0.469896545875968,True,,lfr,2026-03-10T14:37:44.278660
80,2,98,134,gurobi,0.04511594772338867,True,False,0.42537313432836277,True,,lfr,2026-03-10T14:37:44.431897
80,2,98,134,bnb_c,0.17348098754882812,True,False,0.425373134328358,True,,lfr,2026-03-10T14:37:44.709105
80,2,99,171,gurobi,0.1992020606994629,True,False,0.3817413905133206,True,,lfr,2026-03-10T14:37:45.014065
80,2,99,171,bnb_c,0.16664695739746094,True,False,0.38174139051332,True,,lfr,2026-03-10T14:37:45.286000
100,2,0,179,gurobi,0.10419201850891113,True,False,0.43394400923816623,True,,lfr,2026-03-10T14:37:45.508217
100,2,0,179,bnb_c,0.23803400993347168,True,False,0.433944009238164,True,,lfr,2026-03-10T14:37:45.854762
100,2,1,216,gurobi,1.034837007522583,True,False,0.38219092935528287,True,,lfr,2026-03-10T14:37:46.995900
100,2,1,216,bnb_c,0.2910490036010742,True,False,0.382190929355281,True,,lfr,2026-03-10T14:37:47.389335
100,2,2,201,gurobi,0.331928014755249,True,False,0.41496497611444844,True,,lfr,2026-03-10T14:37:47.829252
100,2,2,201,bnb_c,0.2422959804534912,True,False,0.414964976114453,True,,lfr,2026-03-10T14:37:48.172439
100,2,3,191,gurobi,0.16055512428283691,True,False,0.42785285491077674,True,,lfr,2026-03-10T14:37:48.448917
100,2,3,191,bnb_c,0.25232410430908203,True,False,0.427852854910775,True,,lfr,2026-03-10T14:37:48.806941
100,2,4,192,gurobi,0.0760948657989502,True,False,0.41035970052083565,True,,lfr,2026-03-10T14:37:48.988343
100,2,4,192,bnb_c,0.2659730911254883,True,False,0.410359700520833,True,,lfr,2026-03-10T14:37:49.361736
100,2,5,190,gurobi,0.29245495796203613,True,False,0.4041551246537322,True,,lfr,2026-03-10T14:37:49.762366
100,2,5,190,bnb_c,0.26039576530456543,True,False,0.40415512465374,True,,lfr,2026-03-10T14:37:50.126753
100,2,6,217,gurobi,0.18444180488586426,True,False,0.4063263182484216,True,,lfr,2026-03-10T14:37:50.419574
100,2,6,217,bnb_c,0.2651641368865967,True,False,0.406326318248423,True,,lfr,2026-03-10T14:37:50.790062
100,2,7,193,gurobi,0.20311379432678223,True,False,0.42285698944938005,True,,lfr,2026-03-10T14:37:51.098515
100,2,7,193,bnb_c,0.24587297439575195,True,False,0.422856989449381,True,,lfr,2026-03-10T14:37:51.449550
100,2,8,210,gurobi,0.10326719284057617,True,False,0.43219954648525905,True,,lfr,2026-03-10T14:37:51.655901
100,2,8,210,bnb_c,0.2571721076965332,True,False,0.432199546485261,True,,lfr,2026-03-10T14:37:52.021727
100,2,9,220,gurobi,0.970771074295044,True,False,0.4023863636363626,True,,lfr,2026-03-10T14:37:53.105130
100,2,9,220,bnb_c,0.27997612953186035,True,False,0.402386363636364,True,,lfr,2026-03-10T14:37:53.489125
100,2,10,173,gurobi,0.11506104469299316,True,False,0.4158007283905245,True,,lfr,2026-03-10T14:37:53.711972
100,2,10,173,bnb_c,0.2497410774230957,True,False,0.415800728390524,True,,lfr,2026-03-10T14:37:54.071699
100,2,11,196,gurobi,0.10218524932861328,True,False,0.4482377134527188,True,,lfr,2026-03-10T14:37:54.277179
100,2,11,196,bnb_c,0.24800825119018555,True,False,0.448237713452728,True,,lfr,2026-03-10T14:37:54.634748
100,2,12,197,gurobi,0.27446627616882324,True,False,0.41302275245433534,True,,lfr,2026-03-10T14:37:55.023912
100,2,12,197,bnb_c,0.27007603645324707,True,False,0.413022752454328,True,,lfr,2026-03-10T14:37:55.397126
100,2,13,201,gurobi,0.1367790699005127,True,False,0.3971065072646698,True,,lfr,2026-03-10T14:37:55.640323
100,2,13,201,bnb_c,0.2504739761352539,True,False,0.397106507264672,True,,lfr,2026-03-10T14:37:55.999057
100,2,14,195,gurobi,0.08154106140136719,True,False,0.41276791584484124,True,,lfr,2026-03-10T14:37:56.191967
100,2,14,195,bnb_c,0.23791813850402832,True,False,0.412767915844839,True,,lfr,2026-03-10T14:37:56.537760
100,2,15,187,gurobi,0.7409200668334961,True,False,0.40687466041351594,True,,lfr,2026-03-10T14:37:57.386526
100,2,15,187,bnb_c,0.26439499855041504,True,False,0.406874660413509,True,,lfr,2026-03-10T14:37:57.755421
100,2,16,200,gurobi,0.13407683372497559,True,False,0.4171875000000098,True,,lfr,2026-03-10T14:37:57.999133
100,2,16,200,bnb_c,0.2517812252044678,True,False,0.4171875,True,,lfr,2026-03-10T14:37:58.359315
100,2,17,189,gurobi,0.18007326126098633,True,False,0.40539178634417655,True,,lfr,2026-03-10T14:37:58.651518
100,2,17,189,bnb_c,0.23266983032226562,True,False,0.405391786344168,True,,lfr,2026-03-10T14:37:58.988491
100,2,18,188,gurobi,0.11054086685180664,True,False,0.4246123811679481,True,,lfr,2026-03-10T14:37:59.205456
100,2,18,188,bnb_c,0.2629859447479248,True,False,0.424612381167949,True,,lfr,2026-03-10T14:37:59.578491
100,2,19,193,gurobi,0.09166717529296875,True,False,0.42838733925742717,True,,lfr,2026-03-10T14:37:59.784913
100,2,19,193,bnb_c,0.23754596710205078,True,False,0.42838733925743,True,,lfr,2026-03-10T14:38:00.132083
100,2,20,186,gurobi,0.28034210205078125,True,False,0.38748699271592385,True,,lfr,2026-03-10T14:38:00.520935
100,2,20,186,bnb_c,0.2470259666442871,True,False,0.387486992715921,True,,lfr,2026-03-10T14:38:00.871577
100,2,21,194,gurobi,0.6467559337615967,True,False,0.4044000425124943,True,,lfr,2026-03-10T14:38:01.632263
100,2,21,194,bnb_c,0.299835205078125,True,False,0.404400042512488,True,,lfr,2026-03-10T14:38:02.037957
100,2,22,189,gurobi,0.4475369453430176,True,False,0.3994569021024142,True,,lfr,2026-03-10T14:38:02.601544
100,2,22,189,bnb_c,0.25414180755615234,True,False,0.399456902102405,True,,lfr,2026-03-10T14:38:02.960810
100,2,23,193,gurobi,0.2831258773803711,True,False,0.39637305699481473,True,,lfr,2026-03-10T14:38:03.355484
100,2,23,193,bnb_c,0.24672818183898926,True,False,0.396373056994819,True,,lfr,2026-03-10T14:38:03.704935
100,2,24,196,gurobi,0.06083369255065918,True,False,0.43367346938774487,True,,lfr,2026-03-10T14:38:03.875277
100,2,24,196,bnb_c,0.25707483291625977,True,False,0.433673469387755,True,,lfr,2026-03-10T14:38:04.238195
100,2,25,181,gurobi,0.7262470722198486,True,False,0.3784377766246511,True,,lfr,2026-03-10T14:38:05.073608
100,2,25,181,bnb_c,0.22479510307312012,True,False,0.378437776624645,True,,lfr,2026-03-10T14:38:05.400520
100,2,26,203,gurobi,0.25213193893432617,True,False,0.3958601276420176,True,,lfr,2026-03-10T14:38:05.767849
100,2,26,203,bnb_c,0.25712108612060547,True,False,0.39586012764202,True,,lfr,2026-03-10T14:38:06.128853
100,2,27,209,gurobi,0.10172104835510254,True,False,0.3946338224857478,True,,lfr,2026-03-10T14:38:06.335163
100,2,27,209,bnb_c,0.24477005004882812,True,False,0.394633822485749,True,,lfr,2026-03-10T14:38:06.690826
100,2,28,198,gurobi,0.22186613082885742,True,False,0.41795480053056006,True,,lfr,2026-03-10T14:38:07.016937
100,2,28,198,bnb_c,0.2344677448272705,True,False,0.417954800530558,True,,lfr,2026-03-10T14:38:07.353221
100,2,29,189,gurobi,0.17106103897094727,True,False,0.41646370482350226,True,,lfr,2026-03-10T14:38:07.636058
100,2,29,189,bnb_c,0.25049304962158203,True,False,0.416463704823493,True,,lfr,2026-03-10T14:38:07.993377
100,2,30,213,gurobi,0.08845901489257812,True,False,0.42206131940312264,True,,lfr,2026-03-10T14:38:08.194319
100,2,30,213,bnb_c,0.26106882095336914,True,False,0.422061319403117,True,,lfr,2026-03-10T14:38:08.565050
100,2,31,182,gurobi,0.07748699188232422,True,False,0.4119520589300799,True,,lfr,2026-03-10T14:38:08.757722
100,2,31,182,bnb_c,0.26277780532836914,True,False,0.411952058930081,True,,lfr,2026-03-10T14:38:09.128734
100,2,32,214,gurobi,0.04945516586303711,True,False,0.44038780679535405,True,,lfr,2026-03-10T14:38:09.286322
100,2,32,214,bnb_c,0.22226500511169434,True,False,0.440387806795353,True,,lfr,2026-03-10T14:38:09.615848
100,2,33,182,gurobi,0.049143075942993164,True,False,0.44451153242361907,True,,lfr,2026-03-10T14:38:09.769822
100,2,33,182,bnb_c,0.20969796180725098,True,False,0.44451153242362,True,,lfr,2026-03-10T14:38:10.084058
100,2,34,203,gurobi,0.9043841361999512,True,False,0.41232497755344505,True,,lfr,2026-03-10T14:38:11.098888
100,2,34,203,bnb_c,0.27676916122436523,True,False,0.412324977553447,True,,lfr,2026-03-10T14:38:11.479183
100,2,35,208,gurobi,0.06816411018371582,True,False,0.44230769230768924,True,,lfr,2026-03-10T14:38:11.660450
100,2,35,208,bnb_c,0.26776885986328125,True,False,0.442307692307692,True,,lfr,2026-03-10T14:38:12.036262
100,2,36,226,gurobi,0.0592341423034668,True,False,0.4362420706398352,True,,lfr,2026-03-10T14:38:12.206317
100,2,36,226,bnb_c,0.2620091438293457,True,False,0.436242070639831,True,,lfr,2026-03-10T14:38:12.576148
100,2,37,176,gurobi,0.19846582412719727,True,False,0.42676588326445364,True,,lfr,2026-03-10T14:38:12.889876
100,2,37,176,bnb_c,0.23160123825073242,True,False,0.426765883264463,True,,lfr,2026-03-10T14:38:13.223358
100,2,38,188,gurobi,0.06749796867370605,True,False,0.43502433227704734,True,,lfr,2026-03-10T14:38:13.403785
100,2,38,188,bnb_c,0.24874186515808105,True,False,0.435024332277048,True,,lfr,2026-03-10T14:38:13.758887
100,2,39,184,gurobi,0.30237889289855957,True,False,0.4072394848771291,True,,lfr,2026-03-10T14:38:14.173036
100,2,39,184,bnb_c,0.2537569999694824,True,False,0.407239484877127,True,,lfr,2026-03-10T14:38:14.528621
100,2,40,181,gurobi,0.8675761222839355,True,False,0.4225145752571718,True,,lfr,2026-03-10T14:38:15.501834
100,2,40,181,bnb_c,0.2585129737854004,True,False,0.422514575257166,True,,lfr,2026-03-10T14:38:15.863582
100,2,41,202,gurobi,0.04954791069030762,True,False,0.4236716988530514,True,,lfr,2026-03-10T14:38:16.025958
100,2,41,202,bnb_c,0.23628497123718262,True,False,0.423671698853054,True,,lfr,2026-03-10T14:38:16.368691
100,2,42,196,gurobi,0.22469687461853027,True,False,0.4000286339025295,True,,lfr,2026-03-10T14:38:16.707763
100,2,42,196,bnb_c,0.2550170421600342,True,False,0.400028633902541,True,,lfr,2026-03-10T14:38:17.065299
100,2,43,173,gurobi,0.12555813789367676,True,False,0.40445721540980534,True,,lfr,2026-03-10T14:38:17.296949
100,2,43,173,bnb_c,0.23585200309753418,True,False,0.404457215409803,True,,lfr,2026-03-10T14:38:17.643416
100,2,44,180,gurobi,0.5105900764465332,True,False,0.40623456790123597,True,,lfr,2026-03-10T14:38:18.265471
100,2,44,180,bnb_c,0.2453629970550537,True,False,0.406234567901235,True,,lfr,2026-03-10T14:38:18.615764
100,2,45,196,gurobi,1.9604291915893555,True,False,0.390306122448971,True,,lfr,2026-03-10T14:38:20.687928
100,2,45,196,bnb_c,0.2891669273376465,True,False,0.39030612244898,True,,lfr,2026-03-10T14:38:21.083076
100,2,46,207,gurobi,0.21858716011047363,True,False,0.4087376601554267,True,,lfr,2026-03-10T14:38:21.414453
100,2,46,207,bnb_c,0.2580690383911133,True,False,0.40873766015543,True,,lfr,2026-03-10T14:38:21.775518
100,2,47,175,gurobi,0.2507631778717041,True,False,0.4243918367346988,True,,lfr,2026-03-10T14:38:22.139240
100,2,47,175,bnb_c,0.24091482162475586,True,False,0.424391836734694,True,,lfr,2026-03-10T14:38:22.483941
100,2,48,212,gurobi,1.6856961250305176,True,False,0.36568841224634496,True,,lfr,2026-03-10T14:38:24.276700
100,2,48,212,bnb_c,0.4007899761199951,True,False,0.365688412246351,True,,lfr,2026-03-10T14:38:24.783501
100,2,49,190,gurobi,0.2199108600616455,True,False,0.4162188365650928,True,,lfr,2026-03-10T14:38:25.113799
100,2,49,190,bnb_c,0.24435901641845703,True,False,0.416218836565097,True,,lfr,2026-03-10T14:38:25.461058
100,2,50,192,gurobi,0.06751585006713867,True,False,0.4251302083333366,True,,lfr,2026-03-10T14:38:25.643077
100,2,50,192,bnb_c,0.2472999095916748,True,False,0.425130208333333,True,,lfr,2026-03-10T14:38:26.000445
100,2,51,203,gurobi,0.8978490829467773,True,False,0.41063845276517036,True,,lfr,2026-03-10T14:38:27.008143
100,2,51,203,bnb_c,0.27968382835388184,True,False,0.410638452765173,True,,lfr,2026-03-10T14:38:27.392153
100,2,52,196,gurobi,0.8069660663604736,True,False,0.4087880049979083,True,,lfr,2026-03-10T14:38:28.315906
100,2,52,196,bnb_c,0.26849818229675293,True,False,0.408788004997918,True,,lfr,2026-03-10T14:38:28.691148
100,2,53,192,gurobi,0.5187473297119141,True,False,0.4112413194444518,True,,lfr,2026-03-10T14:38:29.314357
100,2,53,192,bnb_c,0.23848199844360352,True,False,0.411241319444444,True,,lfr,2026-03-10T14:38:29.658888
100,2,54,187,gurobi,0.2250499725341797,True,False,0.4151534216019969,True,,lfr,2026-03-10T14:38:29.997741
100,2,54,187,bnb_c,0.26175832748413086,True,False,0.415153421601991,True,,lfr,2026-03-10T14:38:30.363853
100,2,55,202,gurobi,0.09193110466003418,True,False,0.41010685226938176,True,,lfr,2026-03-10T14:38:30.570223
100,2,55,202,bnb_c,0.24254989624023438,True,False,0.410106852269385,True,,lfr,2026-03-10T14:38:30.924544
100,2,56,214,gurobi,0.11784005165100098,True,False,0.40938073194165087,True,,lfr,2026-03-10T14:38:31.156002
100,2,56,214,bnb_c,0.25490808486938477,True,False,0.409380731941654,True,,lfr,2026-03-10T14:38:31.522710
100,2,57,242,gurobi,0.04922604560852051,True,False,0.42118024725087466,True,,lfr,2026-03-10T14:38:31.679238
100,2,57,242,bnb_c,0.23580312728881836,True,False,0.421180247250871,True,,lfr,2026-03-10T14:38:32.021497
100,2,58,174,gurobi,0.25964903831481934,True,False,0.42105958514995034,True,,lfr,2026-03-10T14:38:32.386770
100,2,58,174,bnb_c,0.2355177402496338,True,False,0.421059585149954,True,,lfr,2026-03-10T14:38:32.724941
100,2,59,197,gurobi,0.17683196067810059,True,False,0.4079466103223542,True,,lfr,2026-03-10T14:38:33.018618
100,2,59,197,bnb_c,0.23978805541992188,True,False,0.407946610322348,True,,lfr,2026-03-10T14:38:33.364540
100,2,60,160,gurobi,1.5048918724060059,True,False,0.4006054687499938,True,,lfr,2026-03-10T14:38:34.975174
100,2,60,160,bnb_c,0.2688891887664795,True,False,0.40060546875,True,,lfr,2026-03-10T14:38:35.346884
100,2,61,187,gurobi,0.3099079132080078,True,False,0.3948783207984265,True,,lfr,2026-03-10T14:38:35.766184
100,2,61,187,bnb_c,0.25359511375427246,True,False,0.394878320798422,True,,lfr,2026-03-10T14:38:36.122939
100,2,62,209,gurobi,0.056920766830444336,True,False,0.3899407064856561,True,,lfr,2026-03-10T14:38:36.294900
100,2,62,209,bnb_c,0.2441091537475586,True,False,0.389940706485657,True,,lfr,2026-03-10T14:38:36.647709
100,2,63,194,gurobi,0.06284904479980469,True,False,0.4168748007227164,True,,lfr,2026-03-10T14:38:36.816397
100,2,63,194,bnb_c,0.252838134765625,True,False,0.416874800722712,True,,lfr,2026-03-10T14:38:37.177106
100,2,64,169,gurobi,0.11063098907470703,True,False,0.439900563705751,True,,lfr,2026-03-10T14:38:37.403786
100,2,64,169,bnb_c,0.25005221366882324,True,False,0.439900563705753,True,,lfr,2026-03-10T14:38:37.764444
100,2,65,182,gurobi,1.5813698768615723,True,False,0.3966308416857892,True,,lfr,2026-03-10T14:38:39.451134
100,2,65,182,bnb_c,0.30779004096984863,True,False,0.396630841685787,True,,lfr,2026-03-10T14:38:39.861287
100,2,66,211,gurobi,0.3740549087524414,True,False,0.3938029244626059,True,,lfr,2026-03-10T14:38:40.354969
100,2,66,211,bnb_c,0.2667839527130127,True,False,0.393802924462613,True,,lfr,2026-03-10T14:38:40.726010
100,2,67,191,gurobi,0.04883098602294922,True,False,0.43408897782407563,True,,lfr,2026-03-10T14:38:40.882707
100,2,67,191,bnb_c,0.24457216262817383,True,False,0.434088977824073,True,,lfr,2026-03-10T14:38:41.234786
100,2,68,201,gurobi,0.06535506248474121,True,False,0.42359100022275803,True,,lfr,2026-03-10T14:38:41.404512
100,2,68,201,bnb_c,0.23856806755065918,True,False,0.423591000222767,True,,lfr,2026-03-10T14:38:41.752109
100,2,69,189,gurobi,0.0893099308013916,True,False,0.4183673469387852,True,,lfr,2026-03-10T14:38:41.955522
100,2,69,189,bnb_c,0.25799989700317383,True,False,0.418367346938776,True,,lfr,2026-03-10T14:38:42.323346
100,2,70,194,gurobi,0.1947777271270752,True,False,0.4020087150600562,True,,lfr,2026-03-10T14:38:42.631007
100,2,70,194,bnb_c,0.26036691665649414,True,False,0.402008715060049,True,,lfr,2026-03-10T14:38:42.995911
100,2,71,177,gurobi,0.8301630020141602,True,False,0.4097002776979752,True,,lfr,2026-03-10T14:38:43.934246
100,2,71,177,bnb_c,0.24861812591552734,True,False,0.40970027769798,True,,lfr,2026-03-10T14:38:44.285874
100,2,72,223,gurobi,1.1518189907073975,True,False,0.39172313941563125,True,,lfr,2026-03-10T14:38:45.551979
100,2,72,223,bnb_c,0.440352201461792,True,False,0.391723139415633,True,,lfr,2026-03-10T14:38:46.095145
100,2,73,192,gurobi,0.21586990356445312,True,False,0.4239908854166719,True,,lfr,2026-03-10T14:38:46.421556
100,2,73,192,bnb_c,0.24230027198791504,True,False,0.423990885416667,True,,lfr,2026-03-10T14:38:46.767259
100,2,74,187,gurobi,0.5088398456573486,True,False,0.3838685693042471,True,,lfr,2026-03-10T14:38:47.387039
100,2,74,187,bnb_c,0.23813509941101074,True,False,0.383868569304241,True,,lfr,2026-03-10T14:38:47.727492
100,2,75,208,gurobi,0.07027482986450195,True,False,0.4322762573964459,True,,lfr,2026-03-10T14:38:47.902816
100,2,75,208,bnb_c,0.27979397773742676,True,False,0.43227625739645,True,,lfr,2026-03-10T14:38:48.289822
100,2,76,203,gurobi,0.2754669189453125,True,False,0.4123371108253064,True,,lfr,2026-03-10T14:38:48.678480
100,2,76,203,bnb_c,0.26466822624206543,True,False,0.412337110825305,True,,lfr,2026-03-10T14:38:49.058185
100,2,77,192,gurobi,0.12474870681762695,True,False,0.4095052083333391,True,,lfr,2026-03-10T14:38:49.289915
100,2,77,192,bnb_c,0.24430203437805176,True,False,0.409505208333333,True,,lfr,2026-03-10T14:38:49.647974
100,2,78,201,gurobi,0.8668868541717529,True,False,0.4015742184599392,True,,lfr,2026-03-10T14:38:50.632867
100,2,78,201,bnb_c,0.2774357795715332,True,False,0.401574218459939,True,,lfr,2026-03-10T14:38:51.017115
100,2,79,215,gurobi,1.409872055053711,True,False,0.3980421849648494,True,,lfr,2026-03-10T14:38:52.545769
100,2,79,215,bnb_c,0.6011977195739746,True,False,0.398042184964846,True,,lfr,2026-03-10T14:38:53.250791
100,2,80,215,gurobi,0.20575881004333496,True,False,0.4146133044889162,True,,lfr,2026-03-10T14:38:53.565828
100,2,80,215,bnb_c,0.22818994522094727,True,False,0.414613304488913,True,,lfr,2026-03-10T14:38:53.900950
100,2,81,209,gurobi,0.06264901161193848,True,False,0.4256541745839155,True,,lfr,2026-03-10T14:38:54.073110
100,2,81,209,bnb_c,0.24996709823608398,True,False,0.425654174583915,True,,lfr,2026-03-10T14:38:54.431827
100,2,82,243,gurobi,0.13930273056030273,True,False,0.38656878185913046,True,,lfr,2026-03-10T14:38:54.688679
100,2,82,243,bnb_c,0.23680520057678223,True,False,0.386568781859134,True,,lfr,2026-03-10T14:38:55.034667
100,2,83,195,gurobi,0.23295807838439941,True,False,0.40665351742275013,True,,lfr,2026-03-10T14:38:55.374868
100,2,83,195,bnb_c,0.2577059268951416,True,False,0.406653517422748,True,,lfr,2026-03-10T14:38:55.736137
100,2,84,207,gurobi,0.04873180389404297,True,False,0.41488716189409164,True,,lfr,2026-03-10T14:38:55.894150
100,2,84,207,bnb_c,0.2673957347869873,True,False,0.414887161894093,True,,lfr,2026-03-10T14:38:56.269429
100,2,85,196,gurobi,0.09923100471496582,True,False,0.4177295918367254,True,,lfr,2026-03-10T14:38:56.478107
100,2,85,196,bnb_c,0.2325451374053955,True,False,0.417729591836735,True,,lfr,2026-03-10T14:38:56.821660
100,2,86,178,gurobi,0.8405051231384277,True,False,0.41623532382274875,True,,lfr,2026-03-10T14:38:57.772158
100,2,86,178,bnb_c,0.2516148090362549,True,False,0.41623532382275,True,,lfr,2026-03-10T14:38:58.129574
100,2,87,208,gurobi,0.3498499393463135,True,False,0.4040310650887547,True,,lfr,2026-03-10T14:38:58.597870
100,2,87,208,bnb_c,0.29747796058654785,True,False,0.404031065088757,True,,lfr,2026-03-10T14:38:58.998528
100,2,88,192,gurobi,0.08337211608886719,True,False,0.39968532986111416,True,,lfr,2026-03-10T14:38:59.192897
100,2,88,192,bnb_c,0.2351067066192627,True,False,0.399685329861111,True,,lfr,2026-03-10T14:38:59.539988
100,2,89,216,gurobi,0.10717391967773438,True,False,0.4073109567901209,True,,lfr,2026-03-10T14:38:59.760351
100,2,89,216,bnb_c,0.24536395072937012,True,False,0.407310956790124,True,,lfr,2026-03-10T14:39:00.115728
100,2,90,217,gurobi,0.18010592460632324,True,False,0.4047760623500136,True,,lfr,2026-03-10T14:39:00.404126
100,2,90,217,bnb_c,0.24645686149597168,True,False,0.404776062350018,True,,lfr,2026-03-10T14:39:00.756746
100,2,91,213,gurobi,0.0553441047668457,True,False,0.4342612797284524,True,,lfr,2026-03-10T14:39:00.927190
100,2,91,213,bnb_c,0.2624669075012207,True,False,0.434261279728449,True,,lfr,2026-03-10T14:39:01.299247
100,2,92,201,gurobi,0.095458984375,True,False,0.40549738867849433,True,,lfr,2026-03-10T14:39:01.508563
100,2,92,201,bnb_c,0.26883792877197266,True,False,0.405497388678498,True,,lfr,2026-03-10T14:39:01.888235
100,2,93,219,gurobi,0.26407790184020996,True,False,0.39643668814244704,True,,lfr,2026-03-10T14:39:02.265504
100,2,93,219,bnb_c,0.244002103805542,True,False,0.396436688142449,True,,lfr,2026-03-10T14:39:02.619014
100,2,94,220,gurobi,0.07255291938781738,True,False,0.41445247933884366,True,,lfr,2026-03-10T14:39:02.800812
100,2,94,220,bnb_c,0.23482227325439453,True,False,0.414452479338843,True,,lfr,2026-03-10T14:39:03.146488
100,2,95,180,gurobi,0.1309223175048828,True,False,0.40777777777777796,True,,lfr,2026-03-10T14:39:03.389273
100,2,95,180,bnb_c,0.23550724983215332,True,False,0.407777777777778,True,,lfr,2026-03-10T14:39:03.735969
100,2,96,184,gurobi,0.420058012008667,True,False,0.409129844045373,True,,lfr,2026-03-10T14:39:04.262535
100,2,96,184,bnb_c,0.2513570785522461,True,False,0.409129844045369,True,,lfr,2026-03-10T14:39:04.619969
100,2,97,204,gurobi,0.05758786201477051,True,False,0.4215205690119172,True,,lfr,2026-03-10T14:39:04.789018
100,2,97,204,bnb_c,0.23682427406311035,True,False,0.421520569011918,True,,lfr,2026-03-10T14:39:05.134209
100,2,98,191,gurobi,0.05298805236816406,True,False,0.40959677640415765,True,,lfr,2026-03-10T14:39:05.291416
100,2,98,191,bnb_c,0.25969982147216797,True,False,0.409596776404156,True,,lfr,2026-03-10T14:39:05.658469
100,2,99,232,gurobi,0.12706875801086426,True,False,0.40320303210463326,True,,lfr,2026-03-10T14:39:05.903048
100,2,99,232,bnb_c,0.24909186363220215,True,False,0.403203032104637,True,,lfr,2026-03-10T14:39:06.262312
120,2,0,230,gurobi,0.30324697494506836,True,False,0.4346313799621877,True,,lfr,2026-03-10T14:39:06.683367
120,2,0,230,bnb_c,0.35545802116394043,True,False,0.434631379962193,True,,lfr,2026-03-10T14:39:07.142118
120,2,1,221,gurobi,1.0298621654510498,True,False,0.4280420138817815,True,,lfr,2026-03-10T14:39:08.283946
120,2,1,221,bnb_c,0.3493649959564209,True,False,0.42804201388178,True,,lfr,2026-03-10T14:39:08.739102
120,2,2,241,gurobi,0.13751721382141113,True,False,0.4259740706943578,True,,lfr,2026-03-10T14:39:08.983414
120,2,2,241,bnb_c,0.35602903366088867,True,False,0.425974070694375,True,,lfr,2026-03-10T14:39:09.449622
120,2,3,225,gurobi,0.08295702934265137,True,False,0.4376197530864149,True,,lfr,2026-03-10T14:39:09.645016
120,2,3,225,bnb_c,0.33601832389831543,True,False,0.43761975308642,True,,lfr,2026-03-10T14:39:10.091412
120,2,4,249,gurobi,0.39786481857299805,True,False,0.4141546104095184,True,,lfr,2026-03-10T14:39:10.602990
120,2,4,249,bnb_c,0.33438897132873535,True,False,0.41415461040951,True,,lfr,2026-03-10T14:39:11.043794
120,2,5,213,gurobi,0.5877268314361572,True,False,0.42953338182460205,True,,lfr,2026-03-10T14:39:11.739623
120,2,5,213,bnb_c,0.39696598052978516,True,False,0.429533381824594,True,,lfr,2026-03-10T14:39:12.240287
120,2,6,247,gurobi,0.09402990341186523,True,False,0.4076529692340511,True,,lfr,2026-03-10T14:39:12.442546
120,2,6,247,bnb_c,0.42144274711608887,True,False,0.407652969234047,True,,lfr,2026-03-10T14:39:12.975482
120,2,7,242,gurobi,0.7313368320465088,True,False,0.4097653848780949,True,,lfr,2026-03-10T14:39:13.812635
120,2,7,242,bnb_c,0.4618370532989502,True,False,0.409765384878082,True,,lfr,2026-03-10T14:39:14.380060
120,2,8,255,gurobi,0.13153481483459473,True,False,0.4245597846981875,True,,lfr,2026-03-10T14:39:14.629659
120,2,8,255,bnb_c,0.39756178855895996,True,False,0.424559784698193,True,,lfr,2026-03-10T14:39:15.139449
120,2,9,245,gurobi,0.9251749515533447,True,False,0.42241566014160054,True,,lfr,2026-03-10T14:39:16.179822
120,2,9,245,bnb_c,0.3628852367401123,True,False,0.422415660141608,True,,lfr,2026-03-10T14:39:16.649236
120,2,10,225,gurobi,0.10669398307800293,True,False,0.44544197530864,True,,lfr,2026-03-10T14:39:16.871989
120,2,10,225,bnb_c,0.3237578868865967,True,False,0.445441975308642,True,,lfr,2026-03-10T14:39:17.310115
120,2,11,223,gurobi,1.4716081619262695,True,False,0.41471777031510343,True,,lfr,2026-03-10T14:39:18.890712
120,2,11,223,bnb_c,0.7481741905212402,True,False,0.414717770315108,True,,lfr,2026-03-10T14:39:19.746059
120,2,12,210,gurobi,0.7090060710906982,True,False,0.4378117913832195,True,,lfr,2026-03-10T14:39:20.566787
120,2,12,210,bnb_c,0.38291025161743164,True,False,0.43781179138322,True,,lfr,2026-03-10T14:39:21.056042
120,2,13,244,gurobi,2.5122830867767334,True,False,0.40573770491803474,True,,lfr,2026-03-10T14:39:23.678901
120,2,13,244,bnb_c,0.36630773544311523,True,False,0.405737704918033,True,,lfr,2026-03-10T14:39:24.154739
120,2,14,227,gurobi,0.7259349822998047,True,False,0.4256147024005731,True,,lfr,2026-03-10T14:39:24.988935
120,2,14,227,bnb_c,0.40051794052124023,True,False,0.42561470240059,True,,lfr,2026-03-10T14:39:25.496792
120,2,15,262,gurobi,0.11861610412597656,True,False,0.4229357263562707,True,,lfr,2026-03-10T14:39:25.734808
120,2,15,262,bnb_c,0.3134341239929199,True,False,0.422935726356273,True,,lfr,2026-03-10T14:39:26.163258
120,2,16,228,gurobi,0.46442699432373047,True,False,0.4198984302862258,True,,lfr,2026-03-10T14:39:26.738830
120,2,16,228,bnb_c,0.3886599540710449,True,False,0.419898430286242,True,,lfr,2026-03-10T14:39:27.231466
120,2,17,258,gurobi,1.1371870040893555,True,False,0.406157983294272,True,,lfr,2026-03-10T14:39:28.484513
120,2,17,258,bnb_c,0.7405900955200195,True,False,0.406157983294273,True,,lfr,2026-03-10T14:39:29.328464
120,2,18,235,gurobi,1.0307519435882568,True,False,0.4103304662743319,True,,lfr,2026-03-10T14:39:30.465248
120,2,18,235,bnb_c,0.5723919868469238,True,False,0.410330466274332,True,,lfr,2026-03-10T14:39:31.144065
120,2,19,258,gurobi,0.3568248748779297,True,False,0.4084189652064175,True,,lfr,2026-03-10T14:39:31.607646
120,2,19,258,bnb_c,0.41336774826049805,True,False,0.408418965206418,True,,lfr,2026-03-10T14:39:32.123582
120,2,20,234,gurobi,0.10794997215270996,True,False,0.41847468770546464,True,,lfr,2026-03-10T14:39:32.342834
120,2,20,234,bnb_c,0.3302149772644043,True,False,0.418474687705457,True,,lfr,2026-03-10T14:39:32.786460
120,2,21,241,gurobi,21.930769205093384,True,False,0.3979270329367508,True,,lfr,2026-03-10T14:39:54.825204
120,2,21,241,bnb_c,0.9883010387420654,True,False,0.397927032936761,True,,lfr,2026-03-10T14:39:55.921371
120,2,22,225,gurobi,0.4901907444000244,True,False,0.4298666666666597,True,,lfr,2026-03-10T14:39:56.522398
120,2,22,225,bnb_c,0.35509490966796875,True,False,0.429866666666667,True,,lfr,2026-03-10T14:39:56.984247
120,2,23,232,gurobi,0.21687698364257812,True,False,0.4334126040428013,True,,lfr,2026-03-10T14:39:57.318199
120,2,23,232,bnb_c,0.3754589557647705,True,False,0.433412604042806,True,,lfr,2026-03-10T14:39:57.801047
120,2,24,244,gurobi,0.2352612018585205,True,False,0.42626310131685763,True,,lfr,2026-03-10T14:39:58.147125
120,2,24,244,bnb_c,0.33633923530578613,True,False,0.42626310131685,True,,lfr,2026-03-10T14:39:58.585990
120,2,25,265,gurobi,5.206204891204834,True,False,0.4018796724813031,True,,lfr,2026-03-10T14:40:03.899563
120,2,25,265,bnb_c,3.4402639865875244,True,False,0.40187967248131,True,,lfr,2026-03-10T14:40:07.456213
120,2,26,241,gurobi,0.8408000469207764,True,False,0.39964015771077543,True,,lfr,2026-03-10T14:40:08.407255
120,2,26,241,bnb_c,0.4890611171722412,True,False,0.399640157710783,True,,lfr,2026-03-10T14:40:09.003344
120,2,27,290,gurobi,0.06871223449707031,True,False,0.4170927467300739,True,,lfr,2026-03-10T14:40:09.192143
120,2,27,290,bnb_c,0.36340928077697754,True,False,0.417092746730083,True,,lfr,2026-03-10T14:40:09.671970
120,2,28,215,gurobi,1.1524248123168945,True,False,0.41244997295837155,True,,lfr,2026-03-10T14:40:10.945239
120,2,28,215,bnb_c,0.684363842010498,True,False,0.412449972958356,True,,lfr,2026-03-10T14:40:11.734230
120,2,29,245,gurobi,1.5655732154846191,True,False,0.38445647646813563,True,,lfr,2026-03-10T14:40:13.410165
120,2,29,245,bnb_c,0.690161943435669,True,False,0.384456476468138,True,,lfr,2026-03-10T14:40:14.205221
120,2,30,248,gurobi,0.9501721858978271,True,False,0.41102204734651737,True,,lfr,2026-03-10T14:40:15.268525
120,2,30,248,bnb_c,0.44506096839904785,True,False,0.411022047346514,True,,lfr,2026-03-10T14:40:15.819281
120,2,31,258,gurobi,0.9479308128356934,True,False,0.4011177212907822,True,,lfr,2026-03-10T14:40:16.884248
120,2,31,258,bnb_c,0.6086409091949463,True,False,0.401117721290788,True,,lfr,2026-03-10T14:40:17.597122
120,2,32,250,gurobi,0.18234682083129883,True,False,0.428447999999999,True,,lfr,2026-03-10T14:40:17.887153
120,2,32,250,bnb_c,0.38875412940979004,True,False,0.428448,True,,lfr,2026-03-10T14:40:18.385326
120,2,33,233,gurobi,0.9976508617401123,True,False,0.40902392749912925,True,,lfr,2026-03-10T14:40:19.498966
120,2,33,233,bnb_c,0.9221241474151611,True,False,0.409023927499125,True,,lfr,2026-03-10T14:40:20.526193
120,2,34,251,gurobi,1.1594088077545166,True,False,0.4215091823939523,True,,lfr,2026-03-10T14:40:21.795761
120,2,34,251,bnb_c,0.4381599426269531,True,False,0.42150918239393,True,,lfr,2026-03-10T14:40:22.340311
120,2,35,234,gurobi,0.5269660949707031,True,False,0.40846665205640226,True,,lfr,2026-03-10T14:40:22.973768
120,2,35,234,bnb_c,0.3696267604827881,True,False,0.408466652056396,True,,lfr,2026-03-10T14:40:23.447024
120,2,36,239,gurobi,0.14114117622375488,True,False,0.42381085765304466,True,,lfr,2026-03-10T14:40:23.700036
120,2,36,239,bnb_c,0.3303377628326416,True,False,0.423810857653052,True,,lfr,2026-03-10T14:40:24.141637
120,2,37,220,gurobi,0.7284619808197021,True,False,0.40801652892562107,True,,lfr,2026-03-10T14:40:24.984161
120,2,37,220,bnb_c,0.45944786071777344,True,False,0.40801652892562,True,,lfr,2026-03-10T14:40:25.548254
120,2,38,255,gurobi,0.14879107475280762,True,False,0.4282506728181389,True,,lfr,2026-03-10T14:40:25.810899
120,2,38,255,bnb_c,0.3594381809234619,True,False,0.428250672818147,True,,lfr,2026-03-10T14:40:26.280627
120,2,39,224,gurobi,0.11697912216186523,True,False,0.40456592793369023,True,,lfr,2026-03-10T14:40:26.516535
120,2,39,224,bnb_c,0.5928750038146973,True,False,0.404565927933674,True,,lfr,2026-03-10T14:40:27.220920
120,2,40,241,gurobi,0.402982234954834,True,False,0.4342900432154924,True,,lfr,2026-03-10T14:40:27.735853
120,2,40,241,bnb_c,0.3515479564666748,True,False,0.434290043215509,True,,lfr,2026-03-10T14:40:28.192395
120,2,41,235,gurobi,11.305776119232178,True,False,0.40547759167043795,True,,lfr,2026-03-10T14:40:39.611874
120,2,41,235,bnb_c,0.5690679550170898,True,False,0.405477591670439,True,,lfr,2026-03-10T14:40:40.290747
120,2,42,230,gurobi,1.7862520217895508,True,False,0.40563327032135915,True,,lfr,2026-03-10T14:40:42.194451
120,2,42,230,bnb_c,0.44274401664733887,True,False,0.405633270321361,True,,lfr,2026-03-10T14:40:42.742941
120,2,43,226,gurobi,1.0226130485534668,True,False,0.42035398230088766,True,,lfr,2026-03-10T14:40:43.884128
120,2,43,226,bnb_c,0.6299500465393066,True,False,0.420353982300885,True,,lfr,2026-03-10T14:40:44.623064
120,2,44,219,gurobi,0.07898426055908203,True,False,0.46347031963469937,True,,lfr,2026-03-10T14:40:44.819049
120,2,44,219,bnb_c,0.3477489948272705,True,False,0.463470319634703,True,,lfr,2026-03-10T14:40:45.278036
120,2,45,192,gurobi,0.15280580520629883,True,False,0.42572699652779517,True,,lfr,2026-03-10T14:40:45.547208
120,2,45,192,bnb_c,0.3056330680847168,True,False,0.425726996527778,True,,lfr,2026-03-10T14:40:45.962257
120,2,46,283,gurobi,0.6643738746643066,True,False,0.3925133289215638,True,,lfr,2026-03-10T14:40:46.742427
120,2,46,283,bnb_c,0.3696870803833008,True,False,0.392513328921575,True,,lfr,2026-03-10T14:40:47.217041
120,2,47,262,gurobi,0.40650177001953125,True,False,0.40544694365129674,True,,lfr,2026-03-10T14:40:47.737243
120,2,47,262,bnb_c,0.3780488967895508,True,False,0.405446943651302,True,,lfr,2026-03-10T14:40:48.218061
120,2,48,242,gurobi,0.7674539089202881,True,False,0.40342189741139,True,,lfr,2026-03-10T14:40:49.093206
120,2,48,242,bnb_c,0.5288140773773193,True,False,0.403421897411379,True,,lfr,2026-03-10T14:40:49.727274
120,2,49,210,gurobi,0.07781982421875,True,False,0.4648979591836738,True,,lfr,2026-03-10T14:40:49.912902
120,2,49,210,bnb_c,0.33513712882995605,True,False,0.464897959183674,True,,lfr,2026-03-10T14:40:50.357700
120,2,50,226,gurobi,0.14762282371520996,True,False,0.4209413423134186,True,,lfr,2026-03-10T14:40:50.618176
120,2,50,226,bnb_c,0.30466580390930176,True,False,0.420941342313415,True,,lfr,2026-03-10T14:40:51.033754
120,2,51,233,gurobi,1.2133851051330566,True,False,0.41013833373243386,True,,lfr,2026-03-10T14:40:52.361080
120,2,51,233,bnb_c,0.464245080947876,True,False,0.410138333732432,True,,lfr,2026-03-10T14:40:52.933671
120,2,52,242,gurobi,0.08684301376342773,True,False,0.4504132231405031,True,,lfr,2026-03-10T14:40:53.129569
120,2,52,242,bnb_c,0.31902503967285156,True,False,0.450413223140496,True,,lfr,2026-03-10T14:40:53.561222
120,2,53,244,gurobi,0.34003305435180664,True,False,0.4207538296157002,True,,lfr,2026-03-10T14:40:54.015174
120,2,53,244,bnb_c,0.38666629791259766,True,False,0.420753829615695,True,,lfr,2026-03-10T14:40:54.507845
120,2,54,230,gurobi,0.4616827964782715,True,False,0.42702268431001716,True,,lfr,2026-03-10T14:40:55.077158
120,2,54,230,bnb_c,0.36731600761413574,True,False,0.427022684310019,True,,lfr,2026-03-10T14:40:55.547757
120,2,55,255,gurobi,0.09998798370361328,True,False,0.42142252979622247,True,,lfr,2026-03-10T14:40:55.755018
120,2,55,255,bnb_c,0.3497610092163086,True,False,0.421422529796232,True,,lfr,2026-03-10T14:40:56.218088
120,2,56,228,gurobi,0.11696267127990723,True,False,0.43258502616187505,True,,lfr,2026-03-10T14:40:56.451681
120,2,56,228,bnb_c,0.3264157772064209,True,False,0.432585026161896,True,,lfr,2026-03-10T14:40:56.889484
120,2,57,242,gurobi,0.9485549926757812,True,False,0.3830680964415101,True,,lfr,2026-03-10T14:40:57.944093
120,2,57,242,bnb_c,0.5697240829467773,True,False,0.3830680964415,True,,lfr,2026-03-10T14:40:58.617232
120,2,58,236,gurobi,0.4049501419067383,True,False,0.4034670353346848,True,,lfr,2026-03-10T14:40:59.132842
120,2,58,236,bnb_c,0.35839104652404785,True,False,0.403467035334674,True,,lfr,2026-03-10T14:40:59.594377
120,2,59,236,gurobi,0.8835110664367676,True,False,0.38853777650101773,True,,lfr,2026-03-10T14:41:00.587538
120,2,59,236,bnb_c,0.35492825508117676,True,False,0.388537776501005,True,,lfr,2026-03-10T14:41:01.049508
120,2,60,242,gurobi,0.31673097610473633,True,False,0.41741513557817694,True,,lfr,2026-03-10T14:41:01.474095
120,2,60,242,bnb_c,0.3520369529724121,True,False,0.417415135578171,True,,lfr,2026-03-10T14:41:01.929878
120,2,61,245,gurobi,2.512286901473999,True,False,0.404922948771344,True,,lfr,2026-03-10T14:41:04.555383
120,2,61,245,bnb_c,0.6383790969848633,True,False,0.404922948771345,True,,lfr,2026-03-10T14:41:05.300677
120,2,62,264,gurobi,0.18198609352111816,True,False,0.4015151515151483,True,,lfr,2026-03-10T14:41:05.600385
120,2,62,264,bnb_c,0.4987339973449707,True,False,0.401515151515152,True,,lfr,2026-03-10T14:41:06.206575
120,2,63,238,gurobi,1.1169037818908691,True,False,0.41300049431535735,True,,lfr,2026-03-10T14:41:07.432572
120,2,63,238,bnb_c,0.44329214096069336,True,False,0.413000494315373,True,,lfr,2026-03-10T14:41:07.984049
120,2,64,244,gurobi,0.40729284286499023,True,False,0.43106691749530596,True,,lfr,2026-03-10T14:41:08.498518
120,2,64,244,bnb_c,0.36989712715148926,True,False,0.431066917495297,True,,lfr,2026-03-10T14:41:08.972040
120,2,65,229,gurobi,0.08280611038208008,True,False,0.4343452642016809,True,,lfr,2026-03-10T14:41:09.165341
120,2,65,229,bnb_c,0.3345520496368408,True,False,0.434345264201674,True,,lfr,2026-03-10T14:41:09.610574
120,2,66,250,gurobi,0.25003814697265625,True,False,0.41583199999999904,True,,lfr,2026-03-10T14:41:09.973711
120,2,66,250,bnb_c,0.3678610324859619,True,False,0.415832,True,,lfr,2026-03-10T14:41:10.445634
120,2,67,243,gurobi,1.736185073852539,True,False,0.4096174363664004,True,,lfr,2026-03-10T14:41:12.292709
120,2,67,243,bnb_c,0.612872838973999,True,False,0.409617436366408,True,,lfr,2026-03-10T14:41:13.008672
120,2,68,244,gurobi,0.10291600227355957,True,False,0.42622110991669393,True,,lfr,2026-03-10T14:41:13.217348
120,2,68,244,bnb_c,0.4197690486907959,True,False,0.426221109916689,True,,lfr,2026-03-10T14:41:13.749780
120,2,69,245,gurobi,0.39587879180908203,True,False,0.40570595585172226,True,,lfr,2026-03-10T14:41:14.254350
120,2,69,245,bnb_c,0.39845705032348633,True,False,0.405705955851729,True,,lfr,2026-03-10T14:41:14.757878
120,2,70,224,gurobi,0.9728739261627197,True,False,0.42329998405613734,True,,lfr,2026-03-10T14:41:15.853020
120,2,70,224,bnb_c,0.34508395195007324,True,False,0.423299984056122,True,,lfr,2026-03-10T14:41:16.303409
120,2,71,256,gurobi,0.5347959995269775,True,False,0.42803192138671875,True,,lfr,2026-03-10T14:41:16.954408
120,2,71,256,bnb_c,0.3783440589904785,True,False,0.428031921386719,True,,lfr,2026-03-10T14:41:17.436068
120,2,72,296,gurobi,4.932890176773071,True,False,0.3893352812271687,True,,lfr,2026-03-10T14:41:22.481026
120,2,72,296,bnb_c,4.04126501083374,True,False,0.389335281227173,True,,lfr,2026-03-10T14:41:26.633784
120,2,73,210,gurobi,0.21731996536254883,True,False,0.42634920634920487,True,,lfr,2026-03-10T14:41:26.970701
120,2,73,210,bnb_c,0.3875620365142822,True,False,0.426349206349206,True,,lfr,2026-03-10T14:41:27.463629
120,2,74,265,gurobi,0.11643123626708984,True,False,0.42797436810252243,True,,lfr,2026-03-10T14:41:27.695582
120,2,74,265,bnb_c,0.3591289520263672,True,False,0.427974368102528,True,,lfr,2026-03-10T14:41:28.169497
120,2,75,245,gurobi,0.1801137924194336,True,False,0.42768846314035575,True,,lfr,2026-03-10T14:41:28.459636
120,2,75,245,bnb_c,0.338547945022583,True,False,0.427688463140358,True,,lfr,2026-03-10T14:41:28.905596
120,2,76,273,gurobi,30,False,True,,,timeout,lfr,2026-03-10T14:41:58.919633
120,2,76,273,bnb_c,0.4099578857421875,True,False,0.422533510445598,True,,lfr,2026-03-10T14:41:59.441107
120,2,77,237,gurobi,0.4158041477203369,True,False,0.4202496038740134,True,,lfr,2026-03-10T14:41:59.980630
120,2,77,237,bnb_c,0.3632681369781494,True,False,0.420249603874023,True,,lfr,2026-03-10T14:42:00.451173
120,2,78,232,gurobi,1.6816890239715576,True,False,0.40145659928656074,True,,lfr,2026-03-10T14:42:02.253783
120,2,78,232,bnb_c,0.5520119667053223,True,False,0.401456599286564,True,,lfr,2026-03-10T14:42:02.912533
120,2,79,231,gurobi,0.22364020347595215,True,False,0.4222372144450056,True,,lfr,2026-03-10T14:42:03.248236
120,2,79,231,bnb_c,0.33896613121032715,True,False,0.422237214445007,True,,lfr,2026-03-10T14:42:03.689988
120,2,80,242,gurobi,0.9890718460083008,True,False,0.4151697288436693,True,,lfr,2026-03-10T14:42:04.793243
120,2,80,242,bnb_c,0.35536980628967285,True,False,0.415169728843658,True,,lfr,2026-03-10T14:42:05.251682
120,2,81,248,gurobi,1.5482652187347412,True,False,0.41177809573361546,True,,lfr,2026-03-10T14:42:06.919739
120,2,81,248,bnb_c,0.46762895584106445,True,False,0.411778095733611,True,,lfr,2026-03-10T14:42:07.492945
120,2,82,229,gurobi,0.07484126091003418,True,False,0.4555595812436902,True,,lfr,2026-03-10T14:42:07.683857
120,2,82,229,bnb_c,0.3619258403778076,True,False,0.455559581243683,True,,lfr,2026-03-10T14:42:08.157084
120,2,83,236,gurobi,0.3851189613342285,True,False,0.44160262855503046,True,,lfr,2026-03-10T14:42:08.652601
120,2,83,236,bnb_c,0.3288757801055908,True,False,0.441602628555013,True,,lfr,2026-03-10T14:42:09.087779
120,2,84,258,gurobi,30,False,True,,,timeout,lfr,2026-03-10T14:42:39.109084
120,2,84,258,bnb_c,0.4233829975128174,True,False,0.406706327744727,True,,lfr,2026-03-10T14:42:39.649266
120,2,85,253,gurobi,0.16939902305603027,True,False,0.4068724710587556,True,,lfr,2026-03-10T14:42:39.930966
120,2,85,253,bnb_c,0.538909912109375,True,False,0.406872471058757,True,,lfr,2026-03-10T14:42:40.581626
120,2,86,212,gurobi,1.0900030136108398,True,False,0.40849724101101875,True,,lfr,2026-03-10T14:42:41.789491
120,2,86,212,bnb_c,0.3904731273651123,True,False,0.408497241011036,True,,lfr,2026-03-10T14:42:42.287845
120,2,87,233,gurobi,2.834106683731079,True,False,0.4018954115935104,True,,lfr,2026-03-10T14:42:45.227862
120,2,87,233,bnb_c,0.5576059818267822,True,False,0.401895411593509,True,,lfr,2026-03-10T14:42:45.899748
120,2,88,243,gurobi,1.4252400398254395,True,False,0.4102694372470264,True,,lfr,2026-03-10T14:42:47.442459
120,2,88,243,bnb_c,0.6170532703399658,True,False,0.410269437247032,True,,lfr,2026-03-10T14:42:48.166515
120,2,89,246,gurobi,0.06990981101989746,True,False,0.42243373653249694,True,,lfr,2026-03-10T14:42:48.362905
120,2,89,246,bnb_c,0.3121452331542969,True,False,0.422433736532487,True,,lfr,2026-03-10T14:42:48.787582
120,2,90,230,gurobi,1.8155028820037842,True,False,0.3920226843100173,True,,lfr,2026-03-10T14:42:50.709667
120,2,90,230,bnb_c,0.6555907726287842,True,False,0.392022684310019,True,,lfr,2026-03-10T14:42:51.469026
120,2,91,267,gurobi,0.8408701419830322,True,False,0.39790149953008364,True,,lfr,2026-03-10T14:42:52.414922
120,2,91,267,bnb_c,0.3807260990142822,True,False,0.397901499530082,True,,lfr,2026-03-10T14:42:52.898459
120,2,92,238,gurobi,0.20341110229492188,True,False,0.4315638019913669,True,,lfr,2026-03-10T14:42:53.217771
120,2,92,238,bnb_c,0.34754514694213867,True,False,0.431563801991385,True,,lfr,2026-03-10T14:42:53.670402
120,2,93,265,gurobi,0.3720409870147705,True,False,0.4021431114275498,True,,lfr,2026-03-10T14:42:54.146974
120,2,93,265,bnb_c,0.3855609893798828,True,False,0.402143111427554,True,,lfr,2026-03-10T14:42:54.640240
120,2,94,266,gurobi,2.1900229454040527,True,False,0.37856153541749155,True,,lfr,2026-03-10T14:42:56.939211
120,2,94,266,bnb_c,0.9098007678985596,True,False,0.378561535417491,True,,lfr,2026-03-10T14:42:57.951854
120,2,95,237,gurobi,0.7341718673706055,True,False,0.4180330787444947,True,,lfr,2026-03-10T14:42:58.802063
120,2,95,237,bnb_c,0.3994879722595215,True,False,0.418033078744503,True,,lfr,2026-03-10T14:42:59.304243
120,2,96,240,gurobi,0.7808361053466797,True,False,0.4297829861110965,True,,lfr,2026-03-10T14:43:00.196447
120,2,96,240,bnb_c,0.3359549045562744,True,False,0.429782986111111,True,,lfr,2026-03-10T14:43:00.635221
120,2,97,203,gurobi,0.09364986419677734,True,False,0.4302579533596969,True,,lfr,2026-03-10T14:43:00.843781
120,2,97,203,bnb_c,0.33895397186279297,True,False,0.430257953359703,True,,lfr,2026-03-10T14:43:01.293684
120,2,98,228,gurobi,0.12297987937927246,True,False,0.4184268236380263,True,,lfr,2026-03-10T14:43:01.531682
120,2,98,228,bnb_c,0.4400458335876465,True,False,0.418426823638042,True,,lfr,2026-03-10T14:43:02.083470
120,2,99,260,gurobi,0.9902572631835938,True,False,0.4152662721893423,True,,lfr,2026-03-10T14:43:03.181278
120,2,99,260,bnb_c,0.5071511268615723,True,False,0.415266272189349,True,,lfr,2026-03-10T14:43:03.791428
140,2,0,274,gurobi,0.15938305854797363,True,False,0.43770978741543204,True,,lfr,2026-03-10T14:43:04.057275
140,2,0,274,bnb_c,0.4617300033569336,True,False,0.437709787415419,True,,lfr,2026-03-10T14:43:04.627870
140,2,1,279,gurobi,0.1936960220336914,True,False,0.42848884264078074,True,,lfr,2026-03-10T14:43:04.941982
140,2,1,279,bnb_c,0.4877340793609619,True,False,0.428488842640768,True,,lfr,2026-03-10T14:43:05.534299
140,2,2,291,gurobi,0.5606341361999512,True,False,0.42561495494857116,True,,lfr,2026-03-10T14:43:06.209068
140,2,2,291,bnb_c,0.48054027557373047,True,False,0.425614954948572,True,,lfr,2026-03-10T14:43:06.792653
140,2,3,270,gurobi,0.7407188415527344,True,False,0.4219753086419904,True,,lfr,2026-03-10T14:43:07.647722
140,2,3,270,bnb_c,0.6391170024871826,True,False,0.421975308641975,True,,lfr,2026-03-10T14:43:08.389359
140,2,4,294,gurobi,0.539910078048706,True,False,0.4048775972974132,True,,lfr,2026-03-10T14:43:09.038032
140,2,4,294,bnb_c,0.8006808757781982,True,False,0.404877597297422,True,,lfr,2026-03-10T14:43:09.941551
140,2,5,286,gurobi,0.11165404319763184,True,False,0.44398259083574304,True,,lfr,2026-03-10T14:43:10.166570
140,2,5,286,bnb_c,0.45171093940734863,True,False,0.443982590835738,True,,lfr,2026-03-10T14:43:10.730519
140,2,6,285,gurobi,1.0597450733184814,True,False,0.4125330871037243,True,,lfr,2026-03-10T14:43:11.897058
140,2,6,285,bnb_c,0.49146485328674316,True,False,0.412533087103724,True,,lfr,2026-03-10T14:43:12.492439
140,2,7,266,gurobi,0.5109138488769531,True,False,0.4311436485951777,True,,lfr,2026-03-10T14:43:13.110602
140,2,7,266,bnb_c,0.5844731330871582,True,False,0.431143648595172,True,,lfr,2026-03-10T14:43:13.798985
140,2,8,302,gurobi,30,False,True,,,timeout,lfr,2026-03-10T14:43:43.814727
140,2,8,302,bnb_c,2.1320700645446777,True,False,0.401818999166703,True,,lfr,2026-03-10T14:43:46.056969
140,2,9,297,gurobi,0.3084230422973633,True,False,0.4325182237639983,True,,lfr,2026-03-10T14:43:46.475037
140,2,9,297,bnb_c,0.5662510395050049,True,False,0.432518223764015,True,,lfr,2026-03-10T14:43:47.147548
140,2,10,269,gurobi,1.4590561389923096,True,False,0.42461408769916587,True,,lfr,2026-03-10T14:43:48.719831
140,2,10,269,bnb_c,0.7390599250793457,True,False,0.424614087699175,True,,lfr,2026-03-10T14:43:49.566465
140,2,11,286,gurobi,1.7002198696136475,True,False,0.41888967675681466,True,,lfr,2026-03-10T14:43:51.384766
140,2,11,286,bnb_c,0.8227298259735107,True,False,0.41888967675681,True,,lfr,2026-03-10T14:43:52.313625
140,2,12,260,gurobi,2.952104330062866,True,False,0.4191642011834253,True,,lfr,2026-03-10T14:43:55.377618
140,2,12,260,bnb_c,1.5125141143798828,True,False,0.419164201183432,True,,lfr,2026-03-10T14:43:57.000775
140,2,13,276,gurobi,0.14912009239196777,True,False,0.4490390674228075,True,,lfr,2026-03-10T14:43:57.268322
140,2,13,276,bnb_c,0.4812626838684082,True,False,0.44903906742281,True,,lfr,2026-03-10T14:43:57.859666
140,2,14,260,gurobi,4.4535229206085205,True,False,0.4241124260354921,True,,lfr,2026-03-10T14:44:02.424129
140,2,14,260,bnb_c,1.3862268924713135,True,False,0.424112426035503,True,,lfr,2026-03-10T14:44:03.922412
140,2,15,265,gurobi,0.4624490737915039,True,False,0.4384478462086097,True,,lfr,2026-03-10T14:44:04.510019
140,2,15,265,bnb_c,0.46990299224853516,True,False,0.438447846208615,True,,lfr,2026-03-10T14:44:05.087607
140,2,16,284,gurobi,1.2102961540222168,True,False,0.4047312041261841,True,,lfr,2026-03-10T14:44:06.410991
140,2,16,284,bnb_c,1.235177993774414,True,False,0.404731204126165,True,,lfr,2026-03-10T14:44:07.759570
140,2,17,294,gurobi,0.19972991943359375,True,False,0.4145957702808936,True,,lfr,2026-03-10T14:44:08.073330
140,2,17,294,bnb_c,0.45793581008911133,True,False,0.414595770280901,True,,lfr,2026-03-10T14:44:08.633381
140,2,18,270,gurobi,8.1616849899292,True,False,0.40295610425241246,True,,lfr,2026-03-10T14:44:16.908161
140,2,18,270,bnb_c,3.6188762187957764,True,False,0.402956104252401,True,,lfr,2026-03-10T14:44:20.638904
140,2,19,302,gurobi,5.818633079528809,True,False,0.41116617692206625,True,,lfr,2026-03-10T14:44:26.574211
140,2,19,302,bnb_c,4.462378978729248,True,False,0.411166176922065,True,,lfr,2026-03-10T14:44:31.143644
140,2,20,248,gurobi,1.0790870189666748,True,False,0.43717481789802554,True,,lfr,2026-03-10T14:44:32.336647
140,2,20,248,bnb_c,0.7670233249664307,True,False,0.437174817898023,True,,lfr,2026-03-10T14:44:33.211051
140,2,21,314,gurobi,0.47638726234436035,True,False,0.41177633981094164,True,,lfr,2026-03-10T14:44:33.797488
140,2,21,314,bnb_c,0.770205020904541,True,False,0.411776339810946,True,,lfr,2026-03-10T14:44:34.674172
140,2,22,269,gurobi,4.504461288452148,True,False,0.4094263484473556,True,,lfr,2026-03-10T14:44:39.299718
140,2,22,269,bnb_c,0.4513828754425049,True,False,0.409426348447368,True,,lfr,2026-03-10T14:44:39.860290
140,2,23,250,gurobi,8.242779970169067,True,False,0.4057280000000034,True,,lfr,2026-03-10T14:44:48.220141
140,2,23,250,bnb_c,0.418140172958374,True,False,0.403808,True,,lfr,2026-03-10T14:44:48.747791
140,2,24,277,gurobi,0.7852120399475098,True,False,0.4230473484601596,True,,lfr,2026-03-10T14:44:49.643431
140,2,24,277,bnb_c,0.5515100955963135,True,False,0.423047348460165,True,,lfr,2026-03-10T14:44:50.301002
140,2,25,311,gurobi,14.250825881958008,True,False,0.39617559785361434,True,,lfr,2026-03-10T14:45:04.673179
140,2,25,311,bnb_c,0.44884371757507324,True,False,0.39617559785362,True,,lfr,2026-03-10T14:45:05.232397
140,2,26,295,gurobi,30,False,True,,,timeout,lfr,2026-03-10T14:45:35.245954
140,2,26,295,bnb_c,0.8937981128692627,True,False,0.410738293593795,True,,lfr,2026-03-10T14:45:36.250454
140,2,27,309,gurobi,0.5209197998046875,True,False,0.41720342267047067,True,,lfr,2026-03-10T14:45:36.884514
140,2,27,309,bnb_c,0.7339210510253906,True,False,0.417203422670479,True,,lfr,2026-03-10T14:45:37.725411
140,2,28,272,gurobi,30,False,True,,,timeout,lfr,2026-03-10T14:46:07.737578
140,2,28,272,bnb_c,8.97376823425293,True,False,0.396511407871972,True,,lfr,2026-03-10T14:46:16.821958
140,2,29,284,gurobi,3.6561739444732666,True,False,0.42052668121406617,True,,lfr,2026-03-10T14:46:20.595560
140,2,29,284,bnb_c,0.755756139755249,True,False,0.420526681214045,True,,lfr,2026-03-10T14:46:21.462113
140,2,30,264,gurobi,0.7118520736694336,True,False,0.44008264462808955,True,,lfr,2026-03-10T14:46:22.300218
140,2,30,264,bnb_c,0.603363037109375,True,False,0.440082644628099,True,,lfr,2026-03-10T14:46:23.056269
140,2,31,275,gurobi,6.323884963989258,True,False,0.4052826446281052,True,,lfr,2026-03-10T14:46:29.499169
140,2,31,275,bnb_c,4.447013854980469,True,False,0.405282644628099,True,,lfr,2026-03-10T14:46:34.059072
140,2,32,281,gurobi,0.11360907554626465,True,False,0.441990349666295,True,,lfr,2026-03-10T14:46:34.297423
140,2,32,281,bnb_c,0.4349813461303711,True,False,0.441990349666291,True,,lfr,2026-03-10T14:46:34.842807
140,2,33,283,gurobi,0.13345694541931152,True,False,0.44693403588506325,True,,lfr,2026-03-10T14:46:35.091347
140,2,33,283,bnb_c,0.46115708351135254,True,False,0.446934035885078,True,,lfr,2026-03-10T14:46:35.663944
140,2,34,288,gurobi,5.176469802856445,True,False,0.42339409722223664,True,,lfr,2026-03-10T14:46:40.958867
140,2,34,288,bnb_c,0.8972859382629395,True,False,0.423394097222222,True,,lfr,2026-03-10T14:46:41.969341
140,2,35,270,gurobi,0.3267350196838379,True,False,0.4181824417009737,True,,lfr,2026-03-10T14:46:42.410575
140,2,35,270,bnb_c,0.5225450992584229,True,False,0.41818244170096,True,,lfr,2026-03-10T14:46:43.040517
140,2,36,274,gurobi,2.3596031665802,True,False,0.4086525654004051,True,,lfr,2026-03-10T14:46:45.517054
140,2,36,274,bnb_c,1.8155691623687744,True,False,0.408652565400394,True,,lfr,2026-03-10T14:46:47.456836
140,2,37,283,gurobi,0.15068507194519043,True,False,0.4363395722258806,True,,lfr,2026-03-10T14:46:47.719215
140,2,37,283,bnb_c,0.4613320827484131,True,False,0.436339572225899,True,,lfr,2026-03-10T14:46:48.287977
140,2,38,299,gurobi,1.6756439208984375,True,False,0.4088936365365046,True,,lfr,2026-03-10T14:46:50.078676
140,2,38,299,bnb_c,1.8430562019348145,True,False,0.408893636536504,True,,lfr,2026-03-10T14:46:52.023983
140,2,39,278,gurobi,0.21866416931152344,True,False,0.4161728171419719,True,,lfr,2026-03-10T14:46:52.358432
140,2,39,278,bnb_c,3.5393621921539307,True,False,0.41617281714197,True,,lfr,2026-03-10T14:46:56.000793
140,2,40,255,gurobi,6.448377847671509,True,False,0.4246059207996781,True,,lfr,2026-03-10T14:47:02.559974
140,2,40,255,bnb_c,0.6637840270996094,True,False,0.424605920799693,True,,lfr,2026-03-10T14:47:03.331180
140,2,41,289,gurobi,0.11815690994262695,True,False,0.41993031692627997,True,,lfr,2026-03-10T14:47:03.568445
140,2,41,289,bnb_c,0.7035272121429443,True,False,0.419930316926282,True,,lfr,2026-03-10T14:47:04.383396
140,2,42,281,gurobi,11.351386785507202,True,False,0.4130393485391483,True,,lfr,2026-03-10T14:47:15.847688
140,2,42,281,bnb_c,3.1997082233428955,True,False,0.413039348539152,True,,lfr,2026-03-10T14:47:19.155214
140,2,43,273,gurobi,0.9998142719268799,True,False,0.44049967126891426,True,,lfr,2026-03-10T14:47:20.268223
140,2,43,273,bnb_c,0.4394040107727051,True,False,0.440499671268902,True,,lfr,2026-03-10T14:47:20.814014
140,2,44,271,gurobi,1.892503023147583,True,False,0.4209909995778939,True,,lfr,2026-03-10T14:47:22.820085
140,2,44,271,bnb_c,1.4274280071258545,True,False,0.420990999577892,True,,lfr,2026-03-10T14:47:24.353578
140,2,45,291,gurobi,12.152458906173706,True,False,0.4046126049527065,True,,lfr,2026-03-10T14:47:36.630815
140,2,45,291,bnb_c,4.609919786453247,True,False,0.404612604952705,True,,lfr,2026-03-10T14:47:41.348107
140,2,46,299,gurobi,0.6270840167999268,True,False,0.42228274851511877,True,,lfr,2026-03-10T14:47:42.096083
140,2,46,299,bnb_c,0.6881458759307861,True,False,0.422282748515117,True,,lfr,2026-03-10T14:47:42.891288
140,2,47,308,gurobi,3.513446807861328,True,False,0.41347613425534474,True,,lfr,2026-03-10T14:47:46.512877
140,2,47,308,bnb_c,1.2570068836212158,True,False,0.413476134255355,True,,lfr,2026-03-10T14:47:47.877219
140,2,48,338,gurobi,1.7463738918304443,True,False,0.40322467700710496,True,,lfr,2026-03-10T14:47:49.738434
140,2,48,338,bnb_c,0.6368269920349121,True,False,0.403224677007108,True,,lfr,2026-03-10T14:47:50.482037
140,2,49,253,gurobi,2.172445058822632,True,False,0.41876923557624113,True,,lfr,2026-03-10T14:47:52.771616
140,2,49,253,bnb_c,0.5588412284851074,True,False,0.418769235576247,True,,lfr,2026-03-10T14:47:53.436347
140,2,50,312,gurobi,4.061238050460815,True,False,0.40138067061143956,True,,lfr,2026-03-10T14:47:57.613130
140,2,50,312,bnb_c,1.2028858661651611,True,False,0.40138067061144,True,,lfr,2026-03-10T14:47:58.924097
140,2,51,278,gurobi,0.4172520637512207,True,False,0.424635112054247,True,,lfr,2026-03-10T14:47:59.462976
140,2,51,278,bnb_c,0.5069911479949951,True,False,0.424635112054242,True,,lfr,2026-03-10T14:48:00.076742
140,2,52,259,gurobi,0.1785569190979004,True,False,0.4419656832784148,True,,lfr,2026-03-10T14:48:00.374867
140,2,52,259,bnb_c,0.5561449527740479,True,False,0.441965683278425,True,,lfr,2026-03-10T14:48:01.039510
140,2,53,292,gurobi,0.3890678882598877,True,False,0.4376055545130519,True,,lfr,2026-03-10T14:48:01.538129
140,2,53,292,bnb_c,0.48433899879455566,True,False,0.437605554513042,True,,lfr,2026-03-10T14:48:02.125993
140,2,54,253,gurobi,0.7614202499389648,True,False,0.4222843662609938,True,,lfr,2026-03-10T14:48:02.995778
140,2,54,253,bnb_c,0.4497337341308594,True,False,0.422284366260995,True,,lfr,2026-03-10T14:48:03.548379
140,2,55,318,gurobi,0.18956398963928223,True,False,0.4329486570942737,True,,lfr,2026-03-10T14:48:03.852919
140,2,55,318,bnb_c,0.5245668888092041,True,False,0.432948657094261,True,,lfr,2026-03-10T14:48:04.483228
140,2,56,273,gurobi,8.41738510131836,True,False,0.4010989010989099,True,,lfr,2026-03-10T14:48:13.019348
140,2,56,273,bnb_c,2.4200048446655273,True,False,0.401098901098901,True,,lfr,2026-03-10T14:48:15.546727
140,2,57,310,gurobi,4.7631659507751465,True,False,0.4035379812695057,True,,lfr,2026-03-10T14:48:20.425464
140,2,57,310,bnb_c,2.0080618858337402,True,False,0.403537981269511,True,,lfr,2026-03-10T14:48:22.543162
140,2,58,279,gurobi,1.3490560054779053,True,False,0.4246284091931089,True,,lfr,2026-03-10T14:48:24.001164
140,2,58,279,bnb_c,1.3402190208435059,True,False,0.424628409193099,True,,lfr,2026-03-10T14:48:25.448925
140,2,59,276,gurobi,1.6823430061340332,True,False,0.4053179479100965,True,,lfr,2026-03-10T14:48:27.248708
140,2,59,276,bnb_c,1.8747949600219727,True,False,0.405317947910103,True,,lfr,2026-03-10T14:48:29.230049
140,2,60,289,gurobi,0.43849706649780273,True,False,0.43077190167741936,True,,lfr,2026-03-10T14:48:29.777859
140,2,60,289,bnb_c,0.5205087661743164,True,False,0.430771901677422,True,,lfr,2026-03-10T14:48:30.401502
140,2,61,294,gurobi,1.056596040725708,True,False,0.41808390022674885,True,,lfr,2026-03-10T14:48:31.581585
140,2,61,294,bnb_c,0.961212158203125,True,False,0.418083900226757,True,,lfr,2026-03-10T14:48:32.645927
140,2,62,281,gurobi,1.225010871887207,True,False,0.42604576943048106,True,,lfr,2026-03-10T14:48:33.988214
140,2,62,281,bnb_c,0.48228907585144043,True,False,0.426045769430478,True,,lfr,2026-03-10T14:48:34.574236
140,2,63,256,gurobi,30,False,True,,,timeout,lfr,2026-03-10T14:49:04.587175
140,2,63,256,bnb_c,0.48406505584716797,True,False,0.448844909667969,True,,lfr,2026-03-10T14:49:05.181219
140,2,64,294,gurobi,0.9570088386535645,True,False,0.4169269748715735,True,,lfr,2026-03-10T14:49:06.247914
140,2,64,294,bnb_c,0.7348840236663818,True,False,0.416926974871582,True,,lfr,2026-03-10T14:49:07.090178
140,2,65,257,gurobi,0.7212049961090088,True,False,0.42622901179425865,True,,lfr,2026-03-10T14:49:07.921323
140,2,65,257,bnb_c,0.48975086212158203,True,False,0.426229011794274,True,,lfr,2026-03-10T14:49:08.517535
140,2,66,292,gurobi,0.5913770198822021,True,False,0.42249366672922944,True,,lfr,2026-03-10T14:49:09.218205
140,2,66,292,bnb_c,0.7301838397979736,True,False,0.422493666729218,True,,lfr,2026-03-10T14:49:10.054681
140,2,67,271,gurobi,0.1015479564666748,True,False,0.41875791451641664,True,,lfr,2026-03-10T14:49:10.264534
140,2,67,271,bnb_c,0.6811096668243408,True,False,0.418757914516415,True,,lfr,2026-03-10T14:49:11.055932
140,2,68,296,gurobi,30,False,True,,,timeout,lfr,2026-03-10T14:49:41.065521
140,2,68,296,bnb_c,0.4098231792449951,True,False,0.394631117604091,True,,lfr,2026-03-10T14:49:41.587538
140,2,69,255,gurobi,0.11975789070129395,True,False,0.4464744329104022,True,,lfr,2026-03-10T14:49:41.817925
140,2,69,255,bnb_c,0.45116400718688965,True,False,0.446474432910419,True,,lfr,2026-03-10T14:49:42.380599
140,2,70,290,gurobi,0.23863792419433594,True,False,0.41714625445896614,True,,lfr,2026-03-10T14:49:42.730667
140,2,70,290,bnb_c,0.7700140476226807,True,False,0.417146254458978,True,,lfr,2026-03-10T14:49:43.609566
140,2,71,278,gurobi,3.9990086555480957,True,False,0.4142319238134659,True,,lfr,2026-03-10T14:49:47.729135
140,2,71,278,bnb_c,3.27896785736084,True,False,0.414231923813467,True,,lfr,2026-03-10T14:49:51.115099
140,2,72,259,gurobi,2.5959479808807373,True,False,0.43644996347698056,True,,lfr,2026-03-10T14:49:53.834465
140,2,72,259,bnb_c,0.9982008934020996,True,False,0.43644996347699,True,,lfr,2026-03-10T14:49:54.939458
140,2,73,272,gurobi,0.17669987678527832,True,False,0.43024843209342795,True,,lfr,2026-03-10T14:49:55.231732
140,2,73,272,bnb_c,0.5523350238800049,True,False,0.430248432093426,True,,lfr,2026-03-10T14:49:55.889204
140,2,74,310,gurobi,0.3944129943847656,True,False,0.41979188345473023,True,,lfr,2026-03-10T14:49:56.400077
140,2,74,310,bnb_c,0.5964512825012207,True,False,0.419791883454735,True,,lfr,2026-03-10T14:49:57.102741
140,2,75,293,gurobi,0.12641310691833496,True,False,0.451746671481308,True,,lfr,2026-03-10T14:49:57.346433
140,2,75,293,bnb_c,0.4847092628479004,True,False,0.451746671481322,True,,lfr,2026-03-10T14:49:57.937664
140,2,76,286,gurobi,1.4223299026489258,True,False,0.4157599393613432,True,,lfr,2026-03-10T14:49:59.468198
140,2,76,286,bnb_c,1.7873032093048096,True,False,0.415759939361338,True,,lfr,2026-03-10T14:50:01.359548
140,2,77,260,gurobi,0.39994287490844727,True,False,0.43383875739642813,True,,lfr,2026-03-10T14:50:01.878386
140,2,77,260,bnb_c,0.5900061130523682,True,False,0.43383875739645,True,,lfr,2026-03-10T14:50:02.571114
140,2,78,284,gurobi,12.96254014968872,True,False,0.40844450505854296,True,,lfr,2026-03-10T14:50:15.647780
140,2,78,284,bnb_c,0.4430398941040039,True,False,0.40844450505852,True,,lfr,2026-03-10T14:50:16.200420
140,2,79,348,gurobi,1.1601202487945557,True,False,0.4215219976218942,True,,lfr,2026-03-10T14:50:17.478404
140,2,79,348,bnb_c,0.5072460174560547,True,False,0.421521997621879,True,,lfr,2026-03-10T14:50:18.094072
140,2,80,304,gurobi,1.2561771869659424,True,False,0.4141057825484671,True,,lfr,2026-03-10T14:50:19.460629
140,2,80,304,bnb_c,0.8850460052490234,True,False,0.414105782548476,True,,lfr,2026-03-10T14:50:20.453377
140,2,81,278,gurobi,0.17106890678405762,True,False,0.4263948553387535,True,,lfr,2026-03-10T14:50:20.730828
140,2,81,278,bnb_c,0.5206799507141113,True,False,0.426394855338751,True,,lfr,2026-03-10T14:50:21.356487
140,2,82,306,gurobi,5.79466700553894,True,False,0.38835490623263674,True,,lfr,2026-03-10T14:50:27.263894
140,2,82,306,bnb_c,6.535427808761597,True,False,0.388354906232646,True,,lfr,2026-03-10T14:50:33.905999
140,2,83,290,gurobi,1.0996108055114746,True,False,0.41878715814505396,True,,lfr,2026-03-10T14:50:35.124398
140,2,83,290,bnb_c,0.8021433353424072,True,False,0.418787158145066,True,,lfr,2026-03-10T14:50:36.032342
140,2,84,294,gurobi,0.27121472358703613,True,False,0.43204220463694976,True,,lfr,2026-03-10T14:50:36.425176
140,2,84,294,bnb_c,0.48389291763305664,True,False,0.432042204636957,True,,lfr,2026-03-10T14:50:37.016056
140,2,85,242,gurobi,1.979222059249878,True,False,0.41693702615943523,True,,lfr,2026-03-10T14:50:39.111039
140,2,85,242,bnb_c,1.8378679752349854,True,False,0.416937026159415,True,,lfr,2026-03-10T14:50:41.052144
140,2,86,277,gurobi,0.2487938404083252,True,False,0.4037847489215186,True,,lfr,2026-03-10T14:50:41.416963
140,2,86,277,bnb_c,0.8901009559631348,True,False,0.403784748921529,True,,lfr,2026-03-10T14:50:42.409896
140,2,87,318,gurobi,0.24471712112426758,True,False,0.42523535461414713,True,,lfr,2026-03-10T14:50:42.767868
140,2,87,318,bnb_c,0.4819920063018799,True,False,0.425235354614137,True,,lfr,2026-03-10T14:50:43.352404
140,2,88,306,gurobi,11.416674137115479,True,False,0.39715494040752636,True,,lfr,2026-03-10T14:50:54.885752
140,2,88,306,bnb_c,3.7675650119781494,True,False,0.397154940407536,True,,lfr,2026-03-10T14:50:58.760325
140,2,89,310,gurobi,4.338638067245483,True,False,0.40967221644120333,True,,lfr,2026-03-10T14:51:03.211074
140,2,89,310,bnb_c,1.951280117034912,True,False,0.409672216441207,True,,lfr,2026-03-10T14:51:05.271501
140,2,90,303,gurobi,0.5846641063690186,True,False,0.42642878149200536,True,,lfr,2026-03-10T14:51:05.970316
140,2,90,303,bnb_c,0.5503361225128174,True,False,0.426428781492011,True,,lfr,2026-03-10T14:51:06.626923
140,2,91,261,gurobi,0.5435640811920166,True,False,0.4342713700620873,True,,lfr,2026-03-10T14:51:07.291362
140,2,91,261,bnb_c,0.5342438220977783,True,False,0.434271370062095,True,,lfr,2026-03-10T14:51:07.931891
140,2,92,271,gurobi,10.721523761749268,True,False,0.4053117468444056,True,,lfr,2026-03-10T14:51:18.776227
140,2,92,271,bnb_c,3.261600971221924,True,False,0.405311746844405,True,,lfr,2026-03-10T14:51:22.148165
140,2,93,295,gurobi,5.332925319671631,True,False,0.40979029014650714,True,,lfr,2026-03-10T14:51:27.593810
140,2,93,295,bnb_c,0.44313812255859375,True,False,0.40979029014651,True,,lfr,2026-03-10T14:51:28.144323
140,2,94,322,gurobi,0.46564602851867676,True,False,0.4270427452644674,True,,lfr,2026-03-10T14:51:28.724359
140,2,94,322,bnb_c,0.6430051326751709,True,False,0.427042745264458,True,,lfr,2026-03-10T14:51:29.474434
140,2,95,302,gurobi,0.17955517768859863,True,False,0.4341860006140092,True,,lfr,2026-03-10T14:51:29.774486
140,2,95,302,bnb_c,0.4991300106048584,True,False,0.434186000614008,True,,lfr,2026-03-10T14:51:30.378989
140,2,96,253,gurobi,0.338238000869751,True,False,0.4441094221125091,True,,lfr,2026-03-10T14:51:30.824361
140,2,96,253,bnb_c,0.5691592693328857,True,False,0.444109422112515,True,,lfr,2026-03-10T14:51:31.496794
140,2,97,251,gurobi,0.2008209228515625,True,False,0.4476198790495696,True,,lfr,2026-03-10T14:51:31.815371
140,2,97,251,bnb_c,0.4383890628814697,True,False,0.447619879049539,True,,lfr,2026-03-10T14:51:32.358110
140,2,98,304,gurobi,0.6052510738372803,True,False,0.42654410491689126,True,,lfr,2026-03-10T14:51:33.069898
140,2,98,304,bnb_c,0.48186397552490234,True,False,0.426544104916898,True,,lfr,2026-03-10T14:51:33.654418
140,2,99,253,gurobi,0.5494043827056885,True,False,0.43058788607851506,True,,lfr,2026-03-10T14:51:34.321871
140,2,99,253,bnb_c,0.5594959259033203,True,False,0.43058788607852,True,,lfr,2026-03-10T14:51:34.990924
160,2,0,326,gurobi,0.1744837760925293,True,False,0.4416989724867148,True,,lfr,2026-03-10T14:51:35.276557
160,2,0,326,bnb_c,0.6639199256896973,True,False,0.441698972486733,True,,lfr,2026-03-10T14:51:36.046773
160,2,1,327,gurobi,1.8371169567108154,True,False,0.4221446006228454,True,,lfr,2026-03-10T14:51:38.002978
160,2,1,327,bnb_c,1.5817070007324219,True,False,0.422144600622843,True,,lfr,2026-03-10T14:51:39.687163
160,2,2,327,gurobi,1.9446742534637451,True,False,0.4254505325964,True,,lfr,2026-03-10T14:51:41.737287
160,2,2,327,bnb_c,3.49755597114563,True,False,0.425450532596396,True,,lfr,2026-03-10T14:51:45.337638
160,2,3,310,gurobi,24.50820517539978,True,False,0.42239334027054803,True,,lfr,2026-03-10T14:52:09.959371
160,2,3,310,bnb_c,16.72722578048706,True,False,0.422393340270552,True,,lfr,2026-03-10T14:52:26.797523
160,2,4,347,gurobi,1.1584899425506592,True,False,0.43013396008606253,True,,lfr,2026-03-10T14:52:28.074353
160,2,4,347,bnb_c,1.7811470031738281,True,False,0.43013396008604,True,,lfr,2026-03-10T14:52:29.962454
160,2,5,298,gurobi,1.5397307872772217,True,False,0.4390117562271936,True,,lfr,2026-03-10T14:52:31.615310
160,2,5,298,bnb_c,2.105983018875122,True,False,0.439011756227197,True,,lfr,2026-03-10T14:52:33.827525
160,2,6,310,gurobi,1.8477210998535156,True,False,0.4226378772112348,True,,lfr,2026-03-10T14:52:35.788806
160,2,6,310,bnb_c,3.2356679439544678,True,False,0.422637877211238,True,,lfr,2026-03-10T14:52:39.129786
160,2,7,303,gurobi,0.27363014221191406,True,False,0.43662386040583095,True,,lfr,2026-03-10T14:52:39.514507
160,2,7,303,bnb_c,0.6015832424163818,True,False,0.436623860405843,True,,lfr,2026-03-10T14:52:40.224093
160,2,8,355,gurobi,30,False,True,,,timeout,lfr,2026-03-10T14:53:10.237989
160,2,8,355,bnb_c,30,False,True,,,timeout,lfr,2026-03-10T14:53:40.243137
160,2,9,305,gurobi,1.5970919132232666,True,False,0.424235420585879,True,,lfr,2026-03-10T14:53:41.954479
160,2,9,305,bnb_c,1.3838920593261719,True,False,0.424235420585864,True,,lfr,2026-03-10T14:53:43.445100
160,2,10,323,gurobi,2.5645108222961426,True,False,0.4109931083399555,True,,lfr,2026-03-10T14:53:46.120664
160,2,10,323,bnb_c,24.871585845947266,True,False,0.410993108339963,True,,lfr,2026-03-10T14:54:11.100683
160,2,11,349,gurobi,0.9222681522369385,True,False,0.41925764156285156,True,,lfr,2026-03-10T14:54:12.198616
160,2,11,349,bnb_c,10.954844951629639,True,False,0.419257641562877,True,,lfr,2026-03-10T14:54:23.262588
160,2,12,380,gurobi,12.696006774902344,True,False,0.3983518005540158,True,,lfr,2026-03-10T14:54:36.076375
160,2,12,380,bnb_c,12.48740291595459,True,False,0.398351800554017,True,,lfr,2026-03-10T14:54:48.677370
160,2,13,302,gurobi,0.22437000274658203,True,False,0.4500624972588916,True,,lfr,2026-03-10T14:54:49.013098
160,2,13,302,bnb_c,0.7464818954467773,True,False,0.450062497258892,True,,lfr,2026-03-10T14:54:49.869618
160,2,14,353,gurobi,0.6390030384063721,True,False,0.4178430129444932,True,,lfr,2026-03-10T14:54:50.619581
160,2,14,353,bnb_c,3.4667320251464844,True,False,0.417843012944491,True,,lfr,2026-03-10T14:54:54.199004
160,2,15,341,gurobi,0.6327338218688965,True,False,0.42075231551157194,True,,lfr,2026-03-10T14:54:54.953038
160,2,15,341,bnb_c,5.489376068115234,True,False,0.420752315511563,True,,lfr,2026-03-10T14:55:00.548760
160,2,16,315,gurobi,0.14942407608032227,True,False,0.45152935248173154,True,,lfr,2026-03-10T14:55:00.812172
160,2,16,315,bnb_c,0.6499669551849365,True,False,0.451529352481734,True,,lfr,2026-03-10T14:55:01.572449
160,2,17,336,gurobi,0.35518884658813477,True,False,0.42261464795716414,True,,lfr,2026-03-10T14:55:02.037927
160,2,17,336,bnb_c,1.1289148330688477,True,False,0.422614618764172,True,,lfr,2026-03-10T14:55:03.279613
160,2,18,272,gurobi,1.9397921562194824,True,False,0.43181633866782315,True,,lfr,2026-03-10T14:55:05.336550
160,2,18,272,bnb_c,3.1123099327087402,True,False,0.43181633866782,True,,lfr,2026-03-10T14:55:08.552562
160,2,19,326,gurobi,0.2886061668395996,True,False,0.44171779141102724,True,,lfr,2026-03-10T14:55:08.966497
160,2,19,326,bnb_c,0.6358890533447266,True,False,0.441717791411043,True,,lfr,2026-03-10T14:55:09.713979
160,2,20,340,gurobi,1.4360508918762207,True,False,0.4063321799307939,True,,lfr,2026-03-10T14:55:11.264461
160,2,20,340,bnb_c,1.1993451118469238,True,False,0.406332179930796,True,,lfr,2026-03-10T14:55:12.571176
160,2,21,346,gurobi,3.762078046798706,True,False,0.41229242540680483,True,,lfr,2026-03-10T14:55:16.455093
160,2,21,346,bnb_c,8.215118885040283,True,False,0.412292425406796,True,,lfr,2026-03-10T14:55:24.777245
160,2,22,286,gurobi,0.25624608993530273,True,False,0.45277886449215643,True,,lfr,2026-03-10T14:55:25.153904
160,2,22,286,bnb_c,0.6656839847564697,True,False,0.452778864492151,True,,lfr,2026-03-10T14:55:25.926555
160,2,23,331,gurobi,2.102181911468506,True,False,0.4164803169010889,True,,lfr,2026-03-10T14:55:28.144909
160,2,23,331,bnb_c,3.195020914077759,True,False,0.416480316901087,True,,lfr,2026-03-10T14:55:31.447245
160,2,24,326,gurobi,3.4730920791625977,True,False,0.42335052128418327,True,,lfr,2026-03-10T14:55:35.037861
160,2,24,326,bnb_c,1.875905990600586,True,False,0.423350521284203,True,,lfr,2026-03-10T14:55:37.021030
160,2,25,321,gurobi,1.6220791339874268,True,False,0.42249201774049283,True,,lfr,2026-03-10T14:55:38.760762
160,2,25,321,bnb_c,1.4253580570220947,True,False,0.422492017740511,True,,lfr,2026-03-10T14:55:40.295645
160,2,26,331,gurobi,13.022104740142822,True,False,0.4001241317622185,True,,lfr,2026-03-10T14:55:53.439477
160,2,26,331,bnb_c,30,False,True,,,timeout,lfr,2026-03-10T14:56:23.445154
160,2,27,396,gurobi,0.3556210994720459,True,False,0.4115874655647233,True,,lfr,2026-03-10T14:56:23.930474
160,2,27,396,bnb_c,0.8709497451782227,True,False,0.411587465564738,True,,lfr,2026-03-10T14:56:24.911178
160,2,28,303,gurobi,30,False,True,,,timeout,lfr,2026-03-10T14:56:54.926620
160,2,28,303,bnb_c,15.214128017425537,True,False,0.416571360106308,True,,lfr,2026-03-10T14:57:10.253254
160,2,29,328,gurobi,8.256061792373657,True,False,0.41877974419987335,True,,lfr,2026-03-10T14:57:18.627892
160,2,29,328,bnb_c,20.690343856811523,True,False,0.418779744199881,True,,lfr,2026-03-10T14:57:39.428534
160,2,30,293,gurobi,1.8313560485839844,True,False,0.4385665529010085,True,,lfr,2026-03-10T14:57:41.378958
160,2,30,293,bnb_c,1.1522090435028076,True,False,0.438566552901024,True,,lfr,2026-03-10T14:57:42.637089
160,2,31,337,gurobi,1.3123741149902344,True,False,0.41240567408359907,True,,lfr,2026-03-10T14:57:44.074806
160,2,31,337,bnb_c,0.6062099933624268,True,False,0.412405674083597,True,,lfr,2026-03-10T14:57:44.790580
160,2,32,310,gurobi,30,False,True,,,timeout,lfr,2026-03-10T14:58:14.806176
160,2,32,310,bnb_c,30,False,True,,,timeout,lfr,2026-03-10T14:58:44.811517
160,2,33,332,gurobi,0.7559211254119873,True,False,0.4211378647118462,True,,lfr,2026-03-10T14:58:45.694876
160,2,33,332,bnb_c,3.7270069122314453,True,False,0.421137864711859,True,,lfr,2026-03-10T14:58:49.530166
160,2,34,314,gurobi,30,False,True,,,timeout,lfr,2026-03-10T14:59:19.541515
160,2,34,314,bnb_c,30,False,True,,,timeout,lfr,2026-03-10T14:59:49.546887
160,2,35,311,gurobi,1.3600940704345703,True,False,0.42292780264885554,True,,lfr,2026-03-10T14:59:51.034604
160,2,35,311,bnb_c,2.8781418800354004,True,False,0.422927802648856,True,,lfr,2026-03-10T14:59:54.025189
160,2,36,322,gurobi,0.5128061771392822,True,False,0.4291259982253978,True,,lfr,2026-03-10T14:59:54.670165
160,2,36,322,bnb_c,2.1444830894470215,True,False,0.429125998225377,True,,lfr,2026-03-10T14:59:56.924346
160,2,37,305,gurobi,2.465825080871582,True,False,0.43068529965065183,True,,lfr,2026-03-10T14:59:59.502530
160,2,37,305,bnb_c,2.1833481788635254,True,False,0.430685299650632,True,,lfr,2026-03-10T15:00:01.792777
160,2,38,355,gurobi,0.21767926216125488,True,False,0.42342392382462474,True,,lfr,2026-03-10T15:00:02.121571
160,2,38,355,bnb_c,1.7483601570129395,True,False,0.423423923824638,True,,lfr,2026-03-10T15:00:03.978417
160,2,39,300,gurobi,0.781583309173584,True,False,0.4339944444444533,True,,lfr,2026-03-10T15:00:04.869840
160,2,39,300,bnb_c,6.665525913238525,True,False,0.433994444444445,True,,lfr,2026-03-10T15:00:11.641854
160,2,40,309,gurobi,20.991595029830933,True,False,0.43527508090613143,True,,lfr,2026-03-10T15:00:32.748035
160,2,40,309,bnb_c,4.03789496421814,True,False,0.435275080906149,True,,lfr,2026-03-10T15:00:36.895524
160,2,41,325,gurobi,2.08933687210083,True,False,0.42924970414199387,True,,lfr,2026-03-10T15:00:39.107124
160,2,41,325,bnb_c,5.230082750320435,True,False,0.429249704142012,True,,lfr,2026-03-10T15:00:44.451840
160,2,42,316,gurobi,30,False,True,,,timeout,lfr,2026-03-10T15:01:14.464053
160,2,42,316,bnb_c,14.42164921760559,True,False,0.414792300913315,True,,lfr,2026-03-10T15:01:28.997378
160,2,43,317,gurobi,1.6953730583190918,True,False,0.4266238095711784,True,,lfr,2026-03-10T15:01:30.812318
160,2,43,317,bnb_c,1.1087329387664795,True,False,0.426623809571197,True,,lfr,2026-03-10T15:01:32.025542
160,2,44,298,gurobi,0.3105347156524658,True,False,0.4482230530156307,True,,lfr,2026-03-10T15:01:32.453167
160,2,44,298,bnb_c,0.636589765548706,True,False,0.44822305301563,True,,lfr,2026-03-10T15:01:33.200961
160,2,45,350,gurobi,4.151019096374512,True,False,0.40846938775511565,True,,lfr,2026-03-10T15:01:37.474575
160,2,45,350,bnb_c,10.175458908081055,True,False,0.408469387755102,True,,lfr,2026-03-10T15:01:47.754600
160,2,46,350,gurobi,1.431947946548462,True,False,0.4331061224489911,True,,lfr,2026-03-10T15:01:49.298518
160,2,46,350,bnb_c,2.1778576374053955,True,False,0.43310612244898,True,,lfr,2026-03-10T15:01:51.584377
160,2,47,364,gurobi,30,False,True,,,timeout,lfr,2026-03-10T15:02:21.596442
160,2,47,364,bnb_c,30,False,True,,,timeout,lfr,2026-03-10T15:02:51.601669
160,2,48,337,gurobi,2.3012099266052246,True,False,0.41544787750178397,True,,lfr,2026-03-10T15:02:54.022339
160,2,48,337,bnb_c,6.853137731552124,True,False,0.415447877501783,True,,lfr,2026-03-10T15:03:00.981541
160,2,49,298,gurobi,1.619614839553833,True,False,0.4366920408990592,True,,lfr,2026-03-10T15:03:02.717933
160,2,49,298,bnb_c,0.838594913482666,True,False,0.436692040899059,True,,lfr,2026-03-10T15:03:03.663114
160,2,50,362,gurobi,0.18406987190246582,True,False,0.4333201062238724,True,,lfr,2026-03-10T15:03:03.965909
160,2,50,362,bnb_c,1.2889952659606934,True,False,0.433320106223864,True,,lfr,2026-03-10T15:03:05.364024
160,2,51,326,gurobi,2.6780362129211426,True,False,0.41931856675070256,True,,lfr,2026-03-10T15:03:08.160785
160,2,51,326,bnb_c,2.352400779724121,True,False,0.419318566750725,True,,lfr,2026-03-10T15:03:10.624133
160,2,52,308,gurobi,3.303802251815796,True,False,0.4182355793556949,True,,lfr,2026-03-10T15:03:14.043790
160,2,52,308,bnb_c,1.7828598022460938,True,False,0.418235579355709,True,,lfr,2026-03-10T15:03:15.934495
160,2,53,351,gurobi,7.44516396522522,True,False,0.41000884733077475,True,,lfr,2026-03-10T15:03:23.495084
160,2,53,351,bnb_c,10.854418277740479,True,False,0.410008847330785,True,,lfr,2026-03-10T15:03:34.459916
160,2,54,275,gurobi,3.328800916671753,True,False,0.44181157024793705,True,,lfr,2026-03-10T15:03:37.910188
160,2,54,275,bnb_c,0.8636491298675537,True,False,0.441811570247934,True,,lfr,2026-03-10T15:03:38.880083
160,2,55,302,gurobi,2.6399149894714355,True,False,0.4192359984211227,True,,lfr,2026-03-10T15:03:41.639572
160,2,55,302,bnb_c,4.267803907394409,True,False,0.419235998421122,True,,lfr,2026-03-10T15:03:46.014099
160,2,56,339,gurobi,2.3267710208892822,True,False,0.417404129793521,True,,lfr,2026-03-10T15:03:48.462121
160,2,56,339,bnb_c,3.718536853790283,True,False,0.41740412979351,True,,lfr,2026-03-10T15:03:52.288037
160,2,57,303,gurobi,30,False,True,,,timeout,lfr,2026-03-10T15:04:22.304592
160,2,57,303,bnb_c,30,False,True,,,timeout,lfr,2026-03-10T15:04:52.311757
160,2,58,300,gurobi,1.7509229183197021,True,False,0.43466111111111966,True,,lfr,2026-03-10T15:04:54.180446
160,2,58,300,bnb_c,1.0342342853546143,True,False,0.434661111111111,True,,lfr,2026-03-10T15:04:55.324945
160,2,59,333,gurobi,29.563902854919434,True,False,0.4086068050031977,True,,lfr,2026-03-10T15:05:25.002226
160,2,59,333,bnb_c,30,False,True,,,timeout,lfr,2026-03-10T15:05:55.007449
160,2,60,286,gurobi,6.585222959518433,True,False,0.4325333757152048,True,,lfr,2026-03-10T15:06:01.710453
160,2,60,286,bnb_c,4.817447900772095,True,False,0.432533375715194,True,,lfr,2026-03-10T15:06:06.635770
160,2,61,338,gurobi,8.44343614578247,True,False,0.4113126291096215,True,,lfr,2026-03-10T15:06:15.195180
160,2,61,338,bnb_c,3.721503973007202,True,False,0.411312629109625,True,,lfr,2026-03-10T15:06:19.023287
160,2,62,342,gurobi,0.24486970901489258,True,False,0.41751308094798834,True,,lfr,2026-03-10T15:06:19.391587
160,2,62,342,bnb_c,3.311328887939453,True,False,0.417513080947984,True,,lfr,2026-03-10T15:06:22.808562
160,2,63,309,gurobi,0.8083982467651367,True,False,0.430179826352874,True,,lfr,2026-03-10T15:06:23.728913
160,2,63,309,bnb_c,0.9132390022277832,True,False,0.430179826352887,True,,lfr,2026-03-10T15:06:24.749273
160,2,64,301,gurobi,30,False,True,,,timeout,lfr,2026-03-10T15:06:54.764922
160,2,64,301,bnb_c,18.279888153076172,True,False,0.415801150097681,True,,lfr,2026-03-10T15:07:13.151865
160,2,65,315,gurobi,7.313331842422485,True,False,0.41851347946585105,True,,lfr,2026-03-10T15:07:20.592990
160,2,65,315,bnb_c,5.110340118408203,True,False,0.41851347946586,True,,lfr,2026-03-10T15:07:25.814444
160,2,66,287,gurobi,2.972672939300537,True,False,0.43026502689119905,True,,lfr,2026-03-10T15:07:28.905794
160,2,66,287,bnb_c,2.5116539001464844,True,False,0.430265026891185,True,,lfr,2026-03-10T15:07:31.523157
160,2,67,345,gurobi,0.6679439544677734,True,False,0.43079605124975123,True,,lfr,2026-03-10T15:07:32.307783
160,2,67,345,bnb_c,1.1673378944396973,True,False,0.430796051249738,True,,lfr,2026-03-10T15:07:33.580646
160,2,68,335,gurobi,18.784703969955444,True,False,0.40413900646021395,True,,lfr,2026-03-10T15:07:52.477302
160,2,68,335,bnb_c,13.298529148101807,True,False,0.404139006460236,True,,lfr,2026-03-10T15:08:05.883377
160,2,69,291,gurobi,0.5110220909118652,True,False,0.4506973228941563,True,,lfr,2026-03-10T15:08:06.508287
160,2,69,291,bnb_c,0.7103419303894043,True,False,0.450697322894156,True,,lfr,2026-03-10T15:08:07.325354
160,2,70,318,gurobi,30,False,True,,,timeout,lfr,2026-03-10T15:08:37.341349
160,2,70,318,bnb_c,30,False,True,,,timeout,lfr,2026-03-10T15:09:07.347631
160,2,71,287,gurobi,1.5183899402618408,True,False,0.43453847928226785,True,,lfr,2026-03-10T15:09:08.981938
160,2,71,287,bnb_c,2.0590200424194336,True,False,0.434538479282254,True,,lfr,2026-03-10T15:09:11.150826
160,2,72,371,gurobi,30,False,True,,,timeout,lfr,2026-03-10T15:09:41.166906
160,2,72,371,bnb_c,30,False,True,,,timeout,lfr,2026-03-10T15:10:11.172487
160,2,73,319,gurobi,0.16600608825683594,True,False,0.43043995243758515,True,,lfr,2026-03-10T15:10:11.461684
160,2,73,319,bnb_c,1.10722017288208,True,False,0.430439952437574,True,,lfr,2026-03-10T15:10:12.676228
160,2,74,281,gurobi,30,False,True,,,timeout,lfr,2026-03-10T15:10:42.686352
160,2,74,281,bnb_c,30,False,True,,,timeout,lfr,2026-03-10T15:11:12.690678
160,2,75,301,gurobi,2.609218120574951,True,False,0.42252293021047077,True,,lfr,2026-03-10T15:11:15.415648
160,2,75,301,bnb_c,2.247607946395874,True,False,0.422522930210483,True,,lfr,2026-03-10T15:11:17.772183
160,2,76,356,gurobi,1.8565871715545654,True,False,0.42879292387325757,True,,lfr,2026-03-10T15:11:19.740262
160,2,76,356,bnb_c,2.4027762413024902,True,False,0.428792923873248,True,,lfr,2026-03-10T15:11:22.256058
160,2,77,334,gurobi,3.4980647563934326,True,False,0.4209903546201127,True,,lfr,2026-03-10T15:11:25.867095
160,2,77,334,bnb_c,0.6021020412445068,True,False,0.420990354620101,True,,lfr,2026-03-10T15:11:26.576278
160,2,78,323,gurobi,30,False,True,,,timeout,lfr,2026-03-10T15:11:56.592784
160,2,78,323,bnb_c,30,False,True,,,timeout,lfr,2026-03-10T15:12:26.597180
160,2,79,399,gurobi,30,False,True,,,timeout,lfr,2026-03-10T15:12:56.605692
160,2,79,399,bnb_c,30,False,True,,,timeout,lfr,2026-03-10T15:13:26.611675
160,2,80,326,gurobi,4.812256097793579,True,False,0.42493131092624725,True,,lfr,2026-03-10T15:13:31.543213
160,2,80,326,bnb_c,2.1989707946777344,True,False,0.424931310926268,True,,lfr,2026-03-10T15:13:33.850850
160,2,81,314,gurobi,0.34244513511657715,True,False,0.43204085358431354,True,,lfr,2026-03-10T15:13:34.312936
160,2,81,314,bnb_c,0.8576140403747559,True,False,0.432040853584324,True,,lfr,2026-03-10T15:13:35.279041
160,2,82,361,gurobi,30,False,True,,,timeout,lfr,2026-03-10T15:14:05.294287
160,2,82,361,bnb_c,30,False,True,,,timeout,lfr,2026-03-10T15:14:35.298616
160,2,83,307,gurobi,1.1500730514526367,True,False,0.44165985846005246,True,,lfr,2026-03-10T15:14:36.568532
160,2,83,307,bnb_c,0.6703763008117676,True,False,0.441659858460037,True,,lfr,2026-03-10T15:14:37.350334
160,2,84,354,gurobi,13.541579008102417,True,False,0.3928788023875707,True,,lfr,2026-03-10T15:14:51.010477
160,2,84,354,bnb_c,30,False,True,,,timeout,lfr,2026-03-10T15:15:21.015742
160,2,85,293,gurobi,0.8379850387573242,True,False,0.43862479469764526,True,,lfr,2026-03-10T15:15:21.977640
160,2,85,293,bnb_c,1.5247039794921875,True,False,0.438624794697667,True,,lfr,2026-03-10T15:15:23.609080
160,2,86,319,gurobi,2.3244411945343018,True,False,0.4239394266958928,True,,lfr,2026-03-10T15:15:26.056528
160,2,86,319,bnb_c,10.177696943283081,True,False,0.423939426695886,True,,lfr,2026-03-10T15:15:36.346770
160,2,87,285,gurobi,16.300575971603394,True,False,0.43300092336102713,True,,lfr,2026-03-10T15:15:52.769563
160,2,87,285,bnb_c,6.5130510330200195,True,False,0.433000923361034,True,,lfr,2026-03-10T15:15:59.396500
160,2,88,361,gurobi,1.6966452598571777,True,False,0.41352506503171843,True,,lfr,2026-03-10T15:16:01.210612
160,2,88,361,bnb_c,3.2791178226470947,True,False,0.413525065031729,True,,lfr,2026-03-10T15:16:04.596385
160,2,89,323,gurobi,11.5116605758667,True,False,0.4048586682513904,True,,lfr,2026-03-10T15:16:16.222998
160,2,89,323,bnb_c,12.996984004974365,True,False,0.404858668251397,True,,lfr,2026-03-10T15:16:29.328785
160,2,90,334,gurobi,30,False,True,,,timeout,lfr,2026-03-10T15:16:59.338555
160,2,90,334,bnb_c,30,False,True,,,timeout,lfr,2026-03-10T15:17:29.343861
160,2,91,346,gurobi,1.3754420280456543,True,False,0.4193549734371441,True,,lfr,2026-03-10T15:17:30.841499
160,2,91,346,bnb_c,1.4803948402404785,True,False,0.419354973437135,True,,lfr,2026-03-10T15:17:32.431373
160,2,92,293,gurobi,14.941322088241577,True,False,0.4278034688813872,True,,lfr,2026-03-10T15:17:47.482891
160,2,92,293,bnb_c,2.609445095062256,True,False,0.427803468881408,True,,lfr,2026-03-10T15:17:50.200605
160,2,93,356,gurobi,0.5865616798400879,True,False,0.4074453983083045,True,,lfr,2026-03-10T15:17:50.911285
160,2,93,356,bnb_c,4.753028869628906,True,False,0.407445398308294,True,,lfr,2026-03-10T15:17:55.773164
160,2,94,349,gurobi,3.878237009048462,True,False,0.41894155220398,True,,lfr,2026-03-10T15:17:59.780694
160,2,94,349,bnb_c,4.973414897918701,True,False,0.418941552204005,True,,lfr,2026-03-10T15:18:04.860143
160,2,95,337,gurobi,0.26940107345581055,True,False,0.43455960693499834,True,,lfr,2026-03-10T15:18:05.245793
160,2,95,337,bnb_c,0.9407608509063721,True,False,0.434559606934991,True,,lfr,2026-03-10T15:18:06.292066
160,2,96,309,gurobi,0.5206878185272217,True,False,0.44684806401272187,True,,lfr,2026-03-10T15:18:06.933966
160,2,96,309,bnb_c,0.699915885925293,True,False,0.446848064012736,True,,lfr,2026-03-10T15:18:07.740230
160,2,97,289,gurobi,0.6833460330963135,True,False,0.4469714203613469,True,,lfr,2026-03-10T15:18:08.539782
160,2,97,289,bnb_c,0.6320691108703613,True,False,0.446971420361346,True,,lfr,2026-03-10T15:18:09.277894
160,2,98,319,gurobi,0.4605839252471924,True,False,0.4319533023457035,True,,lfr,2026-03-10T15:18:09.850350
160,2,98,319,bnb_c,0.6574368476867676,True,False,0.431953302345692,True,,lfr,2026-03-10T15:18:10.611496
160,2,99,367,gurobi,6.8866801261901855,True,False,0.40554907973183096,True,,lfr,2026-03-10T15:18:17.606633
160,2,99,367,bnb_c,25.67528796195984,True,False,0.405549079731827,True,,lfr,2026-03-10T15:18:43.389335
180,2,0,371,gurobi,0.8826639652252197,True,False,0.4437958166534631,True,,lfr,2026-03-10T15:18:44.390498
180,2,0,371,bnb_c,0.8282392024993896,True,False,0.443795816653468,True,,lfr,2026-03-10T15:18:45.326143
180,2,1,357,gurobi,29.590075969696045,True,False,0.4195756734066536,True,,lfr,2026-03-10T15:19:15.031865
180,2,1,357,bnb_c,30,False,True,,,timeout,lfr,2026-03-10T15:19:45.037271
180,2,2,357,gurobi,30,False,True,,,timeout,lfr,2026-03-10T15:20:15.053203
180,2,2,357,bnb_c,30,False,True,,,timeout,lfr,2026-03-10T15:20:45.058403
180,2,3,388,gurobi,12.53743314743042,True,False,0.4261843713465719,True,,lfr,2026-03-10T15:20:57.717040
180,2,3,388,bnb_c,20.108187913894653,True,False,0.426184371346583,True,,lfr,2026-03-10T15:21:17.935203
180,2,4,407,gurobi,30,False,True,,,timeout,lfr,2026-03-10T15:21:47.947081
180,2,4,407,bnb_c,30,False,True,,,timeout,lfr,2026-03-10T15:22:17.952264
180,2,5,351,gurobi,6.331526041030884,True,False,0.41986266345239254,True,,lfr,2026-03-10T15:22:24.402414
180,2,5,351,bnb_c,30,False,True,,,timeout,lfr,2026-03-10T15:22:54.407615
180,2,6,359,gurobi,6.343194961547852,True,False,0.41360635004383123,True,,lfr,2026-03-10T15:23:00.870887
180,2,6,359,bnb_c,30,False,True,,,timeout,lfr,2026-03-10T15:23:30.876264
180,2,7,321,gurobi,30,False,True,,,timeout,lfr,2026-03-10T15:24:00.888689
180,2,7,321,bnb_c,30,False,True,,,timeout,lfr,2026-03-10T15:24:30.894106
180,2,8,363,gurobi,0.9619901180267334,True,False,0.42895521708443757,True,,lfr,2026-03-10T15:24:31.983110
180,2,8,363,bnb_c,3.3065340518951416,True,False,0.428955217084443,True,,lfr,2026-03-10T15:24:35.397901
180,2,9,370,gurobi,25.255874156951904,True,False,0.42054054054055895,True,,lfr,2026-03-10T15:25:00.771900
180,2,9,370,bnb_c,30,False,True,,,timeout,lfr,2026-03-10T15:25:30.777255
180,2,10,373,gurobi,30,False,True,,,timeout,lfr,2026-03-10T15:26:00.799991
180,2,10,373,bnb_c,30,False,True,,,timeout,lfr,2026-03-10T15:26:30.805260
180,2,11,369,gurobi,17.902875900268555,True,False,0.4185853511651913,True,,lfr,2026-03-10T15:26:48.829507
180,2,11,369,bnb_c,21.642542839050293,True,False,0.418585351165165,True,,lfr,2026-03-10T15:27:10.582837
180,2,12,441,gurobi,30,False,True,,,timeout,lfr,2026-03-10T15:27:40.596831
180,2,12,441,bnb_c,30,False,True,,,timeout,lfr,2026-03-10T15:28:10.602748
180,2,13,350,gurobi,0.25633907318115234,True,False,0.45744897959185743,True,,lfr,2026-03-10T15:28:10.976137
180,2,13,350,bnb_c,0.8891520500183105,True,False,0.457448979591837,True,,lfr,2026-03-10T15:28:11.977042
180,2,14,400,gurobi,30,False,True,,,timeout,lfr,2026-03-10T15:28:41.988026
180,2,14,400,bnb_c,30,False,True,,,timeout,lfr,2026-03-10T15:29:11.993052
180,2,15,368,gurobi,0.8802528381347656,True,False,0.43891407726840054,True,,lfr,2026-03-10T15:29:12.986540
180,2,15,368,bnb_c,1.3635478019714355,True,False,0.438914077268431,True,,lfr,2026-03-10T15:29:14.465480
180,2,16,407,gurobi,30,False,True,,,timeout,lfr,2026-03-10T15:29:44.476134
180,2,16,407,bnb_c,30,False,True,,,timeout,lfr,2026-03-10T15:30:14.482622
180,2,17,395,gurobi,30,False,True,,,timeout,lfr,2026-03-10T15:30:44.495018
180,2,17,395,bnb_c,30,False,True,,,timeout,lfr,2026-03-10T15:31:14.500382
180,2,18,383,gurobi,9.93742299079895,True,False,0.4149322716767992,True,,lfr,2026-03-10T15:31:24.554545
180,2,18,383,bnb_c,25.05298900604248,True,False,0.414932271676813,True,,lfr,2026-03-10T15:31:49.717037
180,2,19,386,gurobi,1.3970649242401123,True,False,0.454988724529515,True,,lfr,2026-03-10T15:31:51.232349
180,2,19,386,bnb_c,0.7995030879974365,True,False,0.454988724529518,True,,lfr,2026-03-10T15:31:52.138397
180,2,20,356,gurobi,30,False,True,,,timeout,lfr,2026-03-10T15:32:22.154133
180,2,20,356,bnb_c,15.273466110229492,True,False,0.424500536548416,True,,lfr,2026-03-10T15:32:37.537090
180,2,21,386,gurobi,30,False,True,,,timeout,lfr,2026-03-10T15:33:07.548376
180,2,21,386,bnb_c,30,False,True,,,timeout,lfr,2026-03-10T15:33:37.553695
180,2,22,332,gurobi,1.8361709117889404,True,False,0.43902870518215203,True,,lfr,2026-03-10T15:33:39.511586
180,2,22,332,bnb_c,1.23934006690979,True,False,0.439028705182174,True,,lfr,2026-03-10T15:33:40.857903
180,2,23,370,gurobi,1.535362958908081,True,False,0.4378780131483065,True,,lfr,2026-03-10T15:33:42.508482
180,2,23,370,bnb_c,1.3319470882415771,True,False,0.437878013148283,True,,lfr,2026-03-10T15:33:43.948538
180,2,24,372,gurobi,1.5403659343719482,True,False,0.43458420048559415,True,,lfr,2026-03-10T15:33:45.610174
180,2,24,372,bnb_c,4.410680055618286,True,False,0.434584200485605,True,,lfr,2026-03-10T15:33:50.124334
180,2,25,398,gurobi,30,False,True,,,timeout,lfr,2026-03-10T15:34:20.133517
180,2,25,398,bnb_c,30,False,True,,,timeout,lfr,2026-03-10T15:34:50.140424
180,2,26,369,gurobi,7.2999067306518555,True,False,0.40883586342641504,True,,lfr,2026-03-10T15:34:57.557784
180,2,26,369,bnb_c,30,False,True,,,timeout,lfr,2026-03-10T15:35:27.563109
180,2,27,414,gurobi,1.3767542839050293,True,False,0.4127955144810781,True,,lfr,2026-03-10T15:35:29.059191
180,2,27,414,bnb_c,6.52512788772583,True,False,0.412795514481085,True,,lfr,2026-03-10T15:35:35.692344
180,2,28,383,gurobi,30,False,True,,,timeout,lfr,2026-03-10T15:36:05.704128
180,2,28,383,bnb_c,30,False,True,,,timeout,lfr,2026-03-10T15:36:35.709410
180,2,29,386,gurobi,3.3160860538482666,True,False,0.41691052108780735,True,,lfr,2026-03-10T15:36:39.151624
180,2,29,386,bnb_c,6.661164045333862,True,False,0.416910521087814,True,,lfr,2026-03-10T15:36:45.920395
180,2,30,378,gurobi,30,False,True,,,timeout,lfr,2026-03-10T15:37:15.932076
180,2,30,378,bnb_c,30,False,True,,,timeout,lfr,2026-03-10T15:37:45.937461
180,2,31,335,gurobi,30,False,True,,,timeout,lfr,2026-03-10T15:38:15.948178
180,2,31,335,bnb_c,30,False,True,,,timeout,lfr,2026-03-10T15:38:45.953578
180,2,32,336,gurobi,30,False,True,,,timeout,lfr,2026-03-10T15:39:15.963769
180,2,32,336,bnb_c,0.7232630252838135,True,False,0.416666666666667,True,,lfr,2026-03-10T15:39:16.797219
180,2,33,333,gurobi,2.712618112564087,True,False,0.4309264219174132,True,,lfr,2026-03-10T15:39:19.629457
180,2,33,333,bnb_c,12.805110931396484,True,False,0.430926421917413,True,,lfr,2026-03-10T15:39:32.544164
180,2,34,337,gurobi,30,False,True,,,timeout,lfr,2026-03-10T15:40:02.554468
180,2,34,337,bnb_c,30,False,True,,,timeout,lfr,2026-03-10T15:40:32.559828
180,2,35,410,gurobi,0.4231748580932617,True,False,0.42916121356336817,True,,lfr,2026-03-10T15:40:33.094486
180,2,35,410,bnb_c,3.8360891342163086,True,False,0.429161213563355,True,,lfr,2026-03-10T15:40:37.035255
180,2,36,344,gurobi,4.099790096282959,True,False,0.44272241752300623,True,,lfr,2026-03-10T15:40:41.249205
180,2,36,344,bnb_c,3.9123620986938477,True,False,0.442722417522985,True,,lfr,2026-03-10T15:40:45.267433
180,2,37,351,gurobi,30,False,True,,,timeout,lfr,2026-03-10T15:41:15.276983
180,2,37,351,bnb_c,30,False,True,,,timeout,lfr,2026-03-10T15:41:45.283888
180,2,38,416,gurobi,18.165122270584106,True,False,0.4273501063239954,True,,lfr,2026-03-10T15:42:03.570135
180,2,38,416,bnb_c,4.539170742034912,True,False,0.427350106323965,True,,lfr,2026-03-10T15:42:08.222465
180,2,39,352,gurobi,6.269315958023071,True,False,0.4347720816115641,True,,lfr,2026-03-10T15:42:14.612405
180,2,39,352,bnb_c,12.31113600730896,True,False,0.43477208161157,True,,lfr,2026-03-10T15:42:27.034037
180,2,40,371,gurobi,2.154913902282715,True,False,0.43534629943112185,True,,lfr,2026-03-10T15:42:29.309388
180,2,40,371,bnb_c,1.7181198596954346,True,False,0.435346299431129,True,,lfr,2026-03-10T15:42:31.132810
180,2,41,362,gurobi,0.431912899017334,True,False,0.44549540612314303,True,,lfr,2026-03-10T15:42:31.678964
180,2,41,362,bnb_c,0.7914121150970459,True,False,0.445495406123134,True,,lfr,2026-03-10T15:42:32.574043
180,2,42,347,gurobi,2.7131741046905518,True,False,0.4398632992550699,True,,lfr,2026-03-10T15:42:35.405621
180,2,42,347,bnb_c,1.261256217956543,True,False,0.439863299255039,True,,lfr,2026-03-10T15:42:36.775552
180,2,43,353,gurobi,30,False,True,,,timeout,lfr,2026-03-10T15:43:06.795043
180,2,43,353,bnb_c,0.7043631076812744,True,False,0.420354870033465,True,,lfr,2026-03-10T15:43:07.612357
180,2,44,377,gurobi,30,False,True,,,timeout,lfr,2026-03-10T15:43:37.625554
180,2,44,377,bnb_c,30,False,True,,,timeout,lfr,2026-03-10T15:44:07.630933
180,2,45,388,gurobi,5.961582899093628,True,False,0.4227833723030974,True,,lfr,2026-03-10T15:44:13.703399
180,2,45,388,bnb_c,16.68395733833313,True,False,0.422783372303114,True,,lfr,2026-03-10T15:44:30.496368
180,2,46,379,gurobi,4.705256938934326,True,False,0.4270438106111647,True,,lfr,2026-03-10T15:44:35.323804
180,2,46,379,bnb_c,17.606393098831177,True,False,0.427043810611177,True,,lfr,2026-03-10T15:44:53.037652
180,2,47,413,gurobi,0.3140730857849121,True,False,0.4193464228552633,True,,lfr,2026-03-10T15:44:53.461019
180,2,47,413,bnb_c,16.58716320991516,True,False,0.419346422855267,True,,lfr,2026-03-10T15:45:10.159402
180,2,48,423,gurobi,30,False,True,,,timeout,lfr,2026-03-10T15:45:40.168432
180,2,48,423,bnb_c,30,False,True,,,timeout,lfr,2026-03-10T15:46:10.173670
180,2,49,382,gurobi,0.7763259410858154,True,False,0.41499342123298816,True,,lfr,2026-03-10T15:46:11.068152
180,2,49,382,bnb_c,12.460105895996094,True,False,0.414993421232971,True,,lfr,2026-03-10T15:46:23.634387
180,2,50,333,gurobi,30,False,True,,,timeout,lfr,2026-03-10T15:46:53.649490
180,2,50,333,bnb_c,30,False,True,,,timeout,lfr,2026-03-10T15:47:23.654707
180,2,51,376,gurobi,4.585923910140991,True,False,0.4265469386600605,True,,lfr,2026-03-10T15:47:28.363033
180,2,51,376,bnb_c,9.009508848190308,True,False,0.426546938660027,True,,lfr,2026-03-10T15:47:37.480480
180,2,52,396,gurobi,6.857753038406372,True,False,0.4127608152229156,True,,lfr,2026-03-10T15:47:44.457278
180,2,52,396,bnb_c,30,False,True,,,timeout,lfr,2026-03-10T15:48:14.462543
180,2,53,352,gurobi,10.811917781829834,True,False,0.42676588326445536,True,,lfr,2026-03-10T15:48:25.386430
180,2,53,352,bnb_c,30,False,True,,,timeout,lfr,2026-03-10T15:48:55.391632
180,2,54,319,gurobi,30,False,True,,,timeout,lfr,2026-03-10T15:49:25.401654
180,2,54,319,bnb_c,30,False,True,,,timeout,lfr,2026-03-10T15:49:55.406842
180,2,55,365,gurobi,30,False,True,,,timeout,lfr,2026-03-10T15:50:25.426007
180,2,55,365,bnb_c,30,False,True,,,timeout,lfr,2026-03-10T15:50:55.431282
180,2,56,359,gurobi,6.884638786315918,True,False,0.4270683809095183,True,,lfr,2026-03-10T15:51:02.443643
180,2,56,359,bnb_c,27.52445387840271,True,False,0.427068380909521,True,,lfr,2026-03-10T15:51:30.075424
180,2,57,395,gurobi,13.557852983474731,True,False,0.41036372376220537,True,,lfr,2026-03-10T15:51:43.807034
180,2,57,395,bnb_c,30,False,True,,,timeout,lfr,2026-03-10T15:52:13.811249
180,2,58,345,gurobi,11.553964138031006,True,False,0.4231716026045025,True,,lfr,2026-03-10T15:52:25.475365
180,2,58,345,bnb_c,30,False,True,,,timeout,lfr,2026-03-10T15:52:55.479905
180,2,59,369,gurobi,4.917683839797974,True,False,0.4146194578477147,True,,lfr,2026-03-10T15:53:00.511477
180,2,59,369,bnb_c,30,False,True,,,timeout,lfr,2026-03-10T15:53:30.515857
180,2,60,321,gurobi,3.4837639331817627,True,False,0.4415766539532572,True,,lfr,2026-03-10T15:53:34.117888
180,2,60,321,bnb_c,1.7804369926452637,True,False,0.441576653953281,True,,lfr,2026-03-10T15:53:36.010843
180,2,61,401,gurobi,2.2139759063720703,True,False,0.4221957574890669,True,,lfr,2026-03-10T15:53:38.335438
180,2,61,401,bnb_c,15.934867143630981,True,False,0.42219575748907,True,,lfr,2026-03-10T15:53:54.377858
180,2,62,352,gurobi,5.126936197280884,True,False,0.4218588584710761,True,,lfr,2026-03-10T15:53:59.617385
180,2,62,352,bnb_c,0.7516622543334961,True,False,0.421858858471074,True,,lfr,2026-03-10T15:54:00.474342
180,2,63,366,gurobi,30,False,True,,,timeout,lfr,2026-03-10T15:54:30.484737
180,2,63,366,bnb_c,30,False,True,,,timeout,lfr,2026-03-10T15:55:00.490570
180,2,64,339,gurobi,0.6209888458251953,True,False,0.43514240217194644,True,,lfr,2026-03-10T15:55:01.232163
180,2,64,339,bnb_c,0.8383281230926514,True,False,0.435142402171927,True,,lfr,2026-03-10T15:55:02.179356
180,2,65,374,gurobi,30,False,True,,,timeout,lfr,2026-03-10T15:55:32.189451
180,2,65,374,bnb_c,30,False,True,,,timeout,lfr,2026-03-10T15:56:02.193945
180,2,66,331,gurobi,30,False,True,,,timeout,lfr,2026-03-10T15:56:32.204364
180,2,66,331,bnb_c,30,False,True,,,timeout,lfr,2026-03-10T15:57:02.209757
180,2,67,371,gurobi,22.62959098815918,True,False,0.4261993156109064,True,,lfr,2026-03-10T15:57:24.952825
180,2,67,371,bnb_c,30,False,True,,,timeout,lfr,2026-03-10T15:57:54.958271
180,2,68,358,gurobi,30,False,True,,,timeout,lfr,2026-03-10T15:58:24.969701
180,2,68,358,bnb_c,29.59539008140564,True,False,0.413844761399457,True,,lfr,2026-03-10T15:58:54.677533
180,2,69,337,gurobi,10.777537107467651,True,False,0.43692380843365275,True,,lfr,2026-03-10T15:59:05.573034
180,2,69,337,bnb_c,7.558773040771484,True,False,0.43692380843364,True,,lfr,2026-03-10T15:59:13.239792
180,2,70,368,gurobi,0.7721426486968994,True,False,0.42556710775043516,True,,lfr,2026-03-10T15:59:14.134968
180,2,70,368,bnb_c,1.9890239238739014,True,False,0.425567107750473,True,,lfr,2026-03-10T15:59:16.235230
180,2,71,325,gurobi,0.41850972175598145,True,False,0.4560189349112231,True,,lfr,2026-03-10T15:59:16.773037
180,2,71,325,bnb_c,0.8286638259887695,True,False,0.456018934911243,True,,lfr,2026-03-10T15:59:17.709382
180,2,72,414,gurobi,30,False,True,,,timeout,lfr,2026-03-10T15:59:47.724935
180,2,72,414,bnb_c,30,False,True,,,timeout,lfr,2026-03-10T16:00:17.730536
180,2,73,390,gurobi,3.6495449542999268,True,False,0.4321466140696887,True,,lfr,2026-03-10T16:00:21.498269
180,2,73,390,bnb_c,6.2881999015808105,True,False,0.432146614069691,True,,lfr,2026-03-10T16:00:27.896990
180,2,74,406,gurobi,0.9011011123657227,True,False,0.42364532019701523,True,,lfr,2026-03-10T16:00:28.920703
180,2,74,406,bnb_c,2.450071096420288,True,False,0.423645320197045,True,,lfr,2026-03-10T16:00:31.477055
180,2,75,348,gurobi,30,False,True,,,timeout,lfr,2026-03-10T16:01:01.487801
180,2,75,348,bnb_c,30,False,True,,,timeout,lfr,2026-03-10T16:01:31.495234
180,2,76,396,gurobi,9.106356143951416,True,False,0.4118329762268996,True,,lfr,2026-03-10T16:01:40.720770
180,2,76,396,bnb_c,28.067378282546997,True,False,0.411832976226916,True,,lfr,2026-03-10T16:02:08.905739
180,2,77,410,gurobi,22.688727855682373,True,False,0.41265615704937647,True,,lfr,2026-03-10T16:02:31.715102
180,2,77,410,bnb_c,30,False,True,,,timeout,lfr,2026-03-10T16:03:01.720559
180,2,78,356,gurobi,30,False,True,,,timeout,lfr,2026-03-10T16:03:31.731692
180,2,78,356,bnb_c,30,False,True,,,timeout,lfr,2026-03-10T16:04:01.737438
180,2,79,390,gurobi,30,False,True,,,timeout,lfr,2026-03-10T16:04:31.754433
180,2,79,390,bnb_c,30,False,True,,,timeout,lfr,2026-03-10T16:05:01.761351
180,2,80,411,gurobi,1.736971139907837,True,False,0.4359493491039963,True,,lfr,2026-03-10T16:05:03.608470
180,2,80,411,bnb_c,3.2916598320007324,True,False,0.435949349104019,True,,lfr,2026-03-10T16:05:07.007509
180,2,81,374,gurobi,0.3249239921569824,True,False,0.43960007435154425,True,,lfr,2026-03-10T16:05:07.450611
180,2,81,374,bnb_c,1.1519477367401123,True,False,0.439600074351569,True,,lfr,2026-03-10T16:05:08.708919
180,2,82,396,gurobi,30,False,True,,,timeout,lfr,2026-03-10T16:05:38.724660
180,2,82,396,bnb_c,30,False,True,,,timeout,lfr,2026-03-10T16:06:08.731906
180,2,83,374,gurobi,13.2465078830719,True,False,0.41785581515053727,True,,lfr,2026-03-10T16:06:22.099974
180,2,83,374,bnb_c,0.7314901351928711,True,False,0.417855815150562,True,,lfr,2026-03-10T16:06:22.940922
180,2,84,335,gurobi,1.7467141151428223,True,False,0.43042993985295064,True,,lfr,2026-03-10T16:06:24.801574
180,2,84,335,bnb_c,3.4297890663146973,True,False,0.430429939852974,True,,lfr,2026-03-10T16:06:28.338359
180,2,85,340,gurobi,1.582988977432251,True,False,0.414701557093412,True,,lfr,2026-03-10T16:06:30.032027
180,2,85,340,bnb_c,4.201387882232666,True,False,0.414701557093426,True,,lfr,2026-03-10T16:06:34.340297
180,2,86,355,gurobi,16.723441123962402,True,False,0.42791509621105406,True,,lfr,2026-03-10T16:06:51.180362
180,2,86,355,bnb_c,8.884008169174194,True,False,0.427915096211069,True,,lfr,2026-03-10T16:07:00.171820
180,2,87,390,gurobi,2.333254098892212,True,False,0.4314398422090672,True,,lfr,2026-03-10T16:07:02.616752
180,2,87,390,bnb_c,3.7815170288085938,True,False,0.431439842209073,True,,lfr,2026-03-10T16:07:06.505749
180,2,88,393,gurobi,4.929922103881836,True,False,0.4230296084792039,True,,lfr,2026-03-10T16:07:11.549268
180,2,88,393,bnb_c,4.646362066268921,True,False,0.423029608479174,True,,lfr,2026-03-10T16:07:16.301832
180,2,89,382,gurobi,1.563650131225586,True,False,0.42040719826760575,True,,lfr,2026-03-10T16:07:17.980806
180,2,89,382,bnb_c,7.576098918914795,True,False,0.420407198267591,True,,lfr,2026-03-10T16:07:25.669922
180,2,90,396,gurobi,3.456955909729004,True,False,0.41388314967859163,True,,lfr,2026-03-10T16:07:29.249480
180,2,90,396,bnb_c,10.013381004333496,True,False,0.413883149678604,True,,lfr,2026-03-10T16:07:39.368299
180,2,91,358,gurobi,18.23803210258484,True,False,0.4204144689616541,True,,lfr,2026-03-10T16:07:57.724042
180,2,91,358,bnb_c,10.775955200195312,True,False,0.420414468961643,True,,lfr,2026-03-10T16:08:08.607885
180,2,92,347,gurobi,22.21501064300537,True,False,0.4213098688636522,True,,lfr,2026-03-10T16:08:30.941991
180,2,92,347,bnb_c,24.07791495323181,True,False,0.421309868863623,True,,lfr,2026-03-10T16:08:55.131687
180,2,93,409,gurobi,13.739475965499878,True,False,0.4133643390462764,True,,lfr,2026-03-10T16:09:08.993165
180,2,93,409,bnb_c,30,False,True,,,timeout,lfr,2026-03-10T16:09:38.997515
180,2,94,420,gurobi,30,False,True,,,timeout,lfr,2026-03-10T16:10:09.014859
180,2,94,420,bnb_c,29.5998637676239,True,False,0.418015873015873,True,,lfr,2026-03-10T16:10:38.721265
180,2,95,373,gurobi,3.639530897140503,True,False,0.4177849334071174,True,,lfr,2026-03-10T16:10:42.482000
180,2,95,373,bnb_c,17.268824100494385,True,False,0.417784933407126,True,,lfr,2026-03-10T16:10:59.858004
180,2,96,349,gurobi,2.6155409812927246,True,False,0.4271968210441245,True,,lfr,2026-03-10T16:11:02.591810
180,2,96,349,bnb_c,4.472346067428589,True,False,0.427196821044162,True,,lfr,2026-03-10T16:11:07.170281
180,2,97,334,gurobi,30,False,True,,,timeout,lfr,2026-03-10T16:11:37.181274
180,2,97,334,bnb_c,30,False,True,,,timeout,lfr,2026-03-10T16:12:07.186610
180,2,98,316,gurobi,30,False,True,,,timeout,lfr,2026-03-10T16:12:37.196145
180,2,98,316,bnb_c,9.44664192199707,True,False,0.439748237461945,True,,lfr,2026-03-10T16:12:46.753597
180,2,99,312,gurobi,30,False,True,,,timeout,lfr,2026-03-10T16:13:16.769831
180,2,99,312,bnb_c,30,False,True,,,timeout,lfr,2026-03-10T16:13:46.775339
200,2,0,412,gurobi,16.880650997161865,True,False,0.4277235130549361,True,,lfr,2026-03-10T16:14:03.770307
200,2,0,412,bnb_c,22.263978958129883,True,False,0.427723513054953,True,,lfr,2026-03-10T16:14:26.141948
200,2,1,422,gurobi,30,False,True,,,timeout,lfr,2026-03-10T16:14:56.154822
200,2,1,422,bnb_c,30,False,True,,,timeout,lfr,2026-03-10T16:15:26.160365
200,2,2,405,gurobi,0.5368490219116211,True,False,0.44462429507698936,True,,lfr,2026-03-10T16:15:26.821043
200,2,2,405,bnb_c,1.0961170196533203,True,False,0.44462429507697,True,,lfr,2026-03-10T16:15:28.024787
200,2,3,383,gurobi,30,False,True,,,timeout,lfr,2026-03-10T16:15:58.038434
200,2,3,383,bnb_c,30,False,True,,,timeout,lfr,2026-03-10T16:16:28.043857
200,2,4,464,gurobi,29.3089759349823,True,False,0.4135329964328225,True,,lfr,2026-03-10T16:16:57.476674
200,2,4,464,bnb_c,30,False,True,,,timeout,lfr,2026-03-10T16:17:27.481766
200,2,5,371,gurobi,30,False,True,,,timeout,lfr,2026-03-10T16:17:57.494116
200,2,5,371,bnb_c,13.196908950805664,True,False,0.439985178834795,True,,lfr,2026-03-10T16:18:10.858695
200,2,6,401,gurobi,3.291783094406128,True,False,0.42968016368057094,True,,lfr,2026-03-10T16:18:14.270630
200,2,6,401,bnb_c,30,False,True,,,timeout,lfr,2026-03-10T16:18:44.275323
200,2,7,397,gurobi,30,False,True,,,timeout,lfr,2026-03-10T16:19:14.289617
200,2,7,397,bnb_c,30,False,True,,,timeout,lfr,2026-03-10T16:19:44.294423
200,2,8,437,gurobi,30,False,True,,,timeout,lfr,2026-03-10T16:20:14.304892
200,2,8,437,bnb_c,30,False,True,,,timeout,lfr,2026-03-10T16:20:44.309567
200,2,9,405,gurobi,0.8256618976593018,True,False,0.42770919067217383,True,,lfr,2026-03-10T16:20:45.252728
200,2,9,405,bnb_c,30,False,True,,,timeout,lfr,2026-03-10T16:21:15.256695
200,2,10,386,gurobi,4.307390928268433,True,False,0.43248140889686265,True,,lfr,2026-03-10T16:21:19.689090
200,2,10,386,bnb_c,6.571748971939087,True,False,0.432481408896883,True,,lfr,2026-03-10T16:21:26.371827
200,2,11,399,gurobi,5.7901129722595215,True,False,0.4287567289149952,True,,lfr,2026-03-10T16:21:32.283330
200,2,11,399,bnb_c,30,False,True,,,timeout,lfr,2026-03-10T16:22:02.287675
200,2,12,454,gurobi,0.6596097946166992,True,False,0.4386534766830129,True,,lfr,2026-03-10T16:22:03.069939
200,2,12,454,bnb_c,2.3965933322906494,True,False,0.438653476683033,True,,lfr,2026-03-10T16:22:05.574516
200,2,13,394,gurobi,16.67703890800476,True,False,0.43307931149990603,True,,lfr,2026-03-10T16:22:22.374670
200,2,13,394,bnb_c,30,False,True,,,timeout,lfr,2026-03-10T16:22:52.379078
200,2,14,452,gurobi,0.34761500358581543,True,False,0.44922272691674553,True,,lfr,2026-03-10T16:22:52.848201
200,2,14,452,bnb_c,1.4207580089569092,True,False,0.449222726916752,True,,lfr,2026-03-10T16:22:54.383812
200,2,15,432,gurobi,30,False,True,,,timeout,lfr,2026-03-10T16:23:24.394743
200,2,15,432,bnb_c,30,False,True,,,timeout,lfr,2026-03-10T16:23:54.400775
200,2,16,451,gurobi,30,False,True,,,timeout,lfr,2026-03-10T16:24:24.412377
200,2,16,451,bnb_c,30,False,True,,,timeout,lfr,2026-03-10T16:24:54.417886
200,2,17,387,gurobi,30,False,True,,,timeout,lfr,2026-03-10T16:25:24.429661
200,2,17,387,bnb_c,30,False,True,,,timeout,lfr,2026-03-10T16:25:54.435293
200,2,18,396,gurobi,27.37174391746521,True,False,0.42791551882458784,True,,lfr,2026-03-10T16:26:21.933346
200,2,18,396,bnb_c,30,False,True,,,timeout,lfr,2026-03-10T16:26:51.938918
200,2,19,389,gurobi,30,False,True,,,timeout,lfr,2026-03-10T16:27:21.952144
200,2,19,389,bnb_c,30,False,True,,,timeout,lfr,2026-03-10T16:27:51.957650
200,2,20,368,gurobi,30,False,True,,,timeout,lfr,2026-03-10T16:28:21.986874
200,2,20,368,bnb_c,30,False,True,,,timeout,lfr,2026-03-10T16:28:51.992431
200,2,21,387,gurobi,30,False,True,,,timeout,lfr,2026-03-10T16:29:22.020558
200,2,21,387,bnb_c,30,False,True,,,timeout,lfr,2026-03-10T16:29:52.025901
200,2,22,386,gurobi,3.1905736923217773,True,False,0.440226583263973,True,,lfr,2026-03-10T16:29:55.330416
200,2,22,386,bnb_c,8.676031827926636,True,False,0.44022658326398,True,,lfr,2026-03-10T16:30:04.113711
200,2,23,388,gurobi,30,False,True,,,timeout,lfr,2026-03-10T16:30:34.125977
200,2,23,388,bnb_c,30,False,True,,,timeout,lfr,2026-03-10T16:31:04.131531
200,2,24,406,gurobi,3.266880989074707,True,False,0.42762503336646024,True,,lfr,2026-03-10T16:31:07.514515
200,2,24,406,bnb_c,28.94073796272278,True,False,0.427625033366498,True,,lfr,2026-03-10T16:31:36.560480
200,2,25,411,gurobi,30,False,True,,,timeout,lfr,2026-03-10T16:32:06.572284
200,2,25,411,bnb_c,30,False,True,,,timeout,lfr,2026-03-10T16:32:36.577778
200,2,26,401,gurobi,30,False,True,,,timeout,lfr,2026-03-10T16:33:06.590252
200,2,26,401,bnb_c,30,False,True,,,timeout,lfr,2026-03-10T16:33:36.595702
200,2,27,489,gurobi,30,False,True,,,timeout,lfr,2026-03-10T16:34:06.608707
200,2,27,489,bnb_c,30,False,True,,,timeout,lfr,2026-03-10T16:34:36.614264
200,2,28,421,gurobi,30,False,True,,,timeout,lfr,2026-03-10T16:35:06.627284
200,2,28,421,bnb_c,30,False,True,,,timeout,lfr,2026-03-10T16:35:36.632751
200,2,29,416,gurobi,30,False,True,,,timeout,lfr,2026-03-10T16:36:06.647274
200,2,29,416,bnb_c,30,False,True,,,timeout,lfr,2026-03-10T16:36:36.652820
200,2,30,448,gurobi,30,False,True,,,timeout,lfr,2026-03-10T16:37:06.670997
200,2,30,448,bnb_c,30,False,True,,,timeout,lfr,2026-03-10T16:37:36.676469
200,2,31,386,gurobi,26.927248001098633,True,False,0.4278202099385161,True,,lfr,2026-03-10T16:38:03.723473
200,2,31,386,bnb_c,30,False,True,,,timeout,lfr,2026-03-10T16:38:33.730063
200,2,32,387,gurobi,30,False,True,,,timeout,lfr,2026-03-10T16:39:03.740012
200,2,32,387,bnb_c,30,False,True,,,timeout,lfr,2026-03-10T16:39:33.745511
200,2,33,425,gurobi,2.6741878986358643,True,False,0.43219100346021017,True,,lfr,2026-03-10T16:39:36.544180
200,2,33,425,bnb_c,30,False,True,,,timeout,lfr,2026-03-10T16:40:06.549740
200,2,34,449,gurobi,28.455302953720093,True,False,0.40401337294953243,True,,lfr,2026-03-10T16:40:35.128226
200,2,34,449,bnb_c,30,False,True,,,timeout,lfr,2026-03-10T16:41:05.135217
200,2,35,414,gurobi,30,False,True,,,timeout,lfr,2026-03-10T16:41:35.146809
200,2,35,414,bnb_c,30,False,True,,,timeout,lfr,2026-03-10T16:42:05.152278
200,2,36,420,gurobi,12.9028480052948,True,False,0.41285430838999326,True,,lfr,2026-03-10T16:42:18.179615
200,2,36,420,bnb_c,30,False,True,,,timeout,lfr,2026-03-10T16:42:48.185103
200,2,37,390,gurobi,30,False,True,,,timeout,lfr,2026-03-10T16:43:18.199292
200,2,37,390,bnb_c,30,False,True,,,timeout,lfr,2026-03-10T16:43:48.206325
200,2,38,440,gurobi,30,False,True,,,timeout,lfr,2026-03-10T16:44:18.220582
200,2,38,440,bnb_c,30,False,True,,,timeout,lfr,2026-03-10T16:44:48.226078
200,2,39,372,gurobi,30,False,True,,,timeout,lfr,2026-03-10T16:45:18.237048
200,2,39,372,bnb_c,30,False,True,,,timeout,lfr,2026-03-10T16:45:48.242486
200,2,40,386,gurobi,30,False,True,,,timeout,lfr,2026-03-10T16:46:18.251396
200,2,40,386,bnb_c,30,False,True,,,timeout,lfr,2026-03-10T16:46:48.256878
200,2,41,414,gurobi,30,False,True,,,timeout,lfr,2026-03-10T16:47:18.277054
200,2,41,414,bnb_c,30,False,True,,,timeout,lfr,2026-03-10T16:47:48.282528
200,2,42,451,gurobi,30,False,True,,,timeout,lfr,2026-03-10T16:48:18.296736
200,2,42,451,bnb_c,30,False,True,,,timeout,lfr,2026-03-10T16:48:48.303928
200,2,43,400,gurobi,0.9617979526519775,True,False,0.44718749999997803,True,,lfr,2026-03-10T16:48:49.387439
200,2,43,400,bnb_c,1.3726389408111572,True,False,0.4471875,True,,lfr,2026-03-10T16:48:50.866277
200,2,44,385,gurobi,30,False,True,,,timeout,lfr,2026-03-10T16:49:20.878657
200,2,44,385,bnb_c,30,False,True,,,timeout,lfr,2026-03-10T16:49:50.883961
200,2,45,436,gurobi,30,False,True,,,timeout,lfr,2026-03-10T16:50:20.902188
200,2,45,436,bnb_c,30,False,True,,,timeout,lfr,2026-03-10T16:50:50.907601
200,2,46,433,gurobi,30,False,True,,,timeout,lfr,2026-03-10T16:51:20.919271
200,2,46,433,bnb_c,30,False,True,,,timeout,lfr,2026-03-10T16:51:50.924695
200,2,47,441,gurobi,30,False,True,,,timeout,lfr,2026-03-10T16:52:20.941143
200,2,47,441,bnb_c,30,False,True,,,timeout,lfr,2026-03-10T16:52:50.946614
200,2,48,408,gurobi,9.22042202949524,True,False,0.435361399461728,True,,lfr,2026-03-10T16:53:00.290856
200,2,48,408,bnb_c,26.135527849197388,True,False,0.435361399461745,True,,lfr,2026-03-10T16:53:26.538844
200,2,49,396,gurobi,30,False,True,,,timeout,lfr,2026-03-10T16:53:56.549788
200,2,49,396,bnb_c,30,False,True,,,timeout,lfr,2026-03-10T16:54:26.555479
200,2,50,390,gurobi,4.357270002365112,True,False,0.4367652859960481,True,,lfr,2026-03-10T16:54:31.027821
200,2,50,390,bnb_c,9.155963897705078,True,False,0.436765285996055,True,,lfr,2026-03-10T16:54:40.293141
200,2,51,392,gurobi,23.720813989639282,True,False,0.42502798313205503,True,,lfr,2026-03-10T16:55:04.141901
200,2,51,392,bnb_c,30,False,True,,,timeout,lfr,2026-03-10T16:55:34.147381
200,2,52,432,gurobi,0.5295650959014893,True,False,0.43131644375859934,True,,lfr,2026-03-10T16:55:34.791532
200,2,52,432,bnb_c,3.9633541107177734,True,False,0.431316443758574,True,,lfr,2026-03-10T16:55:38.858361
200,2,53,433,gurobi,0.9612841606140137,True,False,0.4414152296934713,True,,lfr,2026-03-10T16:55:39.931857
200,2,53,433,bnb_c,2.361624002456665,True,False,0.441415229693475,True,,lfr,2026-03-10T16:55:42.398606
200,2,54,477,gurobi,4.955642938613892,True,False,0.4145405640599656,True,,lfr,2026-03-10T16:55:47.475439
200,2,54,477,bnb_c,30,False,True,,,timeout,lfr,2026-03-10T16:56:17.480751
200,2,55,375,gurobi,30,False,True,,,timeout,lfr,2026-03-10T16:56:47.499118
200,2,55,375,bnb_c,30,False,True,,,timeout,lfr,2026-03-10T16:57:17.504437
200,2,56,436,gurobi,30,False,True,,,timeout,lfr,2026-03-10T16:57:47.516230
200,2,56,436,bnb_c,30,False,True,,,timeout,lfr,2026-03-10T16:58:17.523271
200,2,57,432,gurobi,19.07529902458191,True,False,0.4243398491083886,True,,lfr,2026-03-10T16:58:36.718457
200,2,57,432,bnb_c,30,False,True,,,timeout,lfr,2026-03-10T16:59:06.723924
200,2,58,465,gurobi,30,False,True,,,timeout,lfr,2026-03-10T16:59:36.749711
200,2,58,465,bnb_c,30,False,True,,,timeout,lfr,2026-03-10T17:00:06.755223
200,2,59,399,gurobi,6.802222967147827,True,False,0.4225884259520745,True,,lfr,2026-03-10T17:00:13.673004
200,2,59,399,bnb_c,30,False,True,,,timeout,lfr,2026-03-10T17:00:43.678404
200,2,60,398,gurobi,30,False,True,,,timeout,lfr,2026-03-10T17:01:13.690289
200,2,60,398,bnb_c,30,False,True,,,timeout,lfr,2026-03-10T17:01:43.695681
200,2,61,442,gurobi,30,False,True,,,timeout,lfr,2026-03-10T17:02:13.709256
200,2,61,442,bnb_c,30,False,True,,,timeout,lfr,2026-03-10T17:02:43.714782
200,2,62,468,gurobi,30,False,True,,,timeout,lfr,2026-03-10T17:03:13.727170
200,2,62,468,bnb_c,30,False,True,,,timeout,lfr,2026-03-10T17:03:43.732691
200,2,63,397,gurobi,2.6894829273223877,True,False,0.4246806971683045,True,,lfr,2026-03-10T17:03:46.542146
200,2,63,397,bnb_c,30,False,True,,,timeout,lfr,2026-03-10T17:04:16.548250
200,2,64,408,gurobi,4.973493814468384,True,False,0.4315137206843294,True,,lfr,2026-03-10T17:04:21.638218
200,2,64,408,bnb_c,30,False,True,,,timeout,lfr,2026-03-10T17:04:51.645194
200,2,65,398,gurobi,30,False,True,,,timeout,lfr,2026-03-10T17:05:21.663534
200,2,65,398,bnb_c,30,False,True,,,timeout,lfr,2026-03-10T17:05:51.669293
200,2,66,367,gurobi,18.687500715255737,True,False,0.4377566096711463,True,,lfr,2026-03-10T17:06:10.476138
200,2,66,367,bnb_c,30,False,True,,,timeout,lfr,2026-03-10T17:06:40.481573
200,2,67,396,gurobi,30,False,True,,,timeout,lfr,2026-03-10T17:07:10.491400
200,2,67,396,bnb_c,30,False,True,,,timeout,lfr,2026-03-10T17:07:40.496865
200,2,68,365,gurobi,1.9156560897827148,True,False,0.44496528429345866,True,,lfr,2026-03-10T17:07:42.538823
200,2,68,365,bnb_c,13.516571044921875,True,False,0.444965284293489,True,,lfr,2026-03-10T17:07:56.165372
200,2,69,381,gurobi,0.44838380813598633,True,False,0.45263190526381153,True,,lfr,2026-03-10T17:07:56.730659
200,2,69,381,bnb_c,1.2148349285125732,True,False,0.452631905263811,True,,lfr,2026-03-10T17:07:58.049920
200,2,70,390,gurobi,30,False,True,,,timeout,lfr,2026-03-10T17:08:28.061118
200,2,70,390,bnb_c,30,False,True,,,timeout,lfr,2026-03-10T17:08:58.066445
200,2,71,436,gurobi,30,False,True,,,timeout,lfr,2026-03-10T17:09:28.083644
200,2,71,436,bnb_c,30,False,True,,,timeout,lfr,2026-03-10T17:09:58.089033
200,2,72,467,gurobi,30,False,True,,,timeout,lfr,2026-03-10T17:10:28.104924
200,2,72,467,bnb_c,30,False,True,,,timeout,lfr,2026-03-10T17:10:58.110436
200,2,73,366,gurobi,0.6233899593353271,True,False,0.44901310878199313,True,,lfr,2026-03-10T17:10:58.848214
200,2,73,366,bnb_c,1.497377872467041,True,False,0.449013108781988,True,,lfr,2026-03-10T17:11:00.450798
200,2,74,420,gurobi,16.550718069076538,True,False,0.4199291383219646,True,,lfr,2026-03-10T17:11:17.116698
200,2,74,420,bnb_c,30,False,True,,,timeout,lfr,2026-03-10T17:11:47.122066
200,2,75,386,gurobi,30,False,True,,,timeout,lfr,2026-03-10T17:12:17.133323
200,2,75,386,bnb_c,30,False,True,,,timeout,lfr,2026-03-10T17:12:47.138883
200,2,76,437,gurobi,4.396538257598877,True,False,0.42830511758454676,True,,lfr,2026-03-10T17:12:51.655120
200,2,76,437,bnb_c,28.651682138442993,True,False,0.428305117584529,True,,lfr,2026-03-10T17:13:20.413585
200,2,77,416,gurobi,30,False,True,,,timeout,lfr,2026-03-10T17:13:50.425580
200,2,77,416,bnb_c,30,False,True,,,timeout,lfr,2026-03-10T17:14:20.431093
200,2,78,435,gurobi,30,False,True,,,timeout,lfr,2026-03-10T17:14:50.442706
200,2,78,435,bnb_c,30,False,True,,,timeout,lfr,2026-03-10T17:15:20.449682
200,2,79,449,gurobi,30,False,True,,,timeout,lfr,2026-03-10T17:15:50.466702
200,2,79,449,bnb_c,30,False,True,,,timeout,lfr,2026-03-10T17:16:20.472149
200,2,80,372,gurobi,30,False,True,,,timeout,lfr,2026-03-10T17:16:50.483279
200,2,80,372,bnb_c,30,False,True,,,timeout,lfr,2026-03-10T17:17:20.488632
200,2,81,431,gurobi,16.98881983757019,True,False,0.4231054957714741,True,,lfr,2026-03-10T17:17:37.596835
200,2,81,431,bnb_c,30,False,True,,,timeout,lfr,2026-03-10T17:18:07.602238
200,2,82,400,gurobi,30,False,True,,,timeout,lfr,2026-03-10T17:18:37.620824
200,2,82,400,bnb_c,30,False,True,,,timeout,lfr,2026-03-10T17:19:07.626286
200,2,83,417,gurobi,28.888609647750854,True,False,0.4312377436180816,True,,lfr,2026-03-10T17:19:36.632640
200,2,83,417,bnb_c,30,False,True,,,timeout,lfr,2026-03-10T17:20:06.638195
200,2,84,387,gurobi,4.384078741073608,True,False,0.43219224272045126,True,,lfr,2026-03-10T17:20:11.144806
200,2,84,387,bnb_c,19.67429208755493,True,False,0.432192242720456,True,,lfr,2026-03-10T17:20:30.925678
200,2,85,427,gurobi,30,False,True,,,timeout,lfr,2026-03-10T17:21:00.937483
200,2,85,427,bnb_c,30,False,True,,,timeout,lfr,2026-03-10T17:21:30.943158
200,2,86,382,gurobi,30,False,True,,,timeout,lfr,2026-03-10T17:22:00.963542
200,2,86,382,bnb_c,30,False,True,,,timeout,lfr,2026-03-10T17:22:30.970542
200,2,87,423,gurobi,30,False,True,,,timeout,lfr,2026-03-10T17:23:00.988943
200,2,87,423,bnb_c,30,False,True,,,timeout,lfr,2026-03-10T17:23:30.994430
200,2,88,393,gurobi,14.466627836227417,True,False,0.4405208191701281,True,,lfr,2026-03-10T17:23:45.586406
200,2,88,393,bnb_c,10.561172008514404,True,False,0.440520819170082,True,,lfr,2026-03-10T17:23:56.259601
200,2,89,424,gurobi,30,False,True,,,timeout,lfr,2026-03-10T17:24:26.275446
200,2,89,424,bnb_c,30,False,True,,,timeout,lfr,2026-03-10T17:24:56.281096
200,2,90,432,gurobi,4.528649806976318,True,False,0.4247685185185427,True,,lfr,2026-03-10T17:25:00.930060
200,2,90,432,bnb_c,17.360352993011475,True,False,0.424768518518519,True,,lfr,2026-03-10T17:25:18.397518
200,2,91,434,gurobi,1.9323201179504395,True,False,0.43177546773132885,True,,lfr,2026-03-10T17:25:20.448067
200,2,91,434,bnb_c,29.180788040161133,True,False,0.431775467731317,True,,lfr,2026-03-10T17:25:49.735803
200,2,92,403,gurobi,30,False,True,,,timeout,lfr,2026-03-10T17:26:19.747502
200,2,92,403,bnb_c,30,False,True,,,timeout,lfr,2026-03-10T17:26:49.754777
200,2,93,424,gurobi,30,False,True,,,timeout,lfr,2026-03-10T17:27:19.766866
200,2,93,424,bnb_c,0.8567957878112793,True,False,0.419099323602706,True,,lfr,2026-03-10T17:27:20.741756
200,2,94,397,gurobi,0.7083022594451904,True,False,0.4419512845078644,True,,lfr,2026-03-10T17:27:21.561793
200,2,94,397,bnb_c,14.461647987365723,True,False,0.441951284507864,True,,lfr,2026-03-10T17:27:36.127291
200,2,95,402,gurobi,30,False,True,,,timeout,lfr,2026-03-10T17:28:06.147803
200,2,95,402,bnb_c,30,False,True,,,timeout,lfr,2026-03-10T17:28:36.153248
200,2,96,374,gurobi,6.810218095779419,True,False,0.442588435471371,True,,lfr,2026-03-10T17:28:43.087496
200,2,96,374,bnb_c,5.778831958770752,True,False,0.442588435471417,True,,lfr,2026-03-10T17:28:48.974846
200,2,97,374,gurobi,30,False,True,,,timeout,lfr,2026-03-10T17:29:18.984812
200,2,97,374,bnb_c,30,False,True,,,timeout,lfr,2026-03-10T17:29:48.989372
200,2,98,365,gurobi,30,False,True,,,timeout,lfr,2026-03-10T17:30:19.008644
200,2,98,365,bnb_c,30,False,True,,,timeout,lfr,2026-03-10T17:30:49.014111
200,2,99,365,gurobi,30,False,True,,,timeout,lfr,2026-03-10T17:31:19.026568
200,2,99,365,bnb_c,30,False,True,,,timeout,lfr,2026-03-10T17:31:49.033714
220,2,0,448,gurobi,0.565201997756958,True,False,0.45064373405615377,True,,lfr,2026-03-10T17:31:49.707621
220,2,0,448,bnb_c,7.309554100036621,True,False,0.450643734056123,True,,lfr,2026-03-10T17:31:57.120792
220,2,1,456,gurobi,30,False,True,,,timeout,lfr,2026-03-10T17:32:27.133719
220,2,1,456,bnb_c,30,False,True,,,timeout,lfr,2026-03-10T17:32:57.139238
220,2,2,411,gurobi,30,False,True,,,timeout,lfr,2026-03-10T17:33:27.150088
220,2,2,411,bnb_c,30,False,True,,,timeout,lfr,2026-03-10T17:33:57.155559
220,2,3,437,gurobi,30,False,True,,,timeout,lfr,2026-03-10T17:34:27.174055
220,2,3,437,bnb_c,30,False,True,,,timeout,lfr,2026-03-10T17:34:57.178376
220,2,4,463,gurobi,30,False,True,,,timeout,lfr,2026-03-10T17:35:27.199023
220,2,4,463,bnb_c,30,False,True,,,timeout,lfr,2026-03-10T17:35:57.203758
220,2,5,415,gurobi,1.2788429260253906,True,False,0.44216577151981734,True,,lfr,2026-03-10T17:35:58.607302
220,2,5,415,bnb_c,30,False,True,,,timeout,lfr,2026-03-10T17:36:28.611953
220,2,6,475,gurobi,14.101871013641357,True,False,0.4317030470913992,True,,lfr,2026-03-10T17:36:42.837360
220,2,6,475,bnb_c,30,False,True,,,timeout,lfr,2026-03-10T17:37:12.842330
220,2,7,415,gurobi,30,False,True,,,timeout,lfr,2026-03-10T17:37:42.852809
220,2,7,415,bnb_c,30,False,True,,,timeout,lfr,2026-03-10T17:38:12.857356
220,2,8,493,gurobi,30,False,True,,,timeout,lfr,2026-03-10T17:38:42.868754
220,2,8,493,bnb_c,30,False,True,,,timeout,lfr,2026-03-10T17:39:12.873341
220,2,9,447,gurobi,30,False,True,,,timeout,lfr,2026-03-10T17:39:42.890709
220,2,9,447,bnb_c,30,False,True,,,timeout,lfr,2026-03-10T17:40:12.896564
220,2,10,429,gurobi,30,False,True,,,timeout,lfr,2026-03-10T17:40:42.908032
220,2,10,429,bnb_c,30,False,True,,,timeout,lfr,2026-03-10T17:41:12.912687
220,2,11,435,gurobi,30,False,True,,,timeout,lfr,2026-03-10T17:41:42.924717
220,2,11,435,bnb_c,30,False,True,,,timeout,lfr,2026-03-10T17:42:12.930413
220,2,12,445,gurobi,1.1843080520629883,True,False,0.44952909986113976,True,,lfr,2026-03-10T17:42:14.237416
220,2,12,445,bnb_c,15.536547660827637,True,False,0.449529099861129,True,,lfr,2026-03-10T17:42:29.883984
220,2,13,476,gurobi,30,False,True,,,timeout,lfr,2026-03-10T17:42:59.904272
220,2,13,476,bnb_c,30,False,True,,,timeout,lfr,2026-03-10T17:43:29.909975
220,2,14,475,gurobi,30,False,True,,,timeout,lfr,2026-03-10T17:43:59.922094
220,2,14,475,bnb_c,30,False,True,,,timeout,lfr,2026-03-10T17:44:29.927491
220,2,15,439,gurobi,30,False,True,,,timeout,lfr,2026-03-10T17:44:59.940843
220,2,15,439,bnb_c,30,False,True,,,timeout,lfr,2026-03-10T17:45:29.948054
220,2,16,487,gurobi,30,False,True,,,timeout,lfr,2026-03-10T17:45:59.960298
220,2,16,487,bnb_c,30,False,True,,,timeout,lfr,2026-03-10T17:46:29.965798
220,2,17,449,gurobi,12.51849913597107,True,False,0.44145366342428094,True,,lfr,2026-03-10T17:46:42.607545
220,2,17,449,bnb_c,21.631457805633545,True,False,0.441453663424289,True,,lfr,2026-03-10T17:47:04.348598
220,2,18,428,gurobi,9.052662134170532,True,False,0.4417853087605971,True,,lfr,2026-03-10T17:47:13.514880
220,2,18,428,bnb_c,30,False,True,,,timeout,lfr,2026-03-10T17:47:43.520740
220,2,19,423,gurobi,30,False,True,,,timeout,lfr,2026-03-10T17:48:13.532106
220,2,19,423,bnb_c,30,False,True,,,timeout,lfr,2026-03-10T17:48:43.536617
220,2,20,401,gurobi,30,False,True,,,timeout,lfr,2026-03-10T17:49:13.546501
220,2,20,401,bnb_c,30,False,True,,,timeout,lfr,2026-03-10T17:49:43.551090
220,2,21,507,gurobi,6.776255130767822,True,False,0.43722014090703776,True,,lfr,2026-03-10T17:49:50.453594
220,2,21,507,bnb_c,30,False,True,,,timeout,lfr,2026-03-10T17:50:20.458222
220,2,22,416,gurobi,2.501605272293091,True,False,0.4367574657914848,True,,lfr,2026-03-10T17:50:23.079989
220,2,22,416,bnb_c,19.027529001235962,True,False,0.43675746579142,True,,lfr,2026-03-10T17:50:42.217228
220,2,23,443,gurobi,30,False,True,,,timeout,lfr,2026-03-10T17:51:12.227195
220,2,23,443,bnb_c,30,False,True,,,timeout,lfr,2026-03-10T17:51:42.231782
220,2,24,466,gurobi,15.77684998512268,True,False,0.42568245869329496,True,,lfr,2026-03-10T17:51:58.130205
220,2,24,466,bnb_c,30,False,True,,,timeout,lfr,2026-03-10T17:52:28.135881
220,2,25,422,gurobi,30,False,True,,,timeout,lfr,2026-03-10T17:52:58.152311
220,2,25,422,bnb_c,30,False,True,,,timeout,lfr,2026-03-10T17:53:28.159454
220,2,26,467,gurobi,30,False,True,,,timeout,lfr,2026-03-10T17:53:58.176055
220,2,26,467,bnb_c,30,False,True,,,timeout,lfr,2026-03-10T17:54:28.181564
220,2,27,470,gurobi,30,False,True,,,timeout,lfr,2026-03-10T17:54:58.194031
220,2,27,470,bnb_c,30,False,True,,,timeout,lfr,2026-03-10T17:55:28.199564
220,2,28,464,gurobi,30,False,True,,,timeout,lfr,2026-03-10T17:55:58.211749
220,2,28,464,bnb_c,30,False,True,,,timeout,lfr,2026-03-10T17:56:28.217378
220,2,29,429,gurobi,18.55991506576538,True,False,0.4297167478985902,True,,lfr,2026-03-10T17:56:46.896676
220,2,29,429,bnb_c,30,False,True,,,timeout,lfr,2026-03-10T17:57:16.902074
220,2,30,449,gurobi,30,False,True,,,timeout,lfr,2026-03-10T17:57:46.923864
220,2,30,449,bnb_c,30,False,True,,,timeout,lfr,2026-03-10T17:58:16.929434
220,2,31,446,gurobi,30,False,True,,,timeout,lfr,2026-03-10T17:58:46.942576
220,2,31,446,bnb_c,30,False,True,,,timeout,lfr,2026-03-10T17:59:16.948081
220,2,32,433,gurobi,30,False,True,,,timeout,lfr,2026-03-10T17:59:46.962831
220,2,32,433,bnb_c,30,False,True,,,timeout,lfr,2026-03-10T18:00:16.968293
220,2,33,475,gurobi,1.1373372077941895,True,False,0.43044653739611966,True,,lfr,2026-03-10T18:00:18.231889
220,2,33,475,bnb_c,22.28358006477356,True,False,0.430446537396122,True,,lfr,2026-03-10T18:00:40.629254
220,2,34,524,gurobi,30,False,True,,,timeout,lfr,2026-03-10T18:01:10.642530
220,2,34,524,bnb_c,30,False,True,,,timeout,lfr,2026-03-10T18:01:40.648130
220,2,35,475,gurobi,18.791150093078613,True,False,0.43021828254848266,True,,lfr,2026-03-10T18:01:59.562791
220,2,35,475,bnb_c,30,False,True,,,timeout,lfr,2026-03-10T18:02:29.568247
220,2,36,459,gurobi,1.5700480937957764,True,False,0.43874625618821894,True,,lfr,2026-03-10T18:02:31.258567
220,2,36,459,bnb_c,19.55877995491028,True,False,0.438746256188266,True,,lfr,2026-03-10T18:02:50.925597
220,2,37,466,gurobi,30,False,True,,,timeout,lfr,2026-03-10T18:03:20.938646
220,2,37,466,bnb_c,30,False,True,,,timeout,lfr,2026-03-10T18:03:50.944071
220,2,38,492,gurobi,2.7501840591430664,True,False,0.43183414303654216,True,,lfr,2026-03-10T18:03:53.810196
220,2,38,492,bnb_c,30,False,True,,,timeout,lfr,2026-03-10T18:04:23.815594
220,2,39,435,gurobi,29.321661949157715,True,False,0.4313647773814144,True,,lfr,2026-03-10T18:04:53.260028
220,2,39,435,bnb_c,30,False,True,,,timeout,lfr,2026-03-10T18:05:23.267120
220,2,40,429,gurobi,30,False,True,,,timeout,lfr,2026-03-10T18:05:53.291479
220,2,40,429,bnb_c,30,False,True,,,timeout,lfr,2026-03-10T18:06:23.296248
220,2,41,411,gurobi,30,False,True,,,timeout,lfr,2026-03-10T18:06:53.310108
220,2,41,411,bnb_c,30,False,True,,,timeout,lfr,2026-03-10T18:07:23.316451
220,2,42,451,gurobi,5.588294267654419,True,False,0.43712174473091187,True,,lfr,2026-03-10T18:07:29.023376
220,2,42,451,bnb_c,30,False,True,,,timeout,lfr,2026-03-10T18:07:59.028970
220,2,43,433,gurobi,6.571299076080322,True,False,0.43029457728186615,True,,lfr,2026-03-10T18:08:05.724608
220,2,43,433,bnb_c,14.206411838531494,True,False,0.430294577281867,True,,lfr,2026-03-10T18:08:20.038035
220,2,44,470,gurobi,30,False,True,,,timeout,lfr,2026-03-10T18:08:50.058174
220,2,44,470,bnb_c,30,False,True,,,timeout,lfr,2026-03-10T18:09:20.063683
220,2,45,462,gurobi,30,False,True,,,timeout,lfr,2026-03-10T18:09:50.077735
220,2,45,462,bnb_c,30,False,True,,,timeout,lfr,2026-03-10T18:10:20.083384
220,2,46,465,gurobi,10.781706094741821,True,False,0.43353913747249384,True,,lfr,2026-03-10T18:10:30.988389
220,2,46,465,bnb_c,30,False,True,,,timeout,lfr,2026-03-10T18:11:00.994081
220,2,47,410,gurobi,17.250510692596436,True,False,0.4340005948840284,True,,lfr,2026-03-10T18:11:18.366707
220,2,47,410,bnb_c,30,False,True,,,timeout,lfr,2026-03-10T18:11:48.372345
220,2,48,443,gurobi,30,False,True,,,timeout,lfr,2026-03-10T18:12:18.384686
220,2,48,443,bnb_c,30,False,True,,,timeout,lfr,2026-03-10T18:12:48.390275
220,2,49,544,gurobi,30,False,True,,,timeout,lfr,2026-03-10T18:13:18.402579
220,2,49,544,bnb_c,30,False,True,,,timeout,lfr,2026-03-10T18:13:48.410613
220,2,50,439,gurobi,30,False,True,,,timeout,lfr,2026-03-10T18:14:18.429348
220,2,50,439,bnb_c,30,False,True,,,timeout,lfr,2026-03-10T18:14:48.434090
220,2,51,424,gurobi,30,False,True,,,timeout,lfr,2026-03-10T18:15:18.444779
220,2,51,424,bnb_c,30,False,True,,,timeout,lfr,2026-03-10T18:15:48.449395
220,2,52,446,gurobi,30,False,True,,,timeout,lfr,2026-03-10T18:16:18.459764
220,2,52,446,bnb_c,30,False,True,,,timeout,lfr,2026-03-10T18:16:48.464213
220,2,53,433,gurobi,30,False,True,,,timeout,lfr,2026-03-10T18:17:18.475329
220,2,53,433,bnb_c,30,False,True,,,timeout,lfr,2026-03-10T18:17:48.481535
220,2,54,417,gurobi,30,False,True,,,timeout,lfr,2026-03-10T18:18:18.492795
220,2,54,417,bnb_c,30,False,True,,,timeout,lfr,2026-03-10T18:18:48.497802
220,2,55,484,gurobi,30,False,True,,,timeout,lfr,2026-03-10T18:19:18.514497
220,2,55,484,bnb_c,30,False,True,,,timeout,lfr,2026-03-10T18:19:48.520298
220,2,56,486,gurobi,30,False,True,,,timeout,lfr,2026-03-10T18:20:18.550843
220,2,56,486,bnb_c,30,False,True,,,timeout,lfr,2026-03-10T18:20:48.556394
220,2,57,462,gurobi,30,False,True,,,timeout,lfr,2026-03-10T18:21:18.568848
220,2,57,462,bnb_c,30,False,True,,,timeout,lfr,2026-03-10T18:21:48.574654
220,2,58,510,gurobi,30,False,True,,,timeout,lfr,2026-03-10T18:22:18.586360
220,2,58,510,bnb_c,30,False,True,,,timeout,lfr,2026-03-10T18:22:48.592196
220,2,59,447,gurobi,30,False,True,,,timeout,lfr,2026-03-10T18:23:18.603535
220,2,59,447,bnb_c,30,False,True,,,timeout,lfr,2026-03-10T18:23:48.609306
220,2,60,419,gurobi,30,False,True,,,timeout,lfr,2026-03-10T18:24:18.621815
220,2,60,419,bnb_c,30,False,True,,,timeout,lfr,2026-03-10T18:24:48.628760
220,2,61,442,gurobi,30,False,True,,,timeout,lfr,2026-03-10T18:25:18.640524
220,2,61,442,bnb_c,30,False,True,,,timeout,lfr,2026-03-10T18:25:48.646164
220,2,62,452,gurobi,30,False,True,,,timeout,lfr,2026-03-10T18:26:18.664118
220,2,62,452,bnb_c,30,False,True,,,timeout,lfr,2026-03-10T18:26:48.669699
220,2,63,452,gurobi,30,False,True,,,timeout,lfr,2026-03-10T18:27:18.681622
220,2,63,452,bnb_c,1.0970029830932617,True,False,0.414891534184353,True,,lfr,2026-03-10T18:27:19.891770
220,2,64,451,gurobi,0.5599768161773682,True,False,0.4459884661334544,True,,lfr,2026-03-10T18:27:20.569979
220,2,64,451,bnb_c,3.0187489986419678,True,False,0.445988466133402,True,,lfr,2026-03-10T18:27:23.693159
220,2,65,436,gurobi,30,False,True,,,timeout,lfr,2026-03-10T18:27:53.713692
220,2,65,436,bnb_c,30,False,True,,,timeout,lfr,2026-03-10T18:28:23.719219
220,2,66,470,gurobi,30,False,True,,,timeout,lfr,2026-03-10T18:28:53.730907
220,2,66,470,bnb_c,30,False,True,,,timeout,lfr,2026-03-10T18:29:23.736385
220,2,67,486,gurobi,30,False,True,,,timeout,lfr,2026-03-10T18:29:53.750129
220,2,67,486,bnb_c,30,False,True,,,timeout,lfr,2026-03-10T18:30:23.755728
220,2,68,469,gurobi,3.780194044113159,True,False,0.42890557871620755,True,,lfr,2026-03-10T18:30:27.658447
220,2,68,469,bnb_c,1.1651647090911865,True,False,0.428905578716227,True,,lfr,2026-03-10T18:30:28.932182
220,2,69,432,gurobi,30,False,True,,,timeout,lfr,2026-03-10T18:30:58.948613
220,2,69,432,bnb_c,30,False,True,,,timeout,lfr,2026-03-10T18:31:28.953985
220,2,70,448,gurobi,8.169908285140991,True,False,0.44166284677936046,True,,lfr,2026-03-10T18:31:37.242344
220,2,70,448,bnb_c,30,False,True,,,timeout,lfr,2026-03-10T18:32:07.248997
220,2,71,468,gurobi,3.648704767227173,True,False,0.44064349112424933,True,,lfr,2026-03-10T18:32:11.031689
220,2,71,468,bnb_c,30,False,True,,,timeout,lfr,2026-03-10T18:32:41.037188
220,2,72,526,gurobi,30,False,True,,,timeout,lfr,2026-03-10T18:33:11.049835
220,2,72,526,bnb_c,30,False,True,,,timeout,lfr,2026-03-10T18:33:41.055193
220,2,73,483,gurobi,30,False,True,,,timeout,lfr,2026-03-10T18:34:11.071674
220,2,73,483,bnb_c,30,False,True,,,timeout,lfr,2026-03-10T18:34:41.077013
220,2,74,459,gurobi,30,False,True,,,timeout,lfr,2026-03-10T18:35:11.094296
220,2,74,459,bnb_c,30,False,True,,,timeout,lfr,2026-03-10T18:35:41.099829
220,2,75,445,gurobi,30,False,True,,,timeout,lfr,2026-03-10T18:36:11.114191
220,2,75,445,bnb_c,30,False,True,,,timeout,lfr,2026-03-10T18:36:41.119576
220,2,76,498,gurobi,30,False,True,,,timeout,lfr,2026-03-10T18:37:11.131405
220,2,76,498,bnb_c,30,False,True,,,timeout,lfr,2026-03-10T18:37:41.135214
220,2,77,471,gurobi,11.991281270980835,True,False,0.42800699600166825,True,,lfr,2026-03-10T18:37:53.248084
220,2,77,471,bnb_c,30,False,True,,,timeout,lfr,2026-03-10T18:38:23.253184
220,2,78,472,gurobi,4.99259090423584,True,False,0.4248397550991138,True,,lfr,2026-03-10T18:38:28.367986
220,2,78,472,bnb_c,30,False,True,,,timeout,lfr,2026-03-10T18:38:58.374593
220,2,79,502,gurobi,30,False,True,,,timeout,lfr,2026-03-10T18:39:28.388574
220,2,79,502,bnb_c,30,False,True,,,timeout,lfr,2026-03-10T18:39:58.395473
220,2,80,462,gurobi,30,False,True,,,timeout,lfr,2026-03-10T18:40:28.407766
220,2,80,462,bnb_c,30,False,True,,,timeout,lfr,2026-03-10T18:40:58.413141
220,2,81,486,gurobi,30,False,True,,,timeout,lfr,2026-03-10T18:41:28.425795
220,2,81,486,bnb_c,30,False,True,,,timeout,lfr,2026-03-10T18:41:58.431243
220,2,82,432,gurobi,30,False,True,,,timeout,lfr,2026-03-10T18:42:28.443270
220,2,82,432,bnb_c,30,False,True,,,timeout,lfr,2026-03-10T18:42:58.448704
220,2,83,431,gurobi,30,False,True,,,timeout,lfr,2026-03-10T18:43:28.478886
220,2,83,431,bnb_c,30,False,True,,,timeout,lfr,2026-03-10T18:43:58.484268
220,2,84,460,gurobi,30,False,True,,,timeout,lfr,2026-03-10T18:44:28.497691
220,2,84,460,bnb_c,30,False,True,,,timeout,lfr,2026-03-10T18:44:58.503309
220,2,85,458,gurobi,30,False,True,,,timeout,lfr,2026-03-10T18:45:28.515294
220,2,85,458,bnb_c,30,False,True,,,timeout,lfr,2026-03-10T18:45:58.520602
220,2,86,470,gurobi,2.1078720092773438,True,False,0.42362833861475274,True,,lfr,2026-03-10T18:46:00.743200
220,2,86,470,bnb_c,30,False,True,,,timeout,lfr,2026-03-10T18:46:30.747048
220,2,87,440,gurobi,30,False,True,,,timeout,lfr,2026-03-10T18:47:00.758839
220,2,87,440,bnb_c,30,False,True,,,timeout,lfr,2026-03-10T18:47:30.764175
220,2,88,408,gurobi,30,False,True,,,timeout,lfr,2026-03-10T18:48:00.775791
220,2,88,408,bnb_c,30,False,True,,,timeout,lfr,2026-03-10T18:48:30.781230
220,2,89,477,gurobi,30,False,True,,,timeout,lfr,2026-03-10T18:49:00.793485
220,2,89,477,bnb_c,30,False,True,,,timeout,lfr,2026-03-10T18:49:30.798894
220,2,90,484,gurobi,30,False,True,,,timeout,lfr,2026-03-10T18:50:00.812895
220,2,90,484,bnb_c,30,False,True,,,timeout,lfr,2026-03-10T18:50:30.818276
220,2,91,409,gurobi,30,False,True,,,timeout,lfr,2026-03-10T18:51:00.830123
220,2,91,409,bnb_c,30,False,True,,,timeout,lfr,2026-03-10T18:51:30.835494
220,2,92,445,gurobi,30,False,True,,,timeout,lfr,2026-03-10T18:52:00.847966
220,2,92,445,bnb_c,30,False,True,,,timeout,lfr,2026-03-10T18:52:30.854737
220,2,93,494,gurobi,30,False,True,,,timeout,lfr,2026-03-10T18:53:00.865392
220,2,93,494,bnb_c,30,False,True,,,timeout,lfr,2026-03-10T18:53:30.869946
220,2,94,456,gurobi,30,False,True,,,timeout,lfr,2026-03-10T18:54:00.881524
220,2,94,456,bnb_c,30,False,True,,,timeout,lfr,2026-03-10T18:54:30.886043
220,2,95,480,gurobi,6.19890022277832,True,False,0.4341992187500278,True,,lfr,2026-03-10T18:54:37.199567
220,2,95,480,bnb_c,30,False,True,,,timeout,lfr,2026-03-10T18:55:07.204165
220,2,96,446,gurobi,5.447185754776001,True,False,0.4428778982082637,True,,lfr,2026-03-10T18:55:12.761672
220,2,96,446,bnb_c,30,False,True,,,timeout,lfr,2026-03-10T18:55:42.768215
220,2,97,424,gurobi,19.28790593147278,True,False,0.4347159798860945,True,,lfr,2026-03-10T18:56:02.183222
220,2,97,424,bnb_c,30,False,True,,,timeout,lfr,2026-03-10T18:56:32.187691
220,2,98,473,gurobi,3.620650053024292,True,False,0.4321724050078525,True,,lfr,2026-03-10T18:56:35.926556
220,2,98,473,bnb_c,30,False,True,,,timeout,lfr,2026-03-10T18:57:05.931098
220,2,99,505,gurobi,30,False,True,,,timeout,lfr,2026-03-10T18:57:35.942395
220,2,99,505,bnb_c,30,False,True,,,timeout,lfr,2026-03-10T18:58:05.947815
240,2,0,494,gurobi,1.4593751430511475,True,False,0.45340646461996054,True,,lfr,2026-03-10T18:58:07.521111
240,2,0,494,bnb_c,4.5326828956604,True,False,0.453406464619974,True,,lfr,2026-03-10T18:58:12.164721
240,2,1,488,gurobi,30,False,True,,,timeout,lfr,2026-03-10T18:58:42.175929
240,2,1,488,bnb_c,30,False,True,,,timeout,lfr,2026-03-10T18:59:12.181489
240,2,2,450,gurobi,30,False,True,,,timeout,lfr,2026-03-10T18:59:42.198083
240,2,2,450,bnb_c,30,False,True,,,timeout,lfr,2026-03-10T19:00:12.203231
240,2,3,459,gurobi,30,False,True,,,timeout,lfr,2026-03-10T19:00:42.221537
240,2,3,459,bnb_c,30,False,True,,,timeout,lfr,2026-03-10T19:01:12.228710
240,2,4,482,gurobi,30,False,True,,,timeout,lfr,2026-03-10T19:01:42.241189
240,2,4,482,bnb_c,30,False,True,,,timeout,lfr,2026-03-10T19:02:12.246677
240,2,5,502,gurobi,10.741875171661377,True,False,0.4364454532467755,True,,lfr,2026-03-10T19:02:23.110697
240,2,5,502,bnb_c,30,False,True,,,timeout,lfr,2026-03-10T19:02:53.116200
240,2,6,517,gurobi,30,False,True,,,timeout,lfr,2026-03-10T19:03:23.138690
240,2,6,517,bnb_c,30,False,True,,,timeout,lfr,2026-03-10T19:03:53.144830
240,2,7,484,gurobi,30,False,True,,,timeout,lfr,2026-03-10T19:04:23.156527
240,2,7,484,bnb_c,30,False,True,,,timeout,lfr,2026-03-10T19:04:53.161020
240,2,8,482,gurobi,30,False,True,,,timeout,lfr,2026-03-10T19:05:23.173820
240,2,8,482,bnb_c,30,False,True,,,timeout,lfr,2026-03-10T19:05:53.179541
240,2,9,511,gurobi,7.625203847885132,True,False,0.43040391236248077,True,,lfr,2026-03-10T19:06:00.924677
240,2,9,511,bnb_c,30,False,True,,,timeout,lfr,2026-03-10T19:06:30.930174
240,2,10,483,gurobi,3.5269720554351807,True,False,0.4397592685467599,True,,lfr,2026-03-10T19:06:34.584149
240,2,10,483,bnb_c,27.691325902938843,True,False,0.439759268546738,True,,lfr,2026-03-10T19:07:02.384972
240,2,11,500,gurobi,7.4636828899383545,True,False,0.43758199999997077,True,,lfr,2026-03-10T19:07:09.968381
240,2,11,500,bnb_c,30,False,True,,,timeout,lfr,2026-03-10T19:07:39.975620
240,2,12,495,gurobi,30,False,True,,,timeout,lfr,2026-03-10T19:08:09.988561
240,2,12,495,bnb_c,30,False,True,,,timeout,lfr,2026-03-10T19:08:39.993145
240,2,13,473,gurobi,30,False,True,,,timeout,lfr,2026-03-10T19:09:10.011439
240,2,13,473,bnb_c,30,False,True,,,timeout,lfr,2026-03-10T19:09:40.018719
240,2,14,507,gurobi,30,False,True,,,timeout,lfr,2026-03-10T19:10:10.031665
240,2,14,507,bnb_c,1.2562108039855957,True,False,0.421761998685076,True,,lfr,2026-03-10T19:10:11.395825
240,2,15,500,gurobi,30,False,True,,,timeout,lfr,2026-03-10T19:10:41.407160
240,2,15,500,bnb_c,30,False,True,,,timeout,lfr,2026-03-10T19:11:11.413742
240,2,16,511,gurobi,30,False,True,,,timeout,lfr,2026-03-10T19:11:41.425945
240,2,16,511,bnb_c,30,False,True,,,timeout,lfr,2026-03-10T19:12:11.431450
240,2,17,508,gurobi,30,False,True,,,timeout,lfr,2026-03-10T19:12:41.444919
240,2,17,508,bnb_c,30,False,True,,,timeout,lfr,2026-03-10T19:13:11.450306
240,2,18,485,gurobi,30,False,True,,,timeout,lfr,2026-03-10T19:13:41.464166
240,2,18,485,bnb_c,30,False,True,,,timeout,lfr,2026-03-10T19:14:11.468818
240,2,19,468,gurobi,30,False,True,,,timeout,lfr,2026-03-10T19:14:41.484221
240,2,19,468,bnb_c,30,False,True,,,timeout,lfr,2026-03-10T19:15:11.488766
240,2,20,440,gurobi,30,False,True,,,timeout,lfr,2026-03-10T19:15:41.508759
240,2,20,440,bnb_c,30,False,True,,,timeout,lfr,2026-03-10T19:16:11.513352
240,2,21,502,gurobi,30,False,True,,,timeout,lfr,2026-03-10T19:16:41.530575
240,2,21,502,bnb_c,30,False,True,,,timeout,lfr,2026-03-10T19:17:11.535046
240,2,22,499,gurobi,30,False,True,,,timeout,lfr,2026-03-10T19:17:41.545771
240,2,22,499,bnb_c,30,False,True,,,timeout,lfr,2026-03-10T19:18:11.550313
240,2,23,486,gurobi,30,False,True,,,timeout,lfr,2026-03-10T19:18:41.574812
240,2,23,486,bnb_c,30,False,True,,,timeout,lfr,2026-03-10T19:19:11.580290
240,2,24,474,gurobi,7.637269973754883,True,False,0.43897657070633644,True,,lfr,2026-03-10T19:19:19.329501
240,2,24,474,bnb_c,30,False,True,,,timeout,lfr,2026-03-10T19:19:49.337351
240,2,25,526,gurobi,30,False,True,,,timeout,lfr,2026-03-10T19:20:19.349216
240,2,25,526,bnb_c,30,False,True,,,timeout,lfr,2026-03-10T19:20:49.355785
240,2,26,483,gurobi,10.74743103981018,True,False,0.43288367646997833,True,,lfr,2026-03-10T19:21:00.225926
240,2,26,483,bnb_c,30,False,True,,,timeout,lfr,2026-03-10T19:21:30.231330
240,2,27,588,gurobi,30,False,True,,,timeout,lfr,2026-03-10T19:22:00.246425
240,2,27,588,bnb_c,30,False,True,,,timeout,lfr,2026-03-10T19:22:30.251910
240,2,28,583,gurobi,30,False,True,,,timeout,lfr,2026-03-10T19:23:00.264661
240,2,28,583,bnb_c,30,False,True,,,timeout,lfr,2026-03-10T19:23:30.270059
240,2,29,509,gurobi,30,False,True,,,timeout,lfr,2026-03-10T19:24:00.282876
240,2,29,509,bnb_c,30,False,True,,,timeout,lfr,2026-03-10T19:24:30.288333
240,2,30,486,gurobi,30,False,True,,,timeout,lfr,2026-03-10T19:25:00.306842
240,2,30,486,bnb_c,30,False,True,,,timeout,lfr,2026-03-10T19:25:30.312357
240,2,31,520,gurobi,30,False,True,,,timeout,lfr,2026-03-10T19:26:00.324796
240,2,31,520,bnb_c,30,False,True,,,timeout,lfr,2026-03-10T19:26:30.330282
240,2,32,456,gurobi,30,False,True,,,timeout,lfr,2026-03-10T19:27:00.345634
240,2,32,456,bnb_c,30,False,True,,,timeout,lfr,2026-03-10T19:27:30.352684
240,2,33,527,gurobi,30,False,True,,,timeout,lfr,2026-03-10T19:28:00.364977
240,2,33,527,bnb_c,30,False,True,,,timeout,lfr,2026-03-10T19:28:30.372194
240,2,34,539,gurobi,30,False,True,,,timeout,lfr,2026-03-10T19:29:00.385519
240,2,34,539,bnb_c,30,False,True,,,timeout,lfr,2026-03-10T19:29:30.390961
240,2,35,503,gurobi,6.850265979766846,True,False,0.4345438304566096,True,,lfr,2026-03-10T19:29:37.359723
240,2,35,503,bnb_c,30,False,True,,,timeout,lfr,2026-03-10T19:30:07.365158
240,2,36,482,gurobi,30,False,True,,,timeout,lfr,2026-03-10T19:30:37.376843
240,2,36,482,bnb_c,30,False,True,,,timeout,lfr,2026-03-10T19:31:07.380494
240,2,37,481,gurobi,30,False,True,,,timeout,lfr,2026-03-10T19:31:37.391679
240,2,37,481,bnb_c,30,False,True,,,timeout,lfr,2026-03-10T19:32:07.395362
240,2,38,526,gurobi,25.357136249542236,True,False,0.42456880972688266,True,,lfr,2026-03-10T19:32:32.869898
240,2,38,526,bnb_c,30,False,True,,,timeout,lfr,2026-03-10T19:33:02.875260
240,2,39,504,gurobi,30,False,True,,,timeout,lfr,2026-03-10T19:33:32.889325
240,2,39,504,bnb_c,30,False,True,,,timeout,lfr,2026-03-10T19:34:02.893960
240,2,40,444,gurobi,30,False,True,,,timeout,lfr,2026-03-10T19:34:32.905575
240,2,40,444,bnb_c,30,False,True,,,timeout,lfr,2026-03-10T19:35:02.911785
240,2,41,551,gurobi,30,False,True,,,timeout,lfr,2026-03-10T19:35:32.924404
240,2,41,551,bnb_c,30,False,True,,,timeout,lfr,2026-03-10T19:36:02.929810
240,2,42,506,gurobi,30,False,True,,,timeout,lfr,2026-03-10T19:36:32.949522
240,2,42,506,bnb_c,30,False,True,,,timeout,lfr,2026-03-10T19:37:02.955180
240,2,43,465,gurobi,30,False,True,,,timeout,lfr,2026-03-10T19:37:32.968789
240,2,43,465,bnb_c,30,False,True,,,timeout,lfr,2026-03-10T19:38:02.974350
240,2,44,500,gurobi,30,False,True,,,timeout,lfr,2026-03-10T19:38:32.993735
240,2,44,500,bnb_c,30,False,True,,,timeout,lfr,2026-03-10T19:39:02.999299
240,2,45,506,gurobi,30,False,True,,,timeout,lfr,2026-03-10T19:39:33.011701
240,2,45,506,bnb_c,30,False,True,,,timeout,lfr,2026-03-10T19:40:03.017415
240,2,46,481,gurobi,12.540512800216675,True,False,0.4334070997273051,True,,lfr,2026-03-10T19:40:15.676273
240,2,46,481,bnb_c,30,False,True,,,timeout,lfr,2026-03-10T19:40:45.683169
240,2,47,551,gurobi,30,False,True,,,timeout,lfr,2026-03-10T19:41:15.709339
240,2,47,551,bnb_c,30,False,True,,,timeout,lfr,2026-03-10T19:41:45.713973
240,2,48,535,gurobi,21.18355417251587,True,False,0.44018516901038657,True,,lfr,2026-03-10T19:42:07.016129
240,2,48,535,bnb_c,30,False,True,,,timeout,lfr,2026-03-10T19:42:37.022448
240,2,49,566,gurobi,30,False,True,,,timeout,lfr,2026-03-10T19:43:07.040217
240,2,49,566,bnb_c,30,False,True,,,timeout,lfr,2026-03-10T19:43:37.044826
240,2,50,510,gurobi,30,False,True,,,timeout,lfr,2026-03-10T19:44:07.063598
240,2,50,510,bnb_c,30,False,True,,,timeout,lfr,2026-03-10T19:44:37.068033
240,2,51,476,gurobi,0.8702671527862549,True,False,0.44935915542681376,True,,lfr,2026-03-10T19:44:38.058038
240,2,51,476,bnb_c,30,False,True,,,timeout,lfr,2026-03-10T19:45:08.062593
240,2,52,490,gurobi,5.82376503944397,True,False,0.44356309870877075,True,,lfr,2026-03-10T19:45:14.002122
240,2,52,490,bnb_c,30,False,True,,,timeout,lfr,2026-03-10T19:45:44.006711
240,2,53,504,gurobi,5.939405918121338,True,False,0.44926303854872146,True,,lfr,2026-03-10T19:45:50.067350
240,2,53,504,bnb_c,30,False,True,,,timeout,lfr,2026-03-10T19:46:20.072082
240,2,54,599,gurobi,30,False,True,,,timeout,lfr,2026-03-10T19:46:50.085156
240,2,54,599,bnb_c,30,False,True,,,timeout,lfr,2026-03-10T19:47:20.090694
240,2,55,473,gurobi,30,False,True,,,timeout,lfr,2026-03-10T19:47:50.103020
240,2,55,473,bnb_c,30,False,True,,,timeout,lfr,2026-03-10T19:48:20.110177
240,2,56,521,gurobi,30,False,True,,,timeout,lfr,2026-03-10T19:48:50.122707
240,2,56,521,bnb_c,30,False,True,,,timeout,lfr,2026-03-10T19:49:20.128164
240,2,57,504,gurobi,30,False,True,,,timeout,lfr,2026-03-10T19:49:50.141486
240,2,57,504,bnb_c,30,False,True,,,timeout,lfr,2026-03-10T19:50:20.147021
240,2,58,484,gurobi,30,False,True,,,timeout,lfr,2026-03-10T19:50:50.158375
240,2,58,484,bnb_c,30,False,True,,,timeout,lfr,2026-03-10T19:51:20.163874
240,2,59,499,gurobi,30,False,True,,,timeout,lfr,2026-03-10T19:51:50.184453
240,2,59,499,bnb_c,30,False,True,,,timeout,lfr,2026-03-10T19:52:20.190109
240,2,60,469,gurobi,1.6817238330841064,True,False,0.4498592932383144,True,,lfr,2026-03-10T19:52:21.998623
240,2,60,469,bnb_c,12.087592840194702,True,False,0.449859293238347,True,,lfr,2026-03-10T19:52:34.196807
240,2,61,506,gurobi,12.343826055526733,True,False,0.4334546704369634,True,,lfr,2026-03-10T19:52:46.661812
240,2,61,506,bnb_c,30,False,True,,,timeout,lfr,2026-03-10T19:53:16.667303
240,2,62,581,gurobi,30,False,True,,,timeout,lfr,2026-03-10T19:53:46.680463
240,2,62,581,bnb_c,30,False,True,,,timeout,lfr,2026-03-10T19:54:16.685812
240,2,63,490,gurobi,30,False,True,,,timeout,lfr,2026-03-10T19:54:46.705543
240,2,63,490,bnb_c,30,False,True,,,timeout,lfr,2026-03-10T19:55:16.711152
240,2,64,487,gurobi,18.857733249664307,True,False,0.4331278539775462,True,,lfr,2026-03-10T19:55:35.686809
240,2,64,487,bnb_c,30,False,True,,,timeout,lfr,2026-03-10T19:56:05.692269
240,2,65,470,gurobi,30,False,True,,,timeout,lfr,2026-03-10T19:56:35.704328
240,2,65,470,bnb_c,30,False,True,,,timeout,lfr,2026-03-10T19:57:05.709929
240,2,66,457,gurobi,30,False,True,,,timeout,lfr,2026-03-10T19:57:35.726645
240,2,66,457,bnb_c,30,False,True,,,timeout,lfr,2026-03-10T19:58:05.732463
240,2,67,498,gurobi,30,False,True,,,timeout,lfr,2026-03-10T19:58:35.744318
240,2,67,498,bnb_c,30,False,True,,,timeout,lfr,2026-03-10T19:59:05.748819
240,2,68,458,gurobi,30,False,True,,,timeout,lfr,2026-03-10T19:59:35.763499
240,2,68,458,bnb_c,30,False,True,,,timeout,lfr,2026-03-10T20:00:05.768260
240,2,69,474,gurobi,30,False,True,,,timeout,lfr,2026-03-10T20:00:35.801189
240,2,69,474,bnb_c,30,False,True,,,timeout,lfr,2026-03-10T20:01:05.807137
240,2,70,502,gurobi,11.40549921989441,True,False,0.4322371867113301,True,,lfr,2026-03-10T20:01:17.326124
240,2,70,502,bnb_c,30,False,True,,,timeout,lfr,2026-03-10T20:01:47.331416
240,2,71,454,gurobi,30,False,True,,,timeout,lfr,2026-03-10T20:02:17.342152
240,2,71,454,bnb_c,30,False,True,,,timeout,lfr,2026-03-10T20:02:47.346642
240,2,72,552,gurobi,30,False,True,,,timeout,lfr,2026-03-10T20:03:17.359258
240,2,72,552,bnb_c,30,False,True,,,timeout,lfr,2026-03-10T20:03:47.364704
240,2,73,536,gurobi,4.655044078826904,True,False,0.41532078413897616,True,,lfr,2026-03-10T20:03:52.142388
240,2,73,536,bnb_c,30,False,True,,,timeout,lfr,2026-03-10T20:04:22.147910
240,2,74,458,gurobi,30,False,True,,,timeout,lfr,2026-03-10T20:04:52.158862
240,2,74,458,bnb_c,30,False,True,,,timeout,lfr,2026-03-10T20:05:22.164303
240,2,75,492,gurobi,30,False,True,,,timeout,lfr,2026-03-10T20:05:52.182666
240,2,75,492,bnb_c,30,False,True,,,timeout,lfr,2026-03-10T20:06:22.188299
240,2,76,525,gurobi,30,False,True,,,timeout,lfr,2026-03-10T20:06:52.203953
240,2,76,525,bnb_c,30,False,True,,,timeout,lfr,2026-03-10T20:07:22.209652
240,2,77,459,gurobi,30,False,True,,,timeout,lfr,2026-03-10T20:07:52.222646
240,2,77,459,bnb_c,30,False,True,,,timeout,lfr,2026-03-10T20:08:22.228148
240,2,78,535,gurobi,30,False,True,,,timeout,lfr,2026-03-10T20:08:52.240498
240,2,78,535,bnb_c,30,False,True,,,timeout,lfr,2026-03-10T20:09:22.245730
240,2,79,463,gurobi,30,False,True,,,timeout,lfr,2026-03-10T20:09:52.260221
240,2,79,463,bnb_c,30,False,True,,,timeout,lfr,2026-03-10T20:10:22.265732
240,2,80,480,gurobi,30,False,True,,,timeout,lfr,2026-03-10T20:10:52.277773
240,2,80,480,bnb_c,30,False,True,,,timeout,lfr,2026-03-10T20:11:22.283331
240,2,81,455,gurobi,19.460269689559937,True,False,0.43158797246712444,True,,lfr,2026-03-10T20:11:41.867552
240,2,81,455,bnb_c,30,False,True,,,timeout,lfr,2026-03-10T20:12:11.873057
240,2,82,478,gurobi,30,False,True,,,timeout,lfr,2026-03-10T20:12:41.888920
240,2,82,478,bnb_c,30,False,True,,,timeout,lfr,2026-03-10T20:13:11.896076
240,2,83,488,gurobi,30,False,True,,,timeout,lfr,2026-03-10T20:13:41.908877
240,2,83,488,bnb_c,30,False,True,,,timeout,lfr,2026-03-10T20:14:11.916061
240,2,84,425,gurobi,1.4043200016021729,True,False,0.4581287197231998,True,,lfr,2026-03-10T20:14:13.443112
240,2,84,425,bnb_c,4.708810806274414,True,False,0.458128719723183,True,,lfr,2026-03-10T20:14:18.258088
240,2,85,472,gurobi,30,False,True,,,timeout,lfr,2026-03-10T20:14:48.271160
240,2,85,472,bnb_c,30,False,True,,,timeout,lfr,2026-03-10T20:15:18.276621
240,2,86,500,gurobi,30,False,True,,,timeout,lfr,2026-03-10T20:15:48.293951
240,2,86,500,bnb_c,30,False,True,,,timeout,lfr,2026-03-10T20:16:18.299316
240,2,87,517,gurobi,25.195210933685303,True,False,0.4244955834321594,True,,lfr,2026-03-10T20:16:43.614458
240,2,87,517,bnb_c,30,False,True,,,timeout,lfr,2026-03-10T20:17:13.619947
240,2,88,443,gurobi,30,False,True,,,timeout,lfr,2026-03-10T20:17:43.631845
240,2,88,443,bnb_c,30,False,True,,,timeout,lfr,2026-03-10T20:18:13.637354
240,2,89,510,gurobi,30,False,True,,,timeout,lfr,2026-03-10T20:18:43.652925
240,2,89,510,bnb_c,30,False,True,,,timeout,lfr,2026-03-10T20:19:13.658328
240,2,90,476,gurobi,17.117746114730835,True,False,0.43559556175404957,True,,lfr,2026-03-10T20:19:30.894400
240,2,90,476,bnb_c,30,False,True,,,timeout,lfr,2026-03-10T20:20:00.903825
240,2,91,511,gurobi,30,False,True,,,timeout,lfr,2026-03-10T20:20:30.918140
240,2,91,511,bnb_c,30,False,True,,,timeout,lfr,2026-03-10T20:21:00.925348
240,2,92,454,gurobi,30,False,True,,,timeout,lfr,2026-03-10T20:21:30.937385
240,2,92,454,bnb_c,30,False,True,,,timeout,lfr,2026-03-10T20:22:00.943050
240,2,93,499,gurobi,30,False,True,,,timeout,lfr,2026-03-10T20:22:30.954890
240,2,93,499,bnb_c,30,False,True,,,timeout,lfr,2026-03-10T20:23:00.960468
240,2,94,581,gurobi,30,False,True,,,timeout,lfr,2026-03-10T20:23:30.975403
240,2,94,581,bnb_c,30,False,True,,,timeout,lfr,2026-03-10T20:24:00.980893
240,2,95,509,gurobi,30,False,True,,,timeout,lfr,2026-03-10T20:24:30.993988
240,2,95,509,bnb_c,30,False,True,,,timeout,lfr,2026-03-10T20:25:00.999383
240,2,96,458,gurobi,30,False,True,,,timeout,lfr,2026-03-10T20:25:31.011536
240,2,96,458,bnb_c,30,False,True,,,timeout,lfr,2026-03-10T20:26:01.018693
240,2,97,468,gurobi,30,False,True,,,timeout,lfr,2026-03-10T20:26:31.030914
240,2,97,468,bnb_c,30,False,True,,,timeout,lfr,2026-03-10T20:27:01.036412
240,2,98,454,gurobi,30,False,True,,,timeout,lfr,2026-03-10T20:27:31.068078
240,2,98,454,bnb_c,30,False,True,,,timeout,lfr,2026-03-10T20:28:01.073556
240,2,99,429,gurobi,30,False,True,,,timeout,lfr,2026-03-10T20:28:31.086129
240,2,99,429,bnb_c,30,False,True,,,timeout,lfr,2026-03-10T20:29:01.091767
