n,actual_n,k,seed,num_edges,algorithm,time,success,timed_out,modularity,optimal,error,graph_type,xi,timestamp
20,20,2,0,22,gurobi,0.28240203857421875,True,False,0.4452479338842981,True,,abcd,0.1,2026-03-03T02:42:19.762021
20,20,2,0,22,bnb_c,0.024019956588745117,True,False,0.445247933884298,True,,abcd,0.1,2026-03-03T02:42:19.915926
20,20,2,1,25,gurobi,0.017405033111572266,True,False,0.41920000000000024,True,,abcd,0.1,2026-03-03T02:42:20.072262
20,20,2,1,25,bnb_c,0.02128005027770996,True,False,0.4192,True,,abcd,0.1,2026-03-03T02:42:20.210625
20,20,2,2,25,gurobi,0.017194032669067383,True,False,0.3768000000000001,True,,abcd,0.1,2026-03-03T02:42:20.358796
20,20,2,2,25,bnb_c,0.02152395248413086,True,False,0.3768,True,,abcd,0.1,2026-03-03T02:42:20.494957
20,15,2,3,16,gurobi,0.011413812637329102,True,False,0.375,True,,abcd,0.1,2026-03-03T02:42:20.613740
20,15,2,3,16,bnb_c,0.015619993209838867,True,False,0.375,True,,abcd,0.1,2026-03-03T02:42:20.727274
20,20,2,4,24,gurobi,0.02781987190246582,True,False,0.4166666666666667,True,,abcd,0.1,2026-03-03T02:42:20.888433
20,20,2,4,24,bnb_c,0.020225048065185547,True,False,0.416666666666667,True,,abcd,0.1,2026-03-03T02:42:21.022235
20,20,2,5,28,gurobi,0.025401830673217773,True,False,0.3769132653061225,True,,abcd,0.1,2026-03-03T02:42:21.173803
20,20,2,5,28,bnb_c,0.02292013168334961,True,False,0.376913265306122,True,,abcd,0.1,2026-03-03T02:42:21.310860
20,20,2,6,25,gurobi,0.018658876419067383,True,False,0.4191999999999998,True,,abcd,0.1,2026-03-03T02:42:21.463886
20,20,2,6,25,bnb_c,0.022107839584350586,True,False,0.4192,True,,abcd,0.1,2026-03-03T02:42:21.599671
20,20,2,7,25,gurobi,0.018101930618286133,True,False,0.38079999999999997,True,,abcd,0.1,2026-03-03T02:42:21.753694
20,20,2,7,25,bnb_c,0.02068805694580078,True,False,0.3808,True,,abcd,0.1,2026-03-03T02:42:21.888218
20,16,2,8,20,gurobi,0.012396812438964844,True,False,0.3999999999999997,True,,abcd,0.1,2026-03-03T02:42:22.006900
20,16,2,8,20,bnb_c,0.017679929733276367,True,False,0.4,True,,abcd,0.1,2026-03-03T02:42:22.120783
20,16,2,9,18,gurobi,0.01234889030456543,True,False,0.4305555555555554,True,,abcd,0.1,2026-03-03T02:42:22.235298
20,16,2,9,18,bnb_c,0.015153169631958008,True,False,0.430555555555556,True,,abcd,0.1,2026-03-03T02:42:22.352209
20,14,2,10,17,gurobi,0.010517120361328125,True,False,0.36678200692041535,True,,abcd,0.1,2026-03-03T02:42:22.468494
20,14,2,10,17,bnb_c,0.01450800895690918,True,False,0.366782006920415,True,,abcd,0.1,2026-03-03T02:42:22.582858
20,20,2,11,27,gurobi,0.017976999282836914,True,False,0.4252400548696843,True,,abcd,0.1,2026-03-03T02:42:22.731714
20,20,2,11,27,bnb_c,0.021364927291870117,True,False,0.425240054869685,True,,abcd,0.1,2026-03-03T02:42:22.868653
20,20,2,12,23,gurobi,0.025455951690673828,True,False,0.36956521739130455,True,,abcd,0.1,2026-03-03T02:42:23.019481
20,20,2,12,23,bnb_c,0.02246713638305664,True,False,0.369565217391304,True,,abcd,0.1,2026-03-03T02:42:23.155584
20,20,2,13,25,gurobi,0.01850581169128418,True,False,0.41919999999999996,True,,abcd,0.1,2026-03-03T02:42:23.308116
20,20,2,13,25,bnb_c,0.0218808650970459,True,False,0.4192,True,,abcd,0.1,2026-03-03T02:42:23.444031
20,10,2,14,13,gurobi,0.007938861846923828,True,False,0.3431952662721893,True,,abcd,0.1,2026-03-03T02:42:23.562183
20,10,2,14,13,bnb_c,0.011768102645874023,True,False,0.343195266272189,True,,abcd,0.1,2026-03-03T02:42:23.668525
20,20,2,15,24,gurobi,0.017410755157470703,True,False,0.4505208333333338,True,,abcd,0.1,2026-03-03T02:42:23.816049
20,20,2,15,24,bnb_c,0.023548126220703125,True,False,0.450520833333333,True,,abcd,0.1,2026-03-03T02:42:23.958649
20,20,2,16,26,gurobi,0.01802372932434082,True,False,0.40162721893491116,True,,abcd,0.1,2026-03-03T02:42:24.110803
20,20,2,16,26,bnb_c,0.02062678337097168,True,False,0.401627218934911,True,,abcd,0.1,2026-03-03T02:42:24.244383
20,20,2,17,24,gurobi,0.022212982177734375,True,False,0.40277777777777823,True,,abcd,0.1,2026-03-03T02:42:24.395815
20,20,2,17,24,bnb_c,0.02128314971923828,True,False,0.402777777777778,True,,abcd,0.1,2026-03-03T02:42:24.531581
20,20,2,18,25,gurobi,0.018423080444335938,True,False,0.38000000000000006,True,,abcd,0.1,2026-03-03T02:42:24.682571
20,20,2,18,25,bnb_c,0.021099090576171875,True,False,0.38,True,,abcd,0.1,2026-03-03T02:42:24.817375
20,20,2,19,25,gurobi,0.0173799991607666,True,False,0.41919999999999996,True,,abcd,0.1,2026-03-03T02:42:24.968854
20,20,2,19,25,bnb_c,0.02108001708984375,True,False,0.4192,True,,abcd,0.1,2026-03-03T02:42:25.104116
20,20,2,20,29,gurobi,0.028156042098999023,True,False,0.3941736028537451,True,,abcd,0.1,2026-03-03T02:42:25.255893
20,20,2,20,29,bnb_c,0.020462989807128906,True,False,0.394173602853746,True,,abcd,0.1,2026-03-03T02:42:25.391797
20,20,2,21,25,gurobi,0.02226090431213379,True,False,0.3672,True,,abcd,0.1,2026-03-03T02:42:25.542046
20,20,2,21,25,bnb_c,0.022670984268188477,True,False,0.3672,True,,abcd,0.1,2026-03-03T02:42:25.677487
20,20,2,22,25,gurobi,0.016537904739379883,True,False,0.41919999999999985,True,,abcd,0.1,2026-03-03T02:42:25.826028
20,20,2,22,25,bnb_c,0.019482851028442383,True,False,0.4192,True,,abcd,0.1,2026-03-03T02:42:25.958674
20,20,2,23,24,gurobi,0.022680997848510742,True,False,0.3741319444444446,True,,abcd,0.1,2026-03-03T02:42:26.108175
20,20,2,23,24,bnb_c,0.02137899398803711,True,False,0.374131944444445,True,,abcd,0.1,2026-03-03T02:42:26.243245
20,20,2,24,24,gurobi,0.026051044464111328,True,False,0.3741319444444446,True,,abcd,0.1,2026-03-03T02:42:26.395118
20,20,2,24,24,bnb_c,0.021209716796875,True,False,0.374131944444445,True,,abcd,0.1,2026-03-03T02:42:26.531224
20,17,2,25,21,gurobi,0.013899087905883789,True,False,0.3764172335600903,True,,abcd,0.1,2026-03-03T02:42:26.649746
20,17,2,25,21,bnb_c,0.020947933197021484,True,False,0.376417233560091,True,,abcd,0.1,2026-03-03T02:42:26.767920
20,20,2,26,24,gurobi,0.01769399642944336,True,False,0.41666666666666663,True,,abcd,0.1,2026-03-03T02:42:26.963953
20,20,2,26,24,bnb_c,0.021657943725585938,True,False,0.416666666666667,True,,abcd,0.1,2026-03-03T02:42:27.099646
20,11,2,27,12,gurobi,0.009842157363891602,True,False,0.33333333333333326,True,,abcd,0.1,2026-03-03T02:42:27.218081
20,11,2,27,12,bnb_c,0.013349294662475586,True,False,0.333333333333333,True,,abcd,0.1,2026-03-03T02:42:27.327508
20,20,2,28,24,gurobi,0.017442941665649414,True,False,0.4166666666666671,True,,abcd,0.1,2026-03-03T02:42:27.477895
20,20,2,28,24,bnb_c,0.022385120391845703,True,False,0.416666666666667,True,,abcd,0.1,2026-03-03T02:42:27.617739
20,20,2,29,24,gurobi,0.0175628662109375,True,False,0.4574652777777776,True,,abcd,0.1,2026-03-03T02:42:27.770552
20,20,2,29,24,bnb_c,0.02077317237854004,True,False,0.457465277777778,True,,abcd,0.1,2026-03-03T02:42:27.905859
20,20,2,30,22,gurobi,0.02765202522277832,True,False,0.4090909090909098,True,,abcd,0.1,2026-03-03T02:42:28.057353
20,20,2,30,22,bnb_c,0.021565914154052734,True,False,0.409090909090909,True,,abcd,0.1,2026-03-03T02:42:28.192051
20,20,2,31,24,gurobi,0.021554231643676758,True,False,0.40277777777777807,True,,abcd,0.1,2026-03-03T02:42:28.338816
20,20,2,31,24,bnb_c,0.023018836975097656,True,False,0.402777777777778,True,,abcd,0.1,2026-03-03T02:42:28.475099
20,20,2,32,24,gurobi,0.016826868057250977,True,False,0.41579861111111105,True,,abcd,0.1,2026-03-03T02:42:28.625981
20,20,2,32,24,bnb_c,0.020226001739501953,True,False,0.415798611111111,True,,abcd,0.1,2026-03-03T02:42:28.760531
20,15,2,33,19,gurobi,0.011450052261352539,True,False,0.3975069252077561,True,,abcd,0.1,2026-03-03T02:42:28.878341
20,15,2,33,19,bnb_c,0.016561031341552734,True,False,0.397506925207756,True,,abcd,0.1,2026-03-03T02:42:28.990732
20,20,2,34,23,gurobi,0.03295183181762695,True,False,0.36956521739130455,True,,abcd,0.1,2026-03-03T02:42:29.147269
20,20,2,34,23,bnb_c,0.0226590633392334,True,False,0.369565217391304,True,,abcd,0.1,2026-03-03T02:42:29.284862
20,17,2,35,19,gurobi,0.01655292510986328,True,False,0.3933518005540166,True,,abcd,0.1,2026-03-03T02:42:29.413903
20,17,2,35,19,bnb_c,0.017770051956176758,True,False,0.393351800554017,True,,abcd,0.1,2026-03-03T02:42:29.526968
20,20,2,36,24,gurobi,0.017796993255615234,True,False,0.3741319444444448,True,,abcd,0.1,2026-03-03T02:42:29.674732
20,20,2,36,24,bnb_c,0.021358013153076172,True,False,0.374131944444445,True,,abcd,0.1,2026-03-03T02:42:29.812100
20,20,2,37,23,gurobi,0.017358779907226562,True,False,0.4224952741020797,True,,abcd,0.1,2026-03-03T02:42:29.964836
20,20,2,37,23,bnb_c,0.022450923919677734,True,False,0.422495274102079,True,,abcd,0.1,2026-03-03T02:42:30.101175
20,14,2,38,16,gurobi,0.010930776596069336,True,False,0.3671875,True,,abcd,0.1,2026-03-03T02:42:30.217985
20,14,2,38,16,bnb_c,0.015112876892089844,True,False,0.3671875,True,,abcd,0.1,2026-03-03T02:42:30.330004
20,16,2,39,21,gurobi,0.012806892395019531,True,False,0.43424036281179124,True,,abcd,0.1,2026-03-03T02:42:30.444276
20,16,2,39,21,bnb_c,0.016013145446777344,True,False,0.434240362811791,True,,abcd,0.1,2026-03-03T02:42:30.560931
20,20,2,40,24,gurobi,0.022402048110961914,True,False,0.3333333333333336,True,,abcd,0.1,2026-03-03T02:42:30.709781
20,20,2,40,24,bnb_c,0.0210878849029541,True,False,0.333333333333333,True,,abcd,0.1,2026-03-03T02:42:30.847839
20,20,2,41,24,gurobi,0.022625207901000977,True,False,0.402777777777778,True,,abcd,0.1,2026-03-03T02:42:30.998476
20,20,2,41,24,bnb_c,0.020262956619262695,True,False,0.402777777777778,True,,abcd,0.1,2026-03-03T02:42:31.133628
20,20,2,42,24,gurobi,0.01717209815979004,True,False,0.4505208333333335,True,,abcd,0.1,2026-03-03T02:42:31.285492
20,20,2,42,24,bnb_c,0.019339799880981445,True,False,0.450520833333333,True,,abcd,0.1,2026-03-03T02:42:31.418516
20,20,2,43,24,gurobi,0.01668095588684082,True,False,0.416666666666667,True,,abcd,0.1,2026-03-03T02:42:31.568193
20,20,2,43,24,bnb_c,0.022757291793823242,True,False,0.416666666666667,True,,abcd,0.1,2026-03-03T02:42:31.707805
20,20,2,44,22,gurobi,0.02744603157043457,True,False,0.4090909090909092,True,,abcd,0.1,2026-03-03T02:42:31.858286
20,20,2,44,22,bnb_c,0.02370476722717285,True,False,0.409090909090909,True,,abcd,0.1,2026-03-03T02:42:31.997226
20,20,2,45,24,gurobi,0.01774907112121582,True,False,0.4574652777777781,True,,abcd,0.1,2026-03-03T02:42:32.147799
20,20,2,45,24,bnb_c,0.02056097984313965,True,False,0.457465277777778,True,,abcd,0.1,2026-03-03T02:42:32.281896
20,15,2,46,17,gurobi,0.011591911315917969,True,False,0.434256055363322,True,,abcd,0.1,2026-03-03T02:42:32.401096
20,15,2,46,17,bnb_c,0.016243934631347656,True,False,0.434256055363322,True,,abcd,0.1,2026-03-03T02:42:32.513154
20,13,2,47,15,gurobi,0.010035037994384766,True,False,0.4333333333333335,True,,abcd,0.1,2026-03-03T02:42:32.627198
20,13,2,47,15,bnb_c,0.015139102935791016,True,False,0.433333333333333,True,,abcd,0.1,2026-03-03T02:42:32.743322
20,20,2,48,24,gurobi,0.024790048599243164,True,False,0.4131944444444448,True,,abcd,0.1,2026-03-03T02:42:32.891713
20,20,2,48,24,bnb_c,0.022553205490112305,True,False,0.413194444444445,True,,abcd,0.1,2026-03-03T02:42:33.030019
20,20,2,49,25,gurobi,0.023318052291870117,True,False,0.4127999999999998,True,,abcd,0.1,2026-03-03T02:42:33.180121
20,20,2,49,25,bnb_c,0.023101806640625,True,False,0.4128,True,,abcd,0.1,2026-03-03T02:42:33.319299
20,20,2,50,24,gurobi,0.017698049545288086,True,False,0.40277777777777785,True,,abcd,0.1,2026-03-03T02:42:33.469181
20,20,2,50,24,bnb_c,0.021284818649291992,True,False,0.402777777777778,True,,abcd,0.1,2026-03-03T02:42:33.605072
20,20,2,51,25,gurobi,0.022839069366455078,True,False,0.3800000000000001,True,,abcd,0.1,2026-03-03T02:42:33.756500
20,20,2,51,25,bnb_c,0.021298885345458984,True,False,0.38,True,,abcd,0.1,2026-03-03T02:42:33.892096
20,20,2,52,22,gurobi,0.029905080795288086,True,False,0.3626033057851242,True,,abcd,0.1,2026-03-03T02:42:34.050407
20,20,2,52,22,bnb_c,0.020760059356689453,True,False,0.362603305785124,True,,abcd,0.1,2026-03-03T02:42:34.185151
20,17,2,53,22,gurobi,0.013418912887573242,True,False,0.40495867768595045,True,,abcd,0.1,2026-03-03T02:42:34.302743
20,17,2,53,22,bnb_c,0.018419981002807617,True,False,0.40495867768595,True,,abcd,0.1,2026-03-03T02:42:34.414333
20,17,2,54,18,gurobi,0.017650842666625977,True,False,0.3827160493827159,True,,abcd,0.1,2026-03-03T02:42:34.541019
20,17,2,54,18,bnb_c,0.016610145568847656,True,False,0.382716049382716,True,,abcd,0.1,2026-03-03T02:42:34.660784
20,17,2,55,20,gurobi,0.018021106719970703,True,False,0.3949999999999998,True,,abcd,0.1,2026-03-03T02:42:34.791060
20,17,2,55,20,bnb_c,0.017436742782592773,True,False,0.395,True,,abcd,0.1,2026-03-03T02:42:34.906476
20,17,2,56,20,gurobi,0.01367807388305664,True,False,0.44874999999999965,True,,abcd,0.1,2026-03-03T02:42:35.023835
20,17,2,56,20,bnb_c,0.018082141876220703,True,False,0.44875,True,,abcd,0.1,2026-03-03T02:42:35.142118
20,20,2,57,25,gurobi,0.02510213851928711,True,False,0.35119999999999985,True,,abcd,0.1,2026-03-03T02:42:35.292778
20,20,2,57,25,bnb_c,0.021779298782348633,True,False,0.3512,True,,abcd,0.1,2026-03-03T02:42:35.436285
20,20,2,58,24,gurobi,0.018116235733032227,True,False,0.41666666666666674,True,,abcd,0.1,2026-03-03T02:42:35.588894
20,20,2,58,24,bnb_c,0.020954132080078125,True,False,0.416666666666667,True,,abcd,0.1,2026-03-03T02:42:35.735194
20,20,2,59,24,gurobi,0.01691913604736328,True,False,0.4574652777777777,True,,abcd,0.1,2026-03-03T02:42:35.885552
20,20,2,59,24,bnb_c,0.02257990837097168,True,False,0.457465277777778,True,,abcd,0.1,2026-03-03T02:42:36.028090
20,20,2,60,26,gurobi,0.023096084594726562,True,False,0.38387573964497035,True,,abcd,0.1,2026-03-03T02:42:36.177976
20,20,2,60,26,bnb_c,0.02294778823852539,True,False,0.38387573964497,True,,abcd,0.1,2026-03-03T02:42:36.318837
20,20,2,61,25,gurobi,0.01674795150756836,True,False,0.4312,True,,abcd,0.1,2026-03-03T02:42:36.460827
20,20,2,61,25,bnb_c,0.023061037063598633,True,False,0.4312,True,,abcd,0.1,2026-03-03T02:42:36.606758
20,20,2,62,24,gurobi,0.017663955688476562,True,False,0.45746527777777807,True,,abcd,0.1,2026-03-03T02:42:36.759314
20,20,2,62,24,bnb_c,0.022231101989746094,True,False,0.457465277777778,True,,abcd,0.1,2026-03-03T02:42:36.904460
20,12,2,63,15,gurobi,0.009672880172729492,True,False,0.3111111111111111,True,,abcd,0.1,2026-03-03T02:42:37.019515
20,12,2,63,15,bnb_c,0.014279842376708984,True,False,0.311111111111111,True,,abcd,0.1,2026-03-03T02:42:37.130591
20,12,2,64,13,gurobi,0.010470867156982422,True,False,0.272189349112426,True,,abcd,0.1,2026-03-03T02:42:37.250873
20,12,2,64,13,bnb_c,0.0133209228515625,True,False,0.272189349112426,True,,abcd,0.1,2026-03-03T02:42:37.362668
20,20,2,65,23,gurobi,0.017119169235229492,True,False,0.4413988657844992,True,,abcd,0.1,2026-03-03T02:42:37.520326
20,20,2,65,23,bnb_c,0.023280858993530273,True,False,0.441398865784499,True,,abcd,0.1,2026-03-03T02:42:37.722011
20,20,2,66,22,gurobi,0.0270841121673584,True,False,0.3925619834710748,True,,abcd,0.1,2026-03-03T02:42:37.878584
20,20,2,66,22,bnb_c,0.02342987060546875,True,False,0.392561983471074,True,,abcd,0.1,2026-03-03T02:42:38.024610
20,20,2,67,26,gurobi,0.017853736877441406,True,False,0.4230769230769229,True,,abcd,0.1,2026-03-03T02:42:38.171823
20,20,2,67,26,bnb_c,0.020992755889892578,True,False,0.423076923076923,True,,abcd,0.1,2026-03-03T02:42:38.308613
20,20,2,68,23,gurobi,0.027085065841674805,True,False,0.4120982986767485,True,,abcd,0.1,2026-03-03T02:42:38.451623
20,20,2,68,23,bnb_c,0.022690773010253906,True,False,0.412098298676749,True,,abcd,0.1,2026-03-03T02:42:38.589901
20,20,2,69,23,gurobi,0.021385908126831055,True,False,0.42249527410207954,True,,abcd,0.1,2026-03-03T02:42:38.731210
20,20,2,69,23,bnb_c,0.020835161209106445,True,False,0.422495274102079,True,,abcd,0.1,2026-03-03T02:42:38.867782
20,20,2,70,24,gurobi,0.016721010208129883,True,False,0.4131944444444447,True,,abcd,0.1,2026-03-03T02:42:39.010968
20,20,2,70,24,bnb_c,0.021091938018798828,True,False,0.413194444444445,True,,abcd,0.1,2026-03-03T02:42:39.147376
20,20,2,71,25,gurobi,0.01704692840576172,True,False,0.4471999999999998,True,,abcd,0.1,2026-03-03T02:42:39.293410
20,20,2,71,25,bnb_c,0.02331399917602539,True,False,0.4472,True,,abcd,0.1,2026-03-03T02:42:39.431720
20,16,2,72,21,gurobi,0.013286828994750977,True,False,0.3945578231292517,True,,abcd,0.1,2026-03-03T02:42:39.544202
20,16,2,72,21,bnb_c,0.015935897827148438,True,False,0.394557823129252,True,,abcd,0.1,2026-03-03T02:42:39.655180
20,20,2,73,24,gurobi,0.023501873016357422,True,False,0.4166666666666671,True,,abcd,0.1,2026-03-03T02:42:39.801083
20,20,2,73,24,bnb_c,0.020884990692138672,True,False,0.416666666666667,True,,abcd,0.1,2026-03-03T02:42:39.937775
20,20,2,74,26,gurobi,0.028434276580810547,True,False,0.3838757396449707,True,,abcd,0.1,2026-03-03T02:42:40.082727
20,20,2,74,26,bnb_c,0.02383899688720703,True,False,0.38387573964497,True,,abcd,0.1,2026-03-03T02:42:40.221656
20,14,2,75,17,gurobi,0.010865211486816406,True,False,0.3806228373702424,True,,abcd,0.1,2026-03-03T02:42:40.333805
20,14,2,75,17,bnb_c,0.015816211700439453,True,False,0.380622837370242,True,,abcd,0.1,2026-03-03T02:42:40.444453
20,20,2,76,24,gurobi,0.0172879695892334,True,False,0.3854166666666667,True,,abcd,0.1,2026-03-03T02:42:40.587524
20,20,2,76,24,bnb_c,0.021692991256713867,True,False,0.385416666666667,True,,abcd,0.1,2026-03-03T02:42:40.724662
20,14,2,77,15,gurobi,0.010441303253173828,True,False,0.4333333333333334,True,,abcd,0.1,2026-03-03T02:42:40.836550
20,14,2,77,15,bnb_c,0.01436305046081543,True,False,0.433333333333333,True,,abcd,0.1,2026-03-03T02:42:40.946037
20,20,2,78,25,gurobi,0.022420883178710938,True,False,0.3807999999999999,True,,abcd,0.1,2026-03-03T02:42:41.091914
20,20,2,78,25,bnb_c,0.02196502685546875,True,False,0.3808,True,,abcd,0.1,2026-03-03T02:42:41.232309
20,20,2,79,21,gurobi,0.016680002212524414,True,False,0.45238095238095183,True,,abcd,0.1,2026-03-03T02:42:41.376968
20,20,2,79,21,bnb_c,0.023355722427368164,True,False,0.452380952380952,True,,abcd,0.1,2026-03-03T02:42:41.515634
20,20,2,80,26,gurobi,0.017827272415161133,True,False,0.38387573964497035,True,,abcd,0.1,2026-03-03T02:42:41.661355
20,20,2,80,26,bnb_c,0.021093130111694336,True,False,0.38387573964497,True,,abcd,0.1,2026-03-03T02:42:41.799183
20,20,2,81,25,gurobi,0.030545949935913086,True,False,0.3672,True,,abcd,0.1,2026-03-03T02:42:41.956535
20,20,2,81,25,bnb_c,0.02220606803894043,True,False,0.3672,True,,abcd,0.1,2026-03-03T02:42:42.094770
20,20,2,82,26,gurobi,0.017253875732421875,True,False,0.4230769230769231,True,,abcd,0.1,2026-03-03T02:42:42.240092
20,20,2,82,26,bnb_c,0.02095794677734375,True,False,0.423076923076923,True,,abcd,0.1,2026-03-03T02:42:42.376841
20,13,2,83,15,gurobi,0.009855985641479492,True,False,0.43333333333333335,True,,abcd,0.1,2026-03-03T02:42:42.488528
20,13,2,83,15,bnb_c,0.014162063598632812,True,False,0.433333333333333,True,,abcd,0.1,2026-03-03T02:42:42.596960
20,20,2,84,24,gurobi,0.01779317855834961,True,False,0.4131944444444443,True,,abcd,0.1,2026-03-03T02:42:42.742577
20,20,2,84,24,bnb_c,0.02113819122314453,True,False,0.413194444444445,True,,abcd,0.1,2026-03-03T02:42:42.878941
20,20,2,85,25,gurobi,0.017791032791137695,True,False,0.4128000000000001,True,,abcd,0.1,2026-03-03T02:42:43.024722
20,20,2,85,25,bnb_c,0.02169013023376465,True,False,0.4128,True,,abcd,0.1,2026-03-03T02:42:43.160648
20,20,2,86,26,gurobi,0.01627326011657715,True,False,0.4201183431952659,True,,abcd,0.1,2026-03-03T02:42:43.291888
20,20,2,86,26,bnb_c,0.022076129913330078,True,False,0.420118343195266,True,,abcd,0.1,2026-03-03T02:42:43.428977
20,20,2,87,23,gurobi,0.025838136672973633,True,False,0.3695652173913044,True,,abcd,0.1,2026-03-03T02:42:43.572226
20,20,2,87,23,bnb_c,0.022394895553588867,True,False,0.369565217391304,True,,abcd,0.1,2026-03-03T02:42:43.710731
20,20,2,88,22,gurobi,0.026588916778564453,True,False,0.4049586776859509,True,,abcd,0.1,2026-03-03T02:42:43.854878
20,20,2,88,22,bnb_c,0.021899938583374023,True,False,0.40495867768595,True,,abcd,0.1,2026-03-03T02:42:43.991803
20,20,2,89,24,gurobi,0.022089242935180664,True,False,0.41666666666666663,True,,abcd,0.1,2026-03-03T02:42:44.135678
20,20,2,89,24,bnb_c,0.022014141082763672,True,False,0.416666666666667,True,,abcd,0.1,2026-03-03T02:42:44.273297
20,20,2,90,23,gurobi,0.022623062133789062,True,False,0.3695652173913044,True,,abcd,0.1,2026-03-03T02:42:44.417706
20,20,2,90,23,bnb_c,0.022702932357788086,True,False,0.369565217391304,True,,abcd,0.1,2026-03-03T02:42:44.556734
20,20,2,91,23,gurobi,0.017628908157348633,True,False,0.41209829867674885,True,,abcd,0.1,2026-03-03T02:42:44.700885
20,20,2,91,23,bnb_c,0.019697189331054688,True,False,0.412098298676749,True,,abcd,0.1,2026-03-03T02:42:44.835332
20,14,2,92,17,gurobi,0.011120080947875977,True,False,0.4411764705882353,True,,abcd,0.1,2026-03-03T02:42:44.948328
20,14,2,92,17,bnb_c,0.015295028686523438,True,False,0.441176470588235,True,,abcd,0.1,2026-03-03T02:42:45.059724
20,20,2,93,26,gurobi,0.01748490333557129,True,False,0.42307692307692246,True,,abcd,0.1,2026-03-03T02:42:45.203604
20,20,2,93,26,bnb_c,0.02180767059326172,True,False,0.423076923076923,True,,abcd,0.1,2026-03-03T02:42:45.340526
20,20,2,94,26,gurobi,0.017290830612182617,True,False,0.45488165680473347,True,,abcd,0.1,2026-03-03T02:42:45.485049
20,20,2,94,26,bnb_c,0.02183985710144043,True,False,0.454881656804734,True,,abcd,0.1,2026-03-03T02:42:45.622290
20,20,2,95,26,gurobi,0.017273902893066406,True,False,0.4607988165680472,True,,abcd,0.1,2026-03-03T02:42:45.767326
20,20,2,95,26,bnb_c,0.021393299102783203,True,False,0.460798816568047,True,,abcd,0.1,2026-03-03T02:42:45.903320
20,15,2,96,17,gurobi,0.011009931564331055,True,False,0.4342560553633219,True,,abcd,0.1,2026-03-03T02:42:46.015737
20,15,2,96,17,bnb_c,0.016022920608520508,True,False,0.434256055363322,True,,abcd,0.1,2026-03-03T02:42:46.127155
20,20,2,97,25,gurobi,0.017470836639404297,True,False,0.45680000000000004,True,,abcd,0.1,2026-03-03T02:42:46.273149
20,20,2,97,25,bnb_c,0.021380186080932617,True,False,0.4568,True,,abcd,0.1,2026-03-03T02:42:46.410276
20,20,2,98,24,gurobi,0.02308511734008789,True,False,0.41579861111111144,True,,abcd,0.1,2026-03-03T02:42:46.555818
20,20,2,98,24,bnb_c,0.02185988426208496,True,False,0.415798611111111,True,,abcd,0.1,2026-03-03T02:42:46.694883
20,20,2,99,22,gurobi,0.017062902450561523,True,False,0.45351239669421506,True,,abcd,0.1,2026-03-03T02:42:46.838166
20,20,2,99,22,bnb_c,0.021347999572753906,True,False,0.453512396694215,True,,abcd,0.1,2026-03-03T02:42:46.976197
40,40,2,0,57,gurobi,0.4022226333618164,True,False,0.45244690674053656,True,,abcd,0.1,2026-03-03T02:42:47.507693
40,40,2,0,57,bnb_c,0.056368112564086914,True,False,0.452446906740536,True,,abcd,0.1,2026-03-03T02:42:47.681786
40,40,2,1,61,gurobi,0.15940093994140625,True,False,0.4508196721311465,True,,abcd,0.1,2026-03-03T02:42:47.971147
40,40,2,1,61,bnb_c,0.052475929260253906,True,False,0.450819672131148,True,,abcd,0.1,2026-03-03T02:42:48.140816
40,40,2,2,49,gurobi,0.35025501251220703,True,False,0.4387755102040841,True,,abcd,0.1,2026-03-03T02:42:48.611998
40,40,2,2,49,bnb_c,0.05424618721008301,True,False,0.438775510204082,True,,abcd,0.1,2026-03-03T02:42:48.784524
40,40,2,3,57,gurobi,1.06600022315979,True,False,0.38227146814404567,True,,abcd,0.1,2026-03-03T02:42:49.977243
40,40,2,3,57,bnb_c,0.05510592460632324,True,False,0.382271468144044,True,,abcd,0.1,2026-03-03T02:42:50.150475
40,40,2,4,64,gurobi,0.25091004371643066,True,False,0.4207763671875,True,,abcd,0.1,2026-03-03T02:42:50.528119
40,40,2,4,64,bnb_c,0.04988598823547363,True,False,0.4207763671875,True,,abcd,0.1,2026-03-03T02:42:50.695788
40,37,2,5,46,gurobi,0.29746484756469727,True,False,0.4345463137996203,True,,abcd,0.1,2026-03-03T02:42:51.093791
40,37,2,5,46,bnb_c,0.04843282699584961,True,False,0.434546313799622,True,,abcd,0.1,2026-03-03T02:42:51.240986
40,40,2,6,51,gurobi,0.6449668407440186,True,False,0.4559784698193004,True,,abcd,0.1,2026-03-03T02:42:52.013514
40,40,2,6,51,bnb_c,0.051261186599731445,True,False,0.4559784698193,True,,abcd,0.1,2026-03-03T02:42:52.182864
40,40,2,7,58,gurobi,0.7828221321105957,True,False,0.42865636147443587,True,,abcd,0.1,2026-03-03T02:42:53.095400
40,40,2,7,58,bnb_c,0.05373692512512207,True,False,0.428656361474435,True,,abcd,0.1,2026-03-03T02:42:53.267153
40,40,2,8,50,gurobi,0.4500439167022705,True,False,0.45919999999999983,True,,abcd,0.1,2026-03-03T02:42:53.845026
40,40,2,8,50,bnb_c,0.055867910385131836,True,False,0.4592,True,,abcd,0.1,2026-03-03T02:42:54.019594
40,40,2,9,59,gurobi,0.1709918975830078,True,False,0.4152542372881338,True,,abcd,0.1,2026-03-03T02:42:54.309342
40,40,2,9,59,bnb_c,0.05223679542541504,True,False,0.415254237288136,True,,abcd,0.1,2026-03-03T02:42:54.480000
40,40,2,10,54,gurobi,0.9209718704223633,True,False,0.4058641975308634,True,,abcd,0.1,2026-03-03T02:42:55.522385
40,40,2,10,54,bnb_c,0.05530977249145508,True,False,0.405864197530864,True,,abcd,0.1,2026-03-03T02:42:55.696785
40,40,2,11,54,gurobi,0.15194010734558105,True,False,0.46296296296296263,True,,abcd,0.1,2026-03-03T02:42:55.978322
40,40,2,11,54,bnb_c,0.05127215385437012,True,False,0.462962962962963,True,,abcd,0.1,2026-03-03T02:42:56.148796
40,40,2,12,59,gurobi,1.3358852863311768,True,False,0.3642631427750636,True,,abcd,0.1,2026-03-03T02:42:57.611999
40,40,2,12,59,bnb_c,0.05101418495178223,True,False,0.364263142775065,True,,abcd,0.1,2026-03-03T02:42:57.787163
40,40,2,13,55,gurobi,1.2074360847473145,True,False,0.4031404958677665,True,,abcd,0.1,2026-03-03T02:42:59.125594
40,40,2,13,55,bnb_c,0.05258917808532715,True,False,0.403140495867769,True,,abcd,0.1,2026-03-03T02:42:59.298039
40,40,2,14,57,gurobi,0.5120079517364502,True,False,0.44675284702985757,True,,abcd,0.1,2026-03-03T02:42:59.933138
40,40,2,14,57,bnb_c,0.05368304252624512,True,False,0.446752847029855,True,,abcd,0.1,2026-03-03T02:43:00.106008
40,40,2,15,49,gurobi,1.1839599609375,True,False,0.44231570179092133,True,,abcd,0.1,2026-03-03T02:43:01.411578
40,40,2,15,49,bnb_c,0.05260586738586426,True,False,0.44231570179092,True,,abcd,0.1,2026-03-03T02:43:01.584178
40,40,2,16,49,gurobi,0.5584628582000732,True,False,0.43877551020408273,True,,abcd,0.1,2026-03-03T02:43:02.266548
40,40,2,16,49,bnb_c,0.05469083786010742,True,False,0.438775510204082,True,,abcd,0.1,2026-03-03T02:43:02.440876
40,40,2,17,56,gurobi,0.5248970985412598,True,False,0.3977997448979586,True,,abcd,0.1,2026-03-03T02:43:03.091579
40,40,2,17,56,bnb_c,0.054412126541137695,True,False,0.397799744897959,True,,abcd,0.1,2026-03-03T02:43:03.267542
40,40,2,18,55,gurobi,0.3751180171966553,True,False,0.40909090909090895,True,,abcd,0.1,2026-03-03T02:43:03.770512
40,40,2,18,55,bnb_c,0.05692100524902344,True,False,0.409090909090909,True,,abcd,0.1,2026-03-03T02:43:03.949016
40,40,2,19,62,gurobi,0.7788248062133789,True,False,0.38696670135275596,True,,abcd,0.1,2026-03-03T02:43:04.859533
40,40,2,19,62,bnb_c,0.05861520767211914,True,False,0.386966701352758,True,,abcd,0.1,2026-03-03T02:43:05.039378
40,30,2,20,42,gurobi,0.06185507774353027,True,False,0.451247165532879,True,,abcd,0.1,2026-03-03T02:43:05.203377
40,30,2,20,42,bnb_c,0.03563189506530762,True,False,0.45124716553288,True,,abcd,0.1,2026-03-03T02:43:05.337951
40,40,2,21,65,gurobi,0.1339430809020996,True,False,0.42414201183431993,True,,abcd,0.1,2026-03-03T02:43:05.594712
40,40,2,21,65,bnb_c,0.051846981048583984,True,False,0.42414201183432,True,,abcd,0.1,2026-03-03T02:43:05.766931
40,40,2,22,57,gurobi,0.6709518432617188,True,False,0.3945829485995709,True,,abcd,0.1,2026-03-03T02:43:06.564557
40,40,2,22,57,bnb_c,0.052973031997680664,True,False,0.394582948599569,True,,abcd,0.1,2026-03-03T02:43:06.738638
40,40,2,23,55,gurobi,0.34912586212158203,True,False,0.42578512396694024,True,,abcd,0.1,2026-03-03T02:43:07.219667
40,40,2,23,55,bnb_c,0.05187392234802246,True,False,0.425785123966942,True,,abcd,0.1,2026-03-03T02:43:07.392849
40,40,2,24,54,gurobi,0.371168851852417,True,False,0.4072359396433476,True,,abcd,0.1,2026-03-03T02:43:07.889075
40,40,2,24,54,bnb_c,0.0517277717590332,True,False,0.407235939643347,True,,abcd,0.1,2026-03-03T02:43:08.061997
40,40,2,25,55,gurobi,0.9061000347137451,True,False,0.4395041322314048,True,,abcd,0.1,2026-03-03T02:43:09.096399
40,40,2,25,55,bnb_c,0.05368185043334961,True,False,0.439504132231405,True,,abcd,0.1,2026-03-03T02:43:09.272357
40,40,2,26,53,gurobi,0.41794586181640625,True,False,0.44784620861516616,True,,abcd,0.1,2026-03-03T02:43:09.813243
40,40,2,26,53,bnb_c,0.056355953216552734,True,False,0.447846208615166,True,,abcd,0.1,2026-03-03T02:43:09.990277
40,40,2,27,55,gurobi,0.3768930435180664,True,False,0.4454545454545444,True,,abcd,0.1,2026-03-03T02:43:10.494627
40,40,2,27,55,bnb_c,0.05421781539916992,True,False,0.445454545454545,True,,abcd,0.1,2026-03-03T02:43:10.669762
40,40,2,28,59,gurobi,0.3692929744720459,True,False,0.3947141625969541,True,,abcd,0.1,2026-03-03T02:43:11.165146
40,40,2,28,59,bnb_c,0.05767512321472168,True,False,0.394714162596955,True,,abcd,0.1,2026-03-03T02:43:11.342942
40,40,2,29,55,gurobi,0.550771951675415,True,False,0.4271074380165286,True,,abcd,0.1,2026-03-03T02:43:12.016402
40,40,2,29,55,bnb_c,0.05656599998474121,True,False,0.427107438016529,True,,abcd,0.1,2026-03-03T02:43:12.196651
40,40,2,30,59,gurobi,0.6008298397064209,True,False,0.3945705257110003,True,,abcd,0.1,2026-03-03T02:43:12.921635
40,40,2,30,59,bnb_c,0.053647756576538086,True,False,0.394570525711003,True,,abcd,0.1,2026-03-03T02:43:13.097061
40,40,2,31,63,gurobi,0.34960317611694336,True,False,0.4397833207357031,True,,abcd,0.1,2026-03-03T02:43:13.578141
40,40,2,31,63,bnb_c,0.05263686180114746,True,False,0.439783320735702,True,,abcd,0.1,2026-03-03T02:43:13.753377
40,40,2,32,60,gurobi,0.33852410316467285,True,False,0.4431944444444477,True,,abcd,0.1,2026-03-03T02:43:14.222022
40,40,2,32,60,bnb_c,0.056752920150756836,True,False,0.443194444444444,True,,abcd,0.1,2026-03-03T02:43:14.402490
40,40,2,33,58,gurobi,0.6497278213500977,True,False,0.4136444708680147,True,,abcd,0.1,2026-03-03T02:43:15.176131
40,40,2,33,58,bnb_c,0.05535578727722168,True,False,0.413644470868014,True,,abcd,0.1,2026-03-03T02:43:15.353952
40,40,2,34,53,gurobi,0.8812949657440186,True,False,0.43218227127091513,True,,abcd,0.1,2026-03-03T02:43:16.365529
40,40,2,34,53,bnb_c,0.053977251052856445,True,False,0.432182271270915,True,,abcd,0.1,2026-03-03T02:43:16.542350
40,40,2,35,58,gurobi,0.7768011093139648,True,False,0.44812722948870454,True,,abcd,0.1,2026-03-03T02:43:17.454071
40,40,2,35,58,bnb_c,0.053394317626953125,True,False,0.448127229488704,True,,abcd,0.1,2026-03-03T02:43:17.629485
40,40,2,36,56,gurobi,1.097583293914795,True,False,0.4029017857142855,True,,abcd,0.1,2026-03-03T02:43:18.859264
40,40,2,36,56,bnb_c,0.053543806076049805,True,False,0.402901785714286,True,,abcd,0.1,2026-03-03T02:43:19.035483
40,40,2,37,51,gurobi,0.7062299251556396,True,False,0.47347174163783173,True,,abcd,0.1,2026-03-03T02:43:19.866952
40,40,2,37,51,bnb_c,0.054901123046875,True,False,0.473471741637832,True,,abcd,0.1,2026-03-03T02:43:20.046943
40,40,2,38,52,gurobi,2.0216281414031982,True,False,0.4021819526627238,True,,abcd,0.1,2026-03-03T02:43:22.201611
40,40,2,38,52,bnb_c,0.05369901657104492,True,False,0.402181952662722,True,,abcd,0.1,2026-03-03T02:43:22.378015
40,40,2,39,51,gurobi,0.8063619136810303,True,False,0.4452133794694355,True,,abcd,0.1,2026-03-03T02:43:23.320310
40,40,2,39,51,bnb_c,0.053208112716674805,True,False,0.445213379469435,True,,abcd,0.1,2026-03-03T02:43:23.498753
40,40,2,40,52,gurobi,1.0008208751678467,True,False,0.4421227810650898,True,,abcd,0.1,2026-03-03T02:43:24.636404
40,40,2,40,52,bnb_c,0.056088924407958984,True,False,0.442122781065089,True,,abcd,0.1,2026-03-03T02:43:24.816071
40,40,2,41,52,gurobi,0.374096155166626,True,False,0.4421227810650902,True,,abcd,0.1,2026-03-03T02:43:25.318809
40,40,2,41,52,bnb_c,0.04807019233703613,True,False,0.442122781065089,True,,abcd,0.1,2026-03-03T02:43:25.489910
40,36,2,42,50,gurobi,0.2541840076446533,True,False,0.4199999999999998,True,,abcd,0.1,2026-03-03T02:43:25.846437
40,36,2,42,50,bnb_c,0.04668283462524414,True,False,0.42,True,,abcd,0.1,2026-03-03T02:43:25.994670
40,40,2,43,52,gurobi,0.46161723136901855,True,False,0.4230769230769239,True,,abcd,0.1,2026-03-03T02:43:26.589582
40,40,2,43,52,bnb_c,0.05446124076843262,True,False,0.423076923076923,True,,abcd,0.1,2026-03-03T02:43:26.766518
40,40,2,44,52,gurobi,0.38043689727783203,True,False,0.44212278106508995,True,,abcd,0.1,2026-03-03T02:43:27.319193
40,40,2,44,52,bnb_c,0.056122779846191406,True,False,0.442122781065089,True,,abcd,0.1,2026-03-03T02:43:27.498763
40,40,2,45,59,gurobi,0.4940950870513916,True,False,0.43205975294455534,True,,abcd,0.1,2026-03-03T02:43:28.119706
40,40,2,45,59,bnb_c,0.05764007568359375,True,False,0.432059752944556,True,,abcd,0.1,2026-03-03T02:43:28.301318
40,40,2,46,55,gurobi,0.3541829586029053,True,False,0.4271074380165286,True,,abcd,0.1,2026-03-03T02:43:28.783677
40,40,2,46,55,bnb_c,0.0542452335357666,True,False,0.427107438016529,True,,abcd,0.1,2026-03-03T02:43:28.960399
40,40,2,47,52,gurobi,0.2981228828430176,True,False,0.4421227810650908,True,,abcd,0.1,2026-03-03T02:43:29.390183
40,40,2,47,52,bnb_c,0.05581521987915039,True,False,0.442122781065089,True,,abcd,0.1,2026-03-03T02:43:29.571420
40,40,2,48,57,gurobi,0.805217981338501,True,False,0.41228070175438786,True,,abcd,0.1,2026-03-03T02:43:30.506694
40,40,2,48,57,bnb_c,0.054959774017333984,True,False,0.412280701754386,True,,abcd,0.1,2026-03-03T02:43:30.683915
40,37,2,49,46,gurobi,1.019883155822754,True,False,0.41304347826086774,True,,abcd,0.1,2026-03-03T02:43:31.813728
40,37,2,49,46,bnb_c,0.048970937728881836,True,False,0.41304347826087,True,,abcd,0.1,2026-03-03T02:43:31.964015
40,40,2,50,46,gurobi,1.4744272232055664,True,False,0.43454631379961906,True,,abcd,0.1,2026-03-03T02:43:33.569083
40,40,2,50,46,bnb_c,0.05616497993469238,True,False,0.434546313799622,True,,abcd,0.1,2026-03-03T02:43:33.749802
40,40,2,51,46,gurobi,0.9362349510192871,True,False,0.4232041587901692,True,,abcd,0.1,2026-03-03T02:43:34.820957
40,40,2,51,46,bnb_c,0.05551481246948242,True,False,0.42320415879017,True,,abcd,0.1,2026-03-03T02:43:34.999446
40,40,2,52,58,gurobi,0.16691112518310547,True,False,0.42315695600475545,True,,abcd,0.1,2026-03-03T02:43:35.297090
40,40,2,52,58,bnb_c,0.05579495429992676,True,False,0.423156956004756,True,,abcd,0.1,2026-03-03T02:43:35.476538
40,37,2,53,46,gurobi,0.6274299621582031,True,False,0.45652173913043265,True,,abcd,0.1,2026-03-03T02:43:36.209717
40,37,2,53,46,bnb_c,0.05420804023742676,True,False,0.456521739130435,True,,abcd,0.1,2026-03-03T02:43:36.365422
40,40,2,54,55,gurobi,0.5531208515167236,True,False,0.39074380165289313,True,,abcd,0.1,2026-03-03T02:43:37.049539
40,40,2,54,55,bnb_c,0.053199052810668945,True,False,0.390743801652893,True,,abcd,0.1,2026-03-03T02:43:37.226803
40,40,2,55,54,gurobi,0.27414464950561523,True,False,0.4259259259259257,True,,abcd,0.1,2026-03-03T02:43:37.632343
40,40,2,55,54,bnb_c,0.05511808395385742,True,False,0.425925925925926,True,,abcd,0.1,2026-03-03T02:43:37.810315
40,40,2,56,57,gurobi,1.021432876586914,True,False,0.3871960603262564,True,,abcd,0.1,2026-03-03T02:43:38.966586
40,40,2,56,57,bnb_c,0.05533003807067871,True,False,0.387196060326254,True,,abcd,0.1,2026-03-03T02:43:39.143738
40,40,2,57,54,gurobi,0.6397829055786133,True,False,0.4305555555555548,True,,abcd,0.1,2026-03-03T02:43:39.911547
40,40,2,57,54,bnb_c,0.05302000045776367,True,False,0.430555555555556,True,,abcd,0.1,2026-03-03T02:43:40.087892
40,40,2,58,54,gurobi,0.45438408851623535,True,False,0.42592592592592476,True,,abcd,0.1,2026-03-03T02:43:40.675725
40,40,2,58,54,bnb_c,0.05784797668457031,True,False,0.425925925925926,True,,abcd,0.1,2026-03-03T02:43:40.857803
40,40,2,59,64,gurobi,0.26075100898742676,True,False,0.4490966796875,True,,abcd,0.1,2026-03-03T02:43:41.249369
40,40,2,59,64,bnb_c,0.05332207679748535,True,False,0.4490966796875,True,,abcd,0.1,2026-03-03T02:43:41.426504
40,40,2,60,52,gurobi,0.34950876235961914,True,False,0.46579142011834423,True,,abcd,0.1,2026-03-03T02:43:41.904835
40,40,2,60,52,bnb_c,0.05370187759399414,True,False,0.465791420118343,True,,abcd,0.1,2026-03-03T02:43:42.082242
40,40,2,61,54,gurobi,0.9385190010070801,True,False,0.39351851851851755,True,,abcd,0.1,2026-03-03T02:43:43.145403
40,40,2,61,54,bnb_c,0.054702043533325195,True,False,0.393518518518519,True,,abcd,0.1,2026-03-03T02:43:43.323265
40,40,2,62,51,gurobi,0.6945590972900391,True,False,0.4452133794694353,True,,abcd,0.1,2026-03-03T02:43:44.145484
40,40,2,62,51,bnb_c,0.05479025840759277,True,False,0.445213379469435,True,,abcd,0.1,2026-03-03T02:43:44.326910
40,40,2,63,56,gurobi,0.6971299648284912,True,False,0.4056122448979591,True,,abcd,0.1,2026-03-03T02:43:45.152977
40,40,2,63,56,bnb_c,0.053030967712402344,True,False,0.405612244897959,True,,abcd,0.1,2026-03-03T02:43:45.329759
40,40,2,64,55,gurobi,0.8340551853179932,True,False,0.39074380165289213,True,,abcd,0.1,2026-03-03T02:43:46.293919
40,40,2,64,55,bnb_c,0.05702614784240723,True,False,0.390743801652893,True,,abcd,0.1,2026-03-03T02:43:46.475543
40,40,2,65,56,gurobi,0.2669351100921631,True,False,0.442442602040816,True,,abcd,0.1,2026-03-03T02:43:46.871569
40,40,2,65,56,bnb_c,0.055917978286743164,True,False,0.442442602040816,True,,abcd,0.1,2026-03-03T02:43:47.051833
40,40,2,66,50,gurobi,1.1219840049743652,True,False,0.43999999999999845,True,,abcd,0.1,2026-03-03T02:43:48.302860
40,40,2,66,50,bnb_c,0.05402183532714844,True,False,0.44,True,,abcd,0.1,2026-03-03T02:43:48.480585
40,40,2,67,58,gurobi,0.3655281066894531,True,False,0.4655172413793102,True,,abcd,0.1,2026-03-03T02:43:48.980202
40,40,2,67,58,bnb_c,0.05706906318664551,True,False,0.46551724137931,True,,abcd,0.1,2026-03-03T02:43:49.160045
40,27,2,68,36,gurobi,0.03916525840759277,True,False,0.41319444444444375,True,,abcd,0.1,2026-03-03T02:43:49.302515
40,27,2,68,36,bnb_c,0.02976679801940918,True,False,0.413194444444445,True,,abcd,0.1,2026-03-03T02:43:49.434940
40,40,2,69,56,gurobi,0.7379159927368164,True,False,0.38265306122448944,True,,abcd,0.1,2026-03-03T02:43:50.306503
40,40,2,69,56,bnb_c,0.05464911460876465,True,False,0.38265306122449,True,,abcd,0.1,2026-03-03T02:43:50.484833
40,40,2,70,53,gurobi,0.3913412094116211,True,False,0.4320042719829128,True,,abcd,0.1,2026-03-03T02:43:51.007524
40,40,2,70,53,bnb_c,0.05174875259399414,True,False,0.432004271982912,True,,abcd,0.1,2026-03-03T02:43:51.182595
40,40,2,71,60,gurobi,0.3557240962982178,True,False,0.4165277777777774,True,,abcd,0.1,2026-03-03T02:43:51.670714
40,40,2,71,60,bnb_c,0.061226844787597656,True,False,0.416527777777778,True,,abcd,0.1,2026-03-03T02:43:51.857780
40,40,2,72,55,gurobi,0.3979971408843994,True,False,0.39256198347107313,True,,abcd,0.1,2026-03-03T02:43:52.388042
40,40,2,72,55,bnb_c,0.05158519744873047,True,False,0.392561983471075,True,,abcd,0.1,2026-03-03T02:43:52.565164
40,21,2,73,24,gurobi,0.023726940155029297,True,False,0.41666666666666713,True,,abcd,0.1,2026-03-03T02:43:52.695666
40,21,2,73,24,bnb_c,0.02353692054748535,True,False,0.416666666666667,True,,abcd,0.1,2026-03-03T02:43:52.819830
40,40,2,74,56,gurobi,0.3854641914367676,True,False,0.4413265306122422,True,,abcd,0.1,2026-03-03T02:43:53.340092
40,40,2,74,56,bnb_c,0.05063295364379883,True,False,0.441326530612245,True,,abcd,0.1,2026-03-03T02:43:53.513852
40,40,2,75,51,gurobi,0.4100978374481201,True,False,0.4411764705882366,True,,abcd,0.1,2026-03-03T02:43:54.053507
40,40,2,75,51,bnb_c,0.05658864974975586,True,False,0.441176470588235,True,,abcd,0.1,2026-03-03T02:43:54.235278
40,40,2,76,51,gurobi,0.3684580326080322,True,False,0.44271434063821613,True,,abcd,0.1,2026-03-03T02:43:54.733826
40,40,2,76,51,bnb_c,0.056488752365112305,True,False,0.442714340638216,True,,abcd,0.1,2026-03-03T02:43:54.914848
40,31,2,77,45,gurobi,0.11195707321166992,True,False,0.4108641975308657,True,,abcd,0.1,2026-03-03T02:43:55.133897
40,31,2,77,45,bnb_c,0.03834795951843262,True,False,0.410864197530864,True,,abcd,0.1,2026-03-03T02:43:55.273938
40,40,2,78,55,gurobi,0.6528451442718506,True,False,0.39256198347107285,True,,abcd,0.1,2026-03-03T02:43:56.057712
40,40,2,78,55,bnb_c,0.05263566970825195,True,False,0.392561983471075,True,,abcd,0.1,2026-03-03T02:43:56.233720
40,40,2,79,53,gurobi,0.6952033042907715,True,False,0.44339622641509546,True,,abcd,0.1,2026-03-03T02:43:57.063478
40,40,2,79,53,bnb_c,0.05927228927612305,True,False,0.443396226415094,True,,abcd,0.1,2026-03-03T02:43:57.249995
40,40,2,80,51,gurobi,0.8535430431365967,True,False,0.4605920799692423,True,,abcd,0.1,2026-03-03T02:43:58.235318
40,40,2,80,51,bnb_c,0.061614036560058594,True,False,0.460592079969243,True,,abcd,0.1,2026-03-03T02:43:58.421238
40,40,2,81,55,gurobi,0.39522886276245117,True,False,0.43950413223140444,True,,abcd,0.1,2026-03-03T02:43:58.951978
40,40,2,81,55,bnb_c,0.05701804161071777,True,False,0.439504132231405,True,,abcd,0.1,2026-03-03T02:43:59.132256
40,40,2,82,48,gurobi,1.283431053161621,True,False,0.43728298611110983,True,,abcd,0.1,2026-03-03T02:44:00.547692
40,40,2,82,48,bnb_c,0.05570101737976074,True,False,0.437282986111111,True,,abcd,0.1,2026-03-03T02:44:00.726253
40,40,2,83,56,gurobi,0.3747262954711914,True,False,0.42857142857142805,True,,abcd,0.1,2026-03-03T02:44:01.232657
40,40,2,83,56,bnb_c,0.05251789093017578,True,False,0.428571428571428,True,,abcd,0.1,2026-03-03T02:44:01.409086
40,40,2,84,50,gurobi,0.6919300556182861,True,False,0.39819999999999983,True,,abcd,0.1,2026-03-03T02:44:02.229946
40,40,2,84,50,bnb_c,0.05853581428527832,True,False,0.3982,True,,abcd,0.1,2026-03-03T02:44:02.414129
40,30,2,85,39,gurobi,0.16784095764160156,True,False,0.4483892176199864,True,,abcd,0.1,2026-03-03T02:44:02.692663
40,30,2,85,39,bnb_c,0.03711819648742676,True,False,0.448389217619987,True,,abcd,0.1,2026-03-03T02:44:02.832328
40,40,2,86,49,gurobi,0.8858659267425537,True,False,0.4489795918367365,True,,abcd,0.1,2026-03-03T02:44:03.844646
40,40,2,86,49,bnb_c,0.056346893310546875,True,False,0.448979591836735,True,,abcd,0.1,2026-03-03T02:44:04.025643
40,40,2,87,55,gurobi,0.3315131664276123,True,False,0.4090909090909081,True,,abcd,0.1,2026-03-03T02:44:04.490060
40,40,2,87,55,bnb_c,0.05127978324890137,True,False,0.409090909090909,True,,abcd,0.1,2026-03-03T02:44:04.665462
40,23,2,88,37,gurobi,0.021770954132080078,True,False,0.35902118334550803,True,,abcd,0.1,2026-03-03T02:44:04.796282
40,23,2,88,37,bnb_c,0.026499032974243164,True,False,0.359021183345508,True,,abcd,0.1,2026-03-03T02:44:04.925398
40,40,2,89,54,gurobi,0.6218521595001221,True,False,0.4622770919067219,True,,abcd,0.1,2026-03-03T02:44:05.675656
40,40,2,89,54,bnb_c,0.05319571495056152,True,False,0.462277091906722,True,,abcd,0.1,2026-03-03T02:44:05.853989
40,40,2,90,53,gurobi,0.4094371795654297,True,False,0.44072623709505204,True,,abcd,0.1,2026-03-03T02:44:06.395575
40,40,2,90,53,bnb_c,0.054814815521240234,True,False,0.440726237095052,True,,abcd,0.1,2026-03-03T02:44:06.575106
40,40,2,91,57,gurobi,0.868121862411499,True,False,0.39458294859957077,True,,abcd,0.1,2026-03-03T02:44:07.569799
40,40,2,91,57,bnb_c,0.05560612678527832,True,False,0.394582948599569,True,,abcd,0.1,2026-03-03T02:44:07.749452
40,40,2,92,46,gurobi,1.6681530475616455,True,False,0.44801512287334355,True,,abcd,0.1,2026-03-03T02:44:09.553104
40,40,2,92,46,bnb_c,0.05538630485534668,True,False,0.448015122873346,True,,abcd,0.1,2026-03-03T02:44:09.732560
40,40,2,93,54,gurobi,0.9670207500457764,True,False,0.3888888888888886,True,,abcd,0.1,2026-03-03T02:44:10.825495
40,40,2,93,54,bnb_c,0.05522465705871582,True,False,0.388888888888889,True,,abcd,0.1,2026-03-03T02:44:11.004761
40,40,2,94,53,gurobi,0.7796709537506104,True,False,0.4321822712709165,True,,abcd,0.1,2026-03-03T02:44:11.922377
40,40,2,94,53,bnb_c,0.05423688888549805,True,False,0.432182271270915,True,,abcd,0.1,2026-03-03T02:44:12.102395
40,40,2,95,53,gurobi,1.323009967803955,True,False,0.4243503025987913,True,,abcd,0.1,2026-03-03T02:44:13.553811
40,40,2,95,53,bnb_c,0.055399179458618164,True,False,0.42435030259879,True,,abcd,0.1,2026-03-03T02:44:13.733567
40,40,2,96,57,gurobi,0.30911707878112793,True,False,0.4467528470298572,True,,abcd,0.1,2026-03-03T02:44:14.173711
40,40,2,96,57,bnb_c,0.05785012245178223,True,False,0.446752847029855,True,,abcd,0.1,2026-03-03T02:44:14.356014
40,40,2,97,57,gurobi,0.5039267539978027,True,False,0.4259772237611589,True,,abcd,0.1,2026-03-03T02:44:14.993610
40,40,2,97,57,bnb_c,0.05646991729736328,True,False,0.425977223761157,True,,abcd,0.1,2026-03-03T02:44:15.174985
40,40,2,98,54,gurobi,0.3996391296386719,True,False,0.4519890260631002,True,,abcd,0.1,2026-03-03T02:44:15.707581
40,40,2,98,54,bnb_c,0.051180124282836914,True,False,0.4519890260631,True,,abcd,0.1,2026-03-03T02:44:15.882674
40,40,2,99,54,gurobi,0.8741838932037354,True,False,0.45679012345678943,True,,abcd,0.1,2026-03-03T02:44:16.891904
40,40,2,99,54,bnb_c,0.058672189712524414,True,False,0.45679012345679,True,,abcd,0.1,2026-03-03T02:44:17.073920
60,60,2,0,80,gurobi,0.061337947845458984,True,False,0.45000000000000184,True,,abcd,0.1,2026-03-03T02:44:17.262057
60,60,2,0,80,bnb_c,0.10203814506530762,True,False,0.45,True,,abcd,0.1,2026-03-03T02:44:17.487740
60,60,2,1,84,gurobi,0.025912046432495117,True,False,0.4642148526077109,True,,abcd,0.1,2026-03-03T02:44:17.650475
60,60,2,1,84,bnb_c,0.09968209266662598,True,False,0.46421485260771,True,,abcd,0.1,2026-03-03T02:44:17.874500
60,60,2,2,92,gurobi,0.09936928749084473,True,False,0.4021148393194728,True,,abcd,0.1,2026-03-03T02:44:18.098529
60,60,2,2,92,bnb_c,0.10421204566955566,True,False,0.402114839319471,True,,abcd,0.1,2026-03-03T02:44:18.326626
60,60,2,3,82,gurobi,0.05683088302612305,True,False,0.4509220701963117,True,,abcd,0.1,2026-03-03T02:44:18.515988
60,60,2,3,82,bnb_c,0.10484814643859863,True,False,0.450922070196312,True,,abcd,0.1,2026-03-03T02:44:18.745689
60,60,2,4,77,gurobi,0.03957509994506836,True,False,0.44965424186203273,True,,abcd,0.1,2026-03-03T02:44:18.909901
60,60,2,4,77,bnb_c,0.10416102409362793,True,False,0.449654241862034,True,,abcd,0.1,2026-03-03T02:44:19.138015
60,60,2,5,77,gurobi,0.02947092056274414,True,False,0.46989374262101263,True,,abcd,0.1,2026-03-03T02:44:19.302748
60,60,2,5,77,bnb_c,0.09775829315185547,True,False,0.469893742621015,True,,abcd,0.1,2026-03-03T02:44:19.524139
60,60,2,6,94,gurobi,0.045866966247558594,True,False,0.42802172928926774,True,,abcd,0.1,2026-03-03T02:44:19.699499
60,60,2,6,94,bnb_c,0.09623908996582031,True,False,0.428021729289271,True,,abcd,0.1,2026-03-03T02:44:19.920286
60,60,2,7,89,gurobi,0.031862735748291016,True,False,0.4544880696881717,True,,abcd,0.1,2026-03-03T02:44:20.083988
60,60,2,7,89,bnb_c,0.09647488594055176,True,False,0.454488069688171,True,,abcd,0.1,2026-03-03T02:44:20.304312
60,60,2,8,91,gurobi,0.04290938377380371,True,False,0.4335225214346125,True,,abcd,0.1,2026-03-03T02:44:20.479381
60,60,2,8,91,bnb_c,0.09810614585876465,True,False,0.433522521434609,True,,abcd,0.1,2026-03-03T02:44:20.700961
60,60,2,9,88,gurobi,0.03183794021606445,True,False,0.43536931818181973,True,,abcd,0.1,2026-03-03T02:44:20.867544
60,60,2,9,88,bnb_c,0.10818290710449219,True,False,0.435369318181818,True,,abcd,0.1,2026-03-03T02:44:21.099504
60,60,2,10,85,gurobi,0.07512903213500977,True,False,0.41764705882353054,True,,abcd,0.1,2026-03-03T02:44:21.299254
60,60,2,10,85,bnb_c,0.10323500633239746,True,False,0.417647058823529,True,,abcd,0.1,2026-03-03T02:44:21.526000
60,60,2,11,85,gurobi,0.05594515800476074,True,False,0.44006920415225237,True,,abcd,0.1,2026-03-03T02:44:21.714128
60,60,2,11,85,bnb_c,0.1017911434173584,True,False,0.440069204152249,True,,abcd,0.1,2026-03-03T02:44:21.944217
60,60,2,12,91,gurobi,0.0457301139831543,True,False,0.4474701123052789,True,,abcd,0.1,2026-03-03T02:44:22.121253
60,60,2,12,91,bnb_c,0.0961446762084961,True,False,0.447470112305277,True,,abcd,0.1,2026-03-03T02:44:22.340790
60,60,2,13,88,gurobi,0.04648303985595703,True,False,0.442600723140497,True,,abcd,0.1,2026-03-03T02:44:22.511786
60,60,2,13,88,bnb_c,0.09907674789428711,True,False,0.442600723140496,True,,abcd,0.1,2026-03-03T02:44:22.734660
60,60,2,14,92,gurobi,0.03852415084838867,True,False,0.43832703213610646,True,,abcd,0.1,2026-03-03T02:44:22.897440
60,60,2,14,92,bnb_c,0.09150815010070801,True,False,0.438327032136106,True,,abcd,0.1,2026-03-03T02:44:23.113850
60,60,2,15,97,gurobi,0.08290886878967285,True,False,0.40721649484536104,True,,abcd,0.1,2026-03-03T02:44:23.323080
60,60,2,15,97,bnb_c,0.10153412818908691,True,False,0.407216494845361,True,,abcd,0.1,2026-03-03T02:44:23.549223
60,60,2,16,86,gurobi,0.060056209564208984,True,False,0.43023255813953465,True,,abcd,0.1,2026-03-03T02:44:23.737008
60,60,2,16,86,bnb_c,0.10004568099975586,True,False,0.430232558139535,True,,abcd,0.1,2026-03-03T02:44:23.960265
60,60,2,17,75,gurobi,0.03473615646362305,True,False,0.4585777777777795,True,,abcd,0.1,2026-03-03T02:44:24.121960
60,60,2,17,75,bnb_c,0.09434700012207031,True,False,0.458577777777778,True,,abcd,0.1,2026-03-03T02:44:24.339921
60,60,2,18,83,gurobi,0.12833881378173828,True,False,0.4385977645521885,True,,abcd,0.1,2026-03-03T02:44:24.602338
60,60,2,18,83,bnb_c,0.10234284400939941,True,False,0.438597764552185,True,,abcd,0.1,2026-03-03T02:44:24.827675
60,60,2,19,78,gurobi,0.04677176475524902,True,False,0.43261012491781337,True,,abcd,0.1,2026-03-03T02:44:25.006079
60,60,2,19,78,bnb_c,0.10174798965454102,True,False,0.432610124917817,True,,abcd,0.1,2026-03-03T02:44:25.233575
60,60,2,20,73,gurobi,0.05611062049865723,True,False,0.46124976543441754,True,,abcd,0.1,2026-03-03T02:44:25.426007
60,60,2,20,73,bnb_c,0.09688496589660645,True,False,0.461249765434416,True,,abcd,0.1,2026-03-03T02:44:25.646992
60,60,2,21,96,gurobi,0.07755517959594727,True,False,0.4057617187499979,True,,abcd,0.1,2026-03-03T02:44:25.878977
60,60,2,21,96,bnb_c,0.10114479064941406,True,False,0.40576171875,True,,abcd,0.1,2026-03-03T02:44:26.104770
60,60,2,22,85,gurobi,0.05121779441833496,True,False,0.4445674740484444,True,,abcd,0.1,2026-03-03T02:44:26.282581
60,60,2,22,85,bnb_c,0.10256218910217285,True,False,0.444567474048443,True,,abcd,0.1,2026-03-03T02:44:26.513678
60,60,2,23,90,gurobi,0.5089030265808105,True,False,0.39993834152895125,True,,abcd,0.1,2026-03-03T02:44:27.152488
60,60,2,23,90,bnb_c,0.10956311225891113,True,False,0.399938271604938,True,,abcd,0.1,2026-03-03T02:44:27.387153
60,60,2,24,87,gurobi,0.029749155044555664,True,False,0.4349319593077019,True,,abcd,0.1,2026-03-03T02:44:27.555936
60,60,2,24,87,bnb_c,0.09971094131469727,True,False,0.434931959307703,True,,abcd,0.1,2026-03-03T02:44:27.781628
60,60,2,25,80,gurobi,0.0626218318939209,True,False,0.44875000000000437,True,,abcd,0.1,2026-03-03T02:44:27.970874
60,60,2,25,80,bnb_c,0.10207509994506836,True,False,0.44875,True,,abcd,0.1,2026-03-03T02:44:28.195919
60,60,2,26,97,gurobi,0.061454057693481445,True,False,0.416197257944523,True,,abcd,0.1,2026-03-03T02:44:28.384440
60,60,2,26,97,bnb_c,0.10280704498291016,True,False,0.416197257944521,True,,abcd,0.1,2026-03-03T02:44:28.611572
60,57,2,27,80,gurobi,0.04284095764160156,True,False,0.4346875000000014,True,,abcd,0.1,2026-03-03T02:44:28.765202
60,57,2,27,80,bnb_c,0.08830499649047852,True,False,0.4346875,True,,abcd,0.1,2026-03-03T02:44:28.955809
60,60,2,28,76,gurobi,0.033712148666381836,True,False,0.4736842105263127,True,,abcd,0.1,2026-03-03T02:44:29.121026
60,60,2,28,76,bnb_c,0.11083579063415527,True,False,0.473684210526316,True,,abcd,0.1,2026-03-03T02:44:29.355023
60,60,2,29,86,gurobi,0.026211023330688477,True,False,0.45964034613304106,True,,abcd,0.1,2026-03-03T02:44:29.517498
60,60,2,29,86,bnb_c,0.10023903846740723,True,False,0.459640346133045,True,,abcd,0.1,2026-03-03T02:44:29.741999
60,60,2,30,86,gurobi,0.10360193252563477,True,False,0.41312871822606667,True,,abcd,0.1,2026-03-03T02:44:29.979386
60,60,2,30,86,bnb_c,0.09989309310913086,True,False,0.413128718226068,True,,abcd,0.1,2026-03-03T02:44:30.206790
60,60,2,31,79,gurobi,0.030393123626708984,True,False,0.4739625060086564,True,,abcd,0.1,2026-03-03T02:44:30.375042
60,60,2,31,79,bnb_c,0.10427522659301758,True,False,0.473962506008652,True,,abcd,0.1,2026-03-03T02:44:30.602256
60,60,2,32,91,gurobi,0.04578900337219238,True,False,0.44481342832991266,True,,abcd,0.1,2026-03-03T02:44:30.777647
60,60,2,32,91,bnb_c,0.09822607040405273,True,False,0.444813428329912,True,,abcd,0.1,2026-03-03T02:44:30.999860
60,41,2,33,61,gurobi,0.1673598289489746,True,False,0.4563289438323018,True,,abcd,0.1,2026-03-03T02:44:31.272873
60,41,2,33,61,bnb_c,0.05747485160827637,True,False,0.456328943832303,True,,abcd,0.1,2026-03-03T02:44:31.432639
60,60,2,34,79,gurobi,0.05092191696166992,True,False,0.4486460503124525,True,,abcd,0.1,2026-03-03T02:44:31.609876
60,60,2,34,79,bnb_c,0.10067892074584961,True,False,0.44864605031245,True,,abcd,0.1,2026-03-03T02:44:31.834151
60,60,2,35,88,gurobi,0.06406879425048828,True,False,0.4286544421487605,True,,abcd,0.1,2026-03-03T02:44:32.033697
60,60,2,35,88,bnb_c,0.10298395156860352,True,False,0.42865444214876,True,,abcd,0.1,2026-03-03T02:44:32.261690
60,60,2,36,85,gurobi,0.05993080139160156,True,False,0.43868512110726865,True,,abcd,0.1,2026-03-03T02:44:32.450480
60,60,2,36,85,bnb_c,0.1011960506439209,True,False,0.438685121107266,True,,abcd,0.1,2026-03-03T02:44:32.678059
60,60,2,37,91,gurobi,0.0255279541015625,True,False,0.4487380751117019,True,,abcd,0.1,2026-03-03T02:44:32.828614
60,60,2,37,91,bnb_c,0.09764885902404785,True,False,0.448738075111702,True,,abcd,0.1,2026-03-03T02:44:33.049791
60,60,2,38,84,gurobi,0.0255129337310791,True,False,0.46598639455782487,True,,abcd,0.1,2026-03-03T02:44:33.202612
60,60,2,38,84,bnb_c,0.09547090530395508,True,False,0.465986394557823,True,,abcd,0.1,2026-03-03T02:44:33.423016
60,60,2,39,77,gurobi,0.03392171859741211,True,False,0.45800303592511166,True,,abcd,0.1,2026-03-03T02:44:33.586803
60,60,2,39,77,bnb_c,0.10008382797241211,True,False,0.458003035925114,True,,abcd,0.1,2026-03-03T02:44:33.813004
60,60,2,40,76,gurobi,0.026283979415893555,True,False,0.4736842105263113,True,,abcd,0.1,2026-03-03T02:44:33.965263
60,60,2,40,76,bnb_c,0.09755277633666992,True,False,0.473684210526316,True,,abcd,0.1,2026-03-03T02:44:34.186972
60,60,2,41,87,gurobi,0.06821870803833008,True,False,0.42304135288677625,True,,abcd,0.1,2026-03-03T02:44:34.387469
60,60,2,41,87,bnb_c,0.10019874572753906,True,False,0.423041352886775,True,,abcd,0.1,2026-03-03T02:44:34.611250
60,60,2,42,82,gurobi,0.08536505699157715,True,False,0.4222932778108234,True,,abcd,0.1,2026-03-03T02:44:34.823914
60,60,2,42,82,bnb_c,0.0997769832611084,True,False,0.422293277810827,True,,abcd,0.1,2026-03-03T02:44:35.048628
60,60,2,43,88,gurobi,0.09617495536804199,True,False,0.39456353305785147,True,,abcd,0.1,2026-03-03T02:44:35.272838
60,60,2,43,88,bnb_c,0.11249303817749023,True,False,0.394563533057851,True,,abcd,0.1,2026-03-03T02:44:35.512649
60,60,2,44,90,gurobi,0.06030774116516113,True,False,0.41012345679012296,True,,abcd,0.1,2026-03-03T02:44:35.703990
60,60,2,44,90,bnb_c,0.10901117324829102,True,False,0.410123456790124,True,,abcd,0.1,2026-03-03T02:44:35.937511
60,60,2,45,85,gurobi,0.18221402168273926,True,False,0.41072664359861705,True,,abcd,0.1,2026-03-03T02:44:36.251346
60,60,2,45,85,bnb_c,0.10187315940856934,True,False,0.410726643598616,True,,abcd,0.1,2026-03-03T02:44:36.476542
60,60,2,46,88,gurobi,0.029920101165771484,True,False,0.45144628099173634,True,,abcd,0.1,2026-03-03T02:44:36.644740
60,60,2,46,88,bnb_c,0.103240966796875,True,False,0.451446280991736,True,,abcd,0.1,2026-03-03T02:44:36.873383
60,60,2,47,81,gurobi,0.05979204177856445,True,False,0.4240207285474782,True,,abcd,0.1,2026-03-03T02:44:37.064317
60,60,2,47,81,bnb_c,0.09808087348937988,True,False,0.424020728547478,True,,abcd,0.1,2026-03-03T02:44:37.288762
60,60,2,48,78,gurobi,0.09416508674621582,True,False,0.4338428665351734,True,,abcd,0.1,2026-03-03T02:44:37.517163
60,60,2,48,78,bnb_c,0.10396623611450195,True,False,0.433842866535174,True,,abcd,0.1,2026-03-03T02:44:37.744613
60,60,2,49,94,gurobi,0.02899479866027832,True,False,0.4453938433680361,True,,abcd,0.1,2026-03-03T02:44:37.897652
60,60,2,49,94,bnb_c,0.09764599800109863,True,False,0.44539384336804,True,,abcd,0.1,2026-03-03T02:44:38.118672
60,60,2,50,82,gurobi,0.027659177780151367,True,False,0.47531231409875013,True,,abcd,0.1,2026-03-03T02:44:38.271948
60,60,2,50,82,bnb_c,0.09937930107116699,True,False,0.475312314098751,True,,abcd,0.1,2026-03-03T02:44:38.495030
60,60,2,51,82,gurobi,0.0730280876159668,True,False,0.44051160023795133,True,,abcd,0.1,2026-03-03T02:44:38.695246
60,60,2,51,82,bnb_c,0.09892392158508301,True,False,0.440511600237954,True,,abcd,0.1,2026-03-03T02:44:38.919324
60,60,2,52,91,gurobi,0.03202986717224121,True,False,0.4458398744113014,True,,abcd,0.1,2026-03-03T02:44:39.082865
60,60,2,52,91,bnb_c,0.10246491432189941,True,False,0.445839874411303,True,,abcd,0.1,2026-03-03T02:44:39.309713
60,60,2,53,87,gurobi,0.03894805908203125,True,False,0.4309684238340603,True,,abcd,0.1,2026-03-03T02:44:39.473451
60,60,2,53,87,bnb_c,0.10739588737487793,True,False,0.43096842383406,True,,abcd,0.1,2026-03-03T02:44:39.704085
60,60,2,54,80,gurobi,0.07705974578857422,True,False,0.445000000000001,True,,abcd,0.1,2026-03-03T02:44:39.907400
60,60,2,54,80,bnb_c,0.09688615798950195,True,False,0.445,True,,abcd,0.1,2026-03-03T02:44:40.128195
60,60,2,55,82,gurobi,0.09142494201660156,True,False,0.4437834622248658,True,,abcd,0.1,2026-03-03T02:44:40.351443
60,60,2,55,82,bnb_c,0.10372185707092285,True,False,0.443783462224866,True,,abcd,0.1,2026-03-03T02:44:40.582147
60,60,2,56,89,gurobi,0.024280071258544922,True,False,0.47746496654462756,True,,abcd,0.1,2026-03-03T02:44:40.735229
60,60,2,56,89,bnb_c,0.103240966796875,True,False,0.477464966544628,True,,abcd,0.1,2026-03-03T02:44:40.962080
60,60,2,57,88,gurobi,0.03604006767272949,True,False,0.44524793388429657,True,,abcd,0.1,2026-03-03T02:44:41.127612
60,60,2,57,88,bnb_c,0.0998997688293457,True,False,0.445247933884298,True,,abcd,0.1,2026-03-03T02:44:41.351552
60,60,2,58,82,gurobi,0.02666187286376953,True,False,0.45092207019631125,True,,abcd,0.1,2026-03-03T02:44:41.514046
60,60,2,58,82,bnb_c,0.10028910636901855,True,False,0.450922070196312,True,,abcd,0.1,2026-03-03T02:44:41.740616
60,60,2,59,91,gurobi,0.02800297737121582,True,False,0.45157589663084396,True,,abcd,0.1,2026-03-03T02:44:41.893990
60,60,2,59,91,bnb_c,0.09155011177062988,True,False,0.451575896630842,True,,abcd,0.1,2026-03-03T02:44:42.110120
60,60,2,60,86,gurobi,0.5997729301452637,True,False,0.4185371081561005,True,,abcd,0.1,2026-03-03T02:44:42.842637
60,60,2,60,86,bnb_c,0.11550688743591309,True,False,0.418537047052461,True,,abcd,0.1,2026-03-03T02:44:43.082212
60,60,2,61,84,gurobi,0.040190935134887695,True,False,0.44040532879818867,True,,abcd,0.1,2026-03-03T02:44:43.249687
60,60,2,61,84,bnb_c,0.09795308113098145,True,False,0.440405328798186,True,,abcd,0.1,2026-03-03T02:44:43.471921
60,60,2,62,80,gurobi,0.0991051197052002,True,False,0.42500000000000115,True,,abcd,0.1,2026-03-03T02:44:43.696417
60,60,2,62,80,bnb_c,0.10273909568786621,True,False,0.425,True,,abcd,0.1,2026-03-03T02:44:43.924447
60,60,2,63,95,gurobi,0.052523136138916016,True,False,0.39972299168975006,True,,abcd,0.1,2026-03-03T02:44:44.114961
60,60,2,63,95,bnb_c,0.10219287872314453,True,False,0.399722991689751,True,,abcd,0.1,2026-03-03T02:44:44.340783
60,60,2,64,90,gurobi,0.13223695755004883,True,False,0.3777160493827164,True,,abcd,0.1,2026-03-03T02:44:44.607791
60,60,2,64,90,bnb_c,0.129072904586792,True,False,0.377716049382716,True,,abcd,0.1,2026-03-03T02:44:44.862254
60,60,2,65,92,gurobi,0.07545590400695801,True,False,0.4326559546313809,True,,abcd,0.1,2026-03-03T02:44:45.068173
60,60,2,65,92,bnb_c,0.10229802131652832,True,False,0.43265595463138,True,,abcd,0.1,2026-03-03T02:44:45.294009
60,60,2,66,83,gurobi,0.08355927467346191,True,False,0.43547684714762847,True,,abcd,0.1,2026-03-03T02:44:45.508132
60,60,2,66,83,bnb_c,0.10305094718933105,True,False,0.435476847147627,True,,abcd,0.1,2026-03-03T02:44:45.734242
60,60,2,67,70,gurobi,0.08390307426452637,True,False,0.4570408163265268,True,,abcd,0.1,2026-03-03T02:44:45.946717
60,60,2,67,70,bnb_c,0.10138106346130371,True,False,0.457040816326531,True,,abcd,0.1,2026-03-03T02:44:46.171271
60,60,2,68,91,gurobi,0.12267398834228516,True,False,0.40109890109890145,True,,abcd,0.1,2026-03-03T02:44:46.423644
60,60,2,68,91,bnb_c,0.0978689193725586,True,False,0.401098901098901,True,,abcd,0.1,2026-03-03T02:44:46.647261
60,60,2,69,86,gurobi,0.0581510066986084,True,False,0.4223228772309336,True,,abcd,0.1,2026-03-03T02:44:46.835785
60,60,2,69,86,bnb_c,0.10235214233398438,True,False,0.422322877230936,True,,abcd,0.1,2026-03-03T02:44:47.062272
60,60,2,70,89,gurobi,0.06645393371582031,True,False,0.4375078904178746,True,,abcd,0.1,2026-03-03T02:44:47.263304
60,60,2,70,89,bnb_c,0.10218286514282227,True,False,0.437507890417877,True,,abcd,0.1,2026-03-03T02:44:47.490081
60,60,2,71,87,gurobi,0.06511902809143066,True,False,0.44226449993394146,True,,abcd,0.1,2026-03-03T02:44:47.679430
60,60,2,71,87,bnb_c,0.09959197044372559,True,False,0.442264499933941,True,,abcd,0.1,2026-03-03T02:44:47.903443
60,60,2,72,84,gurobi,0.179840087890625,True,False,0.4165958049886613,True,,abcd,0.1,2026-03-03T02:44:48.217294
60,60,2,72,84,bnb_c,0.10950708389282227,True,False,0.416595804988662,True,,abcd,0.1,2026-03-03T02:44:48.451097
60,60,2,73,82,gurobi,0.10578608512878418,True,False,0.42207019631171755,True,,abcd,0.1,2026-03-03T02:44:48.690890
60,60,2,73,82,bnb_c,0.10177111625671387,True,False,0.422070196311719,True,,abcd,0.1,2026-03-03T02:44:48.918100
60,60,2,74,72,gurobi,0.05451703071594238,True,False,0.45833333333333953,True,,abcd,0.1,2026-03-03T02:44:49.106825
60,60,2,74,72,bnb_c,0.0952749252319336,True,False,0.458333333333333,True,,abcd,0.1,2026-03-03T02:44:49.326710
60,60,2,75,79,gurobi,0.060851335525512695,True,False,0.43670886075949567,True,,abcd,0.1,2026-03-03T02:44:49.515838
60,60,2,75,79,bnb_c,0.09473609924316406,True,False,0.436708860759494,True,,abcd,0.1,2026-03-03T02:44:49.737021
60,60,2,76,87,gurobi,0.07280898094177246,True,False,0.43830096446030004,True,,abcd,0.1,2026-03-03T02:44:49.938411
60,60,2,76,87,bnb_c,0.10138297080993652,True,False,0.438300964460299,True,,abcd,0.1,2026-03-03T02:44:50.166116
60,60,2,77,85,gurobi,0.09526586532592773,True,False,0.4177162629757809,True,,abcd,0.1,2026-03-03T02:44:50.393552
60,60,2,77,85,bnb_c,0.10313177108764648,True,False,0.417716262975779,True,,abcd,0.1,2026-03-03T02:44:50.621238
60,60,2,78,84,gurobi,0.02485799789428711,True,False,0.4759070294784603,True,,abcd,0.1,2026-03-03T02:44:50.772971
60,60,2,78,84,bnb_c,0.09916806221008301,True,False,0.475907029478458,True,,abcd,0.1,2026-03-03T02:44:50.995579
60,60,2,79,90,gurobi,0.047460079193115234,True,False,0.4333333333333324,True,,abcd,0.1,2026-03-03T02:44:51.174190
60,60,2,79,90,bnb_c,0.10023379325866699,True,False,0.433333333333333,True,,abcd,0.1,2026-03-03T02:44:51.397121
60,60,2,80,92,gurobi,0.03958892822265625,True,False,0.4480151228733519,True,,abcd,0.1,2026-03-03T02:44:51.562036
60,60,2,80,92,bnb_c,0.09256386756896973,True,False,0.448015122873346,True,,abcd,0.1,2026-03-03T02:44:51.779072
60,60,2,81,88,gurobi,0.08374571800231934,True,False,0.4225206611570249,True,,abcd,0.1,2026-03-03T02:44:51.992829
60,60,2,81,88,bnb_c,0.09903907775878906,True,False,0.422520661157025,True,,abcd,0.1,2026-03-03T02:44:52.216109
60,60,2,82,88,gurobi,0.03162431716918945,True,False,0.44001807851239777,True,,abcd,0.1,2026-03-03T02:44:52.376184
60,60,2,82,88,bnb_c,0.10251903533935547,True,False,0.440018078512397,True,,abcd,0.1,2026-03-03T02:44:52.602697
60,57,2,83,81,gurobi,0.032449960708618164,True,False,0.4505410760554795,True,,abcd,0.1,2026-03-03T02:44:52.744908
60,57,2,83,81,bnb_c,0.10326790809631348,True,False,0.450541076055479,True,,abcd,0.1,2026-03-03T02:44:52.949685
60,60,2,84,82,gurobi,0.10569882392883301,True,False,0.425639500297441,True,,abcd,0.1,2026-03-03T02:44:53.189160
60,60,2,84,82,bnb_c,0.10163307189941406,True,False,0.425639500297442,True,,abcd,0.1,2026-03-03T02:44:53.412731
60,33,2,85,59,gurobi,0.3005959987640381,True,False,0.3303648376903181,True,,abcd,0.1,2026-03-03T02:44:53.827149
60,33,2,85,59,bnb_c,0.045458316802978516,True,False,0.330364837690319,True,,abcd,0.1,2026-03-03T02:44:53.975214
60,60,2,86,90,gurobi,0.09810090065002441,True,False,0.4221604938271597,True,,abcd,0.1,2026-03-03T02:44:54.205380
60,60,2,86,90,bnb_c,0.10846424102783203,True,False,0.42216049382716,True,,abcd,0.1,2026-03-03T02:44:54.437671
60,60,2,87,84,gurobi,0.03384709358215332,True,False,0.4761904761904786,True,,abcd,0.1,2026-03-03T02:44:54.604546
60,60,2,87,84,bnb_c,0.09993886947631836,True,False,0.476190476190476,True,,abcd,0.1,2026-03-03T02:44:54.827009
60,60,2,88,77,gurobi,0.0800180435180664,True,False,0.46103896103895736,True,,abcd,0.1,2026-03-03T02:44:55.040461
60,60,2,88,77,bnb_c,0.09824991226196289,True,False,0.461038961038961,True,,abcd,0.1,2026-03-03T02:44:55.263863
60,60,2,89,75,gurobi,0.031394004821777344,True,False,0.4625777777777792,True,,abcd,0.1,2026-03-03T02:44:55.425949
60,60,2,89,75,bnb_c,0.10672903060913086,True,False,0.462577777777778,True,,abcd,0.1,2026-03-03T02:44:55.660714
60,60,2,90,77,gurobi,0.05886197090148926,True,False,0.4296677348625371,True,,abcd,0.1,2026-03-03T02:44:55.846912
60,60,2,90,77,bnb_c,0.10143589973449707,True,False,0.42966773486254,True,,abcd,0.1,2026-03-03T02:44:56.072095
60,60,2,91,89,gurobi,0.10012507438659668,True,False,0.4173084206539576,True,,abcd,0.1,2026-03-03T02:44:56.300955
60,60,2,91,89,bnb_c,0.10343694686889648,True,False,0.417308420653958,True,,abcd,0.1,2026-03-03T02:44:56.529802
60,60,2,92,80,gurobi,0.030308246612548828,True,False,0.461796875000003,True,,abcd,0.1,2026-03-03T02:44:56.694149
60,60,2,92,80,bnb_c,0.13493871688842773,True,False,0.461796875,True,,abcd,0.1,2026-03-03T02:44:56.952238
60,60,2,93,74,gurobi,0.04087495803833008,True,False,0.45206355003652765,True,,abcd,0.1,2026-03-03T02:44:57.128140
60,60,2,93,74,bnb_c,0.09454083442687988,True,False,0.452063550036523,True,,abcd,0.1,2026-03-03T02:44:57.346457
60,60,2,94,85,gurobi,0.07410979270935059,True,False,0.43674740484429353,True,,abcd,0.1,2026-03-03T02:44:57.549489
60,60,2,94,85,bnb_c,0.12030601501464844,True,False,0.436747404844291,True,,abcd,0.1,2026-03-03T02:44:57.794373
60,60,2,95,86,gurobi,0.04439210891723633,True,False,0.440170362358031,True,,abcd,0.1,2026-03-03T02:44:57.976011
60,60,2,95,86,bnb_c,0.10224413871765137,True,False,0.440170362358031,True,,abcd,0.1,2026-03-03T02:44:58.203294
60,60,2,96,77,gurobi,0.059867143630981445,True,False,0.43506493506493504,True,,abcd,0.1,2026-03-03T02:44:58.394686
60,60,2,96,77,bnb_c,0.1070871353149414,True,False,0.435064935064935,True,,abcd,0.1,2026-03-03T02:44:58.634107
60,60,2,97,92,gurobi,0.1132349967956543,True,False,0.4045368620037813,True,,abcd,0.1,2026-03-03T02:44:58.880124
60,60,2,97,92,bnb_c,0.10524988174438477,True,False,0.404536862003781,True,,abcd,0.1,2026-03-03T02:44:59.114299
60,57,2,98,82,gurobi,0.05094289779663086,True,False,0.43895002974419894,True,,abcd,0.1,2026-03-03T02:44:59.277486
60,57,2,98,82,bnb_c,0.09305405616760254,True,False,0.4389500297442,True,,abcd,0.1,2026-03-03T02:44:59.474606
60,60,2,99,82,gurobi,0.03863978385925293,True,False,0.450847709696611,True,,abcd,0.1,2026-03-03T02:44:59.644912
60,60,2,99,82,bnb_c,0.09340691566467285,True,False,0.450847709696609,True,,abcd,0.1,2026-03-03T02:44:59.869718
80,80,2,0,116,gurobi,0.05025482177734375,True,False,0.4655172413793113,True,,abcd,0.1,2026-03-03T02:45:00.051517
80,80,2,0,116,bnb_c,0.1715991497039795,True,False,0.46551724137931,True,,abcd,0.1,2026-03-03T02:45:00.354128
80,80,2,1,126,gurobi,0.05025315284729004,True,False,0.4360040312421319,True,,abcd,0.1,2026-03-03T02:45:00.535690
80,80,2,1,126,bnb_c,0.1591658592224121,True,False,0.436004031242126,True,,abcd,0.1,2026-03-03T02:45:00.826752
80,80,2,2,116,gurobi,0.13182902336120605,True,False,0.4362366230677759,True,,abcd,0.1,2026-03-03T02:45:01.086671
80,80,2,2,116,bnb_c,0.1766059398651123,True,False,0.436236623067776,True,,abcd,0.1,2026-03-03T02:45:01.394521
80,80,2,3,112,gurobi,0.12710309028625488,True,False,0.43746014030612107,True,,abcd,0.1,2026-03-03T02:45:01.660828
80,80,2,3,112,bnb_c,0.17178010940551758,True,False,0.437460140306123,True,,abcd,0.1,2026-03-03T02:45:01.965722
80,80,2,4,118,gurobi,0.348613977432251,True,False,0.42056880206836733,True,,abcd,0.1,2026-03-03T02:45:02.450310
80,80,2,4,118,bnb_c,0.3159370422363281,True,False,0.420568802068371,True,,abcd,0.1,2026-03-03T02:45:02.890076
80,80,2,5,114,gurobi,0.049832820892333984,True,False,0.4727223761157303,True,,abcd,0.1,2026-03-03T02:45:03.068617
80,80,2,5,114,bnb_c,0.16552495956420898,True,False,0.472722376115728,True,,abcd,0.1,2026-03-03T02:45:03.365220
80,80,2,6,113,gurobi,0.12558722496032715,True,False,0.43742657999843004,True,,abcd,0.1,2026-03-03T02:45:03.624819
80,80,2,6,113,bnb_c,0.1619739532470703,True,False,0.437426579998434,True,,abcd,0.1,2026-03-03T02:45:03.917537
80,80,2,7,105,gurobi,0.16327786445617676,True,False,0.43519274376417416,True,,abcd,0.1,2026-03-03T02:45:04.219671
80,80,2,7,105,bnb_c,0.1919403076171875,True,False,0.435192743764172,True,,abcd,0.1,2026-03-03T02:45:04.538460
80,80,2,8,124,gurobi,0.21630096435546875,True,False,0.4234846514047836,True,,abcd,0.1,2026-03-03T02:45:04.890502
80,80,2,8,124,bnb_c,0.18642210960388184,True,False,0.423484651404787,True,,abcd,0.1,2026-03-03T02:45:05.200808
80,80,2,9,118,gurobi,0.26633787155151367,True,False,0.4176601551278338,True,,abcd,0.1,2026-03-03T02:45:05.592392
80,80,2,9,118,bnb_c,0.2027130126953125,True,False,0.417660155127837,True,,abcd,0.1,2026-03-03T02:45:05.918591
80,80,2,10,114,gurobi,0.24658918380737305,True,False,0.4418282548476471,True,,abcd,0.1,2026-03-03T02:45:06.292111
80,80,2,10,114,bnb_c,0.16852092742919922,True,False,0.441828254847646,True,,abcd,0.1,2026-03-03T02:45:06.585078
80,80,2,11,111,gurobi,1.2912757396697998,True,False,0.4278873468062645,True,,abcd,0.1,2026-03-03T02:45:08.002829
80,80,2,11,111,bnb_c,0.20204687118530273,True,False,0.427887346806266,True,,abcd,0.1,2026-03-03T02:45:08.330090
80,77,2,12,109,gurobi,0.05093216896057129,True,False,0.4404932244760552,True,,abcd,0.1,2026-03-03T02:45:08.487094
80,77,2,12,109,bnb_c,0.17609691619873047,True,False,0.440493224476054,True,,abcd,0.1,2026-03-03T02:45:08.769564
80,80,2,13,122,gurobi,0.06994509696960449,True,False,0.42619591507658905,True,,abcd,0.1,2026-03-03T02:45:08.969998
80,80,2,13,122,bnb_c,0.16584181785583496,True,False,0.426195915076592,True,,abcd,0.1,2026-03-03T02:45:09.268485
80,80,2,14,121,gurobi,0.20670485496520996,True,False,0.43108394235366554,True,,abcd,0.1,2026-03-03T02:45:09.600419
80,80,2,14,121,bnb_c,0.1744978427886963,True,False,0.431083942353664,True,,abcd,0.1,2026-03-03T02:45:09.898325
80,80,2,15,117,gurobi,0.0696718692779541,True,False,0.4401709401709438,True,,abcd,0.1,2026-03-03T02:45:10.101389
80,80,2,15,117,bnb_c,0.16698431968688965,True,False,0.44017094017094,True,,abcd,0.1,2026-03-03T02:45:10.400833
80,80,2,16,114,gurobi,0.09882712364196777,True,False,0.44736842105263386,True,,abcd,0.1,2026-03-03T02:45:10.627508
80,80,2,16,114,bnb_c,0.1624600887298584,True,False,0.447368421052632,True,,abcd,0.1,2026-03-03T02:45:10.922170
80,80,2,17,117,gurobi,0.15094590187072754,True,False,0.4315874059463813,True,,abcd,0.1,2026-03-03T02:45:11.201660
80,80,2,17,117,bnb_c,0.1544661521911621,True,False,0.43158740594638,True,,abcd,0.1,2026-03-03T02:45:11.488373
80,80,2,18,114,gurobi,0.11125588417053223,True,False,0.44736842105263364,True,,abcd,0.1,2026-03-03T02:45:11.728665
80,80,2,18,114,bnb_c,0.1647477149963379,True,False,0.447368421052632,True,,abcd,0.1,2026-03-03T02:45:12.025038
80,80,2,19,111,gurobi,0.18284106254577637,True,False,0.4367746124502828,True,,abcd,0.1,2026-03-03T02:45:12.340756
80,80,2,19,111,bnb_c,0.18293190002441406,True,False,0.436774612450288,True,,abcd,0.1,2026-03-03T02:45:12.650574
80,80,2,20,113,gurobi,0.09019112586975098,True,False,0.4579841804369964,True,,abcd,0.1,2026-03-03T02:45:12.865897
80,80,2,20,113,bnb_c,0.16120386123657227,True,False,0.457984180436996,True,,abcd,0.1,2026-03-03T02:45:13.158932
80,80,2,21,117,gurobi,0.13498806953430176,True,False,0.43158740594637934,True,,abcd,0.1,2026-03-03T02:45:13.421947
80,80,2,21,117,bnb_c,0.16030216217041016,True,False,0.43158740594638,True,,abcd,0.1,2026-03-03T02:45:13.713830
80,80,2,22,120,gurobi,0.11960291862487793,True,False,0.4241319444444443,True,,abcd,0.1,2026-03-03T02:45:13.969202
80,80,2,22,120,bnb_c,0.16732478141784668,True,False,0.424131944444444,True,,abcd,0.1,2026-03-03T02:45:14.267471
80,80,2,23,99,gurobi,0.3320891857147217,True,False,0.4596979900010187,True,,abcd,0.1,2026-03-03T02:45:14.727630
80,80,2,23,99,bnb_c,0.18034887313842773,True,False,0.45969799000102,True,,abcd,0.1,2026-03-03T02:45:15.031710
80,80,2,24,127,gurobi,0.2359941005706787,True,False,0.4209808419616847,True,,abcd,0.1,2026-03-03T02:45:15.396703
80,80,2,24,127,bnb_c,0.16753697395324707,True,False,0.420980841961684,True,,abcd,0.1,2026-03-03T02:45:15.689015
80,80,2,25,122,gurobi,0.06478190422058105,True,False,0.44258935769953883,True,,abcd,0.1,2026-03-03T02:45:15.879800
80,80,2,25,122,bnb_c,0.17073702812194824,True,False,0.442589357699543,True,,abcd,0.1,2026-03-03T02:45:16.182460
80,80,2,26,129,gurobi,0.061724185943603516,True,False,0.4365122288324059,True,,abcd,0.1,2026-03-03T02:45:16.371749
80,80,2,26,129,bnb_c,0.17094993591308594,True,False,0.436512228832402,True,,abcd,0.1,2026-03-03T02:45:16.673529
80,80,2,27,118,gurobi,0.7326147556304932,True,False,0.43259839126687505,True,,abcd,0.1,2026-03-03T02:45:17.532086
80,80,2,27,118,bnb_c,0.19191598892211914,True,False,0.432598391266877,True,,abcd,0.1,2026-03-03T02:45:17.850461
80,80,2,28,113,gurobi,0.06491589546203613,True,False,0.4438875401362674,True,,abcd,0.1,2026-03-03T02:45:18.047094
80,80,2,28,113,bnb_c,0.15532183647155762,True,False,0.443887540136268,True,,abcd,0.1,2026-03-03T02:45:18.335589
80,80,2,29,126,gurobi,0.6916019916534424,True,False,0.4186192995716875,True,,abcd,0.1,2026-03-03T02:45:19.157210
80,80,2,29,126,bnb_c,0.18089604377746582,True,False,0.41861929957168,True,,abcd,0.1,2026-03-03T02:45:19.463288
80,80,2,30,111,gurobi,0.04949188232421875,True,False,0.45674052430808487,True,,abcd,0.1,2026-03-03T02:45:19.640222
80,80,2,30,111,bnb_c,0.16830801963806152,True,False,0.456740524308092,True,,abcd,0.1,2026-03-03T02:45:19.939987
80,80,2,31,122,gurobi,0.06764388084411621,True,False,0.4478634775597943,True,,abcd,0.1,2026-03-03T02:45:20.142018
80,80,2,31,122,bnb_c,0.15916705131530762,True,False,0.447863477559796,True,,abcd,0.1,2026-03-03T02:45:20.433354
80,80,2,32,114,gurobi,0.18032073974609375,True,False,0.4259772237611593,True,,abcd,0.1,2026-03-03T02:45:20.744534
80,80,2,32,114,bnb_c,0.20923686027526855,True,False,0.425977223761157,True,,abcd,0.1,2026-03-03T02:45:21.079899
80,80,2,33,111,gurobi,0.06972908973693848,True,False,0.4491112734355931,True,,abcd,0.1,2026-03-03T02:45:21.282462
80,80,2,33,111,bnb_c,0.15317797660827637,True,False,0.449111273435598,True,,abcd,0.1,2026-03-03T02:45:21.568302
80,80,2,34,115,gurobi,0.06964397430419922,True,False,0.45410207939508973,True,,abcd,0.1,2026-03-03T02:45:21.768805
80,80,2,34,115,bnb_c,0.1524519920349121,True,False,0.454102079395085,True,,abcd,0.1,2026-03-03T02:45:22.053262
80,80,2,35,117,gurobi,0.07811498641967773,True,False,0.43301190737088174,True,,abcd,0.1,2026-03-03T02:45:22.265056
80,80,2,35,117,bnb_c,0.18232083320617676,True,False,0.433011907370882,True,,abcd,0.1,2026-03-03T02:45:22.580154
80,80,2,36,112,gurobi,0.2996969223022461,True,False,0.4129065688775466,True,,abcd,0.1,2026-03-03T02:45:23.012675
80,80,2,36,112,bnb_c,0.21156716346740723,True,False,0.412906568877551,True,,abcd,0.1,2026-03-03T02:45:23.348072
80,80,2,37,115,gurobi,0.12630224227905273,True,False,0.45637051039697535,True,,abcd,0.1,2026-03-03T02:45:23.612743
80,80,2,37,115,bnb_c,0.17923903465270996,True,False,0.456370510396975,True,,abcd,0.1,2026-03-03T02:45:23.922234
80,80,2,38,118,gurobi,0.9665422439575195,True,False,0.4320597529445528,True,,abcd,0.1,2026-03-03T02:45:25.016420
80,80,2,38,118,bnb_c,0.170928955078125,True,False,0.432059752944556,True,,abcd,0.1,2026-03-03T02:45:25.316399
80,80,2,39,119,gurobi,0.059710025787353516,True,False,0.44361273921334143,True,,abcd,0.1,2026-03-03T02:45:25.504766
80,80,2,39,119,bnb_c,0.16556882858276367,True,False,0.443612739213332,True,,abcd,0.1,2026-03-03T02:45:25.801829
80,80,2,40,113,gurobi,0.14981913566589355,True,False,0.4480773748923147,True,,abcd,0.1,2026-03-03T02:45:26.077609
80,80,2,40,113,bnb_c,0.16062116622924805,True,False,0.448077374892317,True,,abcd,0.1,2026-03-03T02:45:26.368880
80,80,2,41,110,gurobi,0.1382300853729248,True,False,0.44954545454545014,True,,abcd,0.1,2026-03-03T02:45:26.636918
80,80,2,41,110,bnb_c,0.19133591651916504,True,False,0.449545454545455,True,,abcd,0.1,2026-03-03T02:45:26.957862
80,80,2,42,123,gurobi,0.2349839210510254,True,False,0.42752329962324065,True,,abcd,0.1,2026-03-03T02:45:27.332215
80,80,2,42,123,bnb_c,0.1821591854095459,True,False,0.42752329962324,True,,abcd,0.1,2026-03-03T02:45:27.638614
80,80,2,43,113,gurobi,0.18619894981384277,True,False,0.43805309734513126,True,,abcd,0.1,2026-03-03T02:45:27.956658
80,80,2,43,113,bnb_c,0.18377995491027832,True,False,0.438053097345133,True,,abcd,0.1,2026-03-03T02:45:28.264931
80,80,2,44,109,gurobi,0.10876607894897461,True,False,0.4428920124568653,True,,abcd,0.1,2026-03-03T02:45:28.507059
80,80,2,44,109,bnb_c,0.17191791534423828,True,False,0.442892012456864,True,,abcd,0.1,2026-03-03T02:45:28.811265
80,80,2,45,120,gurobi,0.12709498405456543,True,False,0.4457986111111131,True,,abcd,0.1,2026-03-03T02:45:29.067451
80,80,2,45,120,bnb_c,0.16537904739379883,True,False,0.445798611111111,True,,abcd,0.1,2026-03-03T02:45:29.364728
80,80,2,46,107,gurobi,0.6969928741455078,True,False,0.42414184644946007,True,,abcd,0.1,2026-03-03T02:45:30.188041
80,80,2,46,107,bnb_c,0.27522897720336914,True,False,0.424141846449472,True,,abcd,0.1,2026-03-03T02:45:30.590024
80,80,2,47,115,gurobi,0.040438175201416016,True,False,0.460642722117207,True,,abcd,0.1,2026-03-03T02:45:30.757343
80,80,2,47,115,bnb_c,0.15351295471191406,True,False,0.460642722117202,True,,abcd,0.1,2026-03-03T02:45:31.042378
80,80,2,48,118,gurobi,0.05157899856567383,True,False,0.44900890548692546,True,,abcd,0.1,2026-03-03T02:45:31.220297
80,80,2,48,118,bnb_c,0.1665182113647461,True,False,0.449008905486929,True,,abcd,0.1,2026-03-03T02:45:31.519318
80,80,2,49,120,gurobi,0.0945889949798584,True,False,0.45663194444444594,True,,abcd,0.1,2026-03-03T02:45:31.747340
80,80,2,49,120,bnb_c,0.16637682914733887,True,False,0.456631944444444,True,,abcd,0.1,2026-03-03T02:45:32.046853
80,80,2,50,131,gurobi,0.09317207336425781,True,False,0.4465648854961832,True,,abcd,0.1,2026-03-03T02:45:32.274966
80,80,2,50,131,bnb_c,0.15925073623657227,True,False,0.446564885496183,True,,abcd,0.1,2026-03-03T02:45:32.566508
80,80,2,51,119,gurobi,0.3429899215698242,True,False,0.4243697478991643,True,,abcd,0.1,2026-03-03T02:45:33.043066
80,80,2,51,119,bnb_c,0.1830129623413086,True,False,0.42436974789916,True,,abcd,0.1,2026-03-03T02:45:33.352152
80,80,2,52,117,gurobi,0.3146321773529053,True,False,0.4486814230403965,True,,abcd,0.1,2026-03-03T02:45:33.797231
80,80,2,52,117,bnb_c,0.18294692039489746,True,False,0.448681423040397,True,,abcd,0.1,2026-03-03T02:45:34.105189
80,80,2,53,125,gurobi,0.054907798767089844,True,False,0.4445119999999895,True,,abcd,0.1,2026-03-03T02:45:34.291803
80,80,2,53,125,bnb_c,0.15706896781921387,True,False,0.444512,True,,abcd,0.1,2026-03-03T02:45:34.581553
80,80,2,54,131,gurobi,0.06003093719482422,True,False,0.4128838645766546,True,,abcd,0.1,2026-03-03T02:45:34.770038
80,80,2,54,131,bnb_c,0.1694638729095459,True,False,0.412883864576656,True,,abcd,0.1,2026-03-03T02:45:35.073296
80,80,2,55,126,gurobi,0.11519074440002441,True,False,0.4277840765936053,True,,abcd,0.1,2026-03-03T02:45:35.315013
80,80,2,55,126,bnb_c,0.1660621166229248,True,False,0.4277840765936,True,,abcd,0.1,2026-03-03T02:45:35.613832
80,80,2,56,120,gurobi,0.03647589683532715,True,False,0.46652777777777793,True,,abcd,0.1,2026-03-03T02:45:35.779333
80,80,2,56,120,bnb_c,0.16306614875793457,True,False,0.466527777777778,True,,abcd,0.1,2026-03-03T02:45:36.073228
80,77,2,57,107,gurobi,0.10429072380065918,True,False,0.4417853087605783,True,,abcd,0.1,2026-03-03T02:45:36.291301
80,77,2,57,107,bnb_c,0.1498420238494873,True,False,0.44178530876059,True,,abcd,0.1,2026-03-03T02:45:36.551947
80,80,2,58,118,gurobi,0.04740095138549805,True,False,0.4377693191611579,True,,abcd,0.1,2026-03-03T02:45:36.730839
80,80,2,58,118,bnb_c,0.16612505912780762,True,False,0.437769319161161,True,,abcd,0.1,2026-03-03T02:45:37.028691
80,80,2,59,129,gurobi,0.05083799362182617,True,False,0.4456162490234969,True,,abcd,0.1,2026-03-03T02:45:37.206119
80,80,2,59,129,bnb_c,0.16047978401184082,True,False,0.445616249023496,True,,abcd,0.1,2026-03-03T02:45:37.497711
80,80,2,60,118,gurobi,0.23527193069458008,True,False,0.43776931916115774,True,,abcd,0.1,2026-03-03T02:45:37.858592
80,80,2,60,118,bnb_c,0.16767191886901855,True,False,0.437769319161161,True,,abcd,0.1,2026-03-03T02:45:38.151243
80,80,2,61,123,gurobi,0.12891912460327148,True,False,0.42669707184876743,True,,abcd,0.1,2026-03-03T02:45:38.407457
80,80,2,61,123,bnb_c,0.17634105682373047,True,False,0.426697071848767,True,,abcd,0.1,2026-03-03T02:45:38.715390
80,80,2,62,111,gurobi,1.1394670009613037,True,False,0.41891891891891414,True,,abcd,0.1,2026-03-03T02:45:39.986268
80,80,2,62,111,bnb_c,0.32929396629333496,True,False,0.418918918918919,True,,abcd,0.1,2026-03-03T02:45:40.444132
80,80,2,63,130,gurobi,0.11609697341918945,True,False,0.4384615384615448,True,,abcd,0.1,2026-03-03T02:45:40.700174
80,80,2,63,130,bnb_c,0.18850374221801758,True,False,0.438461538461539,True,,abcd,0.1,2026-03-03T02:45:41.020989
80,80,2,64,121,gurobi,0.0999760627746582,True,False,0.4409193361109211,True,,abcd,0.1,2026-03-03T02:45:41.258400
80,80,2,64,121,bnb_c,0.16462373733520508,True,False,0.440919336110921,True,,abcd,0.1,2026-03-03T02:45:41.555337
80,72,2,65,91,gurobi,0.10147690773010254,True,False,0.4450549450549491,True,,abcd,0.1,2026-03-03T02:45:41.761769
80,72,2,65,91,bnb_c,0.13822722434997559,True,False,0.445054945054945,True,,abcd,0.1,2026-03-03T02:45:42.010898
80,80,2,66,121,gurobi,0.06972408294677734,True,False,0.43385014684789147,True,,abcd,0.1,2026-03-03T02:45:42.213115
80,80,2,66,121,bnb_c,0.16573572158813477,True,False,0.433850146847893,True,,abcd,0.1,2026-03-03T02:45:42.512385
80,80,2,67,108,gurobi,0.052758216857910156,True,False,0.46279149519890567,True,,abcd,0.1,2026-03-03T02:45:42.700563
80,80,2,67,108,bnb_c,0.14590692520141602,True,False,0.462791495198903,True,,abcd,0.1,2026-03-03T02:45:42.978396
80,80,2,68,110,gurobi,0.5749540328979492,True,False,0.42727272727272575,True,,abcd,0.1,2026-03-03T02:45:43.684376
80,80,2,68,110,bnb_c,0.29787373542785645,True,False,0.427272727272727,True,,abcd,0.1,2026-03-03T02:45:44.105718
80,80,2,69,108,gurobi,0.08956384658813477,True,False,0.4614197530864221,True,,abcd,0.1,2026-03-03T02:45:44.322411
80,80,2,69,108,bnb_c,0.1663358211517334,True,False,0.46141975308642,True,,abcd,0.1,2026-03-03T02:45:44.621778
80,80,2,70,134,gurobi,0.04751324653625488,True,False,0.40643795945645533,True,,abcd,0.1,2026-03-03T02:45:44.801908
80,80,2,70,134,bnb_c,0.16632723808288574,True,False,0.406437959456449,True,,abcd,0.1,2026-03-03T02:45:45.099776
80,80,2,71,114,gurobi,0.06113004684448242,True,False,0.4296706678978167,True,,abcd,0.1,2026-03-03T02:45:45.287913
80,80,2,71,114,bnb_c,0.16824102401733398,True,False,0.429670667897815,True,,abcd,0.1,2026-03-03T02:45:45.587893
80,80,2,72,132,gurobi,0.09041714668273926,True,False,0.4315599173553755,True,,abcd,0.1,2026-03-03T02:45:45.814562
80,80,2,72,132,bnb_c,0.17009186744689941,True,False,0.431559917355372,True,,abcd,0.1,2026-03-03T02:45:46.117495
80,80,2,73,149,gurobi,0.10069704055786133,True,False,0.41266159182019013,True,,abcd,0.1,2026-03-03T02:45:46.347876
80,80,2,73,149,bnb_c,0.16835808753967285,True,False,0.412661591820188,True,,abcd,0.1,2026-03-03T02:45:46.648909
80,80,2,74,116,gurobi,0.10434794425964355,True,False,0.45507580261593134,True,,abcd,0.1,2026-03-03T02:45:46.889652
80,80,2,74,116,bnb_c,0.16681504249572754,True,False,0.455075802615934,True,,abcd,0.1,2026-03-03T02:45:47.187735
80,80,2,75,126,gurobi,0.36771321296691895,True,False,0.4232489292013168,True,,abcd,0.1,2026-03-03T02:45:47.683356
80,80,2,75,126,bnb_c,0.1734020709991455,True,False,0.42324892920131,True,,abcd,0.1,2026-03-03T02:45:47.981938
80,80,2,76,115,gurobi,0.22198700904846191,True,False,0.4468809073724035,True,,abcd,0.1,2026-03-03T02:45:48.336236
80,80,2,76,115,bnb_c,0.16843795776367188,True,False,0.446880907372401,True,,abcd,0.1,2026-03-03T02:45:48.629855
80,80,2,77,133,gurobi,0.06752681732177734,True,False,0.431680705523207,True,,abcd,0.1,2026-03-03T02:45:48.828018
80,80,2,77,133,bnb_c,0.15762901306152344,True,False,0.431680705523207,True,,abcd,0.1,2026-03-03T02:45:49.116589
80,80,2,78,125,gurobi,0.24627900123596191,True,False,0.4344319999999967,True,,abcd,0.1,2026-03-03T02:45:49.488687
80,80,2,78,125,bnb_c,0.1851520538330078,True,False,0.434432,True,,abcd,0.1,2026-03-03T02:45:49.798800
80,80,2,79,116,gurobi,0.22150182723999023,True,False,0.4482758620689662,True,,abcd,0.1,2026-03-03T02:45:50.148011
80,80,2,79,116,bnb_c,0.1756577491760254,True,False,0.448275862068966,True,,abcd,0.1,2026-03-03T02:45:50.447917
80,80,2,80,111,gurobi,0.08851313591003418,True,False,0.4549549549549515,True,,abcd,0.1,2026-03-03T02:45:50.665357
80,80,2,80,111,bnb_c,0.17168092727661133,True,False,0.454954954954955,True,,abcd,0.1,2026-03-03T02:45:50.969631
80,80,2,81,112,gurobi,0.056355953216552734,True,False,0.4505341198979573,True,,abcd,0.1,2026-03-03T02:45:51.160320
80,80,2,81,112,bnb_c,0.15900683403015137,True,False,0.450534119897959,True,,abcd,0.1,2026-03-03T02:45:51.450543
80,80,2,82,114,gurobi,0.23002409934997559,True,False,0.43855801785164844,True,,abcd,0.1,2026-03-03T02:45:51.805599
80,80,2,82,114,bnb_c,0.18526220321655273,True,False,0.438558017851647,True,,abcd,0.1,2026-03-03T02:45:52.115759
80,80,2,83,115,gurobi,1.8382360935211182,True,False,0.4043478775954127,True,,abcd,0.1,2026-03-03T02:45:54.084663
80,80,2,83,115,bnb_c,0.5430159568786621,True,False,0.404347826086957,True,,abcd,0.1,2026-03-03T02:45:54.752025
80,80,2,84,117,gurobi,0.07549190521240234,True,False,0.4315874059463794,True,,abcd,0.1,2026-03-03T02:45:54.964993
80,80,2,84,117,bnb_c,0.17463278770446777,True,False,0.43158740594638,True,,abcd,0.1,2026-03-03T02:45:55.274156
80,80,2,85,110,gurobi,0.24610304832458496,True,False,0.45450413223140684,True,,abcd,0.1,2026-03-03T02:45:55.647526
80,80,2,85,110,bnb_c,0.16747498512268066,True,False,0.454504132231405,True,,abcd,0.1,2026-03-03T02:45:55.940396
80,76,2,86,105,gurobi,0.24488091468811035,True,False,0.4351927437641728,True,,abcd,0.1,2026-03-03T02:45:56.292988
80,76,2,86,105,bnb_c,0.14734792709350586,True,False,0.435192743764172,True,,abcd,0.1,2026-03-03T02:45:56.544364
80,72,2,87,96,gurobi,0.15839624404907227,True,False,0.4374999999999974,True,,abcd,0.1,2026-03-03T02:45:56.815422
80,72,2,87,96,bnb_c,0.13365697860717773,True,False,0.4375,True,,abcd,0.1,2026-03-03T02:45:57.089860
80,80,2,88,126,gurobi,0.03734922409057617,True,False,0.4809775762156789,True,,abcd,0.1,2026-03-03T02:45:57.260136
80,80,2,88,126,bnb_c,0.1665031909942627,True,False,0.480977576215671,True,,abcd,0.1,2026-03-03T02:45:57.555802
80,80,2,89,110,gurobi,0.06072187423706055,True,False,0.4636363636363634,True,,abcd,0.1,2026-03-03T02:45:57.746222
80,80,2,89,110,bnb_c,0.17093706130981445,True,False,0.463636363636364,True,,abcd,0.1,2026-03-03T02:45:58.050010
80,80,2,90,106,gurobi,0.43550896644592285,True,False,0.44339622641509824,True,,abcd,0.1,2026-03-03T02:45:58.619115
80,80,2,90,106,bnb_c,0.17417407035827637,True,False,0.443396226415094,True,,abcd,0.1,2026-03-03T02:45:58.918185
80,80,2,91,106,gurobi,0.06241273880004883,True,False,0.4705856176575375,True,,abcd,0.1,2026-03-03T02:45:59.105893
80,80,2,91,106,bnb_c,0.1662731170654297,True,False,0.470585617657529,True,,abcd,0.1,2026-03-03T02:45:59.404673
80,77,2,92,108,gurobi,0.3907310962677002,True,False,0.44444444444444736,True,,abcd,0.1,2026-03-03T02:45:59.907115
80,77,2,92,108,bnb_c,0.14760780334472656,True,False,0.444444444444445,True,,abcd,0.1,2026-03-03T02:46:00.159124
80,80,2,93,102,gurobi,0.09458374977111816,True,False,0.4600153787004981,True,,abcd,0.1,2026-03-03T02:46:00.394192
80,80,2,93,102,bnb_c,0.1623399257659912,True,False,0.4600153787005,True,,abcd,0.1,2026-03-03T02:46:00.689123
80,80,2,94,116,gurobi,0.037405967712402344,True,False,0.4738035077288943,True,,abcd,0.1,2026-03-03T02:46:00.850931
80,80,2,94,116,bnb_c,0.1694037914276123,True,False,0.473803507728894,True,,abcd,0.1,2026-03-03T02:46:01.150831
80,80,2,95,115,gurobi,0.3697700500488281,True,False,0.4195085066162589,True,,abcd,0.1,2026-03-03T02:46:01.649747
80,80,2,95,115,bnb_c,0.2401421070098877,True,False,0.419508506616257,True,,abcd,0.1,2026-03-03T02:46:02.017290
80,80,2,96,103,gurobi,0.049880027770996094,True,False,0.4554623432934198,True,,abcd,0.1,2026-03-03T02:46:02.195998
80,80,2,96,103,bnb_c,0.17427587509155273,True,False,0.45546234329343,True,,abcd,0.1,2026-03-03T02:46:02.502959
80,80,2,97,106,gurobi,0.18643617630004883,True,False,0.438946244215026,True,,abcd,0.1,2026-03-03T02:46:02.818251
80,80,2,97,106,bnb_c,0.17196989059448242,True,False,0.438946244215023,True,,abcd,0.1,2026-03-03T02:46:03.114641
80,80,2,98,115,gurobi,30,False,True,,,timeout,abcd,0.1,2026-03-03T02:46:33.130109
80,80,2,98,115,bnb_c,0.16785287857055664,True,False,0.447788279773157,True,,abcd,0.1,2026-03-03T02:46:33.429299
80,80,2,99,107,gurobi,0.11379289627075195,True,False,0.45733251812384906,True,,abcd,0.1,2026-03-03T02:46:33.675331
80,80,2,99,107,bnb_c,0.1719508171081543,True,False,0.457332518123854,True,,abcd,0.1,2026-03-03T02:46:33.981870
100,100,2,0,160,gurobi,0.48438334465026855,True,False,0.42560546874999927,True,,abcd,0.1,2026-03-03T02:46:34.597842
100,100,2,0,160,bnb_c,0.31172800064086914,True,False,0.42560546875,True,,abcd,0.1,2026-03-03T02:46:35.039281
100,100,2,1,139,gurobi,0.8490769863128662,True,False,0.4348377413177342,True,,abcd,0.1,2026-03-03T02:46:36.020709
100,100,2,1,139,bnb_c,0.645510196685791,True,False,0.434837741317737,True,,abcd,0.1,2026-03-03T02:46:36.790724
100,100,2,2,140,gurobi,0.051782846450805664,True,False,0.4907908163265372,True,,abcd,0.1,2026-03-03T02:46:36.970798
100,100,2,2,140,bnb_c,0.22402501106262207,True,False,0.490790816326531,True,,abcd,0.1,2026-03-03T02:46:37.335121
100,100,2,3,144,gurobi,0.4384908676147461,True,False,0.43055555555555103,True,,abcd,0.1,2026-03-03T02:46:37.904852
100,100,2,3,144,bnb_c,0.6884670257568359,True,False,0.430555555555556,True,,abcd,0.1,2026-03-03T02:46:38.719208
100,100,2,4,142,gurobi,0.695580244064331,True,False,0.443265225153739,True,,abcd,0.1,2026-03-03T02:46:39.542958
100,100,2,4,142,bnb_c,0.8401908874511719,True,False,0.443265225153739,True,,abcd,0.1,2026-03-03T02:46:40.506964
100,100,2,5,145,gurobi,0.25966382026672363,True,False,0.45859694583774246,True,,abcd,0.1,2026-03-03T02:46:40.896676
100,100,2,5,145,bnb_c,0.2447350025177002,True,False,0.458596908442331,True,,abcd,0.1,2026-03-03T02:46:41.268485
100,100,2,6,150,gurobi,0.7934737205505371,True,False,0.42444444444443835,True,,abcd,0.1,2026-03-03T02:46:42.188814
100,100,2,6,150,bnb_c,0.5204098224639893,True,False,0.424444444444445,True,,abcd,0.1,2026-03-03T02:46:42.834206
100,100,2,7,133,gurobi,0.7930288314819336,True,False,0.4334897393860554,True,,abcd,0.1,2026-03-03T02:46:43.756290
100,100,2,7,133,bnb_c,3.0489962100982666,True,False,0.433489739386059,True,,abcd,0.1,2026-03-03T02:46:46.930317
100,100,2,8,138,gurobi,0.41590237617492676,True,False,0.4548414198697751,True,,abcd,0.1,2026-03-03T02:46:47.489144
100,100,2,8,138,bnb_c,0.28137898445129395,True,False,0.454841419869775,True,,abcd,0.1,2026-03-03T02:46:47.895899
100,100,2,9,149,gurobi,1.1801822185516357,True,False,0.43959731543624814,True,,abcd,0.1,2026-03-03T02:46:49.209560
100,100,2,9,149,bnb_c,0.33800196647644043,True,False,0.439597315436242,True,,abcd,0.1,2026-03-03T02:46:49.680196
100,100,2,10,145,gurobi,1.6866650581359863,True,False,0.4446135552913133,True,,abcd,0.1,2026-03-03T02:46:51.499567
100,100,2,10,145,bnb_c,0.2638089656829834,True,False,0.44461355529132,True,,abcd,0.1,2026-03-03T02:46:51.889270
100,100,2,11,130,gurobi,0.1600782871246338,True,False,0.46497041420119173,True,,abcd,0.1,2026-03-03T02:46:52.181440
100,100,2,11,130,bnb_c,0.23668193817138672,True,False,0.464970414201183,True,,abcd,0.1,2026-03-03T02:46:52.546285
100,100,2,12,142,gurobi,0.3936018943786621,True,False,0.4435627851616819,True,,abcd,0.1,2026-03-03T02:46:53.074899
100,100,2,12,142,bnb_c,0.25962090492248535,True,False,0.443562785161674,True,,abcd,0.1,2026-03-03T02:46:53.459668
100,100,2,13,148,gurobi,0.2526378631591797,True,False,0.4499406501095694,True,,abcd,0.1,2026-03-03T02:46:53.847584
100,100,2,13,148,bnb_c,0.24228215217590332,True,False,0.449940650109569,True,,abcd,0.1,2026-03-03T02:46:54.214167
100,100,2,14,150,gurobi,0.07142996788024902,True,False,0.44691111111109055,True,,abcd,0.1,2026-03-03T02:46:54.416596
100,100,2,14,150,bnb_c,0.22313284873962402,True,False,0.446911111111111,True,,abcd,0.1,2026-03-03T02:46:54.773694
100,100,2,15,142,gurobi,0.16524720191955566,True,False,0.45734973219599406,True,,abcd,0.1,2026-03-03T02:46:55.065134
100,100,2,15,142,bnb_c,0.24820804595947266,True,False,0.457349732195993,True,,abcd,0.1,2026-03-03T02:46:55.442312
100,100,2,16,132,gurobi,0.3101930618286133,True,False,0.4469410009182811,True,,abcd,0.1,2026-03-03T02:46:55.885078
100,100,2,16,132,bnb_c,0.3439202308654785,True,False,0.446941000918274,True,,abcd,0.1,2026-03-03T02:46:56.354591
100,100,2,17,141,gurobi,0.07349896430969238,True,False,0.4737940747447301,True,,abcd,0.1,2026-03-03T02:46:56.563624
100,100,2,17,141,bnb_c,0.23799490928649902,True,False,0.473794074744731,True,,abcd,0.1,2026-03-03T02:46:56.936674
100,100,2,18,168,gurobi,0.1720578670501709,True,False,0.42260133219954715,True,,abcd,0.1,2026-03-03T02:46:57.253290
100,100,2,18,168,bnb_c,0.25664496421813965,True,False,0.422601332199547,True,,abcd,0.1,2026-03-03T02:46:57.637457
100,100,2,19,158,gurobi,0.07030177116394043,True,False,0.4493670886075905,True,,abcd,0.1,2026-03-03T02:46:57.835882
100,100,2,19,158,bnb_c,0.25538206100463867,True,False,0.449367088607595,True,,abcd,0.1,2026-03-03T02:46:58.227888
100,100,2,20,152,gurobi,0.17251992225646973,True,False,0.45392572714681506,True,,abcd,0.1,2026-03-03T02:46:58.539140
100,100,2,20,152,bnb_c,0.2503550052642822,True,False,0.453925727146815,True,,abcd,0.1,2026-03-03T02:46:58.915176
100,100,2,21,142,gurobi,0.679246187210083,True,False,0.45067950636807036,True,,abcd,0.1,2026-03-03T02:46:59.728015
100,100,2,21,142,bnb_c,0.23767805099487305,True,False,0.450679428684785,True,,abcd,0.1,2026-03-03T02:47:00.090529
100,100,2,22,148,gurobi,0.30263710021972656,True,False,0.4256528487947378,True,,abcd,0.1,2026-03-03T02:47:00.527984
100,100,2,22,148,bnb_c,0.287369966506958,True,False,0.425652848794741,True,,abcd,0.1,2026-03-03T02:47:00.940422
100,100,2,23,141,gurobi,0.5965051651000977,True,False,0.4439163019968799,True,,abcd,0.1,2026-03-03T02:47:01.670403
100,100,2,23,141,bnb_c,0.2517879009246826,True,False,0.443916301996881,True,,abcd,0.1,2026-03-03T02:47:02.046774
100,100,2,24,146,gurobi,0.2851393222808838,True,False,0.43439200600487504,True,,abcd,0.1,2026-03-03T02:47:02.463227
100,100,2,24,146,bnb_c,0.2682311534881592,True,False,0.434392006004879,True,,abcd,0.1,2026-03-03T02:47:02.857269
100,100,2,25,154,gurobi,0.6887109279632568,True,False,0.43093270365996755,True,,abcd,0.1,2026-03-03T02:47:03.679734
100,100,2,25,154,bnb_c,0.3292579650878906,True,False,0.430932703659976,True,,abcd,0.1,2026-03-03T02:47:04.134894
100,100,2,26,149,gurobi,2.217139959335327,True,False,0.4305887122201725,True,,abcd,0.1,2026-03-03T02:47:06.482870
100,100,2,26,149,bnb_c,0.44538307189941406,True,False,0.43058871222017,True,,abcd,0.1,2026-03-03T02:47:07.055259
100,100,2,27,143,gurobi,10.188277006149292,True,False,0.4090909090909086,True,,abcd,0.1,2026-03-03T02:47:17.371705
100,100,2,27,143,bnb_c,3.38726806640625,True,False,0.409090909090909,True,,abcd,0.1,2026-03-03T02:47:20.897618
100,100,2,28,144,gurobi,0.06389093399047852,True,False,0.45486111111110766,True,,abcd,0.1,2026-03-03T02:47:21.104109
100,100,2,28,144,bnb_c,0.2524878978729248,True,False,0.454861111111111,True,,abcd,0.1,2026-03-03T02:47:21.494077
100,100,2,29,143,gurobi,0.4532890319824219,True,False,0.4392146315223165,True,,abcd,0.1,2026-03-03T02:47:22.076624
100,100,2,29,143,bnb_c,0.3352799415588379,True,False,0.439214631522324,True,,abcd,0.1,2026-03-03T02:47:22.540054
100,100,2,30,144,gurobi,0.2116541862487793,True,False,0.45136477623455745,True,,abcd,0.1,2026-03-03T02:47:22.886836
100,100,2,30,144,bnb_c,0.2531261444091797,True,False,0.451364776234568,True,,abcd,0.1,2026-03-03T02:47:23.264267
100,100,2,31,157,gurobi,12.182322978973389,True,False,0.41719745222930793,True,,abcd,0.1,2026-03-03T02:47:35.579615
100,100,2,31,157,bnb_c,0.31214380264282227,True,False,0.417197452229299,True,,abcd,0.1,2026-03-03T02:47:36.021500
100,100,2,32,172,gurobi,0.08648109436035156,True,False,0.42854245538128,True,,abcd,0.1,2026-03-03T02:47:36.241803
100,100,2,32,172,bnb_c,0.25894689559936523,True,False,0.428542455381287,True,,abcd,0.1,2026-03-03T02:47:36.635951
100,100,2,33,142,gurobi,0.08128190040588379,True,False,0.47093830589169705,True,,abcd,0.1,2026-03-03T02:47:36.855688
100,100,2,33,142,bnb_c,0.2555530071258545,True,False,0.470938305891688,True,,abcd,0.1,2026-03-03T02:47:37.251699
100,100,2,34,162,gurobi,0.2722649574279785,True,False,0.4629629629629666,True,,abcd,0.1,2026-03-03T02:47:37.657755
100,100,2,34,162,bnb_c,0.24574518203735352,True,False,0.462962962962963,True,,abcd,0.1,2026-03-03T02:47:38.026623
100,100,2,35,156,gurobi,0.17529797554016113,True,False,0.43768491124261516,True,,abcd,0.1,2026-03-03T02:47:38.329944
100,100,2,35,156,bnb_c,0.25419116020202637,True,False,0.437684911242604,True,,abcd,0.1,2026-03-03T02:47:38.708623
100,100,2,36,156,gurobi,2.325793981552124,True,False,0.43384286653517506,True,,abcd,0.1,2026-03-03T02:47:41.170075
100,100,2,36,156,bnb_c,0.3387632369995117,True,False,0.433842866535174,True,,abcd,0.1,2026-03-03T02:47:41.634781
100,96,2,37,145,gurobi,0.09501194953918457,True,False,0.457812128418539,True,,abcd,0.1,2026-03-03T02:47:41.841086
100,96,2,37,145,bnb_c,0.2113511562347412,True,False,0.457812128418549,True,,abcd,0.1,2026-03-03T02:47:42.164455
100,100,2,38,154,gurobi,0.1548938751220703,True,False,0.4509824590993245,True,,abcd,0.1,2026-03-03T02:47:42.455109
100,100,2,38,154,bnb_c,0.23207807540893555,True,False,0.450982459099342,True,,abcd,0.1,2026-03-03T02:47:42.815877
100,100,2,39,138,gurobi,2.0525949001312256,True,False,0.4368830077714773,True,,abcd,0.1,2026-03-03T02:47:44.997675
100,100,2,39,138,bnb_c,0.7154459953308105,True,False,0.436883007771477,True,,abcd,0.1,2026-03-03T02:47:45.837124
100,100,2,40,144,gurobi,0.07416391372680664,True,False,0.4674961419753015,True,,abcd,0.1,2026-03-03T02:47:46.039024
100,100,2,40,144,bnb_c,0.2764098644256592,True,False,0.467496141975309,True,,abcd,0.1,2026-03-03T02:47:46.450501
100,100,2,41,163,gurobi,0.15034699440002441,True,False,0.4570552147239283,True,,abcd,0.1,2026-03-03T02:47:46.726795
100,100,2,41,163,bnb_c,0.2341768741607666,True,False,0.457055214723927,True,,abcd,0.1,2026-03-03T02:47:47.091690
100,100,2,42,146,gurobi,0.10054302215576172,True,False,0.45146838055919625,True,,abcd,0.1,2026-03-03T02:47:47.329857
100,100,2,42,146,bnb_c,0.27176403999328613,True,False,0.451468380559204,True,,abcd,0.1,2026-03-03T02:47:47.735842
100,100,2,43,149,gurobi,2.2309417724609375,True,False,0.42536372235485725,True,,abcd,0.1,2026-03-03T02:47:50.093070
100,100,2,43,149,bnb_c,0.30159711837768555,True,False,0.425363722354849,True,,abcd,0.1,2026-03-03T02:47:50.517531
100,100,2,44,132,gurobi,1.6554388999938965,True,False,0.4317894857667594,True,,abcd,0.1,2026-03-03T02:47:52.298666
100,100,2,44,132,bnb_c,0.9463222026824951,True,False,0.431789485766759,True,,abcd,0.1,2026-03-03T02:47:53.370123
100,100,2,45,155,gurobi,1.513909101486206,True,False,0.41612903225806314,True,,abcd,0.1,2026-03-03T02:47:55.012368
100,100,2,45,155,bnb_c,0.4244649410247803,True,False,0.416129032258065,True,,abcd,0.1,2026-03-03T02:47:55.562330
100,100,2,46,160,gurobi,0.23809218406677246,True,False,0.4393554687499957,True,,abcd,0.1,2026-03-03T02:47:55.926017
100,100,2,46,160,bnb_c,0.2968027591705322,True,False,0.43935546875,True,,abcd,0.1,2026-03-03T02:47:56.347281
100,100,2,47,149,gurobi,0.06021285057067871,True,False,0.47313184090807436,True,,abcd,0.1,2026-03-03T02:47:56.538848
100,100,2,47,149,bnb_c,0.23666119575500488,True,False,0.473131840908067,True,,abcd,0.1,2026-03-03T02:47:56.910382
100,100,2,48,162,gurobi,0.327542781829834,True,False,0.4305555555555562,True,,abcd,0.1,2026-03-03T02:47:57.417242
100,100,2,48,162,bnb_c,0.3729069232940674,True,False,0.430555555555556,True,,abcd,0.1,2026-03-03T02:47:57.914969
100,100,2,49,147,gurobi,0.22312712669372559,True,False,0.42952010736266794,True,,abcd,0.1,2026-03-03T02:47:58.271627
100,100,2,49,147,bnb_c,0.32178807258605957,True,False,0.429520107362673,True,,abcd,0.1,2026-03-03T02:47:58.717877
100,100,2,50,146,gurobi,0.29828906059265137,True,False,0.4452054794520519,True,,abcd,0.1,2026-03-03T02:47:59.156237
100,100,2,50,146,bnb_c,0.2450878620147705,True,False,0.445205479452055,True,,abcd,0.1,2026-03-03T02:47:59.527263
100,100,2,51,150,gurobi,0.46285176277160645,True,False,0.4465777777777674,True,,abcd,0.1,2026-03-03T02:48:00.128280
100,100,2,51,150,bnb_c,0.24195313453674316,True,False,0.446577777777778,True,,abcd,0.1,2026-03-03T02:48:00.497707
100,100,2,52,144,gurobi,0.450131893157959,True,False,0.44596354166666263,True,,abcd,0.1,2026-03-03T02:48:01.082453
100,100,2,52,144,bnb_c,0.2531859874725342,True,False,0.445963541666667,True,,abcd,0.1,2026-03-03T02:48:01.458985
100,100,2,53,149,gurobi,0.20205402374267578,True,False,0.4597090221161275,True,,abcd,0.1,2026-03-03T02:48:01.795718
100,100,2,53,149,bnb_c,0.2548649311065674,True,False,0.459709022116121,True,,abcd,0.1,2026-03-03T02:48:02.175773
100,100,2,54,141,gurobi,0.7476868629455566,True,False,0.43418339117750204,True,,abcd,0.1,2026-03-03T02:48:03.049112
100,100,2,54,141,bnb_c,0.39261674880981445,True,False,0.434183391177506,True,,abcd,0.1,2026-03-03T02:48:03.566918
100,100,2,55,148,gurobi,0.12457704544067383,True,False,0.4561723886048148,True,,abcd,0.1,2026-03-03T02:48:03.824775
100,100,2,55,148,bnb_c,0.2407820224761963,True,False,0.456172388604821,True,,abcd,0.1,2026-03-03T02:48:04.198887
100,100,2,56,145,gurobi,0.10321903228759766,True,False,0.45983353151009615,True,,abcd,0.1,2026-03-03T02:48:04.429865
100,100,2,56,145,bnb_c,0.23150300979614258,True,False,0.459833531510107,True,,abcd,0.1,2026-03-03T02:48:04.797057
100,100,2,57,140,gurobi,5.0879130363464355,True,False,0.41836734693877464,True,,abcd,0.1,2026-03-03T02:48:10.019388
100,100,2,57,140,bnb_c,1.7404448986053467,True,False,0.418367346938775,True,,abcd,0.1,2026-03-03T02:48:11.889274
100,100,2,58,159,gurobi,1.1756129264831543,True,False,0.41823899371068163,True,,abcd,0.1,2026-03-03T02:48:13.199464
100,100,2,58,159,bnb_c,0.751255989074707,True,False,0.418238993710692,True,,abcd,0.1,2026-03-03T02:48:14.084926
100,100,2,59,152,gurobi,0.09604716300964355,True,False,0.46043975069251963,True,,abcd,0.1,2026-03-03T02:48:14.319593
100,100,2,59,152,bnb_c,0.247941255569458,True,False,0.460439750692521,True,,abcd,0.1,2026-03-03T02:48:14.704253
100,100,2,60,148,gurobi,1.0838372707366943,True,False,0.4238266983199434,True,,abcd,0.1,2026-03-03T02:48:15.914339
100,100,2,60,148,bnb_c,0.38756799697875977,True,False,0.423826698319942,True,,abcd,0.1,2026-03-03T02:48:16.427325
100,100,2,61,163,gurobi,0.11299300193786621,True,False,0.44207535097294104,True,,abcd,0.1,2026-03-03T02:48:16.680619
100,100,2,61,163,bnb_c,0.23502516746520996,True,False,0.442075350972938,True,,abcd,0.1,2026-03-03T02:48:17.047826
100,100,2,62,168,gurobi,1.7868437767028809,True,False,0.4043190192743734,True,,abcd,0.1,2026-03-03T02:48:18.962814
100,100,2,62,168,bnb_c,1.257369041442871,True,False,0.404319019274376,True,,abcd,0.1,2026-03-03T02:48:20.346529
100,100,2,63,159,gurobi,0.18361330032348633,True,False,0.4478462086151605,True,,abcd,0.1,2026-03-03T02:48:20.666903
100,100,2,63,159,bnb_c,0.23571109771728516,True,False,0.447846208615166,True,,abcd,0.1,2026-03-03T02:48:21.027060
100,100,2,64,147,gurobi,0.08541512489318848,True,False,0.4659863945578176,True,,abcd,0.1,2026-03-03T02:48:21.243459
100,100,2,64,147,bnb_c,0.23627781867980957,True,False,0.465986394557823,True,,abcd,0.1,2026-03-03T02:48:21.614870
100,100,2,65,139,gurobi,1.0404770374298096,True,False,0.42634956782774636,True,,abcd,0.1,2026-03-03T02:48:22.784635
100,100,2,65,139,bnb_c,2.3523008823394775,True,False,0.426349567827752,True,,abcd,0.1,2026-03-03T02:48:25.260954
100,100,2,66,148,gurobi,0.25214076042175293,True,False,0.42565284879473275,True,,abcd,0.1,2026-03-03T02:48:25.646025
100,100,2,66,148,bnb_c,0.22612500190734863,True,False,0.425652848794741,True,,abcd,0.1,2026-03-03T02:48:25.995588
100,100,2,67,160,gurobi,0.28012919425964355,True,False,0.4374999999999952,True,,abcd,0.1,2026-03-03T02:48:26.409109
100,100,2,67,160,bnb_c,0.2562849521636963,True,False,0.4375,True,,abcd,0.1,2026-03-03T02:48:26.788887
100,100,2,68,141,gurobi,0.0748288631439209,True,False,0.46453900709219614,True,,abcd,0.1,2026-03-03T02:48:27.035531
100,100,2,68,141,bnb_c,0.2390148639678955,True,False,0.464539007092199,True,,abcd,0.1,2026-03-03T02:48:27.406573
100,100,2,69,148,gurobi,0.8818650245666504,True,False,0.41743517165814464,True,,abcd,0.1,2026-03-03T02:48:28.417511
100,100,2,69,148,bnb_c,1.02748703956604,True,False,0.417435171658145,True,,abcd,0.1,2026-03-03T02:48:29.569877
100,100,2,70,140,gurobi,2.320019006729126,True,False,0.4283418367346967,True,,abcd,0.1,2026-03-03T02:48:32.014666
100,100,2,70,140,bnb_c,1.1318819522857666,True,False,0.428341836734694,True,,abcd,0.1,2026-03-03T02:48:33.271597
100,100,2,71,132,gurobi,2.4078898429870605,True,False,0.43939393939395327,True,,abcd,0.1,2026-03-03T02:48:35.819427
100,100,2,71,132,bnb_c,0.4470090866088867,True,False,0.43939393939394,True,,abcd,0.1,2026-03-03T02:48:36.395039
100,100,2,72,130,gurobi,0.301785945892334,True,False,0.46150889280307517,True,,abcd,0.1,2026-03-03T02:48:36.834050
100,100,2,72,130,bnb_c,0.28839802742004395,True,False,0.461508875739645,True,,abcd,0.1,2026-03-03T02:48:37.248528
100,100,2,73,153,gurobi,1.0337069034576416,True,False,0.4400017087445001,True,,abcd,0.1,2026-03-03T02:48:38.413060
100,100,2,73,153,bnb_c,0.24994301795959473,True,False,0.4400017087445,True,,abcd,0.1,2026-03-03T02:48:38.791026
100,100,2,74,172,gurobi,0.17341113090515137,True,False,0.41831733369388147,True,,abcd,0.1,2026-03-03T02:48:39.101033
100,100,2,74,172,bnb_c,0.30150771141052246,True,False,0.418317333693889,True,,abcd,0.1,2026-03-03T02:48:39.530806
100,100,2,75,135,gurobi,3.636408805847168,True,False,0.4361042524005438,True,,abcd,0.1,2026-03-03T02:48:43.295623
100,100,2,75,135,bnb_c,0.49013805389404297,True,False,0.436104252400549,True,,abcd,0.1,2026-03-03T02:48:43.914136
100,100,2,76,155,gurobi,0.13353800773620605,True,False,0.4389386056191407,True,,abcd,0.1,2026-03-03T02:48:44.179118
100,100,2,76,155,bnb_c,0.2501869201660156,True,False,0.438938605619147,True,,abcd,0.1,2026-03-03T02:48:44.561028
100,100,2,77,147,gurobi,0.1806650161743164,True,False,0.4427784719329888,True,,abcd,0.1,2026-03-03T02:48:44.879212
100,100,2,77,147,bnb_c,0.2406787872314453,True,False,0.442778471932991,True,,abcd,0.1,2026-03-03T02:48:45.247595
100,100,2,78,145,gurobi,0.3170199394226074,True,False,0.4532699167657472,True,,abcd,0.1,2026-03-03T02:48:45.696344
100,100,2,78,145,bnb_c,0.2540290355682373,True,False,0.453269916765755,True,,abcd,0.1,2026-03-03T02:48:46.074075
100,100,2,79,152,gurobi,0.19218206405639648,True,False,0.44613486842105277,True,,abcd,0.1,2026-03-03T02:48:46.398713
100,100,2,79,152,bnb_c,0.24107909202575684,True,False,0.446134868421053,True,,abcd,0.1,2026-03-03T02:48:46.763292
100,100,2,80,145,gurobi,0.14520716667175293,True,False,0.45162901307965797,True,,abcd,0.1,2026-03-03T02:48:47.043056
100,100,2,80,145,bnb_c,0.2382497787475586,True,False,0.451629013079667,True,,abcd,0.1,2026-03-03T02:48:47.413606
100,100,2,81,132,gurobi,0.357921838760376,True,False,0.4545454545454649,True,,abcd,0.1,2026-03-03T02:48:47.898900
100,100,2,81,132,bnb_c,0.23686671257019043,True,False,0.454545454545455,True,,abcd,0.1,2026-03-03T02:48:48.259327
100,100,2,82,146,gurobi,0.21370983123779297,True,False,0.4315068493150628,True,,abcd,0.1,2026-03-03T02:48:48.607868
100,100,2,82,146,bnb_c,0.3123047351837158,True,False,0.431506849315068,True,,abcd,0.1,2026-03-03T02:48:49.044459
100,100,2,83,144,gurobi,0.05036473274230957,True,False,0.4836998456790099,True,,abcd,0.1,2026-03-03T02:48:49.221034
100,100,2,83,144,bnb_c,0.24445700645446777,True,False,0.483699845679012,True,,abcd,0.1,2026-03-03T02:48:49.599059
100,97,2,84,132,gurobi,1.4922988414764404,True,False,0.4320477502295787,True,,abcd,0.1,2026-03-03T02:48:51.197395
100,97,2,84,132,bnb_c,0.5771868228912354,True,False,0.432047750229568,True,,abcd,0.1,2026-03-03T02:48:51.880065
100,100,2,85,165,gurobi,0.19239401817321777,True,False,0.4473829201101948,True,,abcd,0.1,2026-03-03T02:48:52.201102
100,100,2,85,165,bnb_c,0.24604392051696777,True,False,0.447382920110193,True,,abcd,0.1,2026-03-03T02:48:52.571152
100,100,2,86,153,gurobi,0.4534122943878174,True,False,0.43980947498824946,True,,abcd,0.1,2026-03-03T02:48:53.150643
100,100,2,86,153,bnb_c,0.2494640350341797,True,False,0.439809474988252,True,,abcd,0.1,2026-03-03T02:48:53.524337
100,100,2,87,145,gurobi,0.42493629455566406,True,False,0.4436623067776367,True,,abcd,0.1,2026-03-03T02:48:54.074898
100,100,2,87,145,bnb_c,0.2520880699157715,True,False,0.443662306777646,True,,abcd,0.1,2026-03-03T02:48:54.454746
100,100,2,88,169,gurobi,1.227890968322754,True,False,0.39940828402366424,True,,abcd,0.1,2026-03-03T02:48:55.812083
100,100,2,88,169,bnb_c,0.4172086715698242,True,False,0.399408284023669,True,,abcd,0.1,2026-03-03T02:48:56.361372
100,100,2,89,159,gurobi,0.6873750686645508,True,False,0.4373244729243211,True,,abcd,0.1,2026-03-03T02:48:57.177180
100,100,2,89,159,bnb_c,0.2580547332763672,True,False,0.437324472924331,True,,abcd,0.1,2026-03-03T02:48:57.563980
100,100,2,90,136,gurobi,0.16870880126953125,True,False,0.45415224913494195,True,,abcd,0.1,2026-03-03T02:48:57.868285
100,100,2,90,136,bnb_c,0.2620887756347656,True,False,0.454152249134948,True,,abcd,0.1,2026-03-03T02:48:58.257578
100,100,2,91,158,gurobi,11.021867990493774,True,False,0.395910110559205,True,,abcd,0.1,2026-03-03T02:49:09.406461
100,100,2,91,158,bnb_c,6.132870197296143,True,False,0.395910110559205,True,,abcd,0.1,2026-03-03T02:49:15.668654
100,100,2,92,151,gurobi,0.884768009185791,True,False,0.42285426077802535,True,,abcd,0.1,2026-03-03T02:49:16.683107
100,100,2,92,151,bnb_c,0.36275410652160645,True,False,0.422854260778036,True,,abcd,0.1,2026-03-03T02:49:17.173963
100,100,2,93,142,gurobi,0.10252785682678223,True,False,0.45774647887324343,True,,abcd,0.1,2026-03-03T02:49:17.418489
100,100,2,93,142,bnb_c,0.2399740219116211,True,False,0.457746478873239,True,,abcd,0.1,2026-03-03T02:49:17.794402
100,100,2,94,145,gurobi,0.29541611671447754,True,False,0.43707491082044253,True,,abcd,0.1,2026-03-03T02:49:18.224872
100,100,2,94,145,bnb_c,0.49442100524902344,True,False,0.437074910820452,True,,abcd,0.1,2026-03-03T02:49:18.845078
100,100,2,95,139,gurobi,0.10877418518066406,True,False,0.4561875679312614,True,,abcd,0.1,2026-03-03T02:49:19.088887
100,100,2,95,139,bnb_c,0.2414109706878662,True,False,0.456187567931267,True,,abcd,0.1,2026-03-03T02:49:19.463292
100,100,2,96,148,gurobi,0.11802077293395996,True,False,0.4475666544923246,True,,abcd,0.1,2026-03-03T02:49:19.711190
100,100,2,96,148,bnb_c,0.24804401397705078,True,False,0.44756665449233,True,,abcd,0.1,2026-03-03T02:49:20.092765
100,100,2,97,162,gurobi,0.437558650970459,True,False,0.4073883554336245,True,,abcd,0.1,2026-03-03T02:49:20.656019
100,100,2,97,162,bnb_c,0.545525074005127,True,False,0.407388355433623,True,,abcd,0.1,2026-03-03T02:49:21.325925
100,100,2,98,137,gurobi,0.059149980545043945,True,False,0.4566838936544225,True,,abcd,0.1,2026-03-03T02:49:21.517565
100,100,2,98,137,bnb_c,0.23932886123657227,True,False,0.45668389365443,True,,abcd,0.1,2026-03-03T02:49:21.891935
100,100,2,99,153,gurobi,0.33574986457824707,True,False,0.43083856636335993,True,,abcd,0.1,2026-03-03T02:49:22.362761
100,100,2,99,153,bnb_c,0.3146331310272217,True,False,0.430838566363364,True,,abcd,0.1,2026-03-03T02:49:22.804428
120,120,2,0,169,gurobi,3.6006977558135986,True,False,0.45264521550365533,True,,abcd,0.1,2026-03-03T02:49:26.544792
120,120,2,0,169,bnb_c,0.8353521823883057,True,False,0.452645215503659,True,,abcd,0.1,2026-03-03T02:49:27.509670
120,120,2,1,170,gurobi,0.1182868480682373,True,False,0.47057093425604374,True,,abcd,0.1,2026-03-03T02:49:27.768745
120,120,2,1,170,bnb_c,0.31638383865356445,True,False,0.470570934256055,True,,abcd,0.1,2026-03-03T02:49:28.221106
120,120,2,2,178,gurobi,13.784419059753418,True,False,0.42000694356773305,True,,abcd,0.1,2026-03-03T02:49:42.150311
120,120,2,2,178,bnb_c,8.416829824447632,True,False,0.420006943567731,True,,abcd,0.1,2026-03-03T02:49:50.697556
120,120,2,3,182,gurobi,13.391299962997437,True,False,0.41213319647385527,True,,abcd,0.1,2026-03-03T02:50:04.235098
120,120,2,3,182,bnb_c,30,False,True,,,timeout,abcd,0.1,2026-03-03T02:50:34.241461
120,120,2,4,183,gurobi,2.5570099353790283,True,False,0.43405297261786796,True,,abcd,0.1,2026-03-03T02:50:36.938321
120,120,2,4,183,bnb_c,0.5651829242706299,True,False,0.434052972617875,True,,abcd,0.1,2026-03-03T02:50:37.639163
120,120,2,5,172,gurobi,2.640076160430908,True,False,0.4360296106003148,True,,abcd,0.1,2026-03-03T02:50:40.419227
120,120,2,5,172,bnb_c,1.5972900390625,True,False,0.436029610600325,True,,abcd,0.1,2026-03-03T02:50:42.149034
120,120,2,6,197,gurobi,0.1617872714996338,True,False,0.43443531139685093,True,,abcd,0.1,2026-03-03T02:50:42.447802
120,120,2,6,197,bnb_c,0.4714076519012451,True,False,0.434435311396841,True,,abcd,0.1,2026-03-03T02:50:43.051087
120,120,2,7,173,gurobi,1.9896283149719238,True,False,0.4464399077817526,True,,abcd,0.1,2026-03-03T02:50:45.185221
120,120,2,7,173,bnb_c,0.5460481643676758,True,False,0.44643990778175,True,,abcd,0.1,2026-03-03T02:50:45.861590
120,120,2,8,174,gurobi,7.847562074661255,True,False,0.42394966309948356,True,,abcd,0.1,2026-03-03T02:50:53.850156
120,120,2,8,174,bnb_c,8.320775985717773,True,False,0.423949663099485,True,,abcd,0.1,2026-03-03T02:51:02.299945
120,120,2,9,172,gurobi,1.5802249908447266,True,False,0.45348837209301307,True,,abcd,0.1,2026-03-03T02:51:04.027633
120,120,2,9,172,bnb_c,0.3336498737335205,True,False,0.453488372093023,True,,abcd,0.1,2026-03-03T02:51:04.502869
120,120,2,10,181,gurobi,2.0850298404693604,True,False,0.42929092518544,True,,abcd,0.1,2026-03-03T02:51:06.726183
120,120,2,10,181,bnb_c,1.4220190048217773,True,False,0.429290925185434,True,,abcd,0.1,2026-03-03T02:51:08.276080
120,120,2,11,171,gurobi,1.7264800071716309,True,False,0.45183133271775405,True,,abcd,0.1,2026-03-03T02:51:10.142689
120,120,2,11,171,bnb_c,0.6729471683502197,True,False,0.451831332717759,True,,abcd,0.1,2026-03-03T02:51:10.940127
120,120,2,12,173,gurobi,0.3199949264526367,True,False,0.4541247619365903,True,,abcd,0.1,2026-03-03T02:51:11.388340
120,120,2,12,173,bnb_c,0.34870195388793945,True,False,0.454124761936583,True,,abcd,0.1,2026-03-03T02:51:11.866189
120,120,2,13,170,gurobi,0.23410677909851074,True,False,0.4640830449826855,True,,abcd,0.1,2026-03-03T02:51:12.228597
120,120,2,13,170,bnb_c,0.33000898361206055,True,False,0.464083044982699,True,,abcd,0.1,2026-03-03T02:51:12.683479
120,120,2,14,176,gurobi,2.5093648433685303,True,False,0.4452317923553615,True,,abcd,0.1,2026-03-03T02:51:15.320664
120,120,2,14,176,bnb_c,0.5082302093505859,True,False,0.445231792355372,True,,abcd,0.1,2026-03-03T02:51:15.960906
120,120,2,15,204,gurobi,4.83116888999939,True,False,0.4068507304882731,True,,abcd,0.1,2026-03-03T02:51:20.923912
120,120,2,15,204,bnb_c,13.010708093643188,True,False,0.406850730488274,True,,abcd,0.1,2026-03-03T02:51:34.063262
120,120,2,16,176,gurobi,1.9410338401794434,True,False,0.44260072314048915,True,,abcd,0.1,2026-03-03T02:51:36.136179
120,120,2,16,176,bnb_c,1.0927910804748535,True,False,0.442600723140496,True,,abcd,0.1,2026-03-03T02:51:37.363869
120,120,2,17,192,gurobi,7.399446964263916,True,False,0.42999945746528934,True,,abcd,0.1,2026-03-03T02:51:44.896361
120,120,2,17,192,bnb_c,1.844994068145752,True,False,0.429999457465278,True,,abcd,0.1,2026-03-03T02:51:46.869935
120,120,2,18,186,gurobi,0.26233983039855957,True,False,0.44999421898485986,True,,abcd,0.1,2026-03-03T02:51:47.264461
120,120,2,18,186,bnb_c,0.33498597145080566,True,False,0.449994218984854,True,,abcd,0.1,2026-03-03T02:51:47.725727
120,120,2,19,168,gurobi,0.2973299026489258,True,False,0.464285714285718,True,,abcd,0.1,2026-03-03T02:51:48.160178
120,120,2,19,168,bnb_c,0.34130358695983887,True,False,0.464285714285714,True,,abcd,0.1,2026-03-03T02:51:48.630489
120,120,2,20,174,gurobi,1.0787317752838135,True,False,0.4597536002113854,True,,abcd,0.1,2026-03-03T02:51:49.844172
120,120,2,20,174,bnb_c,0.35503315925598145,True,False,0.459753600211389,True,,abcd,0.1,2026-03-03T02:51:50.323666
120,120,2,21,175,gurobi,1.3467168807983398,True,False,0.4462204081632661,True,,abcd,0.1,2026-03-03T02:51:51.809225
120,120,2,21,175,bnb_c,0.7848761081695557,True,False,0.446220408163265,True,,abcd,0.1,2026-03-03T02:51:52.722286
120,120,2,22,186,gurobi,1.749384880065918,True,False,0.43760839403399576,True,,abcd,0.1,2026-03-03T02:51:54.611593
120,120,2,22,186,bnb_c,1.0689759254455566,True,False,0.437608394033992,True,,abcd,0.1,2026-03-03T02:51:55.804371
120,120,2,23,187,gurobi,1.0434837341308594,True,False,0.46233807086276985,True,,abcd,0.1,2026-03-03T02:51:56.981866
120,120,2,23,187,bnb_c,0.3561873435974121,True,False,0.462338070862764,True,,abcd,0.1,2026-03-03T02:51:57.467199
120,120,2,24,165,gurobi,1.9161207675933838,True,False,0.4572819100091862,True,,abcd,0.1,2026-03-03T02:51:59.525319
120,120,2,24,165,bnb_c,1.2072839736938477,True,False,0.457281910009183,True,,abcd,0.1,2026-03-03T02:52:00.858987
120,120,2,25,176,gurobi,1.547821044921875,True,False,0.4370964617768479,True,,abcd,0.1,2026-03-03T02:52:02.540781
120,120,2,25,176,bnb_c,1.1068809032440186,True,False,0.43709646177686,True,,abcd,0.1,2026-03-03T02:52:03.771940
120,120,2,26,183,gurobi,1.4356698989868164,True,False,0.4340529726178572,True,,abcd,0.1,2026-03-03T02:52:05.335662
120,120,2,26,183,bnb_c,3.6627728939056396,True,False,0.434052972617875,True,,abcd,0.1,2026-03-03T02:52:09.123192
120,120,2,27,178,gurobi,0.0756988525390625,True,False,0.47189433152380217,True,,abcd,0.1,2026-03-03T02:52:09.342044
120,120,2,27,178,bnb_c,0.33037590980529785,True,False,0.471894331523798,True,,abcd,0.1,2026-03-03T02:52:09.809439
120,120,2,28,186,gurobi,4.905614137649536,True,False,0.44623655913978083,True,,abcd,0.1,2026-03-03T02:52:14.853503
120,120,2,28,186,bnb_c,0.3964688777923584,True,False,0.446236559139785,True,,abcd,0.1,2026-03-03T02:52:15.379124
120,120,2,29,179,gurobi,6.0812647342681885,True,False,0.4279985019194139,True,,abcd,0.1,2026-03-03T02:52:21.600594
120,120,2,29,179,bnb_c,1.9111969470977783,True,False,0.427998501919416,True,,abcd,0.1,2026-03-03T02:52:23.645328
120,120,2,30,177,gurobi,0.9555258750915527,True,False,0.4462159660378521,True,,abcd,0.1,2026-03-03T02:52:24.741072
120,120,2,30,177,bnb_c,0.7588672637939453,True,False,0.446215966037857,True,,abcd,0.1,2026-03-03T02:52:25.628318
120,120,2,31,199,gurobi,8.664635181427002,True,False,0.4159490921946388,True,,abcd,0.1,2026-03-03T02:52:34.430041
120,120,2,31,199,bnb_c,2.7400708198547363,True,False,0.415949092194642,True,,abcd,0.1,2026-03-03T02:52:37.303534
120,120,2,32,162,gurobi,0.8947341442108154,True,False,0.46296296296295636,True,,abcd,0.1,2026-03-03T02:52:38.340904
120,120,2,32,162,bnb_c,0.40579724311828613,True,False,0.462962962962963,True,,abcd,0.1,2026-03-03T02:52:38.874681
120,120,2,33,189,gurobi,0.1300218105316162,True,False,0.45698608661572504,True,,abcd,0.1,2026-03-03T02:52:39.145471
120,120,2,33,189,bnb_c,0.3283650875091553,True,False,0.456986086615716,True,,abcd,0.1,2026-03-03T02:52:39.610222
120,120,2,34,178,gurobi,2.1022191047668457,True,False,0.43031182931448053,True,,abcd,0.1,2026-03-03T02:52:41.846507
120,120,2,34,178,bnb_c,2.4951601028442383,True,False,0.43031182931448,True,,abcd,0.1,2026-03-03T02:52:44.466428
120,120,2,35,182,gurobi,3.487309694290161,True,False,0.45053435575414125,True,,abcd,0.1,2026-03-03T02:52:48.088056
120,120,2,35,182,bnb_c,0.44892406463623047,True,False,0.450534355754136,True,,abcd,0.1,2026-03-03T02:52:48.665346
120,120,2,36,184,gurobi,1.0083820819854736,True,False,0.43974480151229933,True,,abcd,0.1,2026-03-03T02:52:49.817519
120,120,2,36,184,bnb_c,0.5696146488189697,True,False,0.439744801512287,True,,abcd,0.1,2026-03-03T02:52:50.515703
120,120,2,37,191,gurobi,0.174238920211792,True,False,0.4633508260652979,True,,abcd,0.1,2026-03-03T02:52:50.828953
120,120,2,37,191,bnb_c,0.3220329284667969,True,False,0.463350785340314,True,,abcd,0.1,2026-03-03T02:52:51.278010
120,120,2,38,201,gurobi,0.6822052001953125,True,False,0.44875126853294245,True,,abcd,0.1,2026-03-03T02:52:52.090675
120,120,2,38,201,bnb_c,0.3345029354095459,True,False,0.448751268532957,True,,abcd,0.1,2026-03-03T02:52:52.550224
120,120,2,39,193,gurobi,0.5385138988494873,True,False,0.4361996295202428,True,,abcd,0.1,2026-03-03T02:52:53.226574
120,120,2,39,193,bnb_c,0.7288119792938232,True,False,0.436199629520256,True,,abcd,0.1,2026-03-03T02:52:54.081631
120,116,2,40,176,gurobi,2.6679091453552246,True,False,0.42573282541321583,True,,abcd,0.1,2026-03-03T02:52:56.859236
120,116,2,40,176,bnb_c,11.221330881118774,True,False,0.425732825413223,True,,abcd,0.1,2026-03-03T02:53:08.223435
120,120,2,41,186,gurobi,1.3068792819976807,True,False,0.4457162677766302,True,,abcd,0.1,2026-03-03T02:53:09.676982
120,120,2,41,186,bnb_c,0.48069095611572266,True,False,0.445716267776622,True,,abcd,0.1,2026-03-03T02:53:10.289523
120,120,2,42,166,gurobi,1.404486894607544,True,False,0.4457649876614824,True,,abcd,0.1,2026-03-03T02:53:11.831917
120,120,2,42,166,bnb_c,0.4319453239440918,True,False,0.445764987661489,True,,abcd,0.1,2026-03-03T02:53:12.391607
120,120,2,43,158,gurobi,1.4806749820709229,True,False,0.4523113283127665,True,,abcd,0.1,2026-03-03T02:53:14.006908
120,120,2,43,158,bnb_c,1.5700409412384033,True,False,0.45231132831277,True,,abcd,0.1,2026-03-03T02:53:15.702046
120,120,2,44,189,gurobi,0.8408570289611816,True,False,0.4489236023627663,True,,abcd,0.1,2026-03-03T02:53:16.679852
120,120,2,44,189,bnb_c,0.4640650749206543,True,False,0.448923602362756,True,,abcd,0.1,2026-03-03T02:53:17.267415
120,120,2,45,175,gurobi,0.2710399627685547,True,False,0.45152653061224285,True,,abcd,0.1,2026-03-03T02:53:17.667038
120,120,2,45,175,bnb_c,0.35431718826293945,True,False,0.451526530612245,True,,abcd,0.1,2026-03-03T02:53:18.145642
120,120,2,46,176,gurobi,1.7582168579101562,True,False,0.4347720816115577,True,,abcd,0.1,2026-03-03T02:53:20.037322
120,120,2,46,176,bnb_c,0.31287217140197754,True,False,0.43477208161157,True,,abcd,0.1,2026-03-03T02:53:20.478357
120,120,2,47,183,gurobi,0.8097212314605713,True,False,0.43983098928004544,True,,abcd,0.1,2026-03-03T02:53:21.425745
120,120,2,47,183,bnb_c,0.3571491241455078,True,False,0.439830989280062,True,,abcd,0.1,2026-03-03T02:53:21.907312
120,120,2,48,198,gurobi,0.12519073486328125,True,False,0.44653606774818444,True,,abcd,0.1,2026-03-03T02:53:22.167039
120,120,2,48,198,bnb_c,0.3493828773498535,True,False,0.446536067748189,True,,abcd,0.1,2026-03-03T02:53:22.648246
120,120,2,49,172,gurobi,0.5651760101318359,True,False,0.4401703623580236,True,,abcd,0.1,2026-03-03T02:53:23.345388
120,120,2,49,172,bnb_c,5.7536962032318115,True,False,0.440170362358031,True,,abcd,0.1,2026-03-03T02:53:29.224546
120,120,2,50,195,gurobi,0.41820788383483887,True,False,0.4378172255095332,True,,abcd,0.1,2026-03-03T02:53:29.789654
120,120,2,50,195,bnb_c,0.3797740936279297,True,False,0.437817225509533,True,,abcd,0.1,2026-03-03T02:53:30.297294
120,120,2,51,172,gurobi,2.4015817642211914,True,False,0.42962412114655524,True,,abcd,0.1,2026-03-03T02:53:32.838140
120,120,2,51,172,bnb_c,2.581469774246216,True,False,0.429624121146566,True,,abcd,0.1,2026-03-03T02:53:35.547362
120,120,2,52,170,gurobi,0.7646670341491699,True,False,0.45880622837369234,True,,abcd,0.1,2026-03-03T02:53:36.455483
120,120,2,52,170,bnb_c,0.3648350238800049,True,False,0.458806228373703,True,,abcd,0.1,2026-03-03T02:53:36.949018
120,120,2,53,174,gurobi,1.673595905303955,True,False,0.4392918483287097,True,,abcd,0.1,2026-03-03T02:53:38.761383
120,120,2,53,174,bnb_c,0.7625069618225098,True,False,0.439291848328709,True,,abcd,0.1,2026-03-03T02:53:39.653129
120,120,2,54,167,gurobi,0.641442060470581,True,False,0.46391050234858205,True,,abcd,0.1,2026-03-03T02:53:40.430417
120,120,2,54,167,bnb_c,0.32669591903686523,True,False,0.463910502348596,True,,abcd,0.1,2026-03-03T02:53:40.881533
120,120,2,55,160,gurobi,1.2712249755859375,True,False,0.4624999999999919,True,,abcd,0.1,2026-03-03T02:53:42.294798
120,120,2,55,160,bnb_c,0.4554460048675537,True,False,0.4625,True,,abcd,0.1,2026-03-03T02:53:42.877428
120,120,2,56,167,gurobi,1.1223900318145752,True,False,0.4528667216465177,True,,abcd,0.1,2026-03-03T02:53:44.135470
120,120,2,56,167,bnb_c,0.432614803314209,True,False,0.452866721646527,True,,abcd,0.1,2026-03-03T02:53:44.696835
120,120,2,57,183,gurobi,4.0580573081970215,True,False,0.4278419779628933,True,,abcd,0.1,2026-03-03T02:53:48.885262
120,120,2,57,183,bnb_c,2.0031402111053467,True,False,0.427841977962913,True,,abcd,0.1,2026-03-03T02:53:51.020416
120,120,2,58,190,gurobi,2.0299930572509766,True,False,0.42609418282547606,True,,abcd,0.1,2026-03-03T02:53:53.189093
120,120,2,58,190,bnb_c,2.6149919033050537,True,False,0.426094182825485,True,,abcd,0.1,2026-03-03T02:53:55.933397
120,120,2,59,174,gurobi,1.373208999633789,True,False,0.4410754392918487,True,,abcd,0.1,2026-03-03T02:53:57.449524
120,120,2,59,174,bnb_c,0.6972589492797852,True,False,0.441075439291848,True,,abcd,0.1,2026-03-03T02:53:58.279121
120,120,2,60,171,gurobi,0.34904003143310547,True,False,0.4467528470298444,True,,abcd,0.1,2026-03-03T02:53:58.766317
120,120,2,60,171,bnb_c,0.7157580852508545,True,False,0.446752847029855,True,,abcd,0.1,2026-03-03T02:53:59.615679
120,120,2,61,183,gurobi,0.3111717700958252,True,False,0.45081967213113416,True,,abcd,0.1,2026-03-03T02:54:00.063115
120,120,2,61,183,bnb_c,0.3641836643218994,True,False,0.450819672131148,True,,abcd,0.1,2026-03-03T02:54:00.557504
120,120,2,62,182,gurobi,2.065062999725342,True,False,0.430126192488829,True,,abcd,0.1,2026-03-03T02:54:02.756448
120,120,2,62,182,bnb_c,2.075528860092163,True,False,0.43012619248883,True,,abcd,0.1,2026-03-03T02:54:04.956638
120,120,2,63,178,gurobi,0.41896605491638184,True,False,0.44348882716828375,True,,abcd,0.1,2026-03-03T02:54:05.505837
120,120,2,63,178,bnb_c,0.5254220962524414,True,False,0.443488827168287,True,,abcd,0.1,2026-03-03T02:54:06.156243
120,120,2,64,199,gurobi,1.0020232200622559,True,False,0.4296356152622396,True,,abcd,0.1,2026-03-03T02:54:07.294721
120,120,2,64,199,bnb_c,0.42322468757629395,True,False,0.429635615262241,True,,abcd,0.1,2026-03-03T02:54:07.844016
120,120,2,65,188,gurobi,0.17346620559692383,True,False,0.4612381167949214,True,,abcd,0.1,2026-03-03T02:54:08.150703
120,120,2,65,188,bnb_c,0.31279683113098145,True,False,0.46123811679493,True,,abcd,0.1,2026-03-03T02:54:08.588222
120,116,2,66,174,gurobi,0.9110279083251953,True,False,0.44825934733783207,True,,abcd,0.1,2026-03-03T02:54:09.615197
120,116,2,66,174,bnb_c,0.3018219470977783,True,False,0.448259347337825,True,,abcd,0.1,2026-03-03T02:54:10.021491
120,120,2,67,183,gurobi,8.069668769836426,True,False,0.4177939024754229,True,,abcd,0.1,2026-03-03T02:54:18.229944
120,120,2,67,183,bnb_c,9.94514799118042,True,False,0.41779390247544,True,,abcd,0.1,2026-03-03T02:54:28.303614
120,120,2,68,164,gurobi,12.1897132396698,True,False,0.4409391731112622,True,,abcd,0.1,2026-03-03T02:54:40.627634
120,120,2,68,164,bnb_c,8.758450031280518,True,False,0.440939173111243,True,,abcd,0.1,2026-03-03T02:54:49.515402
120,120,2,69,177,gurobi,23.451529026031494,True,False,0.45478630023300726,True,,abcd,0.1,2026-03-03T02:55:13.107601
120,120,2,69,177,bnb_c,2.1077752113342285,True,False,0.454786300233012,True,,abcd,0.1,2026-03-03T02:55:15.355179
120,120,2,70,180,gurobi,0.17207980155944824,True,False,0.47035493827160396,True,,abcd,0.1,2026-03-03T02:55:15.664987
120,120,2,70,180,bnb_c,0.33349084854125977,True,False,0.470354938271605,True,,abcd,0.1,2026-03-03T02:55:16.128615
120,120,2,71,209,gurobi,0.4320528507232666,True,False,0.4172981387788717,True,,abcd,0.1,2026-03-03T02:55:16.694658
120,120,2,71,209,bnb_c,0.30478787422180176,True,False,0.417298138778874,True,,abcd,0.1,2026-03-03T02:55:17.127226
120,120,2,72,186,gurobi,8.97671914100647,True,False,0.4102786449300528,True,,abcd,0.1,2026-03-03T02:55:26.241321
120,120,2,72,186,bnb_c,8.236961841583252,True,False,0.41027864493005,True,,abcd,0.1,2026-03-03T02:55:34.611371
120,120,2,73,161,gurobi,0.5024073123931885,True,False,0.45652173913043187,True,,abcd,0.1,2026-03-03T02:55:35.244387
120,120,2,73,161,bnb_c,0.46101880073547363,True,False,0.456521739130435,True,,abcd,0.1,2026-03-03T02:55:35.833093
120,120,2,74,191,gurobi,0.12871599197387695,True,False,0.4509059510430062,True,,abcd,0.1,2026-03-03T02:55:36.100913
120,120,2,74,191,bnb_c,0.33209800720214844,True,False,0.450905951043009,True,,abcd,0.1,2026-03-03T02:55:36.564218
120,120,2,75,175,gurobi,0.23467803001403809,True,False,0.45198367346938867,True,,abcd,0.1,2026-03-03T02:55:36.932570
120,120,2,75,175,bnb_c,0.4750630855560303,True,False,0.451983673469388,True,,abcd,0.1,2026-03-03T02:55:37.531989
120,120,2,76,179,gurobi,0.22704291343688965,True,False,0.4552916575637491,True,,abcd,0.1,2026-03-03T02:55:37.891278
120,120,2,76,179,bnb_c,0.35208868980407715,True,False,0.455291657563746,True,,abcd,0.1,2026-03-03T02:55:38.368517
120,120,2,77,171,gurobi,0.2291548252105713,True,False,0.4587907390308014,True,,abcd,0.1,2026-03-03T02:55:38.729504
120,120,2,77,171,bnb_c,0.4692232608795166,True,False,0.458790739030813,True,,abcd,0.1,2026-03-03T02:55:39.322458
120,120,2,78,188,gurobi,0.8364889621734619,True,False,0.43083691715707834,True,,abcd,0.1,2026-03-03T02:55:40.295245
120,120,2,78,188,bnb_c,1.4415979385375977,True,False,0.430836917157085,True,,abcd,0.1,2026-03-03T02:55:41.863613
120,120,2,79,189,gurobi,8.093217134475708,True,False,0.4277595811987402,True,,abcd,0.1,2026-03-03T02:55:50.093651
120,120,2,79,189,bnb_c,2.5593678951263428,True,False,0.427759581198735,True,,abcd,0.1,2026-03-03T02:55:52.782674
120,120,2,80,189,gurobi,0.8740859031677246,True,False,0.429103328574238,True,,abcd,0.1,2026-03-03T02:55:53.794616
120,120,2,80,189,bnb_c,0.665431022644043,True,False,0.429103328574228,True,,abcd,0.1,2026-03-03T02:55:54.587222
120,120,2,81,181,gurobi,0.24754977226257324,True,False,0.4497268093159577,True,,abcd,0.1,2026-03-03T02:55:54.965466
120,120,2,81,181,bnb_c,0.3493082523345947,True,False,0.449726809315955,True,,abcd,0.1,2026-03-03T02:55:55.443680
120,120,2,82,159,gurobi,0.27518606185913086,True,False,0.4598710494046777,True,,abcd,0.1,2026-03-03T02:55:55.857628
120,120,2,82,159,bnb_c,0.5959181785583496,True,False,0.459871049404691,True,,abcd,0.1,2026-03-03T02:55:56.576969
120,120,2,83,181,gurobi,1.027400255203247,True,False,0.43922664165593783,True,,abcd,0.1,2026-03-03T02:55:57.739196
120,120,2,83,181,bnb_c,0.5379178524017334,True,False,0.439226519337017,True,,abcd,0.1,2026-03-03T02:55:58.404812
120,120,2,84,188,gurobi,0.5186681747436523,True,False,0.4361702127659523,True,,abcd,0.1,2026-03-03T02:55:59.055791
120,120,2,84,188,bnb_c,0.8680229187011719,True,False,0.436170212765957,True,,abcd,0.1,2026-03-03T02:56:00.048675
120,120,2,85,169,gurobi,0.7294361591339111,True,False,0.43974300619725293,True,,abcd,0.1,2026-03-03T02:56:00.910164
120,120,2,85,169,bnb_c,16.7606098651886,True,False,0.439743006197262,True,,abcd,0.1,2026-03-03T02:56:17.795006
120,120,2,86,166,gurobi,13.228469848632812,True,False,0.4337167948903993,True,,abcd,0.1,2026-03-03T02:56:31.165354
120,120,2,86,166,bnb_c,5.862704753875732,True,False,0.433716794890405,True,,abcd,0.1,2026-03-03T02:56:37.157909
120,120,2,87,185,gurobi,0.5164299011230469,True,False,0.4455807158509773,True,,abcd,0.1,2026-03-03T02:56:37.809038
120,120,2,87,185,bnb_c,0.38632988929748535,True,False,0.445580715850986,True,,abcd,0.1,2026-03-03T02:56:38.322333
120,120,2,88,171,gurobi,0.5773658752441406,True,False,0.4470435347628163,True,,abcd,0.1,2026-03-03T02:56:39.032802
120,120,2,88,171,bnb_c,0.5479762554168701,True,False,0.447043534762833,True,,abcd,0.1,2026-03-03T02:56:39.707726
120,120,2,89,185,gurobi,2.7041001319885254,True,False,0.4226588750912993,True,,abcd,0.1,2026-03-03T02:56:42.549325
120,120,2,89,185,bnb_c,4.205793857574463,True,False,0.422658875091307,True,,abcd,0.1,2026-03-03T02:56:46.883789
120,120,2,90,185,gurobi,0.9739758968353271,True,False,0.4406720233747162,True,,abcd,0.1,2026-03-03T02:56:48.000489
120,120,2,90,185,bnb_c,0.40482163429260254,True,False,0.440672023374726,True,,abcd,0.1,2026-03-03T02:56:48.532133
120,120,2,91,176,gurobi,2.5618350505828857,True,False,0.4555623708677644,True,,abcd,0.1,2026-03-03T02:56:51.223976
120,120,2,91,176,bnb_c,0.6241550445556641,True,False,0.455562370867769,True,,abcd,0.1,2026-03-03T02:56:51.978003
120,120,2,92,198,gurobi,0.6765689849853516,True,False,0.42908886848280636,True,,abcd,0.1,2026-03-03T02:56:52.790481
120,120,2,92,198,bnb_c,0.5319399833679199,True,False,0.429088868482808,True,,abcd,0.1,2026-03-03T02:56:53.446946
120,120,2,93,204,gurobi,2.311293125152588,True,False,0.3981040945790155,True,,abcd,0.1,2026-03-03T02:56:55.890190
120,120,2,93,204,bnb_c,18.79098391532898,True,False,0.398104094579008,True,,abcd,0.1,2026-03-03T02:57:14.809442
120,120,2,94,160,gurobi,0.36961793899536133,True,False,0.4605468749999926,True,,abcd,0.1,2026-03-03T02:57:15.318420
120,120,2,94,160,bnb_c,0.36722683906555176,True,False,0.460546875,True,,abcd,0.1,2026-03-03T02:57:15.813415
120,120,2,95,168,gurobi,3.6257331371307373,True,False,0.4386160714285742,True,,abcd,0.1,2026-03-03T02:57:19.575094
120,120,2,95,168,bnb_c,5.219778060913086,True,False,0.438616071428571,True,,abcd,0.1,2026-03-03T02:57:24.922018
120,120,2,96,169,gurobi,1.040557622909546,True,False,0.4526452155036437,True,,abcd,0.1,2026-03-03T02:57:26.101278
120,120,2,96,169,bnb_c,1.1163697242736816,True,False,0.452645215503659,True,,abcd,0.1,2026-03-03T02:57:27.344353
120,120,2,97,190,gurobi,0.195037841796875,True,False,0.4459833795013718,True,,abcd,0.1,2026-03-03T02:57:27.671178
120,120,2,97,190,bnb_c,0.3585059642791748,True,False,0.445983379501385,True,,abcd,0.1,2026-03-03T02:57:28.154356
120,120,2,98,174,gurobi,0.37566685676574707,True,False,0.4445600475624233,True,,abcd,0.1,2026-03-03T02:57:28.660265
120,120,2,98,174,bnb_c,0.5576882362365723,True,False,0.444560047562426,True,,abcd,0.1,2026-03-03T02:57:29.341697
120,117,2,99,155,gurobi,30,False,True,,,timeout,abcd,0.1,2026-03-03T02:57:59.351697
120,117,2,99,155,bnb_c,10.911633729934692,True,False,0.436607700312175,True,,abcd,0.1,2026-03-03T02:58:10.376957
140,140,2,0,176,gurobi,1.8897461891174316,True,False,0.45827414772724645,True,,abcd,0.1,2026-03-03T02:58:12.406748
140,140,2,0,176,bnb_c,12.077128171920776,True,False,0.458274147727273,True,,abcd,0.1,2026-03-03T02:58:24.610963
140,140,2,1,223,gurobi,10.678544044494629,True,False,0.4352389953548047,True,,abcd,0.1,2026-03-03T02:58:35.427095
140,140,2,1,223,bnb_c,4.6075451374053955,True,False,0.435238995354823,True,,abcd,0.1,2026-03-03T02:58:40.163171
140,140,2,2,224,gurobi,30,False,True,,,timeout,abcd,0.1,2026-03-03T02:59:10.175602
140,140,2,2,224,bnb_c,30,False,True,,,timeout,abcd,0.1,2026-03-03T02:59:40.181269
140,140,2,3,228,gurobi,3.667128086090088,True,False,0.4330563250230512,True,,abcd,0.1,2026-03-03T02:59:43.986534
140,140,2,3,228,bnb_c,4.885837078094482,True,False,0.433056325023084,True,,abcd,0.1,2026-03-03T02:59:49.000210
140,140,2,4,201,gurobi,30,False,True,,,timeout,abcd,0.1,2026-03-03T03:00:19.020749
140,140,2,4,201,bnb_c,15.470170736312866,True,False,0.440323259325264,True,,abcd,0.1,2026-03-03T03:00:34.622643
140,140,2,5,206,gurobi,1.824031114578247,True,False,0.4463073805259786,True,,abcd,0.1,2026-03-03T03:00:36.587369
140,140,2,5,206,bnb_c,2.848635196685791,True,False,0.446307380525968,True,,abcd,0.1,2026-03-03T03:00:39.563602
140,140,2,6,208,gurobi,15.647018909454346,True,False,0.4376849112425911,True,,abcd,0.1,2026-03-03T03:00:55.342296
140,140,2,6,208,bnb_c,5.537846088409424,True,False,0.437684911242604,True,,abcd,0.1,2026-03-03T03:01:01.012291
140,140,2,7,213,gurobi,1.170569896697998,True,False,0.45661134254668445,True,,abcd,0.1,2026-03-03T03:01:02.320280
140,140,2,7,213,bnb_c,0.5994417667388916,True,False,0.456611342546673,True,,abcd,0.1,2026-03-03T03:01:03.050171
140,140,2,8,193,gurobi,10.35260009765625,True,False,0.4430051813471363,True,,abcd,0.1,2026-03-03T03:01:13.548382
140,140,2,8,193,bnb_c,7.451632022857666,True,False,0.44300518134715,True,,abcd,0.1,2026-03-03T03:01:21.127579
140,140,2,9,213,gurobi,3.2567098140716553,True,False,0.44090678657233895,True,,abcd,0.1,2026-03-03T03:01:24.529375
140,140,2,9,213,bnb_c,2.5128118991851807,True,False,0.440906786572329,True,,abcd,0.1,2026-03-03T03:01:27.170310
140,140,2,10,229,gurobi,2.114940881729126,True,False,0.4441562899258272,True,,abcd,0.1,2026-03-03T03:01:29.419673
140,140,2,10,229,bnb_c,0.7136838436126709,True,False,0.444156289925822,True,,abcd,0.1,2026-03-03T03:01:30.263533
140,140,2,11,219,gurobi,25.31734609603882,True,False,0.43606270026791233,True,,abcd,0.1,2026-03-03T03:01:55.713352
140,140,2,11,219,bnb_c,30,False,True,,,timeout,abcd,0.1,2026-03-03T03:02:25.720274
140,140,2,12,215,gurobi,0.2437877655029297,True,False,0.45290427257977717,True,,abcd,0.1,2026-03-03T03:02:26.098870
140,140,2,12,215,bnb_c,0.486983060836792,True,False,0.452904272579773,True,,abcd,0.1,2026-03-03T03:02:26.713168
140,140,2,13,211,gurobi,0.5373377799987793,True,False,0.45447092383366633,True,,abcd,0.1,2026-03-03T03:02:27.387634
140,140,2,13,211,bnb_c,0.75319504737854,True,False,0.454470923833697,True,,abcd,0.1,2026-03-03T03:02:28.267779
140,140,2,14,220,gurobi,4.679562091827393,True,False,0.4426033057851386,True,,abcd,0.1,2026-03-03T03:02:33.093652
140,140,2,14,220,bnb_c,2.0656182765960693,True,False,0.442603305785124,True,,abcd,0.1,2026-03-03T03:02:35.288637
140,140,2,15,209,gurobi,30,False,True,,,timeout,abcd,0.1,2026-03-03T03:03:05.306103
140,140,2,15,209,bnb_c,30,False,True,,,timeout,abcd,0.1,2026-03-03T03:03:35.311643
140,140,2,16,200,gurobi,30,False,True,,,timeout,abcd,0.1,2026-03-03T03:04:05.324366
140,140,2,16,200,bnb_c,30,False,True,,,timeout,abcd,0.1,2026-03-03T03:04:35.330010
140,140,2,17,195,gurobi,12.607790231704712,True,False,0.44227481919790596,True,,abcd,0.1,2026-03-03T03:04:48.076607
140,140,2,17,195,bnb_c,16.315367937088013,True,False,0.442274819197896,True,,abcd,0.1,2026-03-03T03:05:04.523063
140,140,2,18,212,gurobi,30,False,True,,,timeout,abcd,0.1,2026-03-03T03:05:34.533028
140,140,2,18,212,bnb_c,17.88322877883911,True,False,0.438668120327519,True,,abcd,0.1,2026-03-03T03:05:52.548237
140,140,2,19,226,gurobi,0.5816819667816162,True,False,0.45053449761140085,True,,abcd,0.1,2026-03-03T03:05:53.269473
140,140,2,19,226,bnb_c,0.49249982833862305,True,False,0.450534497611403,True,,abcd,0.1,2026-03-03T03:05:53.889229
140,140,2,20,198,gurobi,1.9535620212554932,True,False,0.44929088868483336,True,,abcd,0.1,2026-03-03T03:05:55.984898
140,140,2,20,198,bnb_c,6.300107717514038,True,False,0.449290888684828,True,,abcd,0.1,2026-03-03T03:06:02.411443
140,140,2,21,193,gurobi,5.679130792617798,True,False,0.45320679749790727,True,,abcd,0.1,2026-03-03T03:06:08.233116
140,140,2,21,193,bnb_c,11.470693826675415,True,False,0.453206797497919,True,,abcd,0.1,2026-03-03T03:06:19.831300
140,140,2,22,200,gurobi,2.726416826248169,True,False,0.4358875000000221,True,,abcd,0.1,2026-03-03T03:06:22.691430
140,140,2,22,200,bnb_c,30,False,True,,,timeout,abcd,0.1,2026-03-03T03:06:52.697093
140,140,2,23,207,gurobi,2.35404372215271,True,False,0.4501388597166783,True,,abcd,0.1,2026-03-03T03:06:55.188948
140,140,2,23,207,bnb_c,1.2450308799743652,True,False,0.450138859716679,True,,abcd,0.1,2026-03-03T03:06:56.563502
140,140,2,24,207,gurobi,3.31953501701355,True,False,0.43688300777147265,True,,abcd,0.1,2026-03-03T03:07:00.015384
140,140,2,24,207,bnb_c,7.454437732696533,True,False,0.436883007771477,True,,abcd,0.1,2026-03-03T03:07:07.602074
140,140,2,25,229,gurobi,30,False,True,,,timeout,abcd,0.1,2026-03-03T03:07:37.611968
140,140,2,25,229,bnb_c,5.5732808113098145,True,False,0.425764192139738,True,,abcd,0.1,2026-03-03T03:07:43.314839
140,140,2,26,206,gurobi,4.488402843475342,True,False,0.4422188707701071,True,,abcd,0.1,2026-03-03T03:07:47.939923
140,140,2,26,206,bnb_c,6.408840894699097,True,False,0.442218870770101,True,,abcd,0.1,2026-03-03T03:07:54.477280
140,140,2,27,232,gurobi,12.440309047698975,True,False,0.4387633769322315,True,,abcd,0.1,2026-03-03T03:08:07.056131
140,140,2,27,232,bnb_c,30,False,True,,,timeout,abcd,0.1,2026-03-03T03:08:37.061939
140,140,2,28,253,gurobi,1.861644983291626,True,False,0.41172335140371213,True,,abcd,0.1,2026-03-03T03:08:39.070192
140,140,2,28,253,bnb_c,6.578190088272095,True,False,0.411723351403709,True,,abcd,0.1,2026-03-03T03:08:45.775608
140,140,2,29,224,gurobi,30,False,True,,,timeout,abcd,0.1,2026-03-03T03:09:15.787319
140,140,2,29,224,bnb_c,30,False,True,,,timeout,abcd,0.1,2026-03-03T03:09:45.794199
140,140,2,30,202,gurobi,27.2713360786438,True,False,0.43946671894912853,True,,abcd,0.1,2026-03-03T03:10:13.202733
140,140,2,30,202,bnb_c,9.016023874282837,True,False,0.439466718949123,True,,abcd,0.1,2026-03-03T03:10:22.349463
140,137,2,31,220,gurobi,30,False,True,,,timeout,abcd,0.1,2026-03-03T03:10:52.361442
140,137,2,31,220,bnb_c,11.987323999404907,True,False,0.418181818181818,True,,abcd,0.1,2026-03-03T03:11:04.457628
140,140,2,32,220,gurobi,1.8206229209899902,True,False,0.4545351239669564,True,,abcd,0.1,2026-03-03T03:11:06.413452
140,140,2,32,220,bnb_c,0.4696006774902344,True,False,0.454535123966942,True,,abcd,0.1,2026-03-03T03:11:07.010887
140,140,2,33,195,gurobi,30,False,True,,,timeout,abcd,0.1,2026-03-03T03:11:37.022552
140,140,2,33,195,bnb_c,30,False,True,,,timeout,abcd,0.1,2026-03-03T03:12:07.030642
140,140,2,34,229,gurobi,1.7711491584777832,True,False,0.45624606700864606,True,,abcd,0.1,2026-03-03T03:12:08.942126
140,140,2,34,229,bnb_c,0.4419829845428467,True,False,0.456246067008638,True,,abcd,0.1,2026-03-03T03:12:09.511408
140,140,2,35,185,gurobi,2.9869019985198975,True,False,0.4514828341855251,True,,abcd,0.1,2026-03-03T03:12:12.629324
140,140,2,35,185,bnb_c,10.634248971939087,True,False,0.451482834185537,True,,abcd,0.1,2026-03-03T03:12:23.391518
140,140,2,36,223,gurobi,0.40453505516052246,True,False,0.45434253654806783,True,,abcd,0.1,2026-03-03T03:12:23.933633
140,140,2,36,223,bnb_c,0.4672729969024658,True,False,0.454342536548091,True,,abcd,0.1,2026-03-03T03:12:24.528358
140,140,2,37,205,gurobi,0.6609389781951904,True,False,0.4512076145151473,True,,abcd,0.1,2026-03-03T03:12:25.322819
140,140,2,37,205,bnb_c,1.4282193183898926,True,False,0.45120761451517,True,,abcd,0.1,2026-03-03T03:12:26.877996
140,140,2,38,212,gurobi,30,False,True,,,timeout,abcd,0.1,2026-03-03T03:12:56.887565
140,140,2,38,212,bnb_c,30,False,True,,,timeout,abcd,0.1,2026-03-03T03:13:26.893191
140,140,2,39,217,gurobi,3.4308879375457764,True,False,0.4515279576971222,True,,abcd,0.1,2026-03-03T03:13:30.503992
140,140,2,39,217,bnb_c,1.7247788906097412,True,False,0.451527957697127,True,,abcd,0.1,2026-03-03T03:13:32.357296
140,140,2,40,191,gurobi,20.815750122070312,True,False,0.44763027329293936,True,,abcd,0.1,2026-03-03T03:13:53.312452
140,140,2,40,191,bnb_c,14.93145489692688,True,False,0.447630273292947,True,,abcd,0.1,2026-03-03T03:14:08.377492
140,135,2,41,193,gurobi,12.774517059326172,True,False,0.4378104110177223,True,,abcd,0.1,2026-03-03T03:14:21.273773
140,135,2,41,193,bnb_c,8.861233234405518,True,False,0.437810411017746,True,,abcd,0.1,2026-03-03T03:14:30.241180
140,140,2,42,174,gurobi,5.451243162155151,True,False,0.4597536002113936,True,,abcd,0.1,2026-03-03T03:14:35.824716
140,140,2,42,174,bnb_c,13.988874197006226,True,False,0.459753600211389,True,,abcd,0.1,2026-03-03T03:14:49.940440
140,140,2,43,207,gurobi,1.6577441692352295,True,False,0.4579803495997533,True,,abcd,0.1,2026-03-03T03:14:51.741252
140,140,2,43,207,bnb_c,0.5288491249084473,True,False,0.457980349599757,True,,abcd,0.1,2026-03-03T03:14:52.396548
140,137,2,44,193,gurobi,30,False,True,,,timeout,abcd,0.1,2026-03-03T03:15:22.407031
140,137,2,44,193,bnb_c,24.152071952819824,True,False,0.441662863432575,True,,abcd,0.1,2026-03-03T03:15:46.667838
140,140,2,45,223,gurobi,1.6973650455474854,True,False,0.43990428120410946,True,,abcd,0.1,2026-03-03T03:15:48.504627
140,140,2,45,223,bnb_c,1.0019690990447998,True,False,0.439904281204126,True,,abcd,0.1,2026-03-03T03:15:49.633030
140,140,2,46,226,gurobi,1.1947309970855713,True,False,0.4123952541311016,True,,abcd,0.1,2026-03-03T03:15:50.962324
140,140,2,46,226,bnb_c,30,False,True,,,timeout,abcd,0.1,2026-03-03T03:16:20.967908
140,140,2,47,203,gurobi,7.719458103179932,True,False,0.4440656167342118,True,,abcd,0.1,2026-03-03T03:16:28.822192
140,140,2,47,203,bnb_c,9.715626955032349,True,False,0.444065616734208,True,,abcd,0.1,2026-03-03T03:16:38.665988
140,140,2,48,215,gurobi,2.473763942718506,True,False,0.4391022174148157,True,,abcd,0.1,2026-03-03T03:16:41.271833
140,140,2,48,215,bnb_c,3.9748170375823975,True,False,0.439102217414819,True,,abcd,0.1,2026-03-03T03:16:45.378283
140,140,2,49,236,gurobi,1.3969058990478516,True,False,0.4278583740304793,True,,abcd,0.1,2026-03-03T03:16:46.912050
140,140,2,49,236,bnb_c,4.290363073348999,True,False,0.427858374030451,True,,abcd,0.1,2026-03-03T03:16:51.331628
140,140,2,50,192,gurobi,1.7435929775238037,True,False,0.4479167881933761,True,,abcd,0.1,2026-03-03T03:16:53.207657
140,140,2,50,192,bnb_c,30,False,True,,,timeout,abcd,0.1,2026-03-03T03:17:23.213318
140,140,2,51,217,gurobi,7.7531373500823975,True,False,0.431650703986058,True,,abcd,0.1,2026-03-03T03:17:31.108745
140,140,2,51,217,bnb_c,8.918396949768066,True,False,0.431650703986069,True,,abcd,0.1,2026-03-03T03:17:40.155289
140,140,2,52,204,gurobi,0.1657872200012207,True,False,0.4682333717800959,True,,abcd,0.1,2026-03-03T03:17:40.451598
140,140,2,52,204,bnb_c,0.42247819900512695,True,False,0.468233371780085,True,,abcd,0.1,2026-03-03T03:17:41.001404
140,140,2,53,225,gurobi,0.6147680282592773,True,False,0.44586666666667346,True,,abcd,0.1,2026-03-03T03:17:41.757944
140,140,2,53,225,bnb_c,0.5871341228485107,True,False,0.445866666666667,True,,abcd,0.1,2026-03-03T03:17:42.472394
140,140,2,54,204,gurobi,0.4733147621154785,True,False,0.4558703383314069,True,,abcd,0.1,2026-03-03T03:17:43.090807
140,140,2,54,204,bnb_c,0.6791720390319824,True,False,0.455870338331411,True,,abcd,0.1,2026-03-03T03:17:43.893067
140,140,2,55,212,gurobi,0.7375600337982178,True,False,0.46572401210394954,True,,abcd,0.1,2026-03-03T03:17:44.763100
140,140,2,55,212,bnb_c,0.4930088520050049,True,False,0.465724012103952,True,,abcd,0.1,2026-03-03T03:17:45.379869
140,140,2,56,212,gurobi,9.984698295593262,True,False,0.44000311498751643,True,,abcd,0.1,2026-03-03T03:17:55.491755
140,140,2,56,212,bnb_c,7.198843002319336,True,False,0.44000311498754,True,,abcd,0.1,2026-03-03T03:18:02.819446
140,140,2,57,231,gurobi,1.126575231552124,True,False,0.4273533104701945,True,,abcd,0.1,2026-03-03T03:18:04.089454
140,140,2,57,231,bnb_c,3.6296708583831787,True,False,0.427353310470194,True,,abcd,0.1,2026-03-03T03:18:07.847634
140,137,2,58,209,gurobi,7.403346061706543,True,False,0.4258602138229387,True,,abcd,0.1,2026-03-03T03:18:15.365076
140,137,2,58,209,bnb_c,10.062619924545288,True,False,0.425860213822944,True,,abcd,0.1,2026-03-03T03:18:25.534571
140,140,2,59,218,gurobi,19.165759086608887,True,False,0.4207453076340549,True,,abcd,0.1,2026-03-03T03:18:44.832042
140,140,2,59,218,bnb_c,30,False,True,,,timeout,abcd,0.1,2026-03-03T03:19:14.837891
140,140,2,60,201,gurobi,1.0886170864105225,True,False,0.454778347070597,True,,abcd,0.1,2026-03-03T03:19:16.067134
140,140,2,60,201,bnb_c,1.6712219715118408,True,False,0.454778347070617,True,,abcd,0.1,2026-03-03T03:19:17.865313
140,140,2,61,211,gurobi,30,False,True,,,timeout,abcd,0.1,2026-03-03T03:19:47.875380
140,140,2,61,211,bnb_c,30,False,True,,,timeout,abcd,0.1,2026-03-03T03:20:17.881066
140,140,2,62,206,gurobi,0.3823850154876709,True,False,0.4599868036572848,True,,abcd,0.1,2026-03-03T03:20:18.402576
140,140,2,62,206,bnb_c,0.509037971496582,True,False,0.459986803657272,True,,abcd,0.1,2026-03-03T03:20:19.038624
140,140,2,63,242,gurobi,13.548269987106323,True,False,0.4036951027935387,True,,abcd,0.1,2026-03-03T03:20:32.727177
140,140,2,63,242,bnb_c,30,False,True,,,timeout,abcd,0.1,2026-03-03T03:21:02.734092
140,140,2,64,214,gurobi,0.22171711921691895,True,False,0.4757511573063267,True,,abcd,0.1,2026-03-03T03:21:03.093193
140,140,2,64,214,bnb_c,0.41428709030151367,True,False,0.475751157306315,True,,abcd,0.1,2026-03-03T03:21:03.633548
140,140,2,65,204,gurobi,30,False,True,,,timeout,abcd,0.1,2026-03-03T03:21:33.642992
140,140,2,65,204,bnb_c,16.690336227416992,True,False,0.432802287581699,True,,abcd,0.1,2026-03-03T03:21:50.464561
140,140,2,66,216,gurobi,30,False,True,,,timeout,abcd,0.1,2026-03-03T03:22:20.476555
140,140,2,66,216,bnb_c,3.051806926727295,True,False,0.44897762345679,True,,abcd,0.1,2026-03-03T03:22:23.660400
140,140,2,67,184,gurobi,0.34649229049682617,True,False,0.4710391068053079,True,,abcd,0.1,2026-03-03T03:22:24.136757
140,140,2,67,184,bnb_c,0.4451911449432373,True,False,0.471039106805293,True,,abcd,0.1,2026-03-03T03:22:24.707759
140,140,2,68,225,gurobi,1.0755078792572021,True,False,0.4449975308642058,True,,abcd,0.1,2026-03-03T03:22:25.914610
140,140,2,68,225,bnb_c,0.7068920135498047,True,False,0.444997530864198,True,,abcd,0.1,2026-03-03T03:22:26.746162
140,137,2,69,198,gurobi,2.2427568435668945,True,False,0.45239006223855005,True,,abcd,0.1,2026-03-03T03:22:29.101143
140,137,2,69,198,bnb_c,1.914583683013916,True,False,0.452390062238547,True,,abcd,0.1,2026-03-03T03:22:31.119554
140,140,2,70,209,gurobi,1.1747217178344727,True,False,0.4495776195599881,True,,abcd,0.1,2026-03-03T03:22:32.428745
140,140,2,70,209,bnb_c,0.7342422008514404,True,False,0.449577619559992,True,,abcd,0.1,2026-03-03T03:22:33.291611
140,140,2,71,208,gurobi,0.5376739501953125,True,False,0.4567192122780954,True,,abcd,0.1,2026-03-03T03:22:33.978218
140,140,2,71,208,bnb_c,0.548832893371582,True,False,0.456719212278107,True,,abcd,0.1,2026-03-03T03:22:34.673229
140,140,2,72,214,gurobi,30,False,True,,,timeout,abcd,0.1,2026-03-03T03:23:04.684178
140,140,2,72,214,bnb_c,30,False,True,,,timeout,abcd,0.1,2026-03-03T03:23:34.689003
140,140,2,73,202,gurobi,1.2272429466247559,True,False,0.4544652485050476,True,,abcd,0.1,2026-03-03T03:23:36.059124
140,140,2,73,202,bnb_c,2.476442813873291,True,False,0.454465248505048,True,,abcd,0.1,2026-03-03T03:23:38.671596
140,140,2,74,215,gurobi,1.3614170551300049,True,False,0.4374256354786396,True,,abcd,0.1,2026-03-03T03:23:40.165950
140,140,2,74,215,bnb_c,22.24967908859253,True,False,0.437425635478637,True,,abcd,0.1,2026-03-03T03:24:02.545319
140,140,2,75,218,gurobi,9.701691150665283,True,False,0.4403564514771697,True,,abcd,0.1,2026-03-03T03:24:12.386680
140,140,2,75,218,bnb_c,5.1210620403289795,True,False,0.440356451477148,True,,abcd,0.1,2026-03-03T03:24:17.641087
140,140,2,76,212,gurobi,2.688528060913086,True,False,0.4381341224634801,True,,abcd,0.1,2026-03-03T03:24:20.468379
140,140,2,76,212,bnb_c,7.4434449672698975,True,False,0.43813412246351,True,,abcd,0.1,2026-03-03T03:24:28.040004
140,140,2,77,216,gurobi,2.4459481239318848,True,False,0.42554012345679365,True,,abcd,0.1,2026-03-03T03:24:30.624077
140,140,2,77,216,bnb_c,30,False,True,,,timeout,abcd,0.1,2026-03-03T03:25:00.628765
140,140,2,78,196,gurobi,1.42264986038208,True,False,0.44746980424821986,True,,abcd,0.1,2026-03-03T03:25:02.196884
140,140,2,78,196,bnb_c,15.149501085281372,True,False,0.44746980424823,True,,abcd,0.1,2026-03-03T03:25:17.474770
140,140,2,79,194,gurobi,0.2831089496612549,True,False,0.471729195451175,True,,abcd,0.1,2026-03-03T03:25:17.888077
140,140,2,79,194,bnb_c,0.44597411155700684,True,False,0.471729195451164,True,,abcd,0.1,2026-03-03T03:25:18.460705
140,140,2,80,209,gurobi,1.5440587997436523,True,False,0.447105148691648,True,,abcd,0.1,2026-03-03T03:25:20.146638
140,140,2,80,209,bnb_c,2.0628530979156494,True,False,0.447105148691651,True,,abcd,0.1,2026-03-03T03:25:22.338745
140,140,2,81,219,gurobi,0.5196638107299805,True,False,0.4497716894977037,True,,abcd,0.1,2026-03-03T03:25:23.001035
140,140,2,81,219,bnb_c,0.8965811729431152,True,False,0.449771689497717,True,,abcd,0.1,2026-03-03T03:25:24.022194
140,140,2,82,186,gurobi,2.464465856552124,True,False,0.45606428488842965,True,,abcd,0.1,2026-03-03T03:25:26.619607
140,140,2,82,186,bnb_c,6.736253261566162,True,False,0.456064284888426,True,,abcd,0.1,2026-03-03T03:25:33.489818
140,140,2,83,194,gurobi,15.482575178146362,True,False,0.44881230736530975,True,,abcd,0.1,2026-03-03T03:25:49.111132
140,140,2,83,194,bnb_c,1.3540921211242676,True,False,0.448812307365289,True,,abcd,0.1,2026-03-03T03:25:50.593155
140,140,2,84,210,gurobi,2.6212170124053955,True,False,0.44784580498866283,True,,abcd,0.1,2026-03-03T03:25:53.353617
140,140,2,84,210,bnb_c,1.2009258270263672,True,False,0.447845804988662,True,,abcd,0.1,2026-03-03T03:25:54.684862
140,140,2,85,215,gurobi,0.4940009117126465,True,False,0.4488372093023362,True,,abcd,0.1,2026-03-03T03:25:55.322433
140,140,2,85,215,bnb_c,0.5696759223937988,True,False,0.448837209302326,True,,abcd,0.1,2026-03-03T03:25:56.017710
140,140,2,86,213,gurobi,0.6191868782043457,True,False,0.45295245652319593,True,,abcd,0.1,2026-03-03T03:25:56.770961
140,140,2,86,213,bnb_c,0.7664608955383301,True,False,0.452952456523177,True,,abcd,0.1,2026-03-03T03:25:57.709392
140,140,2,87,213,gurobi,0.29061412811279297,True,False,0.45304062245146265,True,,abcd,0.1,2026-03-03T03:25:58.135166
140,140,2,87,213,bnb_c,0.5422871112823486,True,False,0.453040622451454,True,,abcd,0.1,2026-03-03T03:25:58.804691
140,140,2,88,181,gurobi,0.20319080352783203,True,False,0.4723756906077369,True,,abcd,0.1,2026-03-03T03:25:59.134578
140,140,2,88,181,bnb_c,0.45302700996398926,True,False,0.472375690607735,True,,abcd,0.1,2026-03-03T03:25:59.710635
140,140,2,89,208,gurobi,2.0024688243865967,True,False,0.443775425295845,True,,abcd,0.1,2026-03-03T03:26:01.845094
140,140,2,89,208,bnb_c,1.9301438331604004,True,False,0.443775425295858,True,,abcd,0.1,2026-03-03T03:26:03.900678
140,140,2,90,217,gurobi,3.5892179012298584,True,False,0.43584488946460404,True,,abcd,0.1,2026-03-03T03:26:07.623197
140,140,2,90,217,bnb_c,3.4258370399475098,True,False,0.435844889464631,True,,abcd,0.1,2026-03-03T03:26:11.178551
140,140,2,91,225,gurobi,30,False,True,,,timeout,abcd,0.1,2026-03-03T03:26:41.186839
140,140,2,91,225,bnb_c,30,False,True,,,timeout,abcd,0.1,2026-03-03T03:27:11.193009
140,140,2,92,206,gurobi,0.4989192485809326,True,False,0.456298897162791,True,,abcd,0.1,2026-03-03T03:27:11.839151
140,140,2,92,206,bnb_c,0.5101490020751953,True,False,0.456298897162786,True,,abcd,0.1,2026-03-03T03:27:12.477449
140,140,2,93,201,gurobi,0.7358818054199219,True,False,0.46018662904381386,True,,abcd,0.1,2026-03-03T03:27:13.346037
140,140,2,93,201,bnb_c,0.5990300178527832,True,False,0.460186629043836,True,,abcd,0.1,2026-03-03T03:27:14.071881
140,140,2,94,226,gurobi,30,False,True,,,timeout,abcd,0.1,2026-03-03T03:27:44.081749
140,140,2,94,226,bnb_c,16.725836038589478,True,False,0.430094369175347,True,,abcd,0.1,2026-03-03T03:28:00.940129
140,140,2,95,211,gurobi,0.2321338653564453,True,False,0.4646234361312375,True,,abcd,0.1,2026-03-03T03:28:01.308648
140,140,2,95,211,bnb_c,0.4541900157928467,True,False,0.464623436131264,True,,abcd,0.1,2026-03-03T03:28:01.889155
140,140,2,96,228,gurobi,0.44556283950805664,True,False,0.44135695598642344,True,,abcd,0.1,2026-03-03T03:28:02.470230
140,140,2,96,228,bnb_c,0.9397528171539307,True,False,0.441356955986457,True,,abcd,0.1,2026-03-03T03:28:03.541296
140,140,2,97,247,gurobi,30,False,True,,,timeout,abcd,0.1,2026-03-03T03:28:33.550914
140,140,2,97,247,bnb_c,30,False,True,,,timeout,abcd,0.1,2026-03-03T03:29:03.558157
140,140,2,98,221,gurobi,3.2760093212127686,True,False,0.436559448004754,True,,abcd,0.1,2026-03-03T03:29:06.978119
140,140,2,98,221,bnb_c,3.3649110794067383,True,False,0.43655944800475,True,,abcd,0.1,2026-03-03T03:29:10.474721
140,140,2,99,208,gurobi,0.40618109703063965,True,False,0.4654100406804589,True,,abcd,0.1,2026-03-03T03:29:11.013725
140,140,2,99,208,bnb_c,0.8254637718200684,True,False,0.465410040680473,True,,abcd,0.1,2026-03-03T03:29:11.967145
160,160,2,0,259,gurobi,30,False,True,,,timeout,abcd,0.1,2026-03-03T03:29:41.978507
160,160,2,0,259,bnb_c,30,False,True,,,timeout,abcd,0.1,2026-03-03T03:30:11.984250
160,160,2,1,268,gurobi,3.643125057220459,True,False,0.44230340833146015,True,,abcd,0.1,2026-03-03T03:30:15.765364
160,160,2,1,268,bnb_c,1.3348720073699951,True,False,0.442303408331477,True,,abcd,0.1,2026-03-03T03:30:17.228434
160,160,2,2,226,gurobi,30,False,True,,,timeout,abcd,0.1,2026-03-03T03:30:47.237848
160,160,2,2,226,bnb_c,30,False,True,,,timeout,abcd,0.1,2026-03-03T03:31:17.243610
160,160,2,3,269,gurobi,1.6932709217071533,True,False,0.43580796285289375,True,,abcd,0.1,2026-03-03T03:31:19.082003
160,160,2,3,269,bnb_c,2.5532846450805664,True,False,0.435807962852918,True,,abcd,0.1,2026-03-03T03:31:21.763630
160,160,2,4,255,gurobi,8.723976850509644,True,False,0.4411764705882259,True,,abcd,0.1,2026-03-03T03:31:30.619478
160,160,2,4,255,bnb_c,2.49826717376709,True,False,0.441176470588235,True,,abcd,0.1,2026-03-03T03:31:33.246186
160,160,2,5,258,gurobi,30,False,True,,,timeout,abcd,0.1,2026-03-03T03:32:03.259625
160,160,2,5,258,bnb_c,30,False,True,,,timeout,abcd,0.1,2026-03-03T03:32:33.265373
160,160,2,6,235,gurobi,30,False,True,,,timeout,abcd,0.1,2026-03-03T03:33:03.276179
160,160,2,6,235,bnb_c,30,False,True,,,timeout,abcd,0.1,2026-03-03T03:33:33.281877
160,160,2,7,254,gurobi,4.9224700927734375,True,False,0.45104315208629464,True,,abcd,0.1,2026-03-03T03:33:38.346202
160,160,2,7,254,bnb_c,1.1345510482788086,True,False,0.451043152086304,True,,abcd,0.1,2026-03-03T03:33:39.608138
160,160,2,8,245,gurobi,30,False,True,,,timeout,abcd,0.1,2026-03-03T03:34:09.618089
160,160,2,8,245,bnb_c,1.371147632598877,True,False,0.455102040816327,True,,abcd,0.1,2026-03-03T03:34:11.124257
160,160,2,9,266,gurobi,20.34269118309021,True,False,0.4199149188761592,True,,abcd,0.1,2026-03-03T03:34:31.604526
160,160,2,9,266,bnb_c,30,False,True,,,timeout,abcd,0.1,2026-03-03T03:35:01.610158
160,160,2,10,234,gurobi,30,False,True,,,timeout,abcd,0.1,2026-03-03T03:35:31.622125
160,160,2,10,234,bnb_c,30,False,True,,,timeout,abcd,0.1,2026-03-03T03:36:01.629040
160,155,2,11,214,gurobi,23.41492486000061,True,False,0.4511311031531121,True,,abcd,0.1,2026-03-03T03:36:25.164918
160,155,2,11,214,bnb_c,12.046860218048096,True,False,0.451131103153114,True,,abcd,0.1,2026-03-03T03:36:37.320217
160,160,2,12,264,gurobi,2.632544994354248,True,False,0.4386980601469191,True,,abcd,0.1,2026-03-03T03:36:40.091629
160,160,2,12,264,bnb_c,7.486493110656738,True,False,0.438698060146924,True,,abcd,0.1,2026-03-03T03:36:47.705035
160,160,2,13,237,gurobi,30,False,True,,,timeout,abcd,0.1,2026-03-03T03:37:17.730557
160,160,2,13,237,bnb_c,30,False,True,,,timeout,abcd,0.1,2026-03-03T03:37:47.736102
160,160,2,14,239,gurobi,30,False,True,,,timeout,abcd,0.1,2026-03-03T03:38:17.745716
160,160,2,14,239,bnb_c,30,False,True,,,timeout,abcd,0.1,2026-03-03T03:38:47.751297
160,160,2,15,233,gurobi,30,False,True,,,timeout,abcd,0.1,2026-03-03T03:39:17.760619
160,160,2,15,233,bnb_c,30,False,True,,,timeout,abcd,0.1,2026-03-03T03:39:47.766244
160,160,2,16,270,gurobi,30,False,True,,,timeout,abcd,0.1,2026-03-03T03:40:17.776930
160,160,2,16,270,bnb_c,30,False,True,,,timeout,abcd,0.1,2026-03-03T03:40:47.783769
160,160,2,17,262,gurobi,4.2536540031433105,True,False,0.44915069051920553,True,,abcd,0.1,2026-03-03T03:40:52.184837
160,160,2,17,262,bnb_c,2.8944947719573975,True,False,0.449150690519201,True,,abcd,0.1,2026-03-03T03:40:55.206628
160,160,2,18,239,gurobi,3.4079880714416504,True,False,0.4539748953974597,True,,abcd,0.1,2026-03-03T03:40:58.753166
160,160,2,18,239,bnb_c,1.162647008895874,True,False,0.45397489539749,True,,abcd,0.1,2026-03-03T03:41:00.046511
160,160,2,19,265,gurobi,1.3543188571929932,True,False,0.45311498754003954,True,,abcd,0.1,2026-03-03T03:41:01.539066
160,160,2,19,265,bnb_c,0.6612200736999512,True,False,0.45311498754005,True,,abcd,0.1,2026-03-03T03:41:02.327773
160,160,2,20,248,gurobi,3.0784530639648438,True,False,0.44718229708634605,True,,abcd,0.1,2026-03-03T03:41:05.543885
160,160,2,20,248,bnb_c,6.943230867385864,True,False,0.447182297086368,True,,abcd,0.1,2026-03-03T03:41:12.614173
160,160,2,21,220,gurobi,3.7067039012908936,True,False,0.4553615702479497,True,,abcd,0.1,2026-03-03T03:41:16.452190
160,160,2,21,220,bnb_c,9.573451042175293,True,False,0.455361570247934,True,,abcd,0.1,2026-03-03T03:41:26.152769
160,160,2,22,238,gurobi,5.886129856109619,True,False,0.45625308947105453,True,,abcd,0.1,2026-03-03T03:41:32.178118
160,160,2,22,238,bnb_c,12.857105255126953,True,False,0.456253089471083,True,,abcd,0.1,2026-03-03T03:41:45.162164
160,160,2,23,244,gurobi,2.398102045059204,True,False,0.4442354205858295,True,,abcd,0.1,2026-03-03T03:41:47.695381
160,160,2,23,244,bnb_c,9.135838985443115,True,False,0.444235420585864,True,,abcd,0.1,2026-03-03T03:41:56.958812
160,160,2,24,254,gurobi,30,False,True,,,timeout,abcd,0.1,2026-03-03T03:42:26.969330
160,160,2,24,254,bnb_c,30,False,True,,,timeout,abcd,0.1,2026-03-03T03:42:56.974885
160,154,2,25,230,gurobi,30,False,True,,,timeout,abcd,0.1,2026-03-03T03:43:26.993674
160,154,2,25,230,bnb_c,30,False,True,,,timeout,abcd,0.1,2026-03-03T03:43:56.999101
160,160,2,26,252,gurobi,2.8580379486083984,True,False,0.44394053917861714,True,,abcd,0.1,2026-03-03T03:44:00.002147
160,160,2,26,252,bnb_c,30,False,True,,,timeout,abcd,0.1,2026-03-03T03:44:30.007799
160,160,2,27,241,gurobi,1.8559961318969727,True,False,0.4574301406655977,True,,abcd,0.1,2026-03-03T03:44:32.001323
160,160,2,27,241,bnb_c,1.087218999862671,True,False,0.457430140665622,True,,abcd,0.1,2026-03-03T03:44:33.216624
160,160,2,28,232,gurobi,30,False,True,,,timeout,abcd,0.1,2026-03-03T03:45:03.235565
160,160,2,28,232,bnb_c,30,False,True,,,timeout,abcd,0.1,2026-03-03T03:45:33.241124
160,160,2,29,251,gurobi,2.5063161849975586,True,False,0.43491373152813184,True,,abcd,0.1,2026-03-03T03:45:35.887878
160,160,2,29,251,bnb_c,30,False,True,,,timeout,abcd,0.1,2026-03-03T03:46:05.893502
160,160,2,30,227,gurobi,28.745028018951416,True,False,0.4488734499019785,True,,abcd,0.1,2026-03-03T03:46:34.777035
160,160,2,30,227,bnb_c,11.485908031463623,True,False,0.448873449901997,True,,abcd,0.1,2026-03-03T03:46:46.394258
160,160,2,31,211,gurobi,6.286067962646484,True,False,0.4573459715639487,True,,abcd,0.1,2026-03-03T03:46:52.822631
160,160,2,31,211,bnb_c,9.468088150024414,True,False,0.457345971563981,True,,abcd,0.1,2026-03-03T03:47:02.416614
160,160,2,32,241,gurobi,8.198539018630981,True,False,0.4460580912862739,True,,abcd,0.1,2026-03-03T03:47:10.756624
160,160,2,32,241,bnb_c,8.694812774658203,True,False,0.446058091286307,True,,abcd,0.1,2026-03-03T03:47:19.583685
160,160,2,33,252,gurobi,0.7492029666900635,True,False,0.4545776643990847,True,,abcd,0.1,2026-03-03T03:47:20.465339
160,160,2,33,252,bnb_c,0.7122528553009033,True,False,0.454577664399093,True,,abcd,0.1,2026-03-03T03:47:21.304342
160,160,2,34,235,gurobi,3.0613350868225098,True,False,0.4531552738795836,True,,abcd,0.1,2026-03-03T03:47:24.498762
160,160,2,34,235,bnb_c,8.313086986541748,True,False,0.453155273879584,True,,abcd,0.1,2026-03-03T03:47:32.938720
160,160,2,35,223,gurobi,30,False,True,,,timeout,abcd,0.1,2026-03-03T03:48:02.948132
160,160,2,35,223,bnb_c,30,False,True,,,timeout,abcd,0.1,2026-03-03T03:48:32.955045
160,160,2,36,218,gurobi,30,False,True,,,timeout,abcd,0.1,2026-03-03T03:49:02.965038
160,160,2,36,218,bnb_c,29.287702083587646,True,False,0.458210588334315,True,,abcd,0.1,2026-03-03T03:49:32.384722
160,160,2,37,240,gurobi,3.0261142253875732,True,False,0.43950520833331325,True,,abcd,0.1,2026-03-03T03:49:35.547324
160,160,2,37,240,bnb_c,24.272395133972168,True,False,0.439505208333333,True,,abcd,0.1,2026-03-03T03:49:59.947403
160,160,2,38,251,gurobi,5.713921070098877,True,False,0.43868351296014896,True,,abcd,0.1,2026-03-03T03:50:05.802126
160,160,2,38,251,bnb_c,10.568802118301392,True,False,0.438683512960112,True,,abcd,0.1,2026-03-03T03:50:16.500785
160,160,2,39,232,gurobi,17.387514114379883,True,False,0.433254681926283,True,,abcd,0.1,2026-03-03T03:50:34.028838
160,160,2,39,232,bnb_c,30,False,True,,,timeout,abcd,0.1,2026-03-03T03:51:04.034430
160,160,2,40,232,gurobi,30,False,True,,,timeout,abcd,0.1,2026-03-03T03:51:34.044449
160,160,2,40,232,bnb_c,30,False,True,,,timeout,abcd,0.1,2026-03-03T03:52:04.050070
160,160,2,41,215,gurobi,30,False,True,,,timeout,abcd,0.1,2026-03-03T03:52:34.071745
160,160,2,41,215,bnb_c,30,False,True,,,timeout,abcd,0.1,2026-03-03T03:53:04.077449
160,160,2,42,252,gurobi,1.883396863937378,True,False,0.46427784076590733,True,,abcd,0.1,2026-03-03T03:53:06.101823
160,160,2,42,252,bnb_c,0.7603609561920166,True,False,0.464277840765936,True,,abcd,0.1,2026-03-03T03:53:06.991879
160,160,2,43,219,gurobi,23.408048152923584,True,False,0.44782218886176656,True,,abcd,0.1,2026-03-03T03:53:30.532174
160,160,2,43,219,bnb_c,30,False,True,,,timeout,abcd,0.1,2026-03-03T03:54:00.537784
160,160,2,44,246,gurobi,3.384366035461426,True,False,0.44199054795426207,True,,abcd,0.1,2026-03-03T03:54:04.061410
160,160,2,44,246,bnb_c,7.217244863510132,True,False,0.44199054795426,True,,abcd,0.1,2026-03-03T03:54:11.409883
160,160,2,45,259,gurobi,30,False,True,,,timeout,abcd,0.1,2026-03-03T03:54:41.422539
160,160,2,45,259,bnb_c,30,False,True,,,timeout,abcd,0.1,2026-03-03T03:55:11.428221
160,160,2,46,253,gurobi,4.651214122772217,True,False,0.4367510818791128,True,,abcd,0.1,2026-03-03T03:55:16.225071
160,160,2,46,253,bnb_c,30,False,True,,,timeout,abcd,0.1,2026-03-03T03:55:46.230754
160,160,2,47,230,gurobi,0.20381379127502441,True,False,0.47802457466918136,True,,abcd,0.1,2026-03-03T03:55:46.570029
160,160,2,47,230,bnb_c,0.5541579723358154,True,False,0.478024574669187,True,,abcd,0.1,2026-03-03T03:55:47.250747
160,160,2,48,230,gurobi,30,False,True,,,timeout,abcd,0.1,2026-03-03T03:56:17.261652
160,160,2,48,230,bnb_c,30,False,True,,,timeout,abcd,0.1,2026-03-03T03:56:47.267430
160,160,2,49,233,gurobi,6.576261043548584,True,False,0.44328501169666534,True,,abcd,0.1,2026-03-03T03:56:53.989839
160,160,2,49,233,bnb_c,30,False,True,,,timeout,abcd,0.1,2026-03-03T03:57:23.996958
160,160,2,50,263,gurobi,25.036381006240845,True,False,0.4242579768393411,True,,abcd,0.1,2026-03-03T03:57:49.180037
160,160,2,50,263,bnb_c,30,False,True,,,timeout,abcd,0.1,2026-03-03T03:58:19.185582
160,160,2,51,247,gurobi,30,False,True,,,timeout,abcd,0.1,2026-03-03T03:58:49.206313
160,160,2,51,247,bnb_c,30,False,True,,,timeout,abcd,0.1,2026-03-03T03:59:19.211983
160,160,2,52,241,gurobi,1.862549066543579,True,False,0.45223050567307527,True,,abcd,0.1,2026-03-03T03:59:21.218045
160,160,2,52,241,bnb_c,1.764807939529419,True,False,0.452230505673112,True,,abcd,0.1,2026-03-03T03:59:23.110518
160,160,2,53,246,gurobi,30,False,True,,,timeout,abcd,0.1,2026-03-03T03:59:53.129627
160,160,2,53,246,bnb_c,30,False,True,,,timeout,abcd,0.1,2026-03-03T04:00:23.135318
160,160,2,54,217,gurobi,1.2576730251312256,True,False,0.46774196547491786,True,,abcd,0.1,2026-03-03T04:00:24.529493
160,160,2,54,217,bnb_c,0.7361280918121338,True,False,0.467741935483871,True,,abcd,0.1,2026-03-03T04:00:25.395303
160,160,2,55,211,gurobi,12.58354902267456,True,False,0.45447092383367016,True,,abcd,0.1,2026-03-03T04:00:38.122649
160,160,2,55,211,bnb_c,30,False,True,,,timeout,abcd,0.1,2026-03-03T04:01:08.128250
160,160,2,56,244,gurobi,1.8475420475006104,True,False,0.44208546089760237,True,,abcd,0.1,2026-03-03T04:01:10.117081
160,160,2,56,244,bnb_c,16.21754813194275,True,False,0.442085460897609,True,,abcd,0.1,2026-03-03T04:01:26.461872
160,160,2,57,283,gurobi,0.8985440731048584,True,False,0.45579293036494545,True,,abcd,0.1,2026-03-03T04:01:27.500694
160,160,2,57,283,bnb_c,0.568220853805542,True,False,0.455792930364969,True,,abcd,0.1,2026-03-03T04:01:28.199380
160,160,2,58,263,gurobi,24.44130516052246,True,False,0.4234194509100964,True,,abcd,0.1,2026-03-03T04:01:52.776651
160,160,2,58,263,bnb_c,30,False,True,,,timeout,abcd,0.1,2026-03-03T04:02:22.782353
160,160,2,59,247,gurobi,1.1207270622253418,True,False,0.45172843350982256,True,,abcd,0.1,2026-03-03T04:02:24.045757
160,160,2,59,247,bnb_c,1.344120740890503,True,False,0.45172843350981,True,,abcd,0.1,2026-03-03T04:02:25.516886
160,160,2,60,244,gurobi,9.508899927139282,True,False,0.434426229508187,True,,abcd,0.1,2026-03-03T04:02:35.168485
160,160,2,60,244,bnb_c,30,False,True,,,timeout,abcd,0.1,2026-03-03T04:03:05.174073
160,160,2,61,242,gurobi,11.082919120788574,True,False,0.433884297520697,True,,abcd,0.1,2026-03-03T04:03:16.400272
160,160,2,61,242,bnb_c,30,False,True,,,timeout,abcd,0.1,2026-03-03T04:03:46.407202
160,160,2,62,242,gurobi,0.5756180286407471,True,False,0.46639573799606904,True,,abcd,0.1,2026-03-03T04:03:47.113766
160,160,2,62,242,bnb_c,0.6223399639129639,True,False,0.466395737996039,True,,abcd,0.1,2026-03-03T04:03:47.862997
160,160,2,63,228,gurobi,0.7787261009216309,True,False,0.46421014158197543,True,,abcd,0.1,2026-03-03T04:03:48.771751
160,160,2,63,228,bnb_c,0.8095917701721191,True,False,0.464210141582025,True,,abcd,0.1,2026-03-03T04:03:49.708753
160,160,2,64,258,gurobi,1.9444129467010498,True,False,0.4569361817198463,True,,abcd,0.1,2026-03-03T04:03:51.782819
160,160,2,64,258,bnb_c,0.9030249118804932,True,False,0.456936181719849,True,,abcd,0.1,2026-03-03T04:03:52.810270
160,160,2,65,240,gurobi,2.8603708744049072,True,False,0.4531163194444209,True,,abcd,0.1,2026-03-03T04:03:55.806222
160,160,2,65,240,bnb_c,1.1704089641571045,True,False,0.453116319444444,True,,abcd,0.1,2026-03-03T04:03:57.105534
160,160,2,66,263,gurobi,30,False,True,,,timeout,abcd,0.1,2026-03-03T04:04:27.116965
160,160,2,66,263,bnb_c,30,False,True,,,timeout,abcd,0.1,2026-03-03T04:04:57.122822
160,160,2,67,250,gurobi,1.8734080791473389,True,False,0.4572720000000264,True,,abcd,0.1,2026-03-03T04:04:59.134693
160,160,2,67,250,bnb_c,0.9191789627075195,True,False,0.457272,True,,abcd,0.1,2026-03-03T04:05:00.181749
160,160,2,68,261,gurobi,22.37023687362671,True,False,0.42970596438688774,True,,abcd,0.1,2026-03-03T04:05:22.697360
160,160,2,68,261,bnb_c,30,False,True,,,timeout,abcd,0.1,2026-03-03T04:05:52.702975
160,160,2,69,241,gurobi,15.698547840118408,True,False,0.4448270518757945,True,,abcd,0.1,2026-03-03T04:06:08.543343
160,160,2,69,241,bnb_c,30,False,True,,,timeout,abcd,0.1,2026-03-03T04:06:38.550323
160,160,2,70,258,gurobi,30,False,True,,,timeout,abcd,0.1,2026-03-03T04:07:08.567717
160,160,2,70,258,bnb_c,30,False,True,,,timeout,abcd,0.1,2026-03-03T04:07:38.573404
160,160,2,71,227,gurobi,2.3166348934173584,True,False,0.45647111335362633,True,,abcd,0.1,2026-03-03T04:07:41.028825
160,160,2,71,227,bnb_c,2.2366068363189697,True,False,0.456471113353646,True,,abcd,0.1,2026-03-03T04:07:43.392982
160,160,2,72,261,gurobi,16.479536056518555,True,False,0.42072195064662526,True,,abcd,0.1,2026-03-03T04:08:00.008391
160,160,2,72,261,bnb_c,30,False,True,,,timeout,abcd,0.1,2026-03-03T04:08:30.014018
160,160,2,73,232,gurobi,30,False,True,,,timeout,abcd,0.1,2026-03-03T04:09:00.024398
160,160,2,73,232,bnb_c,30,False,True,,,timeout,abcd,0.1,2026-03-03T04:09:30.031578
160,160,2,74,259,gurobi,20.56751799583435,True,False,0.4432551691238747,True,,abcd,0.1,2026-03-03T04:09:50.739636
160,160,2,74,259,bnb_c,19.958078861236572,True,False,0.443255169123895,True,,abcd,0.1,2026-03-03T04:10:10.827486
160,160,2,75,246,gurobi,1.8772799968719482,True,False,0.4510873157512033,True,,abcd,0.1,2026-03-03T04:10:12.843764
160,160,2,75,246,bnb_c,3.9864449501037598,True,False,0.451087315751206,True,,abcd,0.1,2026-03-03T04:10:16.955755
160,160,2,76,235,gurobi,2.596911907196045,True,False,0.45743775464009595,True,,abcd,0.1,2026-03-03T04:10:19.689216
160,160,2,76,235,bnb_c,5.979305982589722,True,False,0.457437754640109,True,,abcd,0.1,2026-03-03T04:10:25.795827
160,160,2,77,224,gurobi,25.519346714019775,True,False,0.44642857142861464,True,,abcd,0.1,2026-03-03T04:10:51.456077
160,160,2,77,224,bnb_c,30,False,True,,,timeout,abcd,0.1,2026-03-03T04:11:21.463174
160,160,2,78,240,gurobi,30,False,True,,,timeout,abcd,0.1,2026-03-03T04:11:51.479404
160,160,2,78,240,bnb_c,30,False,True,,,timeout,abcd,0.1,2026-03-03T04:12:21.485046
160,160,2,79,214,gurobi,3.0968358516693115,True,False,0.4604659795615315,True,,abcd,0.1,2026-03-03T04:12:24.728018
160,160,2,79,214,bnb_c,4.159113168716431,True,False,0.460465979561534,True,,abcd,0.1,2026-03-03T04:12:29.014101
160,160,2,80,251,gurobi,23.91905689239502,True,False,0.4407231631244191,True,,abcd,0.1,2026-03-03T04:12:53.076926
160,160,2,80,251,bnb_c,30,False,True,,,timeout,abcd,0.1,2026-03-03T04:13:23.082634
160,160,2,81,250,gurobi,2.6975579261779785,True,False,0.4424320000000195,True,,abcd,0.1,2026-03-03T04:13:25.920327
160,160,2,81,250,bnb_c,10.16087818145752,True,False,0.442432,True,,abcd,0.1,2026-03-03T04:13:36.209445
160,160,2,82,249,gurobi,2.4405102729797363,True,False,0.463565103788654,True,,abcd,0.1,2026-03-03T04:13:38.783656
160,160,2,82,249,bnb_c,0.6869909763336182,True,False,0.463565103788649,True,,abcd,0.1,2026-03-03T04:13:39.598529
160,160,2,83,265,gurobi,30,False,True,,,timeout,abcd,0.1,2026-03-03T04:14:09.610914
160,160,2,83,265,bnb_c,30,False,True,,,timeout,abcd,0.1,2026-03-03T04:14:39.616455
160,160,2,84,256,gurobi,30,False,True,,,timeout,abcd,0.1,2026-03-03T04:15:09.626949
160,160,2,84,256,bnb_c,30,False,True,,,timeout,abcd,0.1,2026-03-03T04:15:39.632577
160,160,2,85,228,gurobi,5.76970100402832,True,False,0.44474261311169205,True,,abcd,0.1,2026-03-03T04:15:45.540586
160,160,2,85,228,bnb_c,18.65331768989563,True,False,0.444742613111727,True,,abcd,0.1,2026-03-03T04:16:04.321574
160,160,2,86,253,gurobi,30,False,True,,,timeout,abcd,0.1,2026-03-03T04:16:34.331220
160,160,2,86,253,bnb_c,30,False,True,,,timeout,abcd,0.1,2026-03-03T04:17:04.338294
160,160,2,87,214,gurobi,1.0232031345367432,True,False,0.4578456633767197,True,,abcd,0.1,2026-03-03T04:17:05.509208
160,160,2,87,214,bnb_c,6.785397052764893,True,False,0.457845663376714,True,,abcd,0.1,2026-03-03T04:17:12.421037
160,160,2,88,220,gurobi,19.150866746902466,True,False,0.44767561983472054,True,,abcd,0.1,2026-03-03T04:17:31.707133
160,160,2,88,220,bnb_c,30,False,True,,,timeout,abcd,0.1,2026-03-03T04:18:01.712737
160,160,2,89,282,gurobi,1.624889850616455,True,False,0.43965972536589976,True,,abcd,0.1,2026-03-03T04:18:03.475701
160,160,2,89,282,bnb_c,1.0212969779968262,True,False,0.439659725365927,True,,abcd,0.1,2026-03-03T04:18:04.624295
160,160,2,90,236,gurobi,9.892060041427612,True,False,0.4576271186441164,True,,abcd,0.1,2026-03-03T04:18:14.656054
160,160,2,90,236,bnb_c,0.7224178314208984,True,False,0.457627118644068,True,,abcd,0.1,2026-03-03T04:18:15.506058
160,160,2,91,247,gurobi,2.1790058612823486,True,False,0.4447130751200726,True,,abcd,0.1,2026-03-03T04:18:17.818748
160,160,2,91,247,bnb_c,3.607163190841675,True,False,0.444713075120064,True,,abcd,0.1,2026-03-03T04:18:21.553684
160,160,2,92,261,gurobi,15.963969945907593,True,False,0.42426711293138425,True,,abcd,0.1,2026-03-03T04:18:37.661751
160,160,2,92,261,bnb_c,30,False,True,,,timeout,abcd,0.1,2026-03-03T04:19:07.667483
160,160,2,93,248,gurobi,4.189225912094116,True,False,0.4410770031217451,True,,abcd,0.1,2026-03-03T04:19:12.003112
160,160,2,93,248,bnb_c,15.43245005607605,True,False,0.441077003121748,True,,abcd,0.1,2026-03-03T04:19:27.562458
160,160,2,94,229,gurobi,30,False,True,,,timeout,abcd,0.1,2026-03-03T04:19:57.574061
160,160,2,94,229,bnb_c,30,False,True,,,timeout,abcd,0.1,2026-03-03T04:20:27.579763
160,160,2,95,237,gurobi,6.62939977645874,True,False,0.4418807527283598,True,,abcd,0.1,2026-03-03T04:20:34.352151
160,160,2,95,237,bnb_c,19.06387686729431,True,False,0.441880752728373,True,,abcd,0.1,2026-03-03T04:20:53.546844
160,160,2,96,241,gurobi,30,False,True,,,timeout,abcd,0.1,2026-03-03T04:21:23.564618
160,160,2,96,241,bnb_c,30,False,True,,,timeout,abcd,0.1,2026-03-03T04:21:53.570329
160,160,2,97,244,gurobi,0.4175260066986084,True,False,0.45490963450685107,True,,abcd,0.1,2026-03-03T04:21:54.121882
160,160,2,97,244,bnb_c,0.8052570819854736,True,False,0.454909634506853,True,,abcd,0.1,2026-03-03T04:21:55.054590
160,160,2,98,227,gurobi,4.373075246810913,True,False,0.442731277533019,True,,abcd,0.1,2026-03-03T04:21:59.561043
160,160,2,98,227,bnb_c,30,False,True,,,timeout,abcd,0.1,2026-03-03T04:22:29.566739
160,160,2,99,230,gurobi,3.4063191413879395,True,False,0.4505765595463047,True,,abcd,0.1,2026-03-03T04:22:33.111653
160,160,2,99,230,bnb_c,23.406239986419678,True,False,0.450576559546314,True,,abcd,0.1,2026-03-03T04:22:56.645819
180,180,2,0,243,gurobi,5.592401742935181,True,False,0.4625226506799521,True,,abcd,0.1,2026-03-03T04:23:02.374977
180,180,2,0,243,bnb_c,12.763814926147461,True,False,0.462522650679944,True,,abcd,0.1,2026-03-03T04:23:15.270459
180,180,2,1,269,gurobi,30,False,True,,,timeout,abcd,0.1,2026-03-03T04:23:45.282314
180,180,2,1,269,bnb_c,30,False,True,,,timeout,abcd,0.1,2026-03-03T04:24:15.288122
180,180,2,2,280,gurobi,27.87332582473755,True,False,0.44500000000002354,True,,abcd,0.1,2026-03-03T04:24:43.305175
180,180,2,2,280,bnb_c,30,False,True,,,timeout,abcd,0.1,2026-03-03T04:25:13.310990
180,180,2,3,272,gurobi,30,False,True,,,timeout,abcd,0.1,2026-03-03T04:25:43.327817
180,180,2,3,272,bnb_c,30,False,True,,,timeout,abcd,0.1,2026-03-03T04:26:13.333572
180,180,2,4,283,gurobi,0.7674820423126221,True,False,0.45759094541602063,True,,abcd,0.1,2026-03-03T04:26:14.239153
180,180,2,4,283,bnb_c,2.2569222450256348,True,False,0.457590930090275,True,,abcd,0.1,2026-03-03T04:26:16.622078
180,180,2,5,247,gurobi,2.958158016204834,True,False,0.4609074071038935,True,,abcd,0.1,2026-03-03T04:26:19.717492
180,180,2,5,247,bnb_c,30,False,True,,,timeout,abcd,0.1,2026-03-03T04:26:49.723289
180,180,2,6,274,gurobi,21.02248787879944,True,False,0.4410930257339364,True,,abcd,0.1,2026-03-03T04:27:10.885608
180,180,2,6,274,bnb_c,30,False,True,,,timeout,abcd,0.1,2026-03-03T04:27:40.892775
180,180,2,7,275,gurobi,30,False,True,,,timeout,abcd,0.1,2026-03-03T04:28:10.909391
180,180,2,7,275,bnb_c,30,False,True,,,timeout,abcd,0.1,2026-03-03T04:28:40.914996
180,180,2,8,258,gurobi,30,False,True,,,timeout,abcd,0.1,2026-03-03T04:29:10.926126
180,180,2,8,258,bnb_c,30,False,True,,,timeout,abcd,0.1,2026-03-03T04:29:40.931738
180,180,2,9,292,gurobi,30,False,True,,,timeout,abcd,0.1,2026-03-03T04:30:10.947141
180,180,2,9,292,bnb_c,30,False,True,,,timeout,abcd,0.1,2026-03-03T04:30:40.952774
180,180,2,10,263,gurobi,30,False,True,,,timeout,abcd,0.1,2026-03-03T04:31:10.963837
180,180,2,10,263,bnb_c,30,False,True,,,timeout,abcd,0.1,2026-03-03T04:31:40.969705
180,180,2,11,265,gurobi,6.59146785736084,True,False,0.44596653613384724,True,,abcd,0.1,2026-03-03T04:31:47.695460
180,180,2,11,265,bnb_c,30,False,True,,,timeout,abcd,0.1,2026-03-03T04:32:17.702452
180,180,2,12,273,gurobi,9.296016931533813,True,False,0.42903433562777077,True,,abcd,0.1,2026-03-03T04:32:27.139668
180,180,2,12,273,bnb_c,30,False,True,,,timeout,abcd,0.1,2026-03-03T04:32:57.147601
180,180,2,13,241,gurobi,30,False,True,,,timeout,abcd,0.1,2026-03-03T04:33:27.158974
180,180,2,13,241,bnb_c,30,False,True,,,timeout,abcd,0.1,2026-03-03T04:33:57.164783
180,180,2,14,298,gurobi,30,False,True,,,timeout,abcd,0.1,2026-03-03T04:34:27.175528
180,180,2,14,298,bnb_c,30,False,True,,,timeout,abcd,0.1,2026-03-03T04:34:57.182908
180,180,2,15,276,gurobi,2.6933796405792236,True,False,0.4565217391304211,True,,abcd,0.1,2026-03-03T04:35:00.020274
180,180,2,15,276,bnb_c,4.61160683631897,True,False,0.456521739130435,True,,abcd,0.1,2026-03-03T04:35:04.757775
180,180,2,16,270,gurobi,25.4443621635437,True,False,0.4518450700352461,True,,abcd,0.1,2026-03-03T04:35:30.340399
180,180,2,16,270,bnb_c,30,False,True,,,timeout,abcd,0.1,2026-03-03T04:36:00.344774
180,180,2,17,285,gurobi,14.949212789535522,True,False,0.45054478301016504,True,,abcd,0.1,2026-03-03T04:36:15.434750
180,180,2,17,285,bnb_c,25.508434057235718,True,False,0.450544783010157,True,,abcd,0.1,2026-03-03T04:36:41.069161
180,180,2,18,302,gurobi,2.9908652305603027,True,False,0.444870838998247,True,,abcd,0.1,2026-03-03T04:36:44.203181
180,180,2,18,302,bnb_c,30,False,True,,,timeout,abcd,0.1,2026-03-03T04:37:14.210241
180,180,2,19,243,gurobi,30,False,True,,,timeout,abcd,0.1,2026-03-03T04:37:44.221033
180,180,2,19,243,bnb_c,18.135682821273804,True,False,0.467069721756508,True,,abcd,0.1,2026-03-03T04:38:02.484356
180,180,2,20,267,gurobi,30,False,True,,,timeout,abcd,0.1,2026-03-03T04:38:32.495467
180,180,2,20,267,bnb_c,30,False,True,,,timeout,abcd,0.1,2026-03-03T04:39:02.501163
180,180,2,21,266,gurobi,30,False,True,,,timeout,abcd,0.1,2026-03-03T04:39:32.511994
180,180,2,21,266,bnb_c,30,False,True,,,timeout,abcd,0.1,2026-03-03T04:40:02.517624
180,180,2,22,276,gurobi,8.197885990142822,True,False,0.44291509136733603,True,,abcd,0.1,2026-03-03T04:40:10.857910
180,180,2,22,276,bnb_c,30,False,True,,,timeout,abcd,0.1,2026-03-03T04:40:40.863627
180,180,2,23,247,gurobi,30,False,True,,,timeout,abcd,0.1,2026-03-03T04:41:10.883023
180,180,2,23,247,bnb_c,30,False,True,,,timeout,abcd,0.1,2026-03-03T04:41:40.888706
180,180,2,24,291,gurobi,6.051389217376709,True,False,0.4602862507528088,True,,abcd,0.1,2026-03-03T04:41:47.084754
180,180,2,24,291,bnb_c,1.4779777526855469,True,False,0.460286250752825,True,,abcd,0.1,2026-03-03T04:41:48.690689
180,180,2,25,308,gurobi,26.204824686050415,True,False,0.4364089644121942,True,,abcd,0.1,2026-03-03T04:42:15.041968
180,180,2,25,308,bnb_c,30,False,True,,,timeout,abcd,0.1,2026-03-03T04:42:45.047768
180,180,2,26,319,gurobi,30,False,True,,,timeout,abcd,0.1,2026-03-03T04:43:15.062290
180,180,2,26,319,bnb_c,30,False,True,,,timeout,abcd,0.1,2026-03-03T04:43:45.068039
180,180,2,27,286,gurobi,30,False,True,,,timeout,abcd,0.1,2026-03-03T04:44:15.079804
180,180,2,27,286,bnb_c,30,False,True,,,timeout,abcd,0.1,2026-03-03T04:44:45.087124
180,180,2,28,276,gurobi,30,False,True,,,timeout,abcd,0.1,2026-03-03T04:45:15.102876
180,180,2,28,276,bnb_c,30,False,True,,,timeout,abcd,0.1,2026-03-03T04:45:45.109937
180,180,2,29,271,gurobi,21.06446599960327,True,False,0.44244359417765167,True,,abcd,0.1,2026-03-03T04:46:06.312474
180,180,2,29,271,bnb_c,30,False,True,,,timeout,abcd,0.1,2026-03-03T04:46:36.319762
180,180,2,30,258,gurobi,30,False,True,,,timeout,abcd,0.1,2026-03-03T04:47:06.332983
180,180,2,30,258,bnb_c,30,False,True,,,timeout,abcd,0.1,2026-03-03T04:47:36.340290
180,180,2,31,283,gurobi,7.354763031005859,True,False,0.4406035785188695,True,,abcd,0.1,2026-03-03T04:47:43.828085
180,180,2,31,283,bnb_c,30,False,True,,,timeout,abcd,0.1,2026-03-03T04:48:13.833799
180,180,2,32,282,gurobi,3.9976389408111572,True,False,0.4397100246466175,True,,abcd,0.1,2026-03-03T04:48:17.968996
180,180,2,32,282,bnb_c,30,False,True,,,timeout,abcd,0.1,2026-03-03T04:48:47.974743
180,180,2,33,257,gurobi,30,False,True,,,timeout,abcd,0.1,2026-03-03T04:49:17.986681
180,180,2,33,257,bnb_c,30,False,True,,,timeout,abcd,0.1,2026-03-03T04:49:47.992314
180,180,2,34,291,gurobi,1.6275579929351807,True,False,0.44928614447158977,True,,abcd,0.1,2026-03-03T04:49:49.755917
180,180,2,34,291,bnb_c,1.674217939376831,True,False,0.449286144471605,True,,abcd,0.1,2026-03-03T04:49:51.561198
180,180,2,35,268,gurobi,30,False,True,,,timeout,abcd,0.1,2026-03-03T04:50:21.572381
180,180,2,35,268,bnb_c,0.679267168045044,True,False,0.440904154600134,True,,abcd,0.1,2026-03-03T04:50:22.382915
180,180,2,36,316,gurobi,30,False,True,,,timeout,abcd,0.1,2026-03-03T04:50:52.406303
180,180,2,36,316,bnb_c,30,False,True,,,timeout,abcd,0.1,2026-03-03T04:51:22.411980
180,180,2,37,273,gurobi,30,False,True,,,timeout,abcd,0.1,2026-03-03T04:51:52.424620
180,180,2,37,273,bnb_c,30,False,True,,,timeout,abcd,0.1,2026-03-03T04:52:22.430293
180,180,2,38,287,gurobi,30,False,True,,,timeout,abcd,0.1,2026-03-03T04:52:52.439775
180,180,2,38,287,bnb_c,30,False,True,,,timeout,abcd,0.1,2026-03-03T04:53:22.445438
180,180,2,39,308,gurobi,30,False,True,,,timeout,abcd,0.1,2026-03-03T04:53:52.460596
180,180,2,39,308,bnb_c,30,False,True,,,timeout,abcd,0.1,2026-03-03T04:54:22.466288
180,177,2,40,263,gurobi,30,False,True,,,timeout,abcd,0.1,2026-03-03T04:54:52.477761
180,177,2,40,263,bnb_c,30,False,True,,,timeout,abcd,0.1,2026-03-03T04:55:22.483154
180,180,2,41,276,gurobi,6.510449171066284,True,False,0.4578607435412519,True,,abcd,0.1,2026-03-03T04:55:29.133591
180,180,2,41,276,bnb_c,2.55428409576416,True,False,0.457860743541273,True,,abcd,0.1,2026-03-03T04:55:31.822691
180,180,2,42,270,gurobi,30,False,True,,,timeout,abcd,0.1,2026-03-03T04:56:01.841583
180,180,2,42,270,bnb_c,22.365264892578125,True,False,0.448148148148148,True,,abcd,0.1,2026-03-03T04:56:24.339571
180,180,2,43,298,gurobi,12.316468954086304,True,False,0.4509650466195698,True,,abcd,0.1,2026-03-03T04:56:36.791015
180,180,2,43,298,bnb_c,2.9108681678771973,True,False,0.450965046619522,True,,abcd,0.1,2026-03-03T04:56:39.828817
180,180,2,44,271,gurobi,2.811232089996338,True,False,0.4527171470976939,True,,abcd,0.1,2026-03-03T04:56:42.775053
180,180,2,44,271,bnb_c,3.9353439807891846,True,False,0.45271714709767,True,,abcd,0.1,2026-03-03T04:56:46.837935
180,180,2,45,266,gurobi,30,False,True,,,timeout,abcd,0.1,2026-03-03T04:57:16.853614
180,180,2,45,266,bnb_c,30,False,True,,,timeout,abcd,0.1,2026-03-03T04:57:46.859307
180,180,2,46,316,gurobi,13.72525691986084,True,False,0.4363883992949975,True,,abcd,0.1,2026-03-03T04:58:00.722271
180,180,2,46,316,bnb_c,30,False,True,,,timeout,abcd,0.1,2026-03-03T04:58:30.729664
180,176,2,47,246,gurobi,11.823356866836548,True,False,0.4610268358781161,True,,abcd,0.1,2026-03-03T04:58:42.674659
180,176,2,47,246,bnb_c,30,False,True,,,timeout,abcd,0.1,2026-03-03T04:59:12.681706
180,180,2,48,291,gurobi,5.291213035583496,True,False,0.4613490629538912,True,,abcd,0.1,2026-03-03T04:59:18.114459
180,180,2,48,291,bnb_c,1.0892679691314697,True,False,0.461349062953909,True,,abcd,0.1,2026-03-03T04:59:19.333744
180,180,2,49,280,gurobi,6.981935739517212,True,False,0.4484693877551063,True,,abcd,0.1,2026-03-03T04:59:26.460218
180,180,2,49,280,bnb_c,30,False,True,,,timeout,abcd,0.1,2026-03-03T04:59:56.465954
180,180,2,50,283,gurobi,3.9195380210876465,True,False,0.4646580678994311,True,,abcd,0.1,2026-03-03T05:00:00.522063
180,180,2,50,283,bnb_c,0.8708782196044922,True,False,0.464658067899462,True,,abcd,0.1,2026-03-03T05:00:01.523208
180,180,2,51,272,gurobi,9.059875011444092,True,False,0.4566325151384242,True,,abcd,0.1,2026-03-03T05:00:10.718915
180,180,2,51,272,bnb_c,20.838605880737305,True,False,0.456632515138408,True,,abcd,0.1,2026-03-03T05:00:31.684775
180,180,2,52,262,gurobi,12.331569910049438,True,False,0.4613658877688016,True,,abcd,0.1,2026-03-03T05:00:44.152572
180,180,2,52,262,bnb_c,21.868321895599365,True,False,0.461365887768778,True,,abcd,0.1,2026-03-03T05:01:06.153884
180,180,2,53,279,gurobi,13.98504090309143,True,False,0.4445921814981952,True,,abcd,0.1,2026-03-03T05:01:20.275034
180,180,2,53,279,bnb_c,27.371079921722412,True,False,0.444592181498182,True,,abcd,0.1,2026-03-03T05:01:47.773446
180,180,2,54,267,gurobi,30,False,True,,,timeout,abcd,0.1,2026-03-03T05:02:17.785442
180,180,2,54,267,bnb_c,30,False,True,,,timeout,abcd,0.1,2026-03-03T05:02:47.791198
180,180,2,55,277,gurobi,30,False,True,,,timeout,abcd,0.1,2026-03-03T05:03:17.802246
180,180,2,55,277,bnb_c,30,False,True,,,timeout,abcd,0.1,2026-03-03T05:03:47.809492
180,180,2,56,292,gurobi,3.2491538524627686,True,False,0.4505535747795086,True,,abcd,0.1,2026-03-03T05:03:51.192205
180,180,2,56,292,bnb_c,2.912227153778076,True,False,0.450553574779508,True,,abcd,0.1,2026-03-03T05:03:54.231444
180,180,2,57,257,gurobi,30,False,True,,,timeout,abcd,0.1,2026-03-03T05:04:24.243442
180,180,2,57,257,bnb_c,30,False,True,,,timeout,abcd,0.1,2026-03-03T05:04:54.249148
180,180,2,58,298,gurobi,3.0157909393310547,True,False,0.4539660375658896,True,,abcd,0.1,2026-03-03T05:04:57.400584
180,180,2,58,298,bnb_c,1.4286329746246338,True,False,0.453966037565875,True,,abcd,0.1,2026-03-03T05:04:58.959359
180,180,2,59,270,gurobi,8.355515003204346,True,False,0.4612071330590252,True,,abcd,0.1,2026-03-03T05:05:07.447876
180,180,2,59,270,bnb_c,1.3902180194854736,True,False,0.461207133058985,True,,abcd,0.1,2026-03-03T05:05:08.965407
180,180,2,60,261,gurobi,30,False,True,,,timeout,abcd,0.1,2026-03-03T05:05:38.987101
180,180,2,60,261,bnb_c,30,False,True,,,timeout,abcd,0.1,2026-03-03T05:06:08.992766
180,180,2,61,256,gurobi,3.2058050632476807,True,False,0.45482635498046875,True,,abcd,0.1,2026-03-03T05:06:12.334359
180,180,2,61,256,bnb_c,6.447512149810791,True,False,0.454826354980469,True,,abcd,0.1,2026-03-03T05:06:18.909683
180,180,2,62,254,gurobi,30,False,True,,,timeout,abcd,0.1,2026-03-03T05:06:48.924673
180,180,2,62,254,bnb_c,30,False,True,,,timeout,abcd,0.1,2026-03-03T05:07:18.930280
180,180,2,63,241,gurobi,30,False,True,,,timeout,abcd,0.1,2026-03-03T05:07:48.940930
180,180,2,63,241,bnb_c,30,False,True,,,timeout,abcd,0.1,2026-03-03T05:08:18.948176
180,180,2,64,271,gurobi,30,False,True,,,timeout,abcd,0.1,2026-03-03T05:08:48.963044
180,180,2,64,271,bnb_c,30,False,True,,,timeout,abcd,0.1,2026-03-03T05:09:18.968698
180,180,2,65,251,gurobi,15.728595972061157,True,False,0.4498976206727594,True,,abcd,0.1,2026-03-03T05:09:34.845293
180,180,2,65,251,bnb_c,30,False,True,,,timeout,abcd,0.1,2026-03-03T05:10:04.851058
180,180,2,66,282,gurobi,2.312177896499634,True,False,0.4644384085307196,True,,abcd,0.1,2026-03-03T05:10:07.304081
180,180,2,66,282,bnb_c,0.7363426685333252,True,False,0.464438408530758,True,,abcd,0.1,2026-03-03T05:10:08.169272
180,180,2,67,274,gurobi,30,False,True,,,timeout,abcd,0.1,2026-03-03T05:10:38.184598
180,180,2,67,274,bnb_c,30,False,True,,,timeout,abcd,0.1,2026-03-03T05:11:08.190274
180,180,2,68,312,gurobi,30,False,True,,,timeout,abcd,0.1,2026-03-03T05:11:38.206067
180,180,2,68,312,bnb_c,30,False,True,,,timeout,abcd,0.1,2026-03-03T05:12:08.211782
180,180,2,69,287,gurobi,30,False,True,,,timeout,abcd,0.1,2026-03-03T05:12:38.224253
180,180,2,69,287,bnb_c,30,False,True,,,timeout,abcd,0.1,2026-03-03T05:13:08.229874
180,180,2,70,272,gurobi,6.833616018295288,True,False,0.45955206531143233,True,,abcd,0.1,2026-03-03T05:13:15.209868
180,180,2,70,272,bnb_c,2.022252082824707,True,False,0.459552065311419,True,,abcd,0.1,2026-03-03T05:13:17.362933
180,180,2,71,265,gurobi,8.849183797836304,True,False,0.4535421858312428,True,,abcd,0.1,2026-03-03T05:13:26.349362
180,180,2,71,265,bnb_c,5.987425804138184,True,False,0.453542185831257,True,,abcd,0.1,2026-03-03T05:13:32.465111
180,180,2,72,262,gurobi,21.53361415863037,True,False,0.4495003204941608,True,,abcd,0.1,2026-03-03T05:13:54.132018
180,180,2,72,262,bnb_c,30,False,True,,,timeout,abcd,0.1,2026-03-03T05:14:24.139267
180,180,2,73,262,gurobi,30,False,True,,,timeout,abcd,0.1,2026-03-03T05:14:54.160456
180,180,2,73,262,bnb_c,30,False,True,,,timeout,abcd,0.1,2026-03-03T05:15:24.166167
180,180,2,74,288,gurobi,30,False,True,,,timeout,abcd,0.1,2026-03-03T05:15:54.179346
180,180,2,74,288,bnb_c,30,False,True,,,timeout,abcd,0.1,2026-03-03T05:16:24.185112
180,180,2,75,263,gurobi,30,False,True,,,timeout,abcd,0.1,2026-03-03T05:16:54.200375
180,180,2,75,263,bnb_c,30,False,True,,,timeout,abcd,0.1,2026-03-03T05:17:24.206027
180,180,2,76,273,gurobi,30,False,True,,,timeout,abcd,0.1,2026-03-03T05:17:54.216600
180,180,2,76,273,bnb_c,30,False,True,,,timeout,abcd,0.1,2026-03-03T05:18:24.221957
180,180,2,77,276,gurobi,29.754719972610474,True,False,0.4383992333543042,True,,abcd,0.1,2026-03-03T05:18:54.114056
180,180,2,77,276,bnb_c,30,False,True,,,timeout,abcd,0.1,2026-03-03T05:19:24.119776
180,180,2,78,294,gurobi,30,False,True,,,timeout,abcd,0.1,2026-03-03T05:19:54.130496
180,180,2,78,294,bnb_c,30,False,True,,,timeout,abcd,0.1,2026-03-03T05:20:24.136196
180,180,2,79,323,gurobi,30,False,True,,,timeout,abcd,0.1,2026-03-03T05:20:54.153851
180,180,2,79,323,bnb_c,30,False,True,,,timeout,abcd,0.1,2026-03-03T05:21:24.159519
180,180,2,80,288,gurobi,27.943222999572754,True,False,0.43966411072533074,True,,abcd,0.1,2026-03-03T05:21:52.252375
180,180,2,80,288,bnb_c,30,False,True,,,timeout,abcd,0.1,2026-03-03T05:22:22.258019
180,180,2,81,259,gurobi,10.647974014282227,True,False,0.46102473129499394,True,,abcd,0.1,2026-03-03T05:22:33.046877
180,180,2,81,259,bnb_c,26.55198311805725,True,False,0.461024731295001,True,,abcd,0.1,2026-03-03T05:22:59.725407
180,180,2,82,273,gurobi,30,False,True,,,timeout,abcd,0.1,2026-03-03T05:23:29.744643
180,180,2,82,273,bnb_c,30,False,True,,,timeout,abcd,0.1,2026-03-03T05:23:59.751202
180,180,2,83,276,gurobi,30,False,True,,,timeout,abcd,0.1,2026-03-03T05:24:29.764884
180,180,2,83,276,bnb_c,30,False,True,,,timeout,abcd,0.1,2026-03-03T05:24:59.771892
180,180,2,84,291,gurobi,18.13229489326477,True,False,0.441580756013733,True,,abcd,0.1,2026-03-03T05:25:18.044697
180,180,2,84,291,bnb_c,30,False,True,,,timeout,abcd,0.1,2026-03-03T05:25:48.051934
180,180,2,85,292,gurobi,3.121983051300049,True,False,0.4367376618502555,True,,abcd,0.1,2026-03-03T05:25:51.311686
180,180,2,85,292,bnb_c,30,False,True,,,timeout,abcd,0.1,2026-03-03T05:26:21.317387
180,177,2,86,297,gurobi,30,False,True,,,timeout,abcd,0.1,2026-03-03T05:26:51.328717
180,177,2,86,297,bnb_c,30,False,True,,,timeout,abcd,0.1,2026-03-03T05:27:21.334204
180,180,2,87,259,gurobi,30,False,True,,,timeout,abcd,0.1,2026-03-03T05:27:51.344006
180,180,2,87,259,bnb_c,30,False,True,,,timeout,abcd,0.1,2026-03-03T05:28:21.348900
180,180,2,88,270,gurobi,30,False,True,,,timeout,abcd,0.1,2026-03-03T05:28:51.366618
180,180,2,88,270,bnb_c,19.95652198791504,True,False,0.448148148148148,True,,abcd,0.1,2026-03-03T05:29:11.449942
180,180,2,89,291,gurobi,2.0241239070892334,True,False,0.45983750782345617,True,,abcd,0.1,2026-03-03T05:29:13.613909
180,180,2,89,291,bnb_c,0.7755022048950195,True,False,0.459837507823479,True,,abcd,0.1,2026-03-03T05:29:14.516919
180,180,2,90,314,gurobi,12.613162994384766,True,False,0.4288561402085265,True,,abcd,0.1,2026-03-03T05:29:27.268966
180,180,2,90,314,bnb_c,30,False,True,,,timeout,abcd,0.1,2026-03-03T05:29:57.274681
180,180,2,91,253,gurobi,30,False,True,,,timeout,abcd,0.1,2026-03-03T05:30:27.291316
180,180,2,91,253,bnb_c,15.173908948898315,True,False,0.457654392351076,True,,abcd,0.1,2026-03-03T05:30:42.592813
180,180,2,92,256,gurobi,30,False,True,,,timeout,abcd,0.1,2026-03-03T05:31:12.603577
180,180,2,92,256,bnb_c,30,False,True,,,timeout,abcd,0.1,2026-03-03T05:31:42.609154
180,180,2,93,261,gurobi,19.823761224746704,True,False,0.4653998032911786,True,,abcd,0.1,2026-03-03T05:32:02.569232
180,180,2,93,261,bnb_c,2.8177480697631836,True,False,0.465399803291202,True,,abcd,0.1,2026-03-03T05:32:05.518003
180,180,2,94,270,gurobi,16.362210035324097,True,False,0.4444375857339118,True,,abcd,0.1,2026-03-03T05:32:22.017463
180,180,2,94,270,bnb_c,30,False,True,,,timeout,abcd,0.1,2026-03-03T05:32:52.022660
180,180,2,95,289,gurobi,30,False,True,,,timeout,abcd,0.1,2026-03-03T05:33:22.043083
180,180,2,95,289,bnb_c,30,False,True,,,timeout,abcd,0.1,2026-03-03T05:33:52.050265
180,180,2,96,275,gurobi,30,False,True,,,timeout,abcd,0.1,2026-03-03T05:34:22.069563
180,180,2,96,275,bnb_c,30,False,True,,,timeout,abcd,0.1,2026-03-03T05:34:52.076734
180,180,2,97,275,gurobi,30,False,True,,,timeout,abcd,0.1,2026-03-03T05:35:22.093415
180,180,2,97,275,bnb_c,30,False,True,,,timeout,abcd,0.1,2026-03-03T05:35:52.098990
180,180,2,98,248,gurobi,30,False,True,,,timeout,abcd,0.1,2026-03-03T05:36:22.112123
180,180,2,98,248,bnb_c,30,False,True,,,timeout,abcd,0.1,2026-03-03T05:36:52.117749
180,180,2,99,265,gurobi,3.2066521644592285,True,False,0.46225703097186593,True,,abcd,0.1,2026-03-03T05:36:55.461468
180,180,2,99,265,bnb_c,2.0387511253356934,True,False,0.462257030971876,True,,abcd,0.1,2026-03-03T05:36:57.627642
200,200,2,0,317,gurobi,30,False,True,,,timeout,abcd,0.1,2026-03-03T05:37:27.645886
200,200,2,0,317,bnb_c,30,False,True,,,timeout,abcd,0.1,2026-03-03T05:37:57.651456
200,200,2,1,314,gurobi,10.451685190200806,True,False,0.4458548014117915,True,,abcd,0.1,2026-03-03T05:38:08.253253
200,200,2,1,314,bnb_c,30,False,True,,,timeout,abcd,0.1,2026-03-03T05:38:38.258911
200,200,2,2,323,gurobi,30,False,True,,,timeout,abcd,0.1,2026-03-03T05:39:08.275607
200,200,2,2,323,bnb_c,7.1304771900177,True,False,0.450459603753511,True,,abcd,0.1,2026-03-03T05:39:15.537757
200,200,2,3,296,gurobi,30,False,True,,,timeout,abcd,0.1,2026-03-03T05:39:45.549941
200,200,2,3,296,bnb_c,30,False,True,,,timeout,abcd,0.1,2026-03-03T05:40:15.555668
200,200,2,4,293,gurobi,30,False,True,,,timeout,abcd,0.1,2026-03-03T05:40:45.566698
200,200,2,4,293,bnb_c,30,False,True,,,timeout,abcd,0.1,2026-03-03T05:41:15.573891
200,200,2,5,330,gurobi,30,False,True,,,timeout,abcd,0.1,2026-03-03T05:41:45.588905
200,200,2,5,330,bnb_c,30,False,True,,,timeout,abcd,0.1,2026-03-03T05:42:15.596099
200,200,2,6,319,gurobi,30,False,True,,,timeout,abcd,0.1,2026-03-03T05:42:45.608910
200,200,2,6,319,bnb_c,29.050392150878906,True,False,0.454339088648893,True,,abcd,0.1,2026-03-03T05:43:14.786832
200,200,2,7,346,gurobi,30,False,True,,,timeout,abcd,0.1,2026-03-03T05:43:44.800638
200,200,2,7,346,bnb_c,30,False,True,,,timeout,abcd,0.1,2026-03-03T05:44:14.806382
200,200,2,8,301,gurobi,30,False,True,,,timeout,abcd,0.1,2026-03-03T05:44:44.817934
200,200,2,8,301,bnb_c,30,False,True,,,timeout,abcd,0.1,2026-03-03T05:45:14.823486
200,200,2,9,284,gurobi,30,False,True,,,timeout,abcd,0.1,2026-03-03T05:45:44.845538
200,200,2,9,284,bnb_c,30,False,True,,,timeout,abcd,0.1,2026-03-03T05:46:14.851141
200,200,2,10,302,gurobi,30,False,True,,,timeout,abcd,0.1,2026-03-03T05:46:44.866512
200,200,2,10,302,bnb_c,30,False,True,,,timeout,abcd,0.1,2026-03-03T05:47:14.872262
200,200,2,11,298,gurobi,30,False,True,,,timeout,abcd,0.1,2026-03-03T05:47:44.883551
200,200,2,11,298,bnb_c,30,False,True,,,timeout,abcd,0.1,2026-03-03T05:48:14.889282
200,200,2,12,305,gurobi,16.54943609237671,True,False,0.4472776135447599,True,,abcd,0.1,2026-03-03T05:48:31.582172
200,200,2,12,305,bnb_c,30,False,True,,,timeout,abcd,0.1,2026-03-03T05:49:01.587818
200,200,2,13,301,gurobi,16.363012075424194,True,False,0.4500391827904421,True,,abcd,0.1,2026-03-03T05:49:18.093575
200,200,2,13,301,bnb_c,30,False,True,,,timeout,abcd,0.1,2026-03-03T05:49:48.099246
200,200,2,14,315,gurobi,30,False,True,,,timeout,abcd,0.1,2026-03-03T05:50:18.109675
200,200,2,14,315,bnb_c,30,False,True,,,timeout,abcd,0.1,2026-03-03T05:50:48.115347
200,200,2,15,294,gurobi,30,False,True,,,timeout,abcd,0.1,2026-03-03T05:51:18.132832
200,200,2,15,294,bnb_c,30,False,True,,,timeout,abcd,0.1,2026-03-03T05:51:48.138508
200,200,2,16,343,gurobi,30,False,True,,,timeout,abcd,0.1,2026-03-03T05:52:18.158166
200,200,2,16,343,bnb_c,30,False,True,,,timeout,abcd,0.1,2026-03-03T05:52:48.164838
200,200,2,17,292,gurobi,30,False,True,,,timeout,abcd,0.1,2026-03-03T05:53:18.186428
200,200,2,17,292,bnb_c,30,False,True,,,timeout,abcd,0.1,2026-03-03T05:53:48.192388
200,200,2,18,316,gurobi,30,False,True,,,timeout,abcd,0.1,2026-03-03T05:54:18.206037
200,200,2,18,316,bnb_c,30,False,True,,,timeout,abcd,0.1,2026-03-03T05:54:48.210416
200,200,2,19,305,gurobi,30,False,True,,,timeout,abcd,0.1,2026-03-03T05:55:18.223441
200,200,2,19,305,bnb_c,30,False,True,,,timeout,abcd,0.1,2026-03-03T05:55:48.229170
200,200,2,20,325,gurobi,11.121146202087402,True,False,0.468047337278073,True,,abcd,0.1,2026-03-03T05:55:59.486349
200,200,2,20,325,bnb_c,1.391418218612671,True,False,0.468047337278106,True,,abcd,0.1,2026-03-03T05:56:01.009633
200,196,2,21,293,gurobi,30,False,True,,,timeout,abcd,0.1,2026-03-03T05:56:31.029255
200,196,2,21,293,bnb_c,30,False,True,,,timeout,abcd,0.1,2026-03-03T05:57:01.036006
200,200,2,22,281,gurobi,30,False,True,,,timeout,abcd,0.1,2026-03-03T05:57:31.047490
200,200,2,22,281,bnb_c,30,False,True,,,timeout,abcd,0.1,2026-03-03T05:58:01.053184
200,200,2,23,308,gurobi,30,False,True,,,timeout,abcd,0.1,2026-03-03T05:58:31.064792
200,200,2,23,308,bnb_c,30,False,True,,,timeout,abcd,0.1,2026-03-03T05:59:01.070447
200,200,2,24,307,gurobi,26.797493934631348,True,False,0.4511400651466179,True,,abcd,0.1,2026-03-03T05:59:28.006982
200,200,2,24,307,bnb_c,30,False,True,,,timeout,abcd,0.1,2026-03-03T05:59:58.012671
200,200,2,25,304,gurobi,30,False,True,,,timeout,abcd,0.1,2026-03-03T06:00:28.024001
200,200,2,25,304,bnb_c,30,False,True,,,timeout,abcd,0.1,2026-03-03T06:00:58.029753
200,200,2,26,302,gurobi,30,False,True,,,timeout,abcd,0.1,2026-03-03T06:01:28.053168
200,200,2,26,302,bnb_c,30,False,True,,,timeout,abcd,0.1,2026-03-03T06:01:58.058946
200,200,2,27,295,gurobi,30,False,True,,,timeout,abcd,0.1,2026-03-03T06:02:28.077614
200,200,2,27,295,bnb_c,30,False,True,,,timeout,abcd,0.1,2026-03-03T06:02:58.083394
200,200,2,28,300,gurobi,30,False,True,,,timeout,abcd,0.1,2026-03-03T06:03:28.094367
200,200,2,28,300,bnb_c,30,False,True,,,timeout,abcd,0.1,2026-03-03T06:03:58.100085
200,200,2,29,322,gurobi,2.295844793319702,True,False,0.4564831603719628,True,,abcd,0.1,2026-03-03T06:04:00.534631
200,200,2,29,322,bnb_c,2.8988943099975586,True,False,0.456483160371899,True,,abcd,0.1,2026-03-03T06:04:03.560888
200,200,2,30,330,gurobi,30,False,True,,,timeout,abcd,0.1,2026-03-03T06:04:33.572476
200,200,2,30,330,bnb_c,30,False,True,,,timeout,abcd,0.1,2026-03-03T06:05:03.578219
200,200,2,31,316,gurobi,30,False,True,,,timeout,abcd,0.1,2026-03-03T06:05:33.590093
200,200,2,31,316,bnb_c,30,False,True,,,timeout,abcd,0.1,2026-03-03T06:06:03.594935
200,200,2,32,295,gurobi,30,False,True,,,timeout,abcd,0.1,2026-03-03T06:06:33.615517
200,200,2,32,295,bnb_c,30,False,True,,,timeout,abcd,0.1,2026-03-03T06:07:03.621239
200,200,2,33,289,gurobi,30,False,True,,,timeout,abcd,0.1,2026-03-03T06:07:33.638125
200,200,2,33,289,bnb_c,30,False,True,,,timeout,abcd,0.1,2026-03-03T06:08:03.643724
200,200,2,34,314,gurobi,3.8387348651885986,True,False,0.4502211043044068,True,,abcd,0.1,2026-03-03T06:08:07.634556
200,200,2,34,314,bnb_c,30,False,True,,,timeout,abcd,0.1,2026-03-03T06:08:37.640376
200,200,2,35,300,gurobi,30,False,True,,,timeout,abcd,0.1,2026-03-03T06:09:07.659690
200,200,2,35,300,bnb_c,30,False,True,,,timeout,abcd,0.1,2026-03-03T06:09:37.665443
200,200,2,36,299,gurobi,30,False,True,,,timeout,abcd,0.1,2026-03-03T06:10:07.677040
200,200,2,36,299,bnb_c,30,False,True,,,timeout,abcd,0.1,2026-03-03T06:10:37.684076
200,200,2,37,323,gurobi,30,False,True,,,timeout,abcd,0.1,2026-03-03T06:11:07.695188
200,200,2,37,323,bnb_c,30,False,True,,,timeout,abcd,0.1,2026-03-03T06:11:37.701008
200,200,2,38,275,gurobi,30,False,True,,,timeout,abcd,0.1,2026-03-03T06:12:07.711458
200,200,2,38,275,bnb_c,30,False,True,,,timeout,abcd,0.1,2026-03-03T06:12:37.719033
200,200,2,39,320,gurobi,10.724593877792358,True,False,0.44956542968752755,True,,abcd,0.1,2026-03-03T06:12:48.584307
200,200,2,39,320,bnb_c,30,False,True,,,timeout,abcd,0.1,2026-03-03T06:13:18.590018
200,200,2,40,284,gurobi,30,False,True,,,timeout,abcd,0.1,2026-03-03T06:13:48.600488
200,200,2,40,284,bnb_c,30,False,True,,,timeout,abcd,0.1,2026-03-03T06:14:18.606225
200,200,2,41,314,gurobi,25.24542999267578,True,False,0.44098644975452195,True,,abcd,0.1,2026-03-03T06:14:43.992003
200,200,2,41,314,bnb_c,30,False,True,,,timeout,abcd,0.1,2026-03-03T06:15:13.997711
200,200,2,42,327,gurobi,30,False,True,,,timeout,abcd,0.1,2026-03-03T06:15:44.008348
200,200,2,42,327,bnb_c,30,False,True,,,timeout,abcd,0.1,2026-03-03T06:16:14.014115
200,200,2,43,296,gurobi,30,False,True,,,timeout,abcd,0.1,2026-03-03T06:16:44.040348
200,200,2,43,296,bnb_c,30,False,True,,,timeout,abcd,0.1,2026-03-03T06:17:14.046054
200,200,2,44,301,gurobi,30,False,True,,,timeout,abcd,0.1,2026-03-03T06:17:44.058054
200,200,2,44,301,bnb_c,30,False,True,,,timeout,abcd,0.1,2026-03-03T06:18:14.065248
200,200,2,45,312,gurobi,30,False,True,,,timeout,abcd,0.1,2026-03-03T06:18:44.079322
200,200,2,45,312,bnb_c,30,False,True,,,timeout,abcd,0.1,2026-03-03T06:19:14.085038
200,200,2,46,291,gurobi,23.410220861434937,True,False,0.4587569820856885,True,,abcd,0.1,2026-03-03T06:19:37.641008
200,200,2,46,291,bnb_c,30,False,True,,,timeout,abcd,0.1,2026-03-03T06:20:07.646775
200,200,2,47,354,gurobi,30,False,True,,,timeout,abcd,0.1,2026-03-03T06:20:37.660214
200,200,2,47,354,bnb_c,30,False,True,,,timeout,abcd,0.1,2026-03-03T06:21:07.667343
200,200,2,48,313,gurobi,30,False,True,,,timeout,abcd,0.1,2026-03-03T06:21:37.697344
200,200,2,48,313,bnb_c,30,False,True,,,timeout,abcd,0.1,2026-03-03T06:22:07.701666
200,200,2,49,315,gurobi,12.892117977142334,True,False,0.45477954144621474,True,,abcd,0.1,2026-03-03T06:22:20.740074
200,200,2,49,315,bnb_c,5.133712291717529,True,False,0.454779541446208,True,,abcd,0.1,2026-03-03T06:22:26.005018
200,200,2,50,288,gurobi,30,False,True,,,timeout,abcd,0.1,2026-03-03T06:22:56.016994
200,200,2,50,288,bnb_c,30,False,True,,,timeout,abcd,0.1,2026-03-03T06:23:26.023932
200,200,2,51,304,gurobi,30,False,True,,,timeout,abcd,0.1,2026-03-03T06:23:56.043345
200,200,2,51,304,bnb_c,30,False,True,,,timeout,abcd,0.1,2026-03-03T06:24:26.047469
200,200,2,52,314,gurobi,30,False,True,,,timeout,abcd,0.1,2026-03-03T06:24:56.061848
200,200,2,52,314,bnb_c,30,False,True,,,timeout,abcd,0.1,2026-03-03T06:25:26.067569
200,200,2,53,300,gurobi,30,False,True,,,timeout,abcd,0.1,2026-03-03T06:25:56.079123
200,200,2,53,300,bnb_c,30,False,True,,,timeout,abcd,0.1,2026-03-03T06:26:26.084852
200,200,2,54,314,gurobi,30,False,True,,,timeout,abcd,0.1,2026-03-03T06:26:56.095927
200,200,2,54,314,bnb_c,30,False,True,,,timeout,abcd,0.1,2026-03-03T06:27:26.101637
200,200,2,55,316,gurobi,30,False,True,,,timeout,abcd,0.1,2026-03-03T06:27:56.118388
200,200,2,55,316,bnb_c,30,False,True,,,timeout,abcd,0.1,2026-03-03T06:28:26.125602
200,200,2,56,302,gurobi,13.487642765045166,True,False,0.4553309065391766,True,,abcd,0.1,2026-03-03T06:28:39.762160
200,200,2,56,302,bnb_c,30,False,True,,,timeout,abcd,0.1,2026-03-03T06:29:09.767852
200,200,2,57,310,gurobi,21.529694318771362,True,False,0.4527575442247597,True,,abcd,0.1,2026-03-03T06:29:31.441129
200,200,2,57,310,bnb_c,10.978906869888306,True,False,0.452757544224766,True,,abcd,0.1,2026-03-03T06:29:42.547765
200,200,2,58,295,gurobi,30,False,True,,,timeout,abcd,0.1,2026-03-03T06:30:12.562430
200,200,2,58,295,bnb_c,30,False,True,,,timeout,abcd,0.1,2026-03-03T06:30:42.569437
200,200,2,59,313,gurobi,30,False,True,,,timeout,abcd,0.1,2026-03-03T06:31:12.582276
200,200,2,59,313,bnb_c,30,False,True,,,timeout,abcd,0.1,2026-03-03T06:31:42.587907
200,200,2,60,291,gurobi,30,False,True,,,timeout,abcd,0.1,2026-03-03T06:32:12.598196
200,200,2,60,291,bnb_c,30,False,True,,,timeout,abcd,0.1,2026-03-03T06:32:42.603949
200,200,2,61,288,gurobi,30,False,True,,,timeout,abcd,0.1,2026-03-03T06:33:12.621038
200,200,2,61,288,bnb_c,30,False,True,,,timeout,abcd,0.1,2026-03-03T06:33:42.628186
200,200,2,62,301,gurobi,23.267310857772827,True,False,0.44683833511768445,True,,abcd,0.1,2026-03-03T06:34:06.041508
200,200,2,62,301,bnb_c,30,False,True,,,timeout,abcd,0.1,2026-03-03T06:34:36.047302
200,200,2,63,316,gurobi,1.7372899055480957,True,False,0.4625660951770738,True,,abcd,0.1,2026-03-03T06:34:37.916466
200,200,2,63,316,bnb_c,2.377117156982422,True,False,0.462566095177055,True,,abcd,0.1,2026-03-03T06:34:40.420677
200,200,2,64,294,gurobi,30,False,True,,,timeout,abcd,0.1,2026-03-03T06:35:10.432381
200,200,2,64,294,bnb_c,30,False,True,,,timeout,abcd,0.1,2026-03-03T06:35:40.438116
200,200,2,65,340,gurobi,30,False,True,,,timeout,abcd,0.1,2026-03-03T06:36:10.455916
200,200,2,65,340,bnb_c,30,False,True,,,timeout,abcd,0.1,2026-03-03T06:36:40.462905
200,200,2,66,331,gurobi,3.9252617359161377,True,False,0.44762278548022855,True,,abcd,0.1,2026-03-03T06:36:44.523424
200,200,2,66,331,bnb_c,30,False,True,,,timeout,abcd,0.1,2026-03-03T06:37:14.530591
200,200,2,67,287,gurobi,30,False,True,,,timeout,abcd,0.1,2026-03-03T06:37:44.545805
200,200,2,67,287,bnb_c,30,False,True,,,timeout,abcd,0.1,2026-03-03T06:38:14.552994
200,200,2,68,338,gurobi,30,False,True,,,timeout,abcd,0.1,2026-03-03T06:38:44.567674
200,200,2,68,338,bnb_c,30,False,True,,,timeout,abcd,0.1,2026-03-03T06:39:14.573410
200,200,2,69,292,gurobi,30,False,True,,,timeout,abcd,0.1,2026-03-03T06:39:44.585969
200,200,2,69,292,bnb_c,30,False,True,,,timeout,abcd,0.1,2026-03-03T06:40:14.591597
200,200,2,70,301,gurobi,30,False,True,,,timeout,abcd,0.1,2026-03-03T06:40:44.603695
200,200,2,70,301,bnb_c,30,False,True,,,timeout,abcd,0.1,2026-03-03T06:41:14.610838
200,200,2,71,290,gurobi,30,False,True,,,timeout,abcd,0.1,2026-03-03T06:41:44.630797
200,200,2,71,290,bnb_c,30,False,True,,,timeout,abcd,0.1,2026-03-03T06:42:14.637629
200,200,2,72,274,gurobi,30,False,True,,,timeout,abcd,0.1,2026-03-03T06:42:44.650631
200,200,2,72,274,bnb_c,30,False,True,,,timeout,abcd,0.1,2026-03-03T06:43:14.656307
200,200,2,73,285,gurobi,30,False,True,,,timeout,abcd,0.1,2026-03-03T06:43:44.675415
200,200,2,73,285,bnb_c,30,False,True,,,timeout,abcd,0.1,2026-03-03T06:44:14.681128
200,200,2,74,300,gurobi,30,False,True,,,timeout,abcd,0.1,2026-03-03T06:44:44.698868
200,200,2,74,300,bnb_c,30,False,True,,,timeout,abcd,0.1,2026-03-03T06:45:14.705916
200,196,2,75,275,gurobi,23.263715744018555,True,False,0.45904793388428783,True,,abcd,0.1,2026-03-03T06:45:38.097910
200,196,2,75,275,bnb_c,19.468745946884155,True,False,0.459047933884297,True,,abcd,0.1,2026-03-03T06:45:57.676501
200,200,2,76,293,gurobi,30,False,True,,,timeout,abcd,0.1,2026-03-03T06:46:27.688117
200,200,2,76,293,bnb_c,30,False,True,,,timeout,abcd,0.1,2026-03-03T06:46:57.693798
200,200,2,77,297,gurobi,30,False,True,,,timeout,abcd,0.1,2026-03-03T06:47:27.705137
200,200,2,77,297,bnb_c,30,False,True,,,timeout,abcd,0.1,2026-03-03T06:47:57.711951
200,200,2,78,312,gurobi,30,False,True,,,timeout,abcd,0.1,2026-03-03T06:48:27.727543
200,200,2,78,312,bnb_c,30,False,True,,,timeout,abcd,0.1,2026-03-03T06:48:57.734358
200,200,2,79,317,gurobi,30,False,True,,,timeout,abcd,0.1,2026-03-03T06:49:27.749791
200,200,2,79,317,bnb_c,30,False,True,,,timeout,abcd,0.1,2026-03-03T06:49:57.757249
200,200,2,80,332,gurobi,30,False,True,,,timeout,abcd,0.1,2026-03-03T06:50:27.790115
200,200,2,80,332,bnb_c,30,False,True,,,timeout,abcd,0.1,2026-03-03T06:50:57.796342
200,200,2,81,321,gurobi,30,False,True,,,timeout,abcd,0.1,2026-03-03T06:51:27.814517
200,200,2,81,321,bnb_c,30,False,True,,,timeout,abcd,0.1,2026-03-03T06:51:57.820363
200,200,2,82,340,gurobi,30,False,True,,,timeout,abcd,0.1,2026-03-03T06:52:27.834018
200,200,2,82,340,bnb_c,30,False,True,,,timeout,abcd,0.1,2026-03-03T06:52:57.839790
200,200,2,83,318,gurobi,30,False,True,,,timeout,abcd,0.1,2026-03-03T06:53:27.855413
200,200,2,83,318,bnb_c,30,False,True,,,timeout,abcd,0.1,2026-03-03T06:53:57.862571
200,200,2,84,301,gurobi,30,False,True,,,timeout,abcd,0.1,2026-03-03T06:54:27.876032
200,200,2,84,301,bnb_c,30,False,True,,,timeout,abcd,0.1,2026-03-03T06:54:57.881818
200,200,2,85,334,gurobi,1.7214007377624512,True,False,0.447806482842716,True,,abcd,0.1,2026-03-03T06:54:59.745674
200,200,2,85,334,bnb_c,15.472657203674316,True,False,0.447806482842698,True,,abcd,0.1,2026-03-03T06:55:15.346695
200,200,2,86,320,gurobi,30,False,True,,,timeout,abcd,0.1,2026-03-03T06:55:45.366201
200,200,2,86,320,bnb_c,30,False,True,,,timeout,abcd,0.1,2026-03-03T06:56:15.371969
200,200,2,87,291,gurobi,30,False,True,,,timeout,abcd,0.1,2026-03-03T06:56:45.382818
200,200,2,87,291,bnb_c,30,False,True,,,timeout,abcd,0.1,2026-03-03T06:57:15.387551
200,200,2,88,301,gurobi,30,False,True,,,timeout,abcd,0.1,2026-03-03T06:57:45.414515
200,200,2,88,301,bnb_c,30,False,True,,,timeout,abcd,0.1,2026-03-03T06:58:15.420288
200,200,2,89,297,gurobi,30,False,True,,,timeout,abcd,0.1,2026-03-03T06:58:45.434428
200,200,2,89,297,bnb_c,30,False,True,,,timeout,abcd,0.1,2026-03-03T06:59:15.440158
200,200,2,90,293,gurobi,30,False,True,,,timeout,abcd,0.1,2026-03-03T06:59:45.452394
200,200,2,90,293,bnb_c,30,False,True,,,timeout,abcd,0.1,2026-03-03T07:00:15.458088
200,200,2,91,281,gurobi,30,False,True,,,timeout,abcd,0.1,2026-03-03T07:00:45.469922
200,200,2,91,281,bnb_c,30,False,True,,,timeout,abcd,0.1,2026-03-03T07:01:15.475574
200,200,2,92,322,gurobi,30,False,True,,,timeout,abcd,0.1,2026-03-03T07:01:45.491902
200,200,2,92,322,bnb_c,30,False,True,,,timeout,abcd,0.1,2026-03-03T07:02:15.497552
200,200,2,93,300,gurobi,30,False,True,,,timeout,abcd,0.1,2026-03-03T07:02:45.509155
200,200,2,93,300,bnb_c,30,False,True,,,timeout,abcd,0.1,2026-03-03T07:03:15.514832
200,200,2,94,288,gurobi,30,False,True,,,timeout,abcd,0.1,2026-03-03T07:03:45.533677
200,200,2,94,288,bnb_c,30,False,True,,,timeout,abcd,0.1,2026-03-03T07:04:15.539428
200,200,2,95,320,gurobi,30,False,True,,,timeout,abcd,0.1,2026-03-03T07:04:45.550745
200,200,2,95,320,bnb_c,30,False,True,,,timeout,abcd,0.1,2026-03-03T07:05:15.557812
200,200,2,96,325,gurobi,30,False,True,,,timeout,abcd,0.1,2026-03-03T07:05:45.579968
200,200,2,96,325,bnb_c,30,False,True,,,timeout,abcd,0.1,2026-03-03T07:06:15.585723
200,200,2,97,305,gurobi,18.233134984970093,True,False,0.4532975006718679,True,,abcd,0.1,2026-03-03T07:06:33.959069
200,200,2,97,305,bnb_c,30,False,True,,,timeout,abcd,0.1,2026-03-03T07:07:03.966088
200,200,2,98,320,gurobi,30,False,True,,,timeout,abcd,0.1,2026-03-03T07:07:33.986111
200,200,2,98,320,bnb_c,30,False,True,,,timeout,abcd,0.1,2026-03-03T07:08:03.991856
200,200,2,99,287,gurobi,30,False,True,,,timeout,abcd,0.1,2026-03-03T07:08:34.005545
200,200,2,99,287,bnb_c,30,False,True,,,timeout,abcd,0.1,2026-03-03T07:09:04.011239
220,220,2,0,386,gurobi,30,False,True,,,timeout,abcd,0.1,2026-03-03T07:09:34.030208
220,220,2,0,386,bnb_c,30,False,True,,,timeout,abcd,0.1,2026-03-03T07:10:04.035987
220,220,2,1,341,gurobi,30,False,True,,,timeout,abcd,0.1,2026-03-03T07:10:34.045810
220,220,2,1,341,bnb_c,30,False,True,,,timeout,abcd,0.1,2026-03-03T07:11:04.051591
220,220,2,2,305,gurobi,30,False,True,,,timeout,abcd,0.1,2026-03-03T07:11:34.063349
220,220,2,2,305,bnb_c,30,False,True,,,timeout,abcd,0.1,2026-03-03T07:12:04.069081
220,220,2,3,364,gurobi,30,False,True,,,timeout,abcd,0.1,2026-03-03T07:12:34.087417
220,220,2,3,364,bnb_c,30,False,True,,,timeout,abcd,0.1,2026-03-03T07:13:04.092996
220,220,2,4,322,gurobi,30,False,True,,,timeout,abcd,0.1,2026-03-03T07:13:34.104676
220,220,2,4,322,bnb_c,30,False,True,,,timeout,abcd,0.1,2026-03-03T07:14:04.110415
220,220,2,5,375,gurobi,30,False,True,,,timeout,abcd,0.1,2026-03-03T07:14:34.130636
220,220,2,5,375,bnb_c,30,False,True,,,timeout,abcd,0.1,2026-03-03T07:15:04.136409
220,220,2,6,338,gurobi,30,False,True,,,timeout,abcd,0.1,2026-03-03T07:15:34.153437
220,220,2,6,338,bnb_c,30,False,True,,,timeout,abcd,0.1,2026-03-03T07:16:04.159304
220,220,2,7,369,gurobi,30,False,True,,,timeout,abcd,0.1,2026-03-03T07:16:34.173383
220,220,2,7,369,bnb_c,30,False,True,,,timeout,abcd,0.1,2026-03-03T07:17:04.180628
220,220,2,8,339,gurobi,30,False,True,,,timeout,abcd,0.1,2026-03-03T07:17:34.192417
220,220,2,8,339,bnb_c,30,False,True,,,timeout,abcd,0.1,2026-03-03T07:18:04.198184
220,220,2,9,323,gurobi,30,False,True,,,timeout,abcd,0.1,2026-03-03T07:18:34.210152
220,220,2,9,323,bnb_c,30,False,True,,,timeout,abcd,0.1,2026-03-03T07:19:04.215856
220,220,2,10,368,gurobi,12.051262140274048,True,False,0.4590582171549424,True,,abcd,0.1,2026-03-03T07:19:16.411515
220,220,2,10,368,bnb_c,5.464056968688965,True,False,0.45905821715501,True,,abcd,0.1,2026-03-03T07:19:22.007627
220,220,2,11,322,gurobi,30,False,True,,,timeout,abcd,0.1,2026-03-03T07:19:52.018629
220,220,2,11,322,bnb_c,30,False,True,,,timeout,abcd,0.1,2026-03-03T07:20:22.024347
220,220,2,12,334,gurobi,30,False,True,,,timeout,abcd,0.1,2026-03-03T07:20:52.041139
220,220,2,12,334,bnb_c,30,False,True,,,timeout,abcd,0.1,2026-03-03T07:21:22.046912
220,220,2,13,353,gurobi,30,False,True,,,timeout,abcd,0.1,2026-03-03T07:21:52.068169
220,220,2,13,353,bnb_c,30,False,True,,,timeout,abcd,0.1,2026-03-03T07:22:22.075624
220,220,2,14,340,gurobi,30,False,True,,,timeout,abcd,0.1,2026-03-03T07:22:52.090345
220,220,2,14,340,bnb_c,30,False,True,,,timeout,abcd,0.1,2026-03-03T07:23:22.096159
220,220,2,15,311,gurobi,30,False,True,,,timeout,abcd,0.1,2026-03-03T07:23:52.107768
220,220,2,15,311,bnb_c,30,False,True,,,timeout,abcd,0.1,2026-03-03T07:24:22.113475
220,220,2,16,318,gurobi,30,False,True,,,timeout,abcd,0.1,2026-03-03T07:24:52.125157
220,220,2,16,318,bnb_c,30,False,True,,,timeout,abcd,0.1,2026-03-03T07:25:22.131038
220,220,2,17,336,gurobi,30,False,True,,,timeout,abcd,0.1,2026-03-03T07:25:52.143016
220,220,2,17,336,bnb_c,30,False,True,,,timeout,abcd,0.1,2026-03-03T07:26:22.148788
220,220,2,18,360,gurobi,30,False,True,,,timeout,abcd,0.1,2026-03-03T07:26:52.165475
220,220,2,18,360,bnb_c,30,False,True,,,timeout,abcd,0.1,2026-03-03T07:27:22.171186
220,220,2,19,351,gurobi,30,False,True,,,timeout,abcd,0.1,2026-03-03T07:27:52.182592
220,220,2,19,351,bnb_c,30,False,True,,,timeout,abcd,0.1,2026-03-03T07:28:22.188440
220,220,2,20,351,gurobi,2.241070032119751,True,False,0.46489882387317505,True,,abcd,0.1,2026-03-03T07:28:24.572669
220,220,2,20,351,bnb_c,2.681797981262207,True,False,0.464898823873183,True,,abcd,0.1,2026-03-03T07:28:27.383095
220,217,2,21,310,gurobi,30,False,True,,,timeout,abcd,0.1,2026-03-03T07:28:57.395328
220,217,2,21,310,bnb_c,30,False,True,,,timeout,abcd,0.1,2026-03-03T07:29:27.400973
220,220,2,22,347,gurobi,19.126721143722534,True,False,0.4625360230547896,True,,abcd,0.1,2026-03-03T07:29:46.663814
220,220,2,22,347,bnb_c,4.141825199127197,True,False,0.462536023054755,True,,abcd,0.1,2026-03-03T07:29:50.937345
220,220,2,23,366,gurobi,30,False,True,,,timeout,abcd,0.1,2026-03-03T07:30:20.957690
220,220,2,23,366,bnb_c,30,False,True,,,timeout,abcd,0.1,2026-03-03T07:30:50.964940
220,220,2,24,373,gurobi,4.368839979171753,True,False,0.44984151399061156,True,,abcd,0.1,2026-03-03T07:30:55.476807
220,220,2,24,373,bnb_c,30,False,True,,,timeout,abcd,0.1,2026-03-03T07:31:25.482594
220,220,2,25,346,gurobi,30,False,True,,,timeout,abcd,0.1,2026-03-03T07:31:55.503842
220,220,2,25,346,bnb_c,30,False,True,,,timeout,abcd,0.1,2026-03-03T07:32:25.509630
220,220,2,26,359,gurobi,30,False,True,,,timeout,abcd,0.1,2026-03-03T07:32:55.537767
220,220,2,26,359,bnb_c,30,False,True,,,timeout,abcd,0.1,2026-03-03T07:33:25.543543
220,220,2,27,321,gurobi,30,False,True,,,timeout,abcd,0.1,2026-03-03T07:33:55.556476
220,220,2,27,321,bnb_c,30,False,True,,,timeout,abcd,0.1,2026-03-03T07:34:25.562231
220,220,2,28,352,gurobi,14.042438745498657,True,False,0.46128857825415537,True,,abcd,0.1,2026-03-03T07:34:39.746428
220,220,2,28,352,bnb_c,13.55419111251831,True,False,0.461288578254132,True,,abcd,0.1,2026-03-03T07:34:53.428329
220,220,2,29,327,gurobi,11.227720975875854,True,False,0.46773092425810026,True,,abcd,0.1,2026-03-03T07:35:04.791960
220,220,2,29,327,bnb_c,4.178314924240112,True,False,0.467730924258153,True,,abcd,0.1,2026-03-03T07:35:09.106005
220,220,2,30,312,gurobi,30,False,True,,,timeout,abcd,0.1,2026-03-03T07:35:39.117590
220,220,2,30,312,bnb_c,30,False,True,,,timeout,abcd,0.1,2026-03-03T07:36:09.123464
220,220,2,31,345,gurobi,28.959398984909058,True,False,0.4536189876076265,True,,abcd,0.1,2026-03-03T07:36:38.218477
220,220,2,31,345,bnb_c,30,False,True,,,timeout,abcd,0.1,2026-03-03T07:37:08.224350
220,220,2,32,341,gurobi,30,False,True,,,timeout,abcd,0.1,2026-03-03T07:37:38.244529
220,220,2,32,341,bnb_c,30,False,True,,,timeout,abcd,0.1,2026-03-03T07:38:08.251837
220,220,2,33,331,gurobi,30,False,True,,,timeout,abcd,0.1,2026-03-03T07:38:38.267389
220,220,2,33,331,bnb_c,30,False,True,,,timeout,abcd,0.1,2026-03-03T07:39:08.274524
220,220,2,34,350,gurobi,30,False,True,,,timeout,abcd,0.1,2026-03-03T07:39:38.287977
220,220,2,34,350,bnb_c,30,False,True,,,timeout,abcd,0.1,2026-03-03T07:40:08.293731
220,220,2,35,320,gurobi,30,False,True,,,timeout,abcd,0.1,2026-03-03T07:40:38.311031
220,220,2,35,320,bnb_c,30,False,True,,,timeout,abcd,0.1,2026-03-03T07:41:08.315384
220,217,2,36,322,gurobi,7.725430011749268,True,False,0.4690357239304881,True,,abcd,0.1,2026-03-03T07:41:16.163112
220,217,2,36,322,bnb_c,30,False,True,,,timeout,abcd,0.1,2026-03-03T07:41:46.168597
220,220,2,37,332,gurobi,30,False,True,,,timeout,abcd,0.1,2026-03-03T07:42:16.181974
220,220,2,37,332,bnb_c,30,False,True,,,timeout,abcd,0.1,2026-03-03T07:42:46.187739
220,220,2,38,326,gurobi,30,False,True,,,timeout,abcd,0.1,2026-03-03T07:43:16.199777
220,220,2,38,326,bnb_c,30,False,True,,,timeout,abcd,0.1,2026-03-03T07:43:46.205820
220,220,2,39,351,gurobi,30,False,True,,,timeout,abcd,0.1,2026-03-03T07:44:16.223287
220,220,2,39,351,bnb_c,30,False,True,,,timeout,abcd,0.1,2026-03-03T07:44:46.229122
220,220,2,40,294,gurobi,30,False,True,,,timeout,abcd,0.1,2026-03-03T07:45:16.240804
220,220,2,40,294,bnb_c,30,False,True,,,timeout,abcd,0.1,2026-03-03T07:45:46.247844
220,217,2,41,305,gurobi,30,False,True,,,timeout,abcd,0.1,2026-03-03T07:46:16.266636
220,217,2,41,305,bnb_c,30,False,True,,,timeout,abcd,0.1,2026-03-03T07:46:46.270690
220,220,2,42,332,gurobi,30,False,True,,,timeout,abcd,0.1,2026-03-03T07:47:16.290072
220,220,2,42,332,bnb_c,30,False,True,,,timeout,abcd,0.1,2026-03-03T07:47:46.295803
220,220,2,43,341,gurobi,30,False,True,,,timeout,abcd,0.1,2026-03-03T07:48:16.317096
220,220,2,43,341,bnb_c,30,False,True,,,timeout,abcd,0.1,2026-03-03T07:48:46.322842
220,220,2,44,321,gurobi,10.155553817749023,True,False,0.45950155763233513,True,,abcd,0.1,2026-03-03T07:48:56.617170
220,220,2,44,321,bnb_c,30,False,True,,,timeout,abcd,0.1,2026-03-03T07:49:26.622934
220,220,2,45,310,gurobi,3.9535558223724365,True,False,0.46054110301766865,True,,abcd,0.1,2026-03-03T07:49:30.719602
220,220,2,45,310,bnb_c,30,False,True,,,timeout,abcd,0.1,2026-03-03T07:50:00.726924
220,220,2,46,373,gurobi,18.678131103515625,True,False,0.45173903355878353,True,,abcd,0.1,2026-03-03T07:50:19.549208
220,220,2,46,373,bnb_c,30,False,True,,,timeout,abcd,0.1,2026-03-03T07:50:49.554931
220,220,2,47,323,gurobi,30,False,True,,,timeout,abcd,0.1,2026-03-03T07:51:19.565583
220,220,2,47,323,bnb_c,30,False,True,,,timeout,abcd,0.1,2026-03-03T07:51:49.571293
220,220,2,48,350,gurobi,30,False,True,,,timeout,abcd,0.1,2026-03-03T07:52:19.593467
220,220,2,48,350,bnb_c,30,False,True,,,timeout,abcd,0.1,2026-03-03T07:52:49.599207
220,220,2,49,362,gurobi,30,False,True,,,timeout,abcd,0.1,2026-03-03T07:53:19.611242
220,220,2,49,362,bnb_c,30,False,True,,,timeout,abcd,0.1,2026-03-03T07:53:49.617203
220,220,2,50,368,gurobi,30,False,True,,,timeout,abcd,0.1,2026-03-03T07:54:19.636641
220,220,2,50,368,bnb_c,30,False,True,,,timeout,abcd,0.1,2026-03-03T07:54:49.643854
220,220,2,51,318,gurobi,30,False,True,,,timeout,abcd,0.1,2026-03-03T07:55:19.655083
220,220,2,51,318,bnb_c,30,False,True,,,timeout,abcd,0.1,2026-03-03T07:55:49.660169
220,220,2,52,325,gurobi,30,False,True,,,timeout,abcd,0.1,2026-03-03T07:56:19.671941
220,220,2,52,325,bnb_c,30,False,True,,,timeout,abcd,0.1,2026-03-03T07:56:49.677718
220,220,2,53,347,gurobi,6.089491128921509,True,False,0.46741937895011537,True,,abcd,0.1,2026-03-03T07:56:55.901504
220,220,2,53,347,bnb_c,3.606405735015869,True,False,0.467419378950079,True,,abcd,0.1,2026-03-03T07:56:59.636274
220,220,2,54,346,gurobi,30,False,True,,,timeout,abcd,0.1,2026-03-03T07:57:29.659714
220,220,2,54,346,bnb_c,30,False,True,,,timeout,abcd,0.1,2026-03-03T07:57:59.665478
220,214,2,55,345,gurobi,30,False,True,,,timeout,abcd,0.1,2026-03-03T07:58:29.678921
220,214,2,55,345,bnb_c,30,False,True,,,timeout,abcd,0.1,2026-03-03T07:58:59.684396
220,220,2,56,320,gurobi,30,False,True,,,timeout,abcd,0.1,2026-03-03T07:59:29.700846
220,220,2,56,320,bnb_c,30,False,True,,,timeout,abcd,0.1,2026-03-03T07:59:59.708085
220,220,2,57,329,gurobi,4.718272924423218,True,False,0.4574421891889176,True,,abcd,0.1,2026-03-03T08:00:04.571156
220,220,2,57,329,bnb_c,30,False,True,,,timeout,abcd,0.1,2026-03-03T08:00:34.578518
220,220,2,58,350,gurobi,30,False,True,,,timeout,abcd,0.1,2026-03-03T08:01:04.590587
220,220,2,58,350,bnb_c,30,False,True,,,timeout,abcd,0.1,2026-03-03T08:01:34.597627
220,220,2,59,332,gurobi,30,False,True,,,timeout,abcd,0.1,2026-03-03T08:02:04.614469
220,220,2,59,332,bnb_c,30,False,True,,,timeout,abcd,0.1,2026-03-03T08:02:34.620242
220,220,2,60,336,gurobi,30,False,True,,,timeout,abcd,0.1,2026-03-03T08:03:04.632791
220,220,2,60,336,bnb_c,30,False,True,,,timeout,abcd,0.1,2026-03-03T08:03:34.638491
220,217,2,61,328,gurobi,30,False,True,,,timeout,abcd,0.1,2026-03-03T08:04:04.660322
220,217,2,61,328,bnb_c,30,False,True,,,timeout,abcd,0.1,2026-03-03T08:04:34.663757
220,220,2,62,344,gurobi,30,False,True,,,timeout,abcd,0.1,2026-03-03T08:05:04.683380
220,220,2,62,344,bnb_c,30,False,True,,,timeout,abcd,0.1,2026-03-03T08:05:34.690665
220,220,2,63,322,gurobi,30,False,True,,,timeout,abcd,0.1,2026-03-03T08:06:04.708683
220,220,2,63,322,bnb_c,30,False,True,,,timeout,abcd,0.1,2026-03-03T08:06:34.714423
220,220,2,64,326,gurobi,30,False,True,,,timeout,abcd,0.1,2026-03-03T08:07:04.728811
220,220,2,64,326,bnb_c,30,False,True,,,timeout,abcd,0.1,2026-03-03T08:07:34.736001
220,220,2,65,349,gurobi,30,False,True,,,timeout,abcd,0.1,2026-03-03T08:08:04.749570
220,220,2,65,349,bnb_c,30,False,True,,,timeout,abcd,0.1,2026-03-03T08:08:34.755417
220,220,2,66,343,gurobi,30,False,True,,,timeout,abcd,0.1,2026-03-03T08:09:04.769704
220,220,2,66,343,bnb_c,30,False,True,,,timeout,abcd,0.1,2026-03-03T08:09:34.776829
220,220,2,67,334,gurobi,13.384737968444824,True,False,0.4527188138692733,True,,abcd,0.1,2026-03-03T08:09:48.298660
220,220,2,67,334,bnb_c,30,False,True,,,timeout,abcd,0.1,2026-03-03T08:10:18.304383
220,220,2,68,321,gurobi,30,False,True,,,timeout,abcd,0.1,2026-03-03T08:10:48.330598
220,220,2,68,321,bnb_c,30,False,True,,,timeout,abcd,0.1,2026-03-03T08:11:18.336316
220,220,2,69,328,gurobi,30,False,True,,,timeout,abcd,0.1,2026-03-03T08:11:48.356484
220,220,2,69,328,bnb_c,30,False,True,,,timeout,abcd,0.1,2026-03-03T08:12:18.362364
220,220,2,70,338,gurobi,8.59994387626648,True,False,0.4492314694863777,True,,abcd,0.1,2026-03-03T08:12:27.107576
220,220,2,70,338,bnb_c,30,False,True,,,timeout,abcd,0.1,2026-03-03T08:12:57.113352
220,215,2,71,300,gurobi,30,False,True,,,timeout,abcd,0.1,2026-03-03T08:13:27.133630
220,215,2,71,300,bnb_c,30,False,True,,,timeout,abcd,0.1,2026-03-03T08:13:57.139020
220,220,2,72,351,gurobi,30,False,True,,,timeout,abcd,0.1,2026-03-03T08:14:27.151842
220,220,2,72,351,bnb_c,30,False,True,,,timeout,abcd,0.1,2026-03-03T08:14:57.157761
220,220,2,73,342,gurobi,30,False,True,,,timeout,abcd,0.1,2026-03-03T08:15:27.171113
220,220,2,73,342,bnb_c,30,False,True,,,timeout,abcd,0.1,2026-03-03T08:15:57.176788
220,220,2,74,336,gurobi,30,False,True,,,timeout,abcd,0.1,2026-03-03T08:16:27.195909
220,220,2,74,336,bnb_c,30,False,True,,,timeout,abcd,0.1,2026-03-03T08:16:57.201812
220,220,2,75,346,gurobi,30,False,True,,,timeout,abcd,0.1,2026-03-03T08:17:27.214955
220,220,2,75,346,bnb_c,30,False,True,,,timeout,abcd,0.1,2026-03-03T08:17:57.220929
220,220,2,76,352,gurobi,30,False,True,,,timeout,abcd,0.1,2026-03-03T08:18:27.238435
220,220,2,76,352,bnb_c,30,False,True,,,timeout,abcd,0.1,2026-03-03T08:18:57.246402
220,220,2,77,313,gurobi,30,False,True,,,timeout,abcd,0.1,2026-03-03T08:19:27.257625
220,220,2,77,313,bnb_c,30,False,True,,,timeout,abcd,0.1,2026-03-03T08:19:57.263445
220,220,2,78,339,gurobi,30,False,True,,,timeout,abcd,0.1,2026-03-03T08:20:27.277456
220,220,2,78,339,bnb_c,30,False,True,,,timeout,abcd,0.1,2026-03-03T08:20:57.283368
220,216,2,79,316,gurobi,30,False,True,,,timeout,abcd,0.1,2026-03-03T08:21:27.301541
220,216,2,79,316,bnb_c,30,False,True,,,timeout,abcd,0.1,2026-03-03T08:21:57.307057
220,217,2,80,311,gurobi,30,False,True,,,timeout,abcd,0.1,2026-03-03T08:22:27.321472
220,217,2,80,311,bnb_c,30,False,True,,,timeout,abcd,0.1,2026-03-03T08:22:57.326929
220,220,2,81,369,gurobi,30,False,True,,,timeout,abcd,0.1,2026-03-03T08:23:27.340875
220,220,2,81,369,bnb_c,30,False,True,,,timeout,abcd,0.1,2026-03-03T08:23:57.348568
220,220,2,82,351,gurobi,30,False,True,,,timeout,abcd,0.1,2026-03-03T08:24:27.365378
220,220,2,82,351,bnb_c,30,False,True,,,timeout,abcd,0.1,2026-03-03T08:24:57.371256
220,220,2,83,354,gurobi,30,False,True,,,timeout,abcd,0.1,2026-03-03T08:25:27.387462
220,220,2,83,354,bnb_c,30,False,True,,,timeout,abcd,0.1,2026-03-03T08:25:57.393133
220,220,2,84,291,gurobi,30,False,True,,,timeout,abcd,0.1,2026-03-03T08:26:27.408596
220,220,2,84,291,bnb_c,30,False,True,,,timeout,abcd,0.1,2026-03-03T08:26:57.414410
220,220,2,85,373,gurobi,30,False,True,,,timeout,abcd,0.1,2026-03-03T08:27:27.429519
220,220,2,85,373,bnb_c,30,False,True,,,timeout,abcd,0.1,2026-03-03T08:27:57.435213
220,220,2,86,366,gurobi,30,False,True,,,timeout,abcd,0.1,2026-03-03T08:28:27.448321
220,220,2,86,366,bnb_c,30,False,True,,,timeout,abcd,0.1,2026-03-03T08:28:57.455476
220,220,2,87,337,gurobi,30,False,True,,,timeout,abcd,0.1,2026-03-03T08:29:27.468617
220,220,2,87,337,bnb_c,30,False,True,,,timeout,abcd,0.1,2026-03-03T08:29:57.474407
220,220,2,88,315,gurobi,30,False,True,,,timeout,abcd,0.1,2026-03-03T08:30:27.485849
220,220,2,88,315,bnb_c,30,False,True,,,timeout,abcd,0.1,2026-03-03T08:30:57.491728
220,220,2,89,375,gurobi,30,False,True,,,timeout,abcd,0.1,2026-03-03T08:31:27.511758
220,220,2,89,375,bnb_c,30,False,True,,,timeout,abcd,0.1,2026-03-03T08:31:57.518927
220,220,2,90,300,gurobi,30,False,True,,,timeout,abcd,0.1,2026-03-03T08:32:27.528712
220,220,2,90,300,bnb_c,30,False,True,,,timeout,abcd,0.1,2026-03-03T08:32:57.534384
220,220,2,91,341,gurobi,10.71148681640625,True,False,0.44994453092082265,True,,abcd,0.1,2026-03-03T08:33:08.386907
220,220,2,91,341,bnb_c,30,False,True,,,timeout,abcd,0.1,2026-03-03T08:33:38.392657
220,220,2,92,355,gurobi,30,False,True,,,timeout,abcd,0.1,2026-03-03T08:34:08.407806
220,220,2,92,355,bnb_c,30,False,True,,,timeout,abcd,0.1,2026-03-03T08:34:38.413546
220,220,2,93,367,gurobi,30,False,True,,,timeout,abcd,0.1,2026-03-03T08:35:08.425450
220,220,2,93,367,bnb_c,30,False,True,,,timeout,abcd,0.1,2026-03-03T08:35:38.431232
220,220,2,94,360,gurobi,30,False,True,,,timeout,abcd,0.1,2026-03-03T08:36:08.443035
220,220,2,94,360,bnb_c,30,False,True,,,timeout,abcd,0.1,2026-03-03T08:36:38.450019
220,220,2,95,353,gurobi,28.67951488494873,True,False,0.4491288751214027,True,,abcd,0.1,2026-03-03T08:37:07.273963
220,220,2,95,353,bnb_c,30,False,True,,,timeout,abcd,0.1,2026-03-03T08:37:37.279870
220,220,2,96,321,gurobi,30,False,True,,,timeout,abcd,0.1,2026-03-03T08:38:07.294290
220,220,2,96,321,bnb_c,30,False,True,,,timeout,abcd,0.1,2026-03-03T08:38:37.301565
220,220,2,97,317,gurobi,30,False,True,,,timeout,abcd,0.1,2026-03-03T08:39:07.319755
220,220,2,97,317,bnb_c,30,False,True,,,timeout,abcd,0.1,2026-03-03T08:39:37.327646
220,220,2,98,317,gurobi,3.6760919094085693,True,False,0.4684494403924108,True,,abcd,0.1,2026-03-03T08:39:41.144438
220,220,2,98,317,bnb_c,9.88544774055481,True,False,0.4684492830061,True,,abcd,0.1,2026-03-03T08:39:51.158791
220,220,2,99,332,gurobi,30,False,True,,,timeout,abcd,0.1,2026-03-03T08:40:21.170374
220,220,2,99,332,bnb_c,30,False,True,,,timeout,abcd,0.1,2026-03-03T08:40:51.176141
240,240,2,0,348,gurobi,30,False,True,,,timeout,abcd,0.1,2026-03-03T08:41:21.192680
240,240,2,0,348,bnb_c,30,False,True,,,timeout,abcd,0.1,2026-03-03T08:41:51.198489
240,240,2,1,396,gurobi,30,False,True,,,timeout,abcd,0.1,2026-03-03T08:42:21.210948
240,240,2,1,396,bnb_c,30,False,True,,,timeout,abcd,0.1,2026-03-03T08:42:51.216762
240,240,2,2,327,gurobi,30,False,True,,,timeout,abcd,0.1,2026-03-03T08:43:21.229949
240,240,2,2,327,bnb_c,30,False,True,,,timeout,abcd,0.1,2026-03-03T08:43:51.235734
240,240,2,3,381,gurobi,30,False,True,,,timeout,abcd,0.1,2026-03-03T08:44:21.249645
240,240,2,3,381,bnb_c,30,False,True,,,timeout,abcd,0.1,2026-03-03T08:44:51.255545
240,240,2,4,347,gurobi,30,False,True,,,timeout,abcd,0.1,2026-03-03T08:45:21.270124
240,240,2,4,347,bnb_c,30,False,True,,,timeout,abcd,0.1,2026-03-03T08:45:51.275923
240,240,2,5,407,gurobi,30,False,True,,,timeout,abcd,0.1,2026-03-03T08:46:21.288332
240,240,2,5,407,bnb_c,30,False,True,,,timeout,abcd,0.1,2026-03-03T08:46:51.295515
240,240,2,6,373,gurobi,30,False,True,,,timeout,abcd,0.1,2026-03-03T08:47:21.316956
240,240,2,6,373,bnb_c,30,False,True,,,timeout,abcd,0.1,2026-03-03T08:47:51.322720
240,240,2,7,389,gurobi,30,False,True,,,timeout,abcd,0.1,2026-03-03T08:48:21.341230
240,240,2,7,389,bnb_c,30,False,True,,,timeout,abcd,0.1,2026-03-03T08:48:51.347175
240,240,2,8,376,gurobi,30,False,True,,,timeout,abcd,0.1,2026-03-03T08:49:21.358662
240,240,2,8,376,bnb_c,30,False,True,,,timeout,abcd,0.1,2026-03-03T08:49:51.366087
240,237,2,9,367,gurobi,30,False,True,,,timeout,abcd,0.1,2026-03-03T08:50:21.379225
240,237,2,9,367,bnb_c,30,False,True,,,timeout,abcd,0.1,2026-03-03T08:50:51.386001
240,240,2,10,389,gurobi,30,False,True,,,timeout,abcd,0.1,2026-03-03T08:51:21.398952
240,240,2,10,389,bnb_c,30,False,True,,,timeout,abcd,0.1,2026-03-03T08:51:51.405157
240,240,2,11,361,gurobi,30,False,True,,,timeout,abcd,0.1,2026-03-03T08:52:21.428957
240,240,2,11,361,bnb_c,30,False,True,,,timeout,abcd,0.1,2026-03-03T08:52:51.434726
240,240,2,12,345,gurobi,30,False,True,,,timeout,abcd,0.1,2026-03-03T08:53:21.446571
240,240,2,12,345,bnb_c,30,False,True,,,timeout,abcd,0.1,2026-03-03T08:53:51.452503
240,240,2,13,379,gurobi,30,False,True,,,timeout,abcd,0.1,2026-03-03T08:54:21.465453
240,240,2,13,379,bnb_c,30,False,True,,,timeout,abcd,0.1,2026-03-03T08:54:51.471252
240,240,2,14,363,gurobi,30,False,True,,,timeout,abcd,0.1,2026-03-03T08:55:21.491486
240,240,2,14,363,bnb_c,30,False,True,,,timeout,abcd,0.1,2026-03-03T08:55:51.497321
240,240,2,15,404,gurobi,30,False,True,,,timeout,abcd,0.1,2026-03-03T08:56:21.516785
240,240,2,15,404,bnb_c,30,False,True,,,timeout,abcd,0.1,2026-03-03T08:56:51.523916
240,240,2,16,362,gurobi,30,False,True,,,timeout,abcd,0.1,2026-03-03T08:57:21.536520
240,240,2,16,362,bnb_c,30,False,True,,,timeout,abcd,0.1,2026-03-03T08:57:51.543806
240,240,2,17,375,gurobi,30,False,True,,,timeout,abcd,0.1,2026-03-03T08:58:21.557727
240,240,2,17,375,bnb_c,30,False,True,,,timeout,abcd,0.1,2026-03-03T08:58:51.563598
240,240,2,18,344,gurobi,30,False,True,,,timeout,abcd,0.1,2026-03-03T08:59:21.576655
240,240,2,18,344,bnb_c,30,False,True,,,timeout,abcd,0.1,2026-03-03T08:59:51.582376
240,240,2,19,371,gurobi,30,False,True,,,timeout,abcd,0.1,2026-03-03T09:00:21.604591
240,240,2,19,371,bnb_c,30,False,True,,,timeout,abcd,0.1,2026-03-03T09:00:51.610382
240,240,2,20,414,gurobi,30,False,True,,,timeout,abcd,0.1,2026-03-03T09:01:21.622338
240,240,2,20,414,bnb_c,30,False,True,,,timeout,abcd,0.1,2026-03-03T09:01:51.628028
240,240,2,21,389,gurobi,30,False,True,,,timeout,abcd,0.1,2026-03-03T09:02:21.643773
240,240,2,21,389,bnb_c,30,False,True,,,timeout,abcd,0.1,2026-03-03T09:02:51.649574
240,240,2,22,354,gurobi,30,False,True,,,timeout,abcd,0.1,2026-03-03T09:03:21.670971
240,240,2,22,354,bnb_c,30,False,True,,,timeout,abcd,0.1,2026-03-03T09:03:51.676829
240,237,2,23,380,gurobi,30,False,True,,,timeout,abcd,0.1,2026-03-03T09:04:21.689418
240,237,2,23,380,bnb_c,30,False,True,,,timeout,abcd,0.1,2026-03-03T09:04:51.694813
240,240,2,24,385,gurobi,30,False,True,,,timeout,abcd,0.1,2026-03-03T09:05:21.707110
240,240,2,24,385,bnb_c,30,False,True,,,timeout,abcd,0.1,2026-03-03T09:05:51.712910
240,240,2,25,361,gurobi,30,False,True,,,timeout,abcd,0.1,2026-03-03T09:06:21.731804
240,240,2,25,361,bnb_c,30,False,True,,,timeout,abcd,0.1,2026-03-03T09:06:51.739008
240,240,2,26,366,gurobi,30,False,True,,,timeout,abcd,0.1,2026-03-03T09:07:21.756396
240,240,2,26,366,bnb_c,30,False,True,,,timeout,abcd,0.1,2026-03-03T09:07:51.762291
240,240,2,27,365,gurobi,30,False,True,,,timeout,abcd,0.1,2026-03-03T09:08:21.781443
240,240,2,27,365,bnb_c,30,False,True,,,timeout,abcd,0.1,2026-03-03T09:08:51.787263
240,240,2,28,380,gurobi,11.393040895462036,True,False,0.4604432132964854,True,,abcd,0.1,2026-03-03T09:09:03.327274
240,240,2,28,380,bnb_c,30,False,True,,,timeout,abcd,0.1,2026-03-03T09:09:33.333207
240,240,2,29,386,gurobi,30,False,True,,,timeout,abcd,0.1,2026-03-03T09:10:03.345530
240,240,2,29,386,bnb_c,30,False,True,,,timeout,abcd,0.1,2026-03-03T09:10:33.351437
240,240,2,30,396,gurobi,30,False,True,,,timeout,abcd,0.1,2026-03-03T09:11:03.363816
240,240,2,30,396,bnb_c,1.1312220096588135,True,False,0.433804586266707,True,,abcd,0.1,2026-03-03T09:11:04.626489
240,240,2,31,375,gurobi,30,False,True,,,timeout,abcd,0.1,2026-03-03T09:11:34.637974
240,240,2,31,375,bnb_c,30,False,True,,,timeout,abcd,0.1,2026-03-03T09:12:04.643856
240,237,2,32,402,gurobi,30,False,True,,,timeout,abcd,0.1,2026-03-03T09:12:34.658860
240,237,2,32,402,bnb_c,30,False,True,,,timeout,abcd,0.1,2026-03-03T09:13:04.664243
240,240,2,33,374,gurobi,30,False,True,,,timeout,abcd,0.1,2026-03-03T09:13:34.675950
240,240,2,33,374,bnb_c,30,False,True,,,timeout,abcd,0.1,2026-03-03T09:14:04.681745
240,240,2,34,368,gurobi,30,False,True,,,timeout,abcd,0.1,2026-03-03T09:14:34.693794
240,240,2,34,368,bnb_c,30,False,True,,,timeout,abcd,0.1,2026-03-03T09:15:04.699644
240,240,2,35,349,gurobi,30,False,True,,,timeout,abcd,0.1,2026-03-03T09:15:34.720624
240,240,2,35,349,bnb_c,30,False,True,,,timeout,abcd,0.1,2026-03-03T09:16:04.726356
240,240,2,36,416,gurobi,30,False,True,,,timeout,abcd,0.1,2026-03-03T09:16:34.740014
240,240,2,36,416,bnb_c,30,False,True,,,timeout,abcd,0.1,2026-03-03T09:17:04.746279
240,240,2,37,368,gurobi,30,False,True,,,timeout,abcd,0.1,2026-03-03T09:17:34.778737
240,240,2,37,368,bnb_c,30,False,True,,,timeout,abcd,0.1,2026-03-03T09:18:04.785923
240,240,2,38,366,gurobi,30,False,True,,,timeout,abcd,0.1,2026-03-03T09:18:34.798065
240,240,2,38,366,bnb_c,30,False,True,,,timeout,abcd,0.1,2026-03-03T09:19:04.805839
240,240,2,39,354,gurobi,30,False,True,,,timeout,abcd,0.1,2026-03-03T09:19:34.817124
240,240,2,39,354,bnb_c,30,False,True,,,timeout,abcd,0.1,2026-03-03T09:20:04.822218
240,240,2,40,365,gurobi,30,False,True,,,timeout,abcd,0.1,2026-03-03T09:20:34.833207
240,240,2,40,365,bnb_c,30,False,True,,,timeout,abcd,0.1,2026-03-03T09:21:04.838110
240,240,2,41,374,gurobi,30,False,True,,,timeout,abcd,0.1,2026-03-03T09:21:34.855636
240,240,2,41,374,bnb_c,30,False,True,,,timeout,abcd,0.1,2026-03-03T09:22:04.860578
240,240,2,42,394,gurobi,30,False,True,,,timeout,abcd,0.1,2026-03-03T09:22:34.872358
240,240,2,42,394,bnb_c,30,False,True,,,timeout,abcd,0.1,2026-03-03T09:23:04.877222
240,240,2,43,411,gurobi,30,False,True,,,timeout,abcd,0.1,2026-03-03T09:23:34.913747
240,240,2,43,411,bnb_c,30,False,True,,,timeout,abcd,0.1,2026-03-03T09:24:04.918648
240,240,2,44,387,gurobi,30,False,True,,,timeout,abcd,0.1,2026-03-03T09:24:34.928818
240,240,2,44,387,bnb_c,30,False,True,,,timeout,abcd,0.1,2026-03-03T09:25:04.934617
240,240,2,45,380,gurobi,30,False,True,,,timeout,abcd,0.1,2026-03-03T09:25:34.949525
240,240,2,45,380,bnb_c,30,False,True,,,timeout,abcd,0.1,2026-03-03T09:26:04.953756
240,240,2,46,394,gurobi,30,False,True,,,timeout,abcd,0.1,2026-03-03T09:26:34.964915
240,240,2,46,394,bnb_c,24.760034799575806,True,False,0.456849570975805,True,,abcd,0.1,2026-03-03T09:26:59.856117
240,240,2,47,359,gurobi,30,False,True,,,timeout,abcd,0.1,2026-03-03T09:27:29.866964
240,240,2,47,359,bnb_c,30,False,True,,,timeout,abcd,0.1,2026-03-03T09:27:59.874667
240,240,2,48,431,gurobi,30,False,True,,,timeout,abcd,0.1,2026-03-03T09:28:29.888218
240,240,2,48,431,bnb_c,30,False,True,,,timeout,abcd,0.1,2026-03-03T09:28:59.894153
240,240,2,49,352,gurobi,30,False,True,,,timeout,abcd,0.1,2026-03-03T09:29:29.914240
240,240,2,49,352,bnb_c,30,False,True,,,timeout,abcd,0.1,2026-03-03T09:29:59.919902
240,240,2,50,358,gurobi,30,False,True,,,timeout,abcd,0.1,2026-03-03T09:30:29.938867
240,240,2,50,358,bnb_c,30,False,True,,,timeout,abcd,0.1,2026-03-03T09:30:59.944548
240,240,2,51,357,gurobi,30,False,True,,,timeout,abcd,0.1,2026-03-03T09:31:29.955960
240,240,2,51,357,bnb_c,30,False,True,,,timeout,abcd,0.1,2026-03-03T09:31:59.962715
240,240,2,52,384,gurobi,30,False,True,,,timeout,abcd,0.1,2026-03-03T09:32:29.974482
240,240,2,52,384,bnb_c,6.906569004058838,True,False,0.463419596354167,True,,abcd,0.1,2026-03-03T09:32:37.007969
240,240,2,53,357,gurobi,30,False,True,,,timeout,abcd,0.1,2026-03-03T09:33:07.026832
240,240,2,53,357,bnb_c,30,False,True,,,timeout,abcd,0.1,2026-03-03T09:33:37.034185
240,240,2,54,386,gurobi,25.99994993209839,True,False,0.45055907541136064,True,,abcd,0.1,2026-03-03T09:34:03.173713
240,240,2,54,386,bnb_c,30,False,True,,,timeout,abcd,0.1,2026-03-03T09:34:33.179390
240,240,2,55,384,gurobi,30,False,True,,,timeout,abcd,0.1,2026-03-03T09:35:03.192918
240,240,2,55,384,bnb_c,30,False,True,,,timeout,abcd,0.1,2026-03-03T09:35:33.200004
240,240,2,56,412,gurobi,30,False,True,,,timeout,abcd,0.1,2026-03-03T09:36:03.219700
240,240,2,56,412,bnb_c,30,False,True,,,timeout,abcd,0.1,2026-03-03T09:36:33.225459
240,240,2,57,369,gurobi,30,False,True,,,timeout,abcd,0.1,2026-03-03T09:37:03.236590
240,240,2,57,369,bnb_c,30,False,True,,,timeout,abcd,0.1,2026-03-03T09:37:33.242272
240,240,2,58,420,gurobi,30,False,True,,,timeout,abcd,0.1,2026-03-03T09:38:03.265026
240,240,2,58,420,bnb_c,30,False,True,,,timeout,abcd,0.1,2026-03-03T09:38:33.270868
240,240,2,59,372,gurobi,30,False,True,,,timeout,abcd,0.1,2026-03-03T09:39:03.284054
240,240,2,59,372,bnb_c,30,False,True,,,timeout,abcd,0.1,2026-03-03T09:39:33.289806
240,240,2,60,367,gurobi,30,False,True,,,timeout,abcd,0.1,2026-03-03T09:40:03.301495
240,240,2,60,367,bnb_c,30,False,True,,,timeout,abcd,0.1,2026-03-03T09:40:33.308704
240,240,2,61,433,gurobi,30,False,True,,,timeout,abcd,0.1,2026-03-03T09:41:03.326964
240,240,2,61,433,bnb_c,30,False,True,,,timeout,abcd,0.1,2026-03-03T09:41:33.332725
240,240,2,62,370,gurobi,30,False,True,,,timeout,abcd,0.1,2026-03-03T09:42:03.344427
240,240,2,62,370,bnb_c,30,False,True,,,timeout,abcd,0.1,2026-03-03T09:42:33.349261
240,240,2,63,333,gurobi,30,False,True,,,timeout,abcd,0.1,2026-03-03T09:43:03.359747
240,240,2,63,333,bnb_c,30,False,True,,,timeout,abcd,0.1,2026-03-03T09:43:33.364669
240,240,2,64,363,gurobi,30,False,True,,,timeout,abcd,0.1,2026-03-03T09:44:03.375683
240,240,2,64,363,bnb_c,1.1260571479797363,True,False,0.4366391184573,True,,abcd,0.1,2026-03-03T09:44:04.634338
240,240,2,65,365,gurobi,30,False,True,,,timeout,abcd,0.1,2026-03-03T09:44:34.645710
240,240,2,65,365,bnb_c,30,False,True,,,timeout,abcd,0.1,2026-03-03T09:45:04.650472
240,240,2,66,359,gurobi,30,False,True,,,timeout,abcd,0.1,2026-03-03T09:45:34.661468
240,240,2,66,359,bnb_c,30,False,True,,,timeout,abcd,0.1,2026-03-03T09:46:04.666264
240,240,2,67,371,gurobi,30,False,True,,,timeout,abcd,0.1,2026-03-03T09:46:34.677699
240,240,2,67,371,bnb_c,30,False,True,,,timeout,abcd,0.1,2026-03-03T09:47:04.682625
240,240,2,68,367,gurobi,30,False,True,,,timeout,abcd,0.1,2026-03-03T09:47:34.701809
240,240,2,68,367,bnb_c,30,False,True,,,timeout,abcd,0.1,2026-03-03T09:48:04.707876
240,240,2,69,334,gurobi,30,False,True,,,timeout,abcd,0.1,2026-03-03T09:48:34.720728
240,240,2,69,334,bnb_c,30,False,True,,,timeout,abcd,0.1,2026-03-03T09:49:04.726588
240,240,2,70,375,gurobi,30,False,True,,,timeout,abcd,0.1,2026-03-03T09:49:34.738890
240,240,2,70,375,bnb_c,30,False,True,,,timeout,abcd,0.1,2026-03-03T09:50:04.744723
240,240,2,71,378,gurobi,30,False,True,,,timeout,abcd,0.1,2026-03-03T09:50:34.757082
240,240,2,71,378,bnb_c,30,False,True,,,timeout,abcd,0.1,2026-03-03T09:51:04.762966
240,240,2,72,366,gurobi,30,False,True,,,timeout,abcd,0.1,2026-03-03T09:51:34.779823
240,240,2,72,366,bnb_c,30,False,True,,,timeout,abcd,0.1,2026-03-03T09:52:04.785599
240,240,2,73,399,gurobi,30,False,True,,,timeout,abcd,0.1,2026-03-03T09:52:34.798535
240,240,2,73,399,bnb_c,30,False,True,,,timeout,abcd,0.1,2026-03-03T09:53:04.805771
240,240,2,74,404,gurobi,30,False,True,,,timeout,abcd,0.1,2026-03-03T09:53:34.820096
240,240,2,74,404,bnb_c,30,False,True,,,timeout,abcd,0.1,2026-03-03T09:54:04.827380
240,240,2,75,323,gurobi,30,False,True,,,timeout,abcd,0.1,2026-03-03T09:54:34.842300
240,240,2,75,323,bnb_c,30,False,True,,,timeout,abcd,0.1,2026-03-03T09:55:04.847986
240,240,2,76,367,gurobi,30,False,True,,,timeout,abcd,0.1,2026-03-03T09:55:34.872106
240,240,2,76,367,bnb_c,30,False,True,,,timeout,abcd,0.1,2026-03-03T09:56:04.877840
240,240,2,77,355,gurobi,30,False,True,,,timeout,abcd,0.1,2026-03-03T09:56:34.895088
240,240,2,77,355,bnb_c,30,False,True,,,timeout,abcd,0.1,2026-03-03T09:57:04.900841
240,240,2,78,396,gurobi,30,False,True,,,timeout,abcd,0.1,2026-03-03T09:57:34.917733
240,240,2,78,396,bnb_c,30,False,True,,,timeout,abcd,0.1,2026-03-03T09:58:04.922593
240,240,2,79,376,gurobi,30,False,True,,,timeout,abcd,0.1,2026-03-03T09:58:34.939633
240,240,2,79,376,bnb_c,30,False,True,,,timeout,abcd,0.1,2026-03-03T09:59:04.945487
240,240,2,80,354,gurobi,30,False,True,,,timeout,abcd,0.1,2026-03-03T09:59:34.957283
240,240,2,80,354,bnb_c,30,False,True,,,timeout,abcd,0.1,2026-03-03T10:00:04.962848
240,240,2,81,394,gurobi,30,False,True,,,timeout,abcd,0.1,2026-03-03T10:00:34.974503
240,240,2,81,394,bnb_c,30,False,True,,,timeout,abcd,0.1,2026-03-03T10:01:04.980211
240,240,2,82,366,gurobi,30,False,True,,,timeout,abcd,0.1,2026-03-03T10:01:35.000951
240,240,2,82,366,bnb_c,30,False,True,,,timeout,abcd,0.1,2026-03-03T10:02:05.006587
240,240,2,83,347,gurobi,30,False,True,,,timeout,abcd,0.1,2026-03-03T10:02:35.018222
240,240,2,83,347,bnb_c,30,False,True,,,timeout,abcd,0.1,2026-03-03T10:03:05.023977
240,240,2,84,360,gurobi,30,False,True,,,timeout,abcd,0.1,2026-03-03T10:03:35.036094
240,240,2,84,360,bnb_c,30,False,True,,,timeout,abcd,0.1,2026-03-03T10:04:05.041845
240,240,2,85,342,gurobi,30,False,True,,,timeout,abcd,0.1,2026-03-03T10:04:35.051823
240,240,2,85,342,bnb_c,30,False,True,,,timeout,abcd,0.1,2026-03-03T10:05:05.058830
240,240,2,86,382,gurobi,30,False,True,,,timeout,abcd,0.1,2026-03-03T10:05:35.073853
240,240,2,86,382,bnb_c,30,False,True,,,timeout,abcd,0.1,2026-03-03T10:06:05.080999
240,240,2,87,347,gurobi,30,False,True,,,timeout,abcd,0.1,2026-03-03T10:06:35.093203
240,240,2,87,347,bnb_c,30,False,True,,,timeout,abcd,0.1,2026-03-03T10:07:05.100461
240,240,2,88,360,gurobi,30,False,True,,,timeout,abcd,0.1,2026-03-03T10:07:35.115863
240,240,2,88,360,bnb_c,30,False,True,,,timeout,abcd,0.1,2026-03-03T10:08:05.121522
240,240,2,89,350,gurobi,30,False,True,,,timeout,abcd,0.1,2026-03-03T10:08:35.138656
240,240,2,89,350,bnb_c,30,False,True,,,timeout,abcd,0.1,2026-03-03T10:09:05.144404
240,240,2,90,359,gurobi,30,False,True,,,timeout,abcd,0.1,2026-03-03T10:09:35.156427
240,240,2,90,359,bnb_c,30,False,True,,,timeout,abcd,0.1,2026-03-03T10:10:05.162359
240,240,2,91,375,gurobi,19.053338050842285,True,False,0.46533333333330323,True,,abcd,0.1,2026-03-03T10:10:24.365033
240,240,2,91,375,bnb_c,30,False,True,,,timeout,abcd,0.1,2026-03-03T10:10:54.370889
240,240,2,92,400,gurobi,30,False,True,,,timeout,abcd,0.1,2026-03-03T10:11:24.391084
240,240,2,92,400,bnb_c,30,False,True,,,timeout,abcd,0.1,2026-03-03T10:11:54.396747
240,240,2,93,365,gurobi,30,False,True,,,timeout,abcd,0.1,2026-03-03T10:12:24.417907
240,240,2,93,365,bnb_c,30,False,True,,,timeout,abcd,0.1,2026-03-03T10:12:54.424932
240,236,2,94,351,gurobi,30,False,True,,,timeout,abcd,0.1,2026-03-03T10:13:24.436834
240,236,2,94,351,bnb_c,30,False,True,,,timeout,abcd,0.1,2026-03-03T10:13:54.442276
240,240,2,95,338,gurobi,30,False,True,,,timeout,abcd,0.1,2026-03-03T10:14:24.464366
240,240,2,95,338,bnb_c,30,False,True,,,timeout,abcd,0.1,2026-03-03T10:14:54.469917
240,240,2,96,367,gurobi,30,False,True,,,timeout,abcd,0.1,2026-03-03T10:15:24.484115
240,240,2,96,367,bnb_c,30,False,True,,,timeout,abcd,0.1,2026-03-03T10:15:54.489860
240,240,2,97,381,gurobi,30,False,True,,,timeout,abcd,0.1,2026-03-03T10:16:24.506265
240,240,2,97,381,bnb_c,30,False,True,,,timeout,abcd,0.1,2026-03-03T10:16:54.512039
240,240,2,98,368,gurobi,22.79749298095703,True,False,0.4597375649809999,True,,abcd,0.1,2026-03-03T10:17:17.450520
240,240,2,98,368,bnb_c,30,False,True,,,timeout,abcd,0.1,2026-03-03T10:17:47.456530
240,240,2,99,388,gurobi,30,False,True,,,timeout,abcd,0.1,2026-03-03T10:18:17.472849
240,240,2,99,388,bnb_c,30,False,True,,,timeout,abcd,0.1,2026-03-03T10:18:47.478845
