n,k,seed,num_edges,mu,algorithm,time,success,timed_out,modularity,optimal,error,graph_type,timestamp
80,2,0,140,0.05,gurobi,0.46258997917175293,True,False,0.445306122448986,True,,lfr,2026-03-11T21:22:55.907305
80,2,0,140,0.05,bnb_c,0.014505863189697266,True,False,0.44530612244898,True,,lfr,2026-03-11T21:22:56.022741
80,2,1,149,0.05,gurobi,0.04108428955078125,True,False,0.4512184135849756,True,,lfr,2026-03-11T21:22:56.169625
80,2,1,149,0.05,bnb_c,0.008594989776611328,True,False,0.451218413584974,True,,lfr,2026-03-11T21:22:56.282273
80,2,2,165,0.05,gurobi,0.0462040901184082,True,False,0.4398347107438024,True,,lfr,2026-03-11T21:22:56.434839
80,2,2,165,0.05,bnb_c,0.007727146148681641,True,False,0.439834710743802,True,,lfr,2026-03-11T21:22:56.541011
80,2,3,165,0.05,gurobi,0.05711197853088379,True,False,0.43570247933884054,True,,lfr,2026-03-11T21:22:56.709646
80,2,3,165,0.05,bnb_c,0.00849771499633789,True,False,0.435702479338843,True,,lfr,2026-03-11T21:22:56.819203
80,2,4,154,0.05,gurobi,0.03897500038146973,True,False,0.4463442401754008,True,,lfr,2026-03-11T21:22:56.961511
80,2,4,154,0.05,bnb_c,0.007749795913696289,True,False,0.446344240175409,True,,lfr,2026-03-11T21:22:57.066411
80,2,5,141,0.05,gurobi,0.1606581211090088,True,False,0.4277199336049497,True,,lfr,2026-03-11T21:22:57.332886
80,2,5,141,0.05,bnb_c,0.010317802429199219,True,False,0.427719933604949,True,,lfr,2026-03-11T21:22:57.444654
80,2,6,169,0.05,gurobi,0.033628225326538086,True,False,0.45124470431707464,True,,lfr,2026-03-11T21:22:57.581687
80,2,6,169,0.05,bnb_c,0.0073032379150390625,True,False,0.451244704317076,True,,lfr,2026-03-11T21:22:57.688783
80,2,7,151,0.05,gurobi,0.03721213340759277,True,False,0.438204464716463,True,,lfr,2026-03-11T21:22:57.829353
80,2,7,151,0.05,bnb_c,0.006930112838745117,True,False,0.43820446471646,True,,lfr,2026-03-11T21:22:57.931531
80,2,8,146,0.05,gurobi,0.033041954040527344,True,False,0.43092043535372787,True,,lfr,2026-03-11T21:22:58.067211
80,2,8,146,0.05,bnb_c,0.007812976837158203,True,False,0.430920435353725,True,,lfr,2026-03-11T21:22:58.173057
80,2,9,153,0.05,gurobi,0.03625917434692383,True,False,0.4667862787816634,True,,lfr,2026-03-11T21:22:58.314324
80,2,9,153,0.05,bnb_c,0.006992816925048828,True,False,0.466786278781665,True,,lfr,2026-03-11T21:22:58.417161
80,2,10,144,0.05,gurobi,0.04512310028076172,True,False,0.459466628086416,True,,lfr,2026-03-11T21:22:58.570673
80,2,10,144,0.05,bnb_c,0.0075299739837646484,True,False,0.45946662808642,True,,lfr,2026-03-11T21:22:58.671263
80,2,11,169,0.05,gurobi,0.03515005111694336,True,False,0.43893771226497774,True,,lfr,2026-03-11T21:22:58.808823
80,2,11,169,0.05,bnb_c,0.007787942886352539,True,False,0.438937712264977,True,,lfr,2026-03-11T21:22:58.909883
80,2,12,159,0.05,gurobi,0.06855607032775879,True,False,0.4588623867726695,True,,lfr,2026-03-11T21:22:59.084354
80,2,12,159,0.05,bnb_c,0.008179903030395508,True,False,0.458862386772675,True,,lfr,2026-03-11T21:22:59.184709
80,2,13,159,0.05,gurobi,0.038083791732788086,True,False,0.4543530714766006,True,,lfr,2026-03-11T21:22:59.326995
80,2,13,159,0.05,bnb_c,0.007729053497314453,True,False,0.454353071476603,True,,lfr,2026-03-11T21:22:59.428280
80,2,14,153,0.05,gurobi,0.04244375228881836,True,False,0.4212909564697308,True,,lfr,2026-03-11T21:22:59.579454
80,2,14,153,0.05,bnb_c,0.0077898502349853516,True,False,0.421290956469734,True,,lfr,2026-03-11T21:22:59.680650
80,2,15,163,0.05,gurobi,0.07522797584533691,True,False,0.4110994015582079,True,,lfr,2026-03-11T21:22:59.858275
80,2,15,163,0.05,bnb_c,0.009502887725830078,True,False,0.411099401558207,True,,lfr,2026-03-11T21:22:59.961303
80,2,16,155,0.05,gurobi,0.033799171447753906,True,False,0.45028095733610407,True,,lfr,2026-03-11T21:23:00.101809
80,2,16,155,0.05,bnb_c,0.007091999053955078,True,False,0.450280957336108,True,,lfr,2026-03-11T21:23:00.202981
80,2,17,154,0.05,gurobi,0.12107300758361816,True,False,0.41261173891043285,True,,lfr,2026-03-11T21:23:00.426871
80,2,17,154,0.05,bnb_c,0.009750127792358398,True,False,0.41261173891044,True,,lfr,2026-03-11T21:23:00.533213
80,2,18,142,0.05,gurobi,0.033782005310058594,True,False,0.46548303907955063,True,,lfr,2026-03-11T21:23:00.677048
80,2,18,142,0.05,bnb_c,0.007631063461303711,True,False,0.465483039079548,True,,lfr,2026-03-11T21:23:00.783619
80,2,19,146,0.05,gurobi,0.1907510757446289,True,False,0.42493901294802483,True,,lfr,2026-03-11T21:23:01.084471
80,2,19,146,0.05,bnb_c,0.010963201522827148,True,False,0.42493901294802,True,,lfr,2026-03-11T21:23:01.232380
80,2,20,146,0.05,gurobi,0.08574485778808594,True,False,0.4419215612685312,True,,lfr,2026-03-11T21:23:01.422689
80,2,20,146,0.05,bnb_c,0.009074926376342773,True,False,0.441921561268531,True,,lfr,2026-03-11T21:23:01.524603
80,2,21,165,0.05,gurobi,0.04370284080505371,True,False,0.42499540863176843,True,,lfr,2026-03-11T21:23:01.674662
80,2,21,165,0.05,bnb_c,0.008453130722045898,True,False,0.424995408631772,True,,lfr,2026-03-11T21:23:01.782886
80,2,22,161,0.05,gurobi,0.08068609237670898,True,False,0.4224952741020797,True,,lfr,2026-03-11T21:23:01.975024
80,2,22,161,0.05,bnb_c,0.009188175201416016,True,False,0.422495274102079,True,,lfr,2026-03-11T21:23:02.089445
80,2,23,156,0.05,gurobi,0.03448605537414551,True,False,0.41313280736358227,True,,lfr,2026-03-11T21:23:02.225846
80,2,23,156,0.05,bnb_c,0.007339000701904297,True,False,0.413132807363577,True,,lfr,2026-03-11T21:23:02.330942
80,2,24,157,0.05,gurobi,0.04239916801452637,True,False,0.461398028317585,True,,lfr,2026-03-11T21:23:02.485641
80,2,24,157,0.05,bnb_c,0.0073430538177490234,True,False,0.461398028317579,True,,lfr,2026-03-11T21:23:02.592604
80,2,25,173,0.05,gurobi,0.031239032745361328,True,False,0.471031441077217,True,,lfr,2026-03-11T21:23:02.736307
80,2,25,173,0.05,bnb_c,0.008036136627197266,True,False,0.471031441077216,True,,lfr,2026-03-11T21:23:02.845097
80,2,26,150,0.05,gurobi,0.03358793258666992,True,False,0.4483333333333285,True,,lfr,2026-03-11T21:23:02.987075
80,2,26,150,0.05,bnb_c,0.0076520442962646484,True,False,0.448333333333333,True,,lfr,2026-03-11T21:23:03.092206
80,2,27,165,0.05,gurobi,0.032562971115112305,True,False,0.4290174471992657,True,,lfr,2026-03-11T21:23:03.233380
80,2,27,165,0.05,bnb_c,0.007982015609741211,True,False,0.429017447199265,True,,lfr,2026-03-11T21:23:03.338239
80,2,28,152,0.05,gurobi,0.04678916931152344,True,False,0.4552458448753499,True,,lfr,2026-03-11T21:23:03.492158
80,2,28,152,0.05,bnb_c,0.007508039474487305,True,False,0.455245844875346,True,,lfr,2026-03-11T21:23:03.599150
80,2,29,161,0.05,gurobi,0.06424665451049805,True,False,0.4489410130781998,True,,lfr,2026-03-11T21:23:03.767863
80,2,29,161,0.05,bnb_c,0.008455991744995117,True,False,0.448941013078199,True,,lfr,2026-03-11T21:23:03.876622
80,2,30,142,0.05,gurobi,0.11778092384338379,True,False,0.4270730013886134,True,,lfr,2026-03-11T21:23:04.106620
80,2,30,142,0.05,bnb_c,0.010130882263183594,True,False,0.427073001388613,True,,lfr,2026-03-11T21:23:04.219448
80,2,31,142,0.05,gurobi,0.03905320167541504,True,False,0.4584407855584245,True,,lfr,2026-03-11T21:23:04.357053
80,2,31,142,0.05,bnb_c,0.007276773452758789,True,False,0.458440785558421,True,,lfr,2026-03-11T21:23:04.460837
80,2,32,153,0.05,gurobi,0.05383419990539551,True,False,0.4343628518945688,True,,lfr,2026-03-11T21:23:04.620740
80,2,32,153,0.05,bnb_c,0.007380962371826172,True,False,0.434362851894571,True,,lfr,2026-03-11T21:23:04.722029
80,2,33,159,0.05,gurobi,0.03661012649536133,True,False,0.4598710494046856,True,,lfr,2026-03-11T21:23:04.864260
80,2,33,159,0.05,bnb_c,0.007196187973022461,True,False,0.459871049404691,True,,lfr,2026-03-11T21:23:04.965014
80,2,34,164,0.05,gurobi,0.036853790283203125,True,False,0.436923706127309,True,,lfr,2026-03-11T21:23:05.104549
80,2,34,164,0.05,bnb_c,0.007450103759765625,True,False,0.436923706127305,True,,lfr,2026-03-11T21:23:05.207472
80,2,35,150,0.05,gurobi,0.17127084732055664,True,False,0.43457777777777445,True,,lfr,2026-03-11T21:23:05.484657
80,2,35,150,0.05,bnb_c,0.008998870849609375,True,False,0.434577777777778,True,,lfr,2026-03-11T21:23:05.596138
80,2,36,166,0.05,gurobi,0.0388638973236084,True,False,0.4184751052402359,True,,lfr,2026-03-11T21:23:05.735377
80,2,36,166,0.05,bnb_c,0.007441043853759766,True,False,0.418475105240238,True,,lfr,2026-03-11T21:23:05.840639
80,2,37,144,0.05,gurobi,0.17453384399414062,True,False,0.3851996527777765,True,,lfr,2026-03-11T21:23:06.123826
80,2,37,144,0.05,bnb_c,0.010490894317626953,True,False,0.385199652777778,True,,lfr,2026-03-11T21:23:06.233031
80,2,38,165,0.05,gurobi,0.03917193412780762,True,False,0.44969696969697187,True,,lfr,2026-03-11T21:23:06.370098
80,2,38,165,0.05,bnb_c,0.007390260696411133,True,False,0.44969696969697,True,,lfr,2026-03-11T21:23:06.477095
80,2,39,148,0.05,gurobi,0.03614997863769531,True,False,0.45797571219868205,True,,lfr,2026-03-11T21:23:06.615773
80,2,39,148,0.05,bnb_c,0.010502815246582031,True,False,0.457975712198685,True,,lfr,2026-03-11T21:23:06.721602
80,2,40,129,0.05,gurobi,0.04863691329956055,True,False,0.45336818700799686,True,,lfr,2026-03-11T21:23:06.874239
80,2,40,129,0.05,bnb_c,0.008271932601928711,True,False,0.453368187007992,True,,lfr,2026-03-11T21:23:06.976829
80,2,41,150,0.05,gurobi,0.0415499210357666,True,False,0.4349111111111073,True,,lfr,2026-03-11T21:23:07.131048
80,2,41,150,0.05,bnb_c,0.007318019866943359,True,False,0.434911111111111,True,,lfr,2026-03-11T21:23:07.231035
80,2,42,150,0.05,gurobi,0.035822153091430664,True,False,0.4397999999999954,True,,lfr,2026-03-11T21:23:07.370215
80,2,42,150,0.05,bnb_c,0.007288932800292969,True,False,0.4398,True,,lfr,2026-03-11T21:23:07.474023
80,2,43,140,0.05,gurobi,0.0329279899597168,True,False,0.45928571428571885,True,,lfr,2026-03-11T21:23:07.615743
80,2,43,140,0.05,bnb_c,0.007116794586181641,True,False,0.459285714285714,True,,lfr,2026-03-11T21:23:07.716872
80,2,44,155,0.05,gurobi,120,False,True,,,timeout,lfr,2026-03-11T21:25:07.753332
80,2,44,155,0.05,bnb_c,0.011242151260375977,True,False,0.441290322580645,True,,lfr,2026-03-11T21:25:07.961616
80,2,45,165,0.05,gurobi,0.03784990310668945,True,False,0.4473829201101934,True,,lfr,2026-03-11T21:25:08.113204
80,2,45,165,0.05,bnb_c,0.007359981536865234,True,False,0.447382920110193,True,,lfr,2026-03-11T21:25:08.227847
80,2,46,157,0.05,gurobi,0.039505958557128906,True,False,0.44372996876141374,True,,lfr,2026-03-11T21:25:08.382646
80,2,46,157,0.05,bnb_c,0.007455110549926758,True,False,0.44372996876141,True,,lfr,2026-03-11T21:25:08.495276
80,2,47,161,0.05,gurobi,0.0539851188659668,True,False,0.43389529724933573,True,,lfr,2026-03-11T21:25:08.664458
80,2,47,161,0.05,bnb_c,0.007427692413330078,True,False,0.433895297249335,True,,lfr,2026-03-11T21:25:08.774473
80,2,48,158,0.05,gurobi,0.04680609703063965,True,False,0.4305199487261649,True,,lfr,2026-03-11T21:25:08.937175
80,2,48,158,0.05,bnb_c,0.007718324661254883,True,False,0.430519948726166,True,,lfr,2026-03-11T21:25:09.047926
80,2,49,152,0.05,gurobi,0.05223488807678223,True,False,0.4456371191135764,True,,lfr,2026-03-11T21:25:09.210145
80,2,49,152,0.05,bnb_c,0.007938861846923828,True,False,0.445637119113573,True,,lfr,2026-03-11T21:25:09.321284
80,2,0,140,0.1,gurobi,0.13381409645080566,True,False,0.4197959183673511,True,,lfr,2026-03-11T21:25:09.569701
80,2,0,140,0.1,bnb_c,0.01439523696899414,True,False,0.419795918367347,True,,lfr,2026-03-11T21:25:09.691703
80,2,1,156,0.1,gurobi,0.0817420482635498,True,False,0.4114069690992827,True,,lfr,2026-03-11T21:25:09.890041
80,2,1,156,0.1,bnb_c,0.008552074432373047,True,False,0.411406969099277,True,,lfr,2026-03-11T21:25:10.011824
80,2,2,169,0.1,gurobi,0.04427504539489746,True,False,0.4226742761107789,True,,lfr,2026-03-11T21:25:10.170544
80,2,2,169,0.1,bnb_c,0.00890493392944336,True,False,0.422674276110781,True,,lfr,2026-03-11T21:25:10.287655
80,2,3,163,0.1,gurobi,0.10083293914794922,True,False,0.3778087244533084,True,,lfr,2026-03-11T21:25:10.499442
80,2,3,163,0.1,bnb_c,0.01207113265991211,True,False,0.37780872445331,True,,lfr,2026-03-11T21:25:10.623512
80,2,4,155,0.1,gurobi,0.045011043548583984,True,False,0.40915712799167214,True,,lfr,2026-03-11T21:25:10.779044
80,2,4,155,0.1,bnb_c,0.009305000305175781,True,False,0.409157127991675,True,,lfr,2026-03-11T21:25:10.893810
80,2,5,143,0.1,gurobi,0.508432149887085,True,False,0.3925864345444772,True,,lfr,2026-03-11T21:25:11.518669
80,2,5,143,0.1,bnb_c,0.01840496063232422,True,False,0.392586434544476,True,,lfr,2026-03-11T21:25:11.640721
80,2,6,171,0.1,gurobi,0.07631301879882812,True,False,0.39138538353681324,True,,lfr,2026-03-11T21:25:11.833151
80,2,6,171,0.1,bnb_c,0.01006007194519043,True,False,0.391385383536815,True,,lfr,2026-03-11T21:25:11.945509
80,2,7,151,0.1,gurobi,0.03457522392272949,True,False,0.4306170781983272,True,,lfr,2026-03-11T21:25:12.098080
80,2,7,151,0.1,bnb_c,0.008251190185546875,True,False,0.430617078198325,True,,lfr,2026-03-11T21:25:12.216560
80,2,8,145,0.1,gurobi,0.037567853927612305,True,False,0.38879904875147997,True,,lfr,2026-03-11T21:25:12.368018
80,2,8,145,0.1,bnb_c,0.00894021987915039,True,False,0.388799048751486,True,,lfr,2026-03-11T21:25:12.486142
80,2,9,152,0.1,gurobi,0.03914022445678711,True,False,0.4324575831024947,True,,lfr,2026-03-11T21:25:12.636110
80,2,9,152,0.1,bnb_c,0.009025812149047852,True,False,0.432457583102493,True,,lfr,2026-03-11T21:25:12.754099
80,2,10,142,0.1,gurobi,0.14446091651916504,True,False,0.40745883753224155,True,,lfr,2026-03-11T21:25:13.016412
80,2,10,142,0.1,bnb_c,0.011143922805786133,True,False,0.407458837532236,True,,lfr,2026-03-11T21:25:13.136153
80,2,11,168,0.1,gurobi,0.08567690849304199,True,False,0.3849206349206339,True,,lfr,2026-03-11T21:25:13.336520
80,2,11,168,0.1,bnb_c,0.00981903076171875,True,False,0.384920634920635,True,,lfr,2026-03-11T21:25:13.450979
80,2,12,163,0.1,gurobi,0.22200393676757812,True,False,0.41324475892957746,True,,lfr,2026-03-11T21:25:13.794225
80,2,12,163,0.1,bnb_c,0.010675191879272461,True,False,0.41324475892958,True,,lfr,2026-03-11T21:25:13.908020
80,2,13,165,0.1,gurobi,0.06597089767456055,True,False,0.41761248852157706,True,,lfr,2026-03-11T21:25:14.091511
80,2,13,165,0.1,bnb_c,0.008533954620361328,True,False,0.417612488521579,True,,lfr,2026-03-11T21:25:14.202452
80,2,14,157,0.1,gurobi,0.10201001167297363,True,False,0.39076635969005036,True,,lfr,2026-03-11T21:25:14.428495
80,2,14,157,0.1,bnb_c,0.016915082931518555,True,False,0.390766359690048,True,,lfr,2026-03-11T21:25:14.550967
80,2,15,160,0.1,gurobi,0.19249701499938965,True,False,0.38748046874999736,True,,lfr,2026-03-11T21:25:14.865094
80,2,15,160,0.1,bnb_c,0.016985177993774414,True,False,0.38748046875,True,,lfr,2026-03-11T21:25:14.983584
80,2,16,153,0.1,gurobi,0.057073354721069336,True,False,0.4408987996069847,True,,lfr,2026-03-11T21:25:15.151989
80,2,16,153,0.1,bnb_c,0.009023904800415039,True,False,0.440898799606989,True,,lfr,2026-03-11T21:25:15.264008
80,2,17,154,0.1,gurobi,0.18569111824035645,True,False,0.3932998819362386,True,,lfr,2026-03-11T21:25:15.564488
80,2,17,154,0.1,bnb_c,0.011974096298217773,True,False,0.393299881936246,True,,lfr,2026-03-11T21:25:15.688457
80,2,18,142,0.1,gurobi,0.05504202842712402,True,False,0.3978377306090085,True,,lfr,2026-03-11T21:25:15.859191
80,2,18,142,0.1,bnb_c,0.009089946746826172,True,False,0.397837730609006,True,,lfr,2026-03-11T21:25:15.971618
80,2,19,146,0.1,gurobi,0.13593697547912598,True,False,0.4262291236629806,True,,lfr,2026-03-11T21:25:16.219635
80,2,19,146,0.1,bnb_c,0.012553930282592773,True,False,0.426229123662976,True,,lfr,2026-03-11T21:25:16.340048
80,2,20,144,0.1,gurobi,0.16975831985473633,True,False,0.4129774305555526,True,,lfr,2026-03-11T21:25:16.626860
80,2,20,144,0.1,bnb_c,0.021239042282104492,True,False,0.412977430555555,True,,lfr,2026-03-11T21:25:16.754161
80,2,21,167,0.1,gurobi,0.05505108833312988,True,False,0.40496253002976,True,,lfr,2026-03-11T21:25:16.926048
80,2,21,167,0.1,bnb_c,0.010082006454467773,True,False,0.404962530029761,True,,lfr,2026-03-11T21:25:17.039282
80,2,22,159,0.1,gurobi,0.17058420181274414,True,False,0.3916973220995957,True,,lfr,2026-03-11T21:25:17.323468
80,2,22,159,0.1,bnb_c,0.014609098434448242,True,False,0.391697322099601,True,,lfr,2026-03-11T21:25:17.451659
80,2,23,150,0.1,gurobi,0.1479029655456543,True,False,0.35564444444444154,True,,lfr,2026-03-11T21:25:17.709981
80,2,23,150,0.1,bnb_c,0.01762080192565918,True,False,0.355644444444444,True,,lfr,2026-03-11T21:25:17.838634
80,2,24,158,0.1,gurobi,0.07015490531921387,True,False,0.39352667841691974,True,,lfr,2026-03-11T21:25:18.024909
80,2,24,158,0.1,bnb_c,0.009784698486328125,True,False,0.39352667841692,True,,lfr,2026-03-11T21:25:18.137012
80,2,25,174,0.1,gurobi,0.06253695487976074,True,False,0.39655172413792955,True,,lfr,2026-03-11T21:25:18.311272
80,2,25,174,0.1,bnb_c,0.010326147079467773,True,False,0.396551724137931,True,,lfr,2026-03-11T21:25:18.424898
80,2,26,149,0.1,gurobi,0.2768521308898926,True,False,0.39426151975136375,True,,lfr,2026-03-11T21:25:18.814621
80,2,26,149,0.1,bnb_c,0.011972188949584961,True,False,0.394261519751363,True,,lfr,2026-03-11T21:25:18.932085
80,2,27,166,0.1,gurobi,0.034945011138916016,True,False,0.41515459428073404,True,,lfr,2026-03-11T21:25:19.077167
80,2,27,166,0.1,bnb_c,0.008319854736328125,True,False,0.415154594280737,True,,lfr,2026-03-11T21:25:19.191529
80,2,28,154,0.1,gurobi,0.10337615013122559,True,False,0.40698262776184385,True,,lfr,2026-03-11T21:25:19.403628
80,2,28,154,0.1,bnb_c,0.012078285217285156,True,False,0.406982627761849,True,,lfr,2026-03-11T21:25:19.520414
80,2,29,161,0.1,gurobi,0.6607010364532471,True,False,0.3870799737664456,True,,lfr,2026-03-11T21:25:20.295927
80,2,29,161,0.1,bnb_c,0.01935100555419922,True,False,0.387079973766444,True,,lfr,2026-03-11T21:25:20.420064
80,2,30,142,0.1,gurobi,0.13310885429382324,True,False,0.41450109105336225,True,,lfr,2026-03-11T21:25:20.667175
80,2,30,142,0.1,bnb_c,0.009462833404541016,True,False,0.414501091053362,True,,lfr,2026-03-11T21:25:20.785033
80,2,31,142,0.1,gurobi,0.04224371910095215,True,False,0.43461118825630146,True,,lfr,2026-03-11T21:25:20.947671
80,2,31,142,0.1,bnb_c,0.008265972137451172,True,False,0.434611188256298,True,,lfr,2026-03-11T21:25:21.066143
80,2,32,152,0.1,gurobi,0.04863786697387695,True,False,0.41516620498615064,True,,lfr,2026-03-11T21:25:21.225766
80,2,32,152,0.1,bnb_c,0.008703947067260742,True,False,0.41516620498615,True,,lfr,2026-03-11T21:25:21.343070
80,2,33,156,0.1,gurobi,0.14949774742126465,True,False,0.3985864562787694,True,,lfr,2026-03-11T21:25:21.602188
80,2,33,156,0.1,bnb_c,0.010660171508789062,True,False,0.398586456278764,True,,lfr,2026-03-11T21:25:21.722227
80,2,34,161,0.1,gurobi,0.048876047134399414,True,False,0.4164769877705362,True,,lfr,2026-03-11T21:25:21.883884
80,2,34,161,0.1,bnb_c,0.009519100189208984,True,False,0.416476987770534,True,,lfr,2026-03-11T21:25:21.998953
80,2,35,149,0.1,gurobi,0.14975523948669434,True,False,0.4052970586910511,True,,lfr,2026-03-11T21:25:22.260153
80,2,35,149,0.1,bnb_c,0.015383005142211914,True,False,0.40529705869105,True,,lfr,2026-03-11T21:25:22.384439
80,2,36,166,0.1,gurobi,0.040181875228881836,True,False,0.4084591377558411,True,,lfr,2026-03-11T21:25:22.533003
80,2,36,166,0.1,bnb_c,0.009250879287719727,True,False,0.408459137755843,True,,lfr,2026-03-11T21:25:22.651218
80,2,37,144,0.1,gurobi,0.13146090507507324,True,False,0.37478298611111016,True,,lfr,2026-03-11T21:25:22.895664
80,2,37,144,0.1,bnb_c,0.011562824249267578,True,False,0.374782986111111,True,,lfr,2026-03-11T21:25:23.017118
80,2,38,163,0.1,gurobi,0.10547399520874023,True,False,0.39448229139222163,True,,lfr,2026-03-11T21:25:23.234922
80,2,38,163,0.1,bnb_c,0.010914087295532227,True,False,0.394482291392224,True,,lfr,2026-03-11T21:25:23.351891
80,2,39,148,0.1,gurobi,0.08362603187561035,True,False,0.39800949598246727,True,,lfr,2026-03-11T21:25:23.552953
80,2,39,148,0.1,bnb_c,0.013443708419799805,True,False,0.398009495982469,True,,lfr,2026-03-11T21:25:23.677496
80,2,40,128,0.1,gurobi,0.03812909126281738,True,False,0.45654296875,True,,lfr,2026-03-11T21:25:23.820168
80,2,40,128,0.1,bnb_c,0.008932113647460938,True,False,0.45654296875,True,,lfr,2026-03-11T21:25:23.935416
80,2,41,152,0.1,gurobi,0.07871198654174805,True,False,0.3860803324099738,True,,lfr,2026-03-11T21:25:24.128222
80,2,41,152,0.1,bnb_c,0.010833978652954102,True,False,0.386080332409972,True,,lfr,2026-03-11T21:25:24.250576
80,2,42,150,0.1,gurobi,0.03467583656311035,True,False,0.39964444444443975,True,,lfr,2026-03-11T21:25:24.397786
80,2,42,150,0.1,bnb_c,0.00794076919555664,True,False,0.399644444444445,True,,lfr,2026-03-11T21:25:24.513225
80,2,43,136,0.1,gurobi,0.040946006774902344,True,False,0.42406466262975573,True,,lfr,2026-03-11T21:25:24.674029
80,2,43,136,0.1,bnb_c,0.009628057479858398,True,False,0.424064662629758,True,,lfr,2026-03-11T21:25:24.791676
80,2,44,159,0.1,gurobi,0.0834650993347168,True,False,0.40558126656381716,True,,lfr,2026-03-11T21:25:24.987635
80,2,44,159,0.1,bnb_c,0.009807825088500977,True,False,0.405581266563823,True,,lfr,2026-03-11T21:25:25.108962
80,2,45,166,0.1,gurobi,0.048120975494384766,True,False,0.4215234431702686,True,,lfr,2026-03-11T21:25:25.265854
80,2,45,166,0.1,bnb_c,0.00914311408996582,True,False,0.421523443170272,True,,lfr,2026-03-11T21:25:25.384137
80,2,46,159,0.1,gurobi,0.0937950611114502,True,False,0.40160594913175734,True,,lfr,2026-03-11T21:25:25.597729
80,2,46,159,0.1,bnb_c,0.01043391227722168,True,False,0.401605949131759,True,,lfr,2026-03-11T21:25:25.719047
80,2,47,161,0.1,gurobi,0.16213393211364746,True,False,0.4018942170440952,True,,lfr,2026-03-11T21:25:25.996868
80,2,47,161,0.1,bnb_c,0.014483928680419922,True,False,0.401894217044095,True,,lfr,2026-03-11T21:25:26.122260
80,2,48,157,0.1,gurobi,0.15689921379089355,True,False,0.39644610329019886,True,,lfr,2026-03-11T21:25:26.388820
80,2,48,157,0.1,bnb_c,0.015620946884155273,True,False,0.396446103290194,True,,lfr,2026-03-11T21:25:26.514158
80,2,49,152,0.1,gurobi,0.054492950439453125,True,False,0.41843403739612456,True,,lfr,2026-03-11T21:25:26.686794
80,2,49,152,0.1,bnb_c,0.008202075958251953,True,False,0.418434037396122,True,,lfr,2026-03-11T21:25:26.797493
80,2,0,141,0.15,gurobi,0.12684011459350586,True,False,0.39339067451335535,True,,lfr,2026-03-11T21:25:27.042926
80,2,0,141,0.15,bnb_c,0.030712127685546875,True,False,0.393390674513355,True,,lfr,2026-03-11T21:25:27.182590
80,2,1,154,0.15,gurobi,0.5114600658416748,True,False,0.3636363636363594,True,,lfr,2026-03-11T21:25:27.812571
80,2,1,154,0.15,bnb_c,0.047473907470703125,True,False,0.363636363636364,True,,lfr,2026-03-11T21:25:27.963327
80,2,2,161,0.15,gurobi,0.2477428913116455,True,False,0.38048300605686625,True,,lfr,2026-03-11T21:25:28.326236
80,2,2,161,0.15,bnb_c,0.021542787551879883,True,False,0.380483006056865,True,,lfr,2026-03-11T21:25:28.457551
80,2,3,162,0.15,gurobi,0.634162187576294,True,False,0.357719859777476,True,,lfr,2026-03-11T21:25:29.202106
80,2,3,162,0.15,bnb_c,0.0315098762512207,True,False,0.357719859777473,True,,lfr,2026-03-11T21:25:29.336818
80,2,4,154,0.15,gurobi,0.1118159294128418,True,False,0.3820838252656372,True,,lfr,2026-03-11T21:25:29.556868
80,2,4,154,0.15,bnb_c,0.01498723030090332,True,False,0.382083825265644,True,,lfr,2026-03-11T21:25:29.676094
80,2,5,145,0.15,gurobi,0.19721174240112305,True,False,0.4034244946492197,True,,lfr,2026-03-11T21:25:29.989927
80,2,5,145,0.15,bnb_c,0.018993854522705078,True,False,0.403424494649227,True,,lfr,2026-03-11T21:25:30.112033
80,2,6,168,0.15,gurobi,0.31267404556274414,True,False,0.33949829931972736,True,,lfr,2026-03-11T21:25:30.539461
80,2,6,168,0.15,bnb_c,0.05997014045715332,True,False,0.339498299319728,True,,lfr,2026-03-11T21:25:30.703697
80,2,7,149,0.15,gurobi,0.08430004119873047,True,False,0.3840817981172036,True,,lfr,2026-03-11T21:25:30.902379
80,2,7,149,0.15,bnb_c,0.0126800537109375,True,False,0.384081798117202,True,,lfr,2026-03-11T21:25:31.021162
80,2,8,144,0.15,gurobi,0.06462907791137695,True,False,0.3581934799382686,True,,lfr,2026-03-11T21:25:31.197389
80,2,8,144,0.15,bnb_c,0.013383865356445312,True,False,0.358193479938272,True,,lfr,2026-03-11T21:25:31.324247
80,2,9,153,0.15,gurobi,0.22993206977844238,True,False,0.3946559015763178,True,,lfr,2026-03-11T21:25:31.666089
80,2,9,153,0.15,bnb_c,0.028522014617919922,True,False,0.394655901576317,True,,lfr,2026-03-11T21:25:31.796081
80,2,10,143,0.15,gurobi,0.16685795783996582,True,False,0.3826103965964057,True,,lfr,2026-03-11T21:25:32.077848
80,2,10,143,0.15,bnb_c,0.014406919479370117,True,False,0.382610396596411,True,,lfr,2026-03-11T21:25:32.202829
80,2,11,165,0.15,gurobi,0.2640681266784668,True,False,0.3630670339761204,True,,lfr,2026-03-11T21:25:32.579884
80,2,11,165,0.15,bnb_c,0.025693893432617188,True,False,0.363067033976125,True,,lfr,2026-03-11T21:25:32.708511
80,2,12,157,0.15,gurobi,0.24080109596252441,True,False,0.3709683962838305,True,,lfr,2026-03-11T21:25:33.059910
80,2,12,157,0.15,bnb_c,0.021786212921142578,True,False,0.370968396283825,True,,lfr,2026-03-11T21:25:33.190249
80,2,13,165,0.15,gurobi,0.0930318832397461,True,False,0.38907254361799587,True,,lfr,2026-03-11T21:25:33.398914
80,2,13,165,0.15,bnb_c,0.016005992889404297,True,False,0.389072543617998,True,,lfr,2026-03-11T21:25:33.518819
80,2,14,156,0.15,gurobi,0.5563337802886963,True,False,0.35944690992768336,True,,lfr,2026-03-11T21:25:34.194741
80,2,14,156,0.15,bnb_c,0.0701601505279541,True,False,0.359446909927679,True,,lfr,2026-03-11T21:25:34.369365
80,2,15,163,0.15,gurobi,0.6182899475097656,True,False,0.3825699123038121,True,,lfr,2026-03-11T21:25:35.104085
80,2,15,163,0.15,bnb_c,0.02244114875793457,True,False,0.382569912303813,True,,lfr,2026-03-11T21:25:35.229753
80,2,16,152,0.15,gurobi,0.1447749137878418,True,False,0.4047783933518021,True,,lfr,2026-03-11T21:25:35.489207
80,2,16,152,0.15,bnb_c,0.01161813735961914,True,False,0.404778393351801,True,,lfr,2026-03-11T21:25:35.609414
80,2,17,157,0.15,gurobi,0.10615301132202148,True,False,0.3659174814394126,True,,lfr,2026-03-11T21:25:35.833312
80,2,17,157,0.15,bnb_c,0.025510311126708984,True,False,0.365917481439409,True,,lfr,2026-03-11T21:25:35.970494
80,2,18,145,0.15,gurobi,0.07723760604858398,True,False,0.38356718192627104,True,,lfr,2026-03-11T21:25:36.162577
80,2,18,145,0.15,bnb_c,0.010359048843383789,True,False,0.383567181926278,True,,lfr,2026-03-11T21:25:36.276732
80,2,19,146,0.15,gurobi,0.5922720432281494,True,False,0.3767123287671277,True,,lfr,2026-03-11T21:25:36.986141
80,2,19,146,0.15,bnb_c,0.024075746536254883,True,False,0.376712328767123,True,,lfr,2026-03-11T21:25:37.111857
80,2,20,148,0.15,gurobi,0.06772422790527344,True,False,0.41252739225711865,True,,lfr,2026-03-11T21:25:37.294870
80,2,20,148,0.15,bnb_c,0.010355949401855469,True,False,0.412527392257122,True,,lfr,2026-03-11T21:25:37.406866
80,2,21,163,0.15,gurobi,0.07259392738342285,True,False,0.3896081899958594,True,,lfr,2026-03-11T21:25:37.594364
80,2,21,163,0.15,bnb_c,0.01872110366821289,True,False,0.38960818999586,True,,lfr,2026-03-11T21:25:37.724331
80,2,22,159,0.15,gurobi,0.057347774505615234,True,False,0.38908666587555474,True,,lfr,2026-03-11T21:25:37.894861
80,2,22,159,0.15,bnb_c,0.018333911895751953,True,False,0.389086665875559,True,,lfr,2026-03-11T21:25:38.025244
80,2,23,151,0.15,gurobi,0.219390869140625,True,False,0.3476821192052982,True,,lfr,2026-03-11T21:25:38.356760
80,2,23,151,0.15,bnb_c,0.042778968811035156,True,False,0.347682119205298,True,,lfr,2026-03-11T21:25:38.502140
80,2,24,160,0.15,gurobi,0.20515704154968262,True,False,0.36466796874999535,True,,lfr,2026-03-11T21:25:38.824910
80,2,24,160,0.15,bnb_c,0.019650936126708984,True,False,0.36466796875,True,,lfr,2026-03-11T21:25:38.955457
80,2,25,174,0.15,gurobi,0.3475809097290039,True,False,0.3448275862068949,True,,lfr,2026-03-11T21:25:39.411891
80,2,25,174,0.15,bnb_c,0.03666520118713379,True,False,0.344827586206897,True,,lfr,2026-03-11T21:25:39.551850
80,2,26,148,0.15,gurobi,0.8830809593200684,True,False,0.38084368151935605,True,,lfr,2026-03-11T21:25:40.547497
80,2,26,148,0.15,bnb_c,0.027415037155151367,True,False,0.380843681519357,True,,lfr,2026-03-11T21:25:40.678367
80,2,27,163,0.15,gurobi,0.08023905754089355,True,False,0.3400391433625653,True,,lfr,2026-03-11T21:25:40.872533
80,2,27,163,0.15,bnb_c,0.3186051845550537,True,False,0.340039143362565,True,,lfr,2026-03-11T21:25:41.295647
80,2,28,155,0.15,gurobi,0.29070210456848145,True,False,0.3966909469302793,True,,lfr,2026-03-11T21:25:41.701653
80,2,28,155,0.15,bnb_c,0.029306888580322266,True,False,0.396690946930281,True,,lfr,2026-03-11T21:25:41.834226
80,2,29,161,0.15,gurobi,0.23313522338867188,True,False,0.36065352416959323,True,,lfr,2026-03-11T21:25:42.184782
80,2,29,161,0.15,bnb_c,0.05404090881347656,True,False,0.360653524169592,True,,lfr,2026-03-11T21:25:42.348821
80,2,30,140,0.15,gurobi,0.20894980430603027,True,False,0.39346938775510387,True,,lfr,2026-03-11T21:25:42.673393
80,2,30,140,0.15,bnb_c,0.024557828903198242,True,False,0.393469387755102,True,,lfr,2026-03-11T21:25:42.808142
80,2,31,142,0.15,gurobi,0.15836119651794434,True,False,0.39982146399524127,True,,lfr,2026-03-11T21:25:43.080585
80,2,31,142,0.15,bnb_c,0.018904685974121094,True,False,0.399821463995239,True,,lfr,2026-03-11T21:25:43.208705
80,2,32,156,0.15,gurobi,0.1340169906616211,True,False,0.3964291584483952,True,,lfr,2026-03-11T21:25:43.451613
80,2,32,156,0.15,bnb_c,0.012237071990966797,True,False,0.396429158448389,True,,lfr,2026-03-11T21:25:43.573851
80,2,33,154,0.15,gurobi,0.5625927448272705,True,False,0.36538623713947727,True,,lfr,2026-03-11T21:25:44.243037
80,2,33,154,0.15,bnb_c,0.08678412437438965,True,False,0.365386237139484,True,,lfr,2026-03-11T21:25:44.432222
80,2,34,165,0.15,gurobi,0.21707534790039062,True,False,0.37889807162534456,True,,lfr,2026-03-11T21:25:44.767397
80,2,34,165,0.15,bnb_c,0.02643108367919922,True,False,0.378898071625344,True,,lfr,2026-03-11T21:25:44.896821
80,2,35,145,0.15,gurobi,0.29506993293762207,True,False,0.3480618311533818,True,,lfr,2026-03-11T21:25:45.310394
80,2,35,145,0.15,bnb_c,0.017659902572631836,True,False,0.348061831153389,True,,lfr,2026-03-11T21:25:45.429767
80,2,36,161,0.15,gurobi,0.08135414123535156,True,False,0.37886269819837237,True,,lfr,2026-03-11T21:25:45.623332
80,2,36,161,0.15,bnb_c,0.012984037399291992,True,False,0.378862698198372,True,,lfr,2026-03-11T21:25:45.740072
80,2,37,145,0.15,gurobi,0.2610130310058594,True,False,0.3689417360285307,True,,lfr,2026-03-11T21:25:46.114695
80,2,37,145,0.15,bnb_c,0.03472614288330078,True,False,0.368941736028537,True,,lfr,2026-03-11T21:25:46.252668
80,2,38,164,0.15,gurobi,0.6500849723815918,True,False,0.3697018143961972,True,,lfr,2026-03-11T21:25:47.016472
80,2,38,164,0.15,bnb_c,0.03192496299743652,True,False,0.369701814396193,True,,lfr,2026-03-11T21:25:47.152330
80,2,39,146,0.15,gurobi,0.49735283851623535,True,False,0.3698395571401767,True,,lfr,2026-03-11T21:25:47.765252
80,2,39,146,0.15,bnb_c,0.02887725830078125,True,False,0.369839557140176,True,,lfr,2026-03-11T21:25:47.899681
80,2,40,128,0.15,gurobi,0.18830299377441406,True,False,0.4140625,True,,lfr,2026-03-11T21:25:48.207331
80,2,40,128,0.15,bnb_c,0.01862812042236328,True,False,0.4140625,True,,lfr,2026-03-11T21:25:48.337555
80,2,41,153,0.15,gurobi,0.22793316841125488,True,False,0.3514460250331048,True,,lfr,2026-03-11T21:25:48.682820
80,2,41,153,0.15,bnb_c,0.07545804977416992,True,False,0.351446025033107,True,,lfr,2026-03-11T21:25:48.868485
80,2,42,146,0.15,gurobi,0.21504712104797363,True,False,0.36301369863013844,True,,lfr,2026-03-11T21:25:49.206893
80,2,42,146,0.15,bnb_c,0.01437687873840332,True,False,0.363013698630137,True,,lfr,2026-03-11T21:25:49.323721
80,2,43,136,0.15,gurobi,0.10975003242492676,True,False,0.39749134948096726,True,,lfr,2026-03-11T21:25:49.541666
80,2,43,136,0.15,bnb_c,0.013422966003417969,True,False,0.397491349480969,True,,lfr,2026-03-11T21:25:49.660056
80,2,44,158,0.15,gurobi,0.6532509326934814,True,False,0.3746194520108944,True,,lfr,2026-03-11T21:25:50.436662
80,2,44,158,0.15,bnb_c,0.048651933670043945,True,False,0.374619452010896,True,,lfr,2026-03-11T21:25:50.588428
80,2,45,166,0.15,gurobi,0.08559417724609375,True,False,0.38554216867469515,True,,lfr,2026-03-11T21:25:50.789226
80,2,45,166,0.15,bnb_c,0.012223958969116211,True,False,0.385542168674699,True,,lfr,2026-03-11T21:25:50.906393
80,2,46,161,0.15,gurobi,0.16959714889526367,True,False,0.3757571081362602,True,,lfr,2026-03-11T21:25:51.199728
80,2,46,161,0.15,bnb_c,0.050351858139038086,True,False,0.37575710813626,True,,lfr,2026-03-11T21:25:51.357084
80,2,47,163,0.15,gurobi,0.08124113082885742,True,False,0.38486582106966793,True,,lfr,2026-03-11T21:25:51.551175
80,2,47,163,0.15,bnb_c,0.01170206069946289,True,False,0.384865821069668,True,,lfr,2026-03-11T21:25:51.668863
80,2,48,156,0.15,gurobi,1.9415826797485352,True,False,0.35089990138067595,True,,lfr,2026-03-11T21:25:53.730727
80,2,48,156,0.15,bnb_c,0.3622128963470459,True,False,0.350899901380671,True,,lfr,2026-03-11T21:25:54.195740
80,2,49,154,0.15,gurobi,0.11956787109375,True,False,0.3835174565693986,True,,lfr,2026-03-11T21:25:54.425304
80,2,49,154,0.15,bnb_c,0.01933598518371582,True,False,0.383517456569405,True,,lfr,2026-03-11T21:25:54.555794
80,2,0,143,0.2,gurobi,1.0369629859924316,True,False,0.3589417575431552,True,,lfr,2026-03-11T21:25:55.702766
80,2,0,143,0.2,bnb_c,0.6144988536834717,True,False,0.358941757543156,True,,lfr,2026-03-11T21:25:56.419942
80,2,1,153,0.2,gurobi,3.8257720470428467,True,False,0.32064590542099053,True,,lfr,2026-03-11T21:26:00.359607
80,2,1,153,0.2,bnb_c,1.7702910900115967,True,False,0.320645905420992,True,,lfr,2026-03-11T21:26:02.236777
80,2,2,164,0.2,gurobi,1.134012222290039,True,False,0.32880353955978897,True,,lfr,2026-03-11T21:26:03.487687
80,2,2,164,0.2,bnb_c,0.7776408195495605,True,False,0.328803539559786,True,,lfr,2026-03-11T21:26:04.373076
80,2,3,158,0.2,gurobi,3.618675947189331,True,False,0.33926854670725715,True,,lfr,2026-03-11T21:26:08.111527
80,2,3,158,0.2,bnb_c,0.8067829608917236,True,False,0.339268546707259,True,,lfr,2026-03-11T21:26:09.025582
80,2,4,156,0.2,gurobi,4.48019003868103,True,False,0.32486850756082025,True,,lfr,2026-03-11T21:26:13.619057
80,2,4,156,0.2,bnb_c,1.751586675643921,True,False,0.324868507560815,True,,lfr,2026-03-11T21:26:15.477437
80,2,5,138,0.2,gurobi,0.10820508003234863,True,False,0.3909630329762655,True,,lfr,2026-03-11T21:26:15.696238
80,2,5,138,0.2,bnb_c,0.0326840877532959,True,False,0.390963032976265,True,,lfr,2026-03-11T21:26:15.845108
80,2,6,178,0.2,gurobi,2.652646780014038,True,False,0.32274965282161194,True,,lfr,2026-03-11T21:26:18.618437
80,2,6,178,0.2,bnb_c,1.580014705657959,True,False,0.322749652821613,True,,lfr,2026-03-11T21:26:20.306328
80,2,7,151,0.2,gurobi,0.23292803764343262,True,False,0.3736239638612331,True,,lfr,2026-03-11T21:26:20.652190
80,2,7,151,0.2,bnb_c,0.038890838623046875,True,False,0.373623963861234,True,,lfr,2026-03-11T21:26:20.799576
80,2,8,147,0.2,gurobi,0.833716869354248,True,False,0.32845110833448654,True,,lfr,2026-03-11T21:26:21.754470
80,2,8,147,0.2,bnb_c,0.2561209201812744,True,False,0.32845110833449,True,,lfr,2026-03-11T21:26:22.117708
80,2,9,157,0.2,gurobi,0.5218298435211182,True,False,0.36551178546797425,True,,lfr,2026-03-11T21:26:22.748936
80,2,9,157,0.2,bnb_c,0.10736989974975586,True,False,0.36551178546797,True,,lfr,2026-03-11T21:26:22.962449
80,2,10,142,0.2,gurobi,2.3335280418395996,True,False,0.35826224955366137,True,,lfr,2026-03-11T21:26:25.418051
80,2,10,142,0.2,bnb_c,2.758364200592041,True,False,0.35826224955366,True,,lfr,2026-03-11T21:26:28.279426
80,2,11,163,0.2,gurobi,2.9016802310943604,True,False,0.3289171590951882,True,,lfr,2026-03-11T21:26:31.292421
80,2,11,163,0.2,bnb_c,3.236433744430542,True,False,0.328917159095186,True,,lfr,2026-03-11T21:26:34.638915
80,2,12,159,0.2,gurobi,1.0692811012268066,True,False,0.3427672955974786,True,,lfr,2026-03-11T21:26:35.820526
80,2,12,159,0.2,bnb_c,0.2912261486053467,True,False,0.342767295597484,True,,lfr,2026-03-11T21:26:36.219056
80,2,13,167,0.2,gurobi,2.1644420623779297,True,False,0.3297536663200533,True,,lfr,2026-03-11T21:26:38.501881
80,2,13,167,0.2,bnb_c,0.7274458408355713,True,False,0.329753666320055,True,,lfr,2026-03-11T21:26:39.338153
80,2,14,155,0.2,gurobi,0.6504538059234619,True,False,0.36451612903225616,True,,lfr,2026-03-11T21:26:40.109819
80,2,14,155,0.2,bnb_c,0.19065594673156738,True,False,0.364516129032258,True,,lfr,2026-03-11T21:26:40.407643
80,2,15,162,0.2,gurobi,1.971492052078247,True,False,0.3161103490321606,True,,lfr,2026-03-11T21:26:42.494741
80,2,15,162,0.2,bnb_c,0.7951288223266602,True,False,0.31611034903216,True,,lfr,2026-03-11T21:26:43.392623
80,2,16,153,0.2,gurobi,0.4540700912475586,True,False,0.37408688965782505,True,,lfr,2026-03-11T21:26:43.962284
80,2,16,153,0.2,bnb_c,0.06211113929748535,True,False,0.374086889657824,True,,lfr,2026-03-11T21:26:44.126050
80,2,17,156,0.2,gurobi,2.042081117630005,True,False,0.3448389217620052,True,,lfr,2026-03-11T21:26:46.288782
80,2,17,156,0.2,bnb_c,1.1559967994689941,True,False,0.344838921761999,True,,lfr,2026-03-11T21:26:47.548413
80,2,18,144,0.2,gurobi,0.7814738750457764,True,False,0.34944058641974934,True,,lfr,2026-03-11T21:26:48.440221
80,2,18,144,0.2,bnb_c,0.29129505157470703,True,False,0.349440586419753,True,,lfr,2026-03-11T21:26:48.834653
80,2,19,147,0.2,gurobi,0.38143110275268555,True,False,0.39094821602109747,True,,lfr,2026-03-11T21:26:49.325090
80,2,19,147,0.2,bnb_c,0.23340702056884766,True,False,0.390948216021102,True,,lfr,2026-03-11T21:26:49.661526
80,2,20,141,0.2,gurobi,1.1277480125427246,True,False,0.35813087872843474,True,,lfr,2026-03-11T21:26:50.904116
80,2,20,141,0.2,bnb_c,0.33272600173950195,True,False,0.358130878728434,True,,lfr,2026-03-11T21:26:51.340435
80,2,21,171,0.2,gurobi,1.184922695159912,True,False,0.3301357682705789,True,,lfr,2026-03-11T21:26:52.642351
80,2,21,171,0.2,bnb_c,1.2634387016296387,True,False,0.330135768270579,True,,lfr,2026-03-11T21:26:54.014464
80,2,22,158,0.2,gurobi,0.360731840133667,True,False,0.3524875821182493,True,,lfr,2026-03-11T21:26:54.490507
80,2,22,158,0.2,bnb_c,0.14487910270690918,True,False,0.35248758211825,True,,lfr,2026-03-11T21:26:54.740402
80,2,23,150,0.2,gurobi,2.1245639324188232,True,False,0.3216666666666647,True,,lfr,2026-03-11T21:26:56.983835
80,2,23,150,0.2,bnb_c,2.495759963989258,True,False,0.321666666666667,True,,lfr,2026-03-11T21:26:59.583467
80,2,24,155,0.2,gurobi,4.992271661758423,True,False,0.33225806451612666,True,,lfr,2026-03-11T21:27:04.685818
80,2,24,155,0.2,bnb_c,1.4886038303375244,True,False,0.332258064516129,True,,lfr,2026-03-11T21:27:06.281100
80,2,25,173,0.2,gurobi,0.19714689254760742,True,False,0.33235323599184563,True,,lfr,2026-03-11T21:27:06.589615
80,2,25,173,0.2,bnb_c,0.0826880931854248,True,False,0.332353235991847,True,,lfr,2026-03-11T21:27:06.778586
80,2,26,150,0.2,gurobi,2.048943042755127,True,False,0.33777777777777446,True,,lfr,2026-03-11T21:27:08.948534
80,2,26,150,0.2,bnb_c,0.16975736618041992,True,False,0.337777777777778,True,,lfr,2026-03-11T21:27:09.227017
80,2,27,166,0.2,gurobi,120,False,True,,,timeout,lfr,2026-03-11T21:29:09.259749
80,2,27,166,0.2,bnb_c,3.4135148525238037,True,False,0.305759181303527,True,,lfr,2026-03-11T21:29:12.786922
80,2,28,159,0.2,gurobi,0.651879072189331,True,False,0.36114077765910796,True,,lfr,2026-03-11T21:29:13.548029
80,2,28,159,0.2,bnb_c,0.22603297233581543,True,False,0.361140777659112,True,,lfr,2026-03-11T21:29:13.879471
80,2,29,163,0.2,gurobi,2.285720109939575,True,False,0.33283149535172685,True,,lfr,2026-03-11T21:29:16.283756
80,2,29,163,0.2,bnb_c,3.6357359886169434,True,False,0.332831495351726,True,,lfr,2026-03-11T21:29:20.025841
80,2,30,133,0.2,gurobi,0.28513479232788086,True,False,0.393719260557406,True,,lfr,2026-03-11T21:29:20.430183
80,2,30,133,0.2,bnb_c,0.14119601249694824,True,False,0.393719260557409,True,,lfr,2026-03-11T21:29:20.679730
80,2,31,137,0.2,gurobi,0.6310322284698486,True,False,0.3703180776812791,True,,lfr,2026-03-11T21:29:21.422834
80,2,31,137,0.2,bnb_c,0.2887837886810303,True,False,0.370318077681283,True,,lfr,2026-03-11T21:29:21.822075
80,2,32,162,0.2,gurobi,1.4232559204101562,True,False,0.34567901234568094,True,,lfr,2026-03-11T21:29:23.355189
80,2,32,162,0.2,bnb_c,0.49846506118774414,True,False,0.345679012345679,True,,lfr,2026-03-11T21:29:23.956356
80,2,33,159,0.2,gurobi,1.7139408588409424,True,False,0.33016890154661205,True,,lfr,2026-03-11T21:29:25.784047
80,2,33,159,0.2,bnb_c,0.4906039237976074,True,False,0.330168901546616,True,,lfr,2026-03-11T21:29:26.377850
80,2,34,165,0.2,gurobi,5.301629066467285,True,False,0.3261707988980714,True,,lfr,2026-03-11T21:29:31.790732
80,2,34,165,0.2,bnb_c,2.3758232593536377,True,False,0.326170798898071,True,,lfr,2026-03-11T21:29:34.275308
80,2,35,148,0.2,gurobi,0.7052748203277588,True,False,0.33927593133674194,True,,lfr,2026-03-11T21:29:35.101309
80,2,35,148,0.2,bnb_c,0.06075596809387207,True,False,0.339275931336742,True,,lfr,2026-03-11T21:29:35.271491
80,2,36,165,0.2,gurobi,0.9040699005126953,True,False,0.3545270890725425,True,,lfr,2026-03-11T21:29:36.304795
80,2,36,165,0.2,bnb_c,0.11786603927612305,True,False,0.354527089072544,True,,lfr,2026-03-11T21:29:36.530940
80,2,37,144,0.2,gurobi,0.30379438400268555,True,False,0.3741319444444437,True,,lfr,2026-03-11T21:29:36.953486
80,2,37,144,0.2,bnb_c,0.41454100608825684,True,False,0.374131944444444,True,,lfr,2026-03-11T21:29:37.470880
80,2,38,164,0.2,gurobi,1.5801239013671875,True,False,0.34739366448543,True,,lfr,2026-03-11T21:29:39.163307
80,2,38,164,0.2,bnb_c,0.3042168617248535,True,False,0.347393664485425,True,,lfr,2026-03-11T21:29:39.570952
80,2,39,144,0.2,gurobi,0.47122693061828613,True,False,0.3610869984567863,True,,lfr,2026-03-11T21:29:40.157314
80,2,39,144,0.2,bnb_c,0.09624791145324707,True,False,0.36108699845679,True,,lfr,2026-03-11T21:29:40.361661
80,2,40,128,0.2,gurobi,12.184736013412476,True,False,0.3671875,True,,lfr,2026-03-11T21:29:52.666147
80,2,40,128,0.2,bnb_c,2.820268154144287,True,False,0.3671875,True,,lfr,2026-03-11T21:29:55.592643
80,2,41,153,0.2,gurobi,0.5040791034698486,True,False,0.3625528642829663,True,,lfr,2026-03-11T21:29:56.218558
80,2,41,153,0.2,bnb_c,0.1084280014038086,True,False,0.362552864282968,True,,lfr,2026-03-11T21:29:56.434528
80,2,42,147,0.2,gurobi,8.02741026878357,True,False,0.3299088342820078,True,,lfr,2026-03-11T21:30:04.583855
80,2,42,147,0.2,bnb_c,1.8338589668273926,True,False,0.329908834282012,True,,lfr,2026-03-11T21:30:06.525347
80,2,43,136,0.2,gurobi,1.758345127105713,True,False,0.354995674740482,True,,lfr,2026-03-11T21:30:08.401405
80,2,43,136,0.2,bnb_c,0.45712828636169434,True,False,0.354995674740484,True,,lfr,2026-03-11T21:30:08.963737
80,2,44,156,0.2,gurobi,3.2939798831939697,True,False,0.33127876397107436,True,,lfr,2026-03-11T21:30:12.373412
80,2,44,156,0.2,bnb_c,1.7535648345947266,True,False,0.331278763971072,True,,lfr,2026-03-11T21:30:14.233827
80,2,45,162,0.2,gurobi,0.6362988948822021,True,False,0.35183279987806954,True,,lfr,2026-03-11T21:30:14.987776
80,2,45,162,0.2,bnb_c,0.4535071849822998,True,False,0.351832799878067,True,,lfr,2026-03-11T21:30:15.550755
80,2,46,160,0.2,gurobi,3.5422892570495605,True,False,0.3307617187499975,True,,lfr,2026-03-11T21:30:19.202937
80,2,46,160,0.2,bnb_c,2.4266481399536133,True,False,0.33076171875,True,,lfr,2026-03-11T21:30:21.737288
80,2,47,160,0.2,gurobi,3.9230310916900635,True,False,0.33044921874999716,True,,lfr,2026-03-11T21:30:25.785614
80,2,47,160,0.2,bnb_c,1.82063627243042,True,False,0.33044921875,True,,lfr,2026-03-11T21:30:27.714429
80,2,48,158,0.2,gurobi,0.7144980430603027,True,False,0.34810126582278306,True,,lfr,2026-03-11T21:30:28.537923
80,2,48,158,0.2,bnb_c,0.2960221767425537,True,False,0.348101265822785,True,,lfr,2026-03-11T21:30:28.939797
80,2,49,149,0.2,gurobi,18.373719930648804,True,False,0.3053466060087373,True,,lfr,2026-03-11T21:30:47.430483
80,2,49,149,0.2,bnb_c,2.362665891647339,True,False,0.305346606008738,True,,lfr,2026-03-11T21:30:49.901712
80,2,0,143,0.25,gurobi,1.0224032402038574,True,False,0.3589417575431552,True,,lfr,2026-03-11T21:30:51.039660
80,2,0,143,0.25,bnb_c,0.559237003326416,True,False,0.358941757543156,True,,lfr,2026-03-11T21:30:51.710689
80,2,1,152,0.25,gurobi,0.5920028686523438,True,False,0.3333621883656538,True,,lfr,2026-03-11T21:30:52.414065
80,2,1,152,0.25,bnb_c,0.2124028205871582,True,False,0.333362188365651,True,,lfr,2026-03-11T21:30:52.734377
80,2,2,164,0.25,gurobi,2.488744020462036,True,False,0.3218322427126752,True,,lfr,2026-03-11T21:30:55.334216
80,2,2,164,0.25,bnb_c,2.066187858581543,True,False,0.321832242712671,True,,lfr,2026-03-11T21:30:57.507612
80,2,3,158,0.25,gurobi,9.324930191040039,True,False,0.3246074347059755,True,,lfr,2026-03-11T21:31:06.949644
80,2,3,158,0.25,bnb_c,1.8508388996124268,True,False,0.324607434705977,True,,lfr,2026-03-11T21:31:08.906218
80,2,4,157,0.25,gurobi,4.0099992752075195,True,False,0.32802547770700924,True,,lfr,2026-03-11T21:31:13.034189
80,2,4,157,0.25,bnb_c,1.6396617889404297,True,False,0.328025477707006,True,,lfr,2026-03-11T21:31:14.780610
80,2,5,140,0.25,gurobi,1.0352580547332764,True,False,0.36428571428571593,True,,lfr,2026-03-11T21:31:15.931643
80,2,5,140,0.25,bnb_c,0.3487210273742676,True,False,0.364285714285714,True,,lfr,2026-03-11T21:31:16.384233
80,2,6,175,0.25,gurobi,5.4780659675598145,True,False,0.3027918367346932,True,,lfr,2026-03-11T21:31:21.974924
80,2,6,175,0.25,bnb_c,2.0982608795166016,True,False,0.302791836734694,True,,lfr,2026-03-11T21:31:24.181145
80,2,7,149,0.25,gurobi,0.9205319881439209,True,False,0.3387234809242852,True,,lfr,2026-03-11T21:31:25.216264
80,2,7,149,0.25,bnb_c,1.2744288444519043,True,False,0.338723480924283,True,,lfr,2026-03-11T21:31:26.598497
80,2,8,147,0.25,gurobi,1.7878029346466064,True,False,0.3083900226757336,True,,lfr,2026-03-11T21:31:28.497748
80,2,8,147,0.25,bnb_c,0.8119239807128906,True,False,0.308390022675737,True,,lfr,2026-03-11T21:31:29.416338
80,2,9,155,0.25,gurobi,9.10800290107727,True,False,0.32874089490114206,True,,lfr,2026-03-11T21:31:38.632621
80,2,9,155,0.25,bnb_c,3.5823402404785156,True,False,0.328740894901145,True,,lfr,2026-03-11T21:31:42.329013
80,2,10,143,0.25,gurobi,1.5822579860687256,True,False,0.360042055846248,True,,lfr,2026-03-11T21:31:44.021258
80,2,10,143,0.25,bnb_c,1.3231680393218994,True,False,0.360042055846252,True,,lfr,2026-03-11T21:31:45.452241
80,2,11,166,0.25,gurobi,0.934581995010376,True,False,0.32406735375236084,True,,lfr,2026-03-11T21:31:46.501153
80,2,11,166,0.25,bnb_c,1.9575512409210205,True,False,0.324067353752359,True,,lfr,2026-03-11T21:31:48.565550
80,2,12,158,0.25,gurobi,4.727560997009277,True,False,0.3372656625540768,True,,lfr,2026-03-11T21:31:53.402050
80,2,12,158,0.25,bnb_c,2.749464750289917,True,False,0.337265662554078,True,,lfr,2026-03-11T21:31:56.257812
80,2,13,169,0.25,gurobi,2.4264659881591797,True,False,0.34021918000069984,True,,lfr,2026-03-11T21:31:58.800211
80,2,13,169,0.25,bnb_c,0.573340892791748,True,False,0.3402191800007,True,,lfr,2026-03-11T21:31:59.483841
80,2,14,151,0.25,gurobi,2.9305670261383057,True,False,0.3413446778650048,True,,lfr,2026-03-11T21:32:02.529197
80,2,14,151,0.25,bnb_c,0.8352150917053223,True,False,0.341344677865006,True,,lfr,2026-03-11T21:32:03.471867
80,2,15,163,0.25,gurobi,1.1958870887756348,True,False,0.3097406752230055,True,,lfr,2026-03-11T21:32:04.784648
80,2,15,163,0.25,bnb_c,1.865595817565918,True,False,0.309740675223004,True,,lfr,2026-03-11T21:32:06.756902
80,2,16,155,0.25,gurobi,0.31859588623046875,True,False,0.35850156087408436,True,,lfr,2026-03-11T21:32:07.196201
80,2,16,155,0.25,bnb_c,0.08645296096801758,True,False,0.35850156087409,True,,lfr,2026-03-11T21:32:07.387025
80,2,17,156,0.25,gurobi,9.863976001739502,True,False,0.3223002958579933,True,,lfr,2026-03-11T21:32:17.371197
80,2,17,156,0.25,bnb_c,2.436807155609131,True,False,0.322300295857988,True,,lfr,2026-03-11T21:32:19.914279
80,2,18,146,0.25,gurobi,0.8495230674743652,True,False,0.32686714205291756,True,,lfr,2026-03-11T21:32:20.879464
80,2,18,146,0.25,bnb_c,0.9537332057952881,True,False,0.326867142052918,True,,lfr,2026-03-11T21:32:21.939823
80,2,19,145,0.25,gurobi,0.9969289302825928,True,False,0.3665873959571865,True,,lfr,2026-03-11T21:32:23.052094
80,2,19,145,0.25,bnb_c,0.16008687019348145,True,False,0.366587395957194,True,,lfr,2026-03-11T21:32:23.323076
80,2,20,144,0.25,gurobi,4.53474497795105,True,False,0.34374999999999606,True,,lfr,2026-03-11T21:32:27.980133
80,2,20,144,0.25,bnb_c,2.1984729766845703,True,False,0.34375,True,,lfr,2026-03-11T21:32:30.284199
80,2,21,167,0.25,gurobi,10.09997296333313,True,False,0.30915414679622777,True,,lfr,2026-03-11T21:32:40.500297
80,2,21,167,0.25,bnb_c,5.172388792037964,True,False,0.309154146796228,True,,lfr,2026-03-11T21:32:45.781804
80,2,22,156,0.25,gurobi,7.0694921016693115,True,False,0.330847304405,True,,lfr,2026-03-11T21:32:52.967773
80,2,22,156,0.25,bnb_c,6.763424873352051,True,False,0.330847304404997,True,,lfr,2026-03-11T21:32:59.845148
80,2,23,151,0.25,gurobi,0.8983008861541748,True,False,0.3278145695364249,True,,lfr,2026-03-11T21:33:00.863870
80,2,23,151,0.25,bnb_c,0.89858078956604,True,False,0.327814569536424,True,,lfr,2026-03-11T21:33:01.876022
80,2,24,153,0.25,gurobi,2.71940279006958,True,False,0.3489042675893904,True,,lfr,2026-03-11T21:33:04.707206
80,2,24,153,0.25,bnb_c,1.0758750438690186,True,False,0.348904267589389,True,,lfr,2026-03-11T21:33:05.892136
80,2,25,171,0.25,gurobi,0.6138246059417725,True,False,0.3197223077186141,True,,lfr,2026-03-11T21:33:06.615964
80,2,25,171,0.25,bnb_c,0.6763179302215576,True,False,0.319722307718614,True,,lfr,2026-03-11T21:33:07.402750
80,2,26,152,0.25,gurobi,2.3280491828918457,True,False,0.34208362188365926,True,,lfr,2026-03-11T21:33:09.842022
80,2,26,152,0.25,bnb_c,0.7977032661437988,True,False,0.342083621883657,True,,lfr,2026-03-11T21:33:10.743709
80,2,27,168,0.25,gurobi,2.263739824295044,True,False,0.30328798185941086,True,,lfr,2026-03-11T21:33:13.113876
80,2,27,168,0.25,bnb_c,3.7350611686706543,True,False,0.30328798185941,True,,lfr,2026-03-11T21:33:16.953399
80,2,28,157,0.25,gurobi,1.8907811641693115,True,False,0.34074404641162404,True,,lfr,2026-03-11T21:33:18.959058
80,2,28,157,0.25,bnb_c,1.1778497695922852,True,False,0.340744046411619,True,,lfr,2026-03-11T21:33:20.244420
80,2,29,161,0.25,gurobi,6.969062805175781,True,False,0.3198564870182477,True,,lfr,2026-03-11T21:33:27.332133
80,2,29,161,0.25,bnb_c,8.656694173812866,True,False,0.319856487018248,True,,lfr,2026-03-11T21:33:36.095110
80,2,30,133,0.25,gurobi,5.188441753387451,True,False,0.3619763694951667,True,,lfr,2026-03-11T21:33:41.397929
80,2,30,133,0.25,bnb_c,2.1413159370422363,True,False,0.361976369495166,True,,lfr,2026-03-11T21:33:43.655649
80,2,31,136,0.25,gurobi,1.1307249069213867,True,False,0.3680525519031124,True,,lfr,2026-03-11T21:33:44.904469
80,2,31,136,0.25,bnb_c,0.3987879753112793,True,False,0.368052551903114,True,,lfr,2026-03-11T21:33:45.410420
80,2,32,154,0.25,gurobi,0.7448132038116455,True,False,0.34244813627929904,True,,lfr,2026-03-11T21:33:46.267345
80,2,32,154,0.25,bnb_c,0.37273430824279785,True,False,0.342448136279305,True,,lfr,2026-03-11T21:33:46.747075
80,2,33,157,0.25,gurobi,1.0160958766937256,True,False,0.34003407846160427,True,,lfr,2026-03-11T21:33:47.884993
80,2,33,157,0.25,bnb_c,1.7435061931610107,True,False,0.340034078461601,True,,lfr,2026-03-11T21:33:49.731602
80,2,34,160,0.25,gurobi,1.2600650787353516,True,False,0.3318554687499964,True,,lfr,2026-03-11T21:33:51.100733
80,2,34,160,0.25,bnb_c,1.3354089260101318,True,False,0.33185546875,True,,lfr,2026-03-11T21:33:52.544357
80,2,35,150,0.25,gurobi,0.5399460792541504,True,False,0.333577777777775,True,,lfr,2026-03-11T21:33:53.198248
80,2,35,150,0.25,bnb_c,0.10433793067932129,True,False,0.333577777777778,True,,lfr,2026-03-11T21:33:53.406628
80,2,36,165,0.25,gurobi,0.6517329216003418,True,False,0.3545270890725412,True,,lfr,2026-03-11T21:33:54.179718
80,2,36,165,0.25,bnb_c,0.16461586952209473,True,False,0.354527089072544,True,,lfr,2026-03-11T21:33:54.449026
80,2,37,143,0.25,gurobi,1.7718117237091064,True,False,0.3461538461538449,True,,lfr,2026-03-11T21:33:56.332763
80,2,37,143,0.25,bnb_c,0.5688889026641846,True,False,0.346153846153846,True,,lfr,2026-03-11T21:33:57.005998
80,2,38,163,0.25,gurobi,2.109508991241455,True,False,0.3343934660694805,True,,lfr,2026-03-11T21:33:59.222372
80,2,38,163,0.25,bnb_c,0.5941927433013916,True,False,0.33439346606948,True,,lfr,2026-03-11T21:33:59.919401
80,2,39,143,0.25,gurobi,1.1409049034118652,True,False,0.3391608391608378,True,,lfr,2026-03-11T21:34:01.170484
80,2,39,143,0.25,bnb_c,0.6960399150848389,True,False,0.339160839160839,True,,lfr,2026-03-11T21:34:01.972323
80,2,40,128,0.25,gurobi,12.27139401435852,True,False,0.3671875,True,,lfr,2026-03-11T21:34:14.352167
80,2,40,128,0.25,bnb_c,2.821694850921631,True,False,0.3671875,True,,lfr,2026-03-11T21:34:17.280908
80,2,41,149,0.25,gurobi,2.4303009510040283,True,False,0.35234899328859287,True,,lfr,2026-03-11T21:34:19.826185
80,2,41,149,0.25,bnb_c,0.3708369731903076,True,False,0.352348993288591,True,,lfr,2026-03-11T21:34:20.306062
80,2,42,147,0.25,gurobi,6.746106147766113,True,False,0.3299088342820076,True,,lfr,2026-03-11T21:34:27.166285
80,2,42,147,0.25,bnb_c,2.501291036605835,True,False,0.329908834282012,True,,lfr,2026-03-11T21:34:29.775053
80,2,43,136,0.25,gurobi,1.9873402118682861,True,False,0.3524816176470567,True,,lfr,2026-03-11T21:34:31.876915
80,2,43,136,0.25,bnb_c,0.4238297939300537,True,False,0.352481617647059,True,,lfr,2026-03-11T21:34:32.413996
80,2,44,156,0.25,gurobi,4.36023473739624,True,False,0.326902531229457,True,,lfr,2026-03-11T21:34:36.888993
80,2,44,156,0.25,bnb_c,2.582374095916748,True,False,0.326902531229454,True,,lfr,2026-03-11T21:34:39.580255
80,2,45,164,0.25,gurobi,26.90599799156189,True,False,0.29878048780488137,True,,lfr,2026-03-11T21:35:06.599408
80,2,45,164,0.25,bnb_c,6.332303285598755,True,False,0.298780487804878,True,,lfr,2026-03-11T21:35:13.038821
80,2,46,165,0.25,gurobi,9.921178102493286,True,False,0.3056014692378305,True,,lfr,2026-03-11T21:35:23.071559
80,2,46,165,0.25,bnb_c,26.811869144439697,True,False,0.305601469237833,True,,lfr,2026-03-11T21:35:49.989939
80,2,47,166,0.25,gurobi,4.5829527378082275,True,False,0.31621062563506913,True,,lfr,2026-03-11T21:35:54.687177
80,2,47,166,0.25,bnb_c,1.2370140552520752,True,False,0.31621062563507,True,,lfr,2026-03-11T21:35:56.031263
80,2,48,159,0.25,gurobi,0.5604588985443115,True,False,0.3553459119496803,True,,lfr,2026-03-11T21:35:56.708798
80,2,48,159,0.25,bnb_c,0.25484490394592285,True,False,0.355345911949686,True,,lfr,2026-03-11T21:35:57.069855
80,2,49,152,0.25,gurobi,8.671357870101929,True,False,0.31578947368421184,True,,lfr,2026-03-11T21:36:05.850660
80,2,49,152,0.25,bnb_c,2.155535936355591,True,False,0.315789473684211,True,,lfr,2026-03-11T21:36:08.112650
80,2,0,147,0.3,gurobi,20.134841203689575,True,False,0.3367346938775483,True,,lfr,2026-03-11T21:36:28.360623
80,2,0,147,0.3,bnb_c,10.026456117630005,True,False,0.336734693877551,True,,lfr,2026-03-11T21:36:38.495448
80,2,1,149,0.3,gurobi,2.118602991104126,True,False,0.32550335570469935,True,,lfr,2026-03-11T21:36:40.729896
80,2,1,149,0.3,bnb_c,4.552428722381592,True,False,0.325503355704698,True,,lfr,2026-03-11T21:36:45.390036
80,2,2,168,0.3,gurobi,1.183650016784668,True,False,0.3150333049886625,True,,lfr,2026-03-11T21:36:46.689157
80,2,2,168,0.3,bnb_c,3.4942142963409424,True,False,0.315033304988662,True,,lfr,2026-03-11T21:36:50.293036
80,2,3,159,0.3,gurobi,15.023811101913452,True,False,0.31729361971440573,True,,lfr,2026-03-11T21:37:05.425376
80,2,3,159,0.3,bnb_c,12.185083866119385,True,False,0.31729361971441,True,,lfr,2026-03-11T21:37:17.718833
80,2,4,161,0.3,gurobi,3.9161839485168457,True,False,0.313645306894024,True,,lfr,2026-03-11T21:37:21.743156
80,2,4,161,0.3,bnb_c,11.388681888580322,True,False,0.313645306894024,True,,lfr,2026-03-11T21:37:33.236303
80,2,5,142,0.3,gurobi,4.2253639698028564,True,False,0.35211267605633906,True,,lfr,2026-03-11T21:37:37.581245
80,2,5,142,0.3,bnb_c,2.4308981895446777,True,False,0.352112676056338,True,,lfr,2026-03-11T21:37:40.119298
80,2,6,176,0.3,gurobi,9.392736911773682,True,False,0.28409090909091,True,,lfr,2026-03-11T21:37:49.621862
80,2,6,176,0.3,bnb_c,4.988034009933472,True,False,0.284090909090909,True,,lfr,2026-03-11T21:37:54.719473
80,2,7,156,0.3,gurobi,4.741600036621094,True,False,0.33259368836292275,True,,lfr,2026-03-11T21:37:59.571297
80,2,7,156,0.3,bnb_c,3.9404633045196533,True,False,0.332593688362919,True,,lfr,2026-03-11T21:38:03.618958
80,2,8,155,0.3,gurobi,6.650683164596558,True,False,0.3257856399583744,True,,lfr,2026-03-11T21:38:10.378616
80,2,8,155,0.3,bnb_c,5.025490045547485,True,False,0.325785639958377,True,,lfr,2026-03-11T21:38:15.510188
80,2,9,159,0.3,gurobi,26.62010908126831,True,False,0.3172936197144068,True,,lfr,2026-03-11T21:38:42.249998
80,2,9,159,0.3,bnb_c,23.854829788208008,True,False,0.31729361971441,True,,lfr,2026-03-11T21:39:06.217259
80,2,10,143,0.3,gurobi,3.268872022628784,True,False,0.3319477725072103,True,,lfr,2026-03-11T21:39:09.604014
80,2,10,143,0.3,bnb_c,12.362613201141357,True,False,0.331947772507213,True,,lfr,2026-03-11T21:39:22.074239
80,2,11,170,0.3,gurobi,2.303550958633423,True,False,0.32352941176470695,True,,lfr,2026-03-11T21:39:24.497004
80,2,11,170,0.3,bnb_c,2.6100571155548096,True,False,0.323529411764706,True,,lfr,2026-03-11T21:39:27.213011
80,2,12,157,0.3,gurobi,5.630448818206787,True,False,0.32707209217412947,True,,lfr,2026-03-11T21:39:32.957758
80,2,12,157,0.3,bnb_c,4.422041893005371,True,False,0.327072092174125,True,,lfr,2026-03-11T21:39:37.492600
80,2,13,163,0.3,gurobi,2.325705051422119,True,False,0.33117543001241967,True,,lfr,2026-03-11T21:39:39.929314
80,2,13,163,0.3,bnb_c,1.689885139465332,True,False,0.331175430012421,True,,lfr,2026-03-11T21:39:41.728034
80,2,14,158,0.3,gurobi,1.4373621940612793,True,False,0.3203613203012335,True,,lfr,2026-03-11T21:39:43.285220
80,2,14,158,0.3,bnb_c,2.8318378925323486,True,False,0.320361320301234,True,,lfr,2026-03-11T21:39:46.223289
80,2,15,166,0.3,gurobi,5.60620903968811,True,False,0.3130897082305109,True,,lfr,2026-03-11T21:39:51.947024
80,2,15,166,0.3,bnb_c,6.2408599853515625,True,False,0.313089708230512,True,,lfr,2026-03-11T21:39:58.295137
80,2,16,157,0.3,gurobi,3.2249789237976074,True,False,0.3216357661568457,True,,lfr,2026-03-11T21:40:01.641119
80,2,16,157,0.3,bnb_c,1.746263027191162,True,False,0.321635766156842,True,,lfr,2026-03-11T21:40:03.494325
80,2,17,157,0.3,gurobi,25.728697776794434,True,False,0.3228325692725904,True,,lfr,2026-03-11T21:40:29.334532
80,2,17,157,0.3,bnb_c,8.037856817245483,True,False,0.322832569272587,True,,lfr,2026-03-11T21:40:37.479254
80,2,18,143,0.3,gurobi,1.9944040775299072,True,False,0.34319526627218594,True,,lfr,2026-03-11T21:40:39.585331
80,2,18,143,0.3,bnb_c,1.518683910369873,True,False,0.343195266272189,True,,lfr,2026-03-11T21:40:41.210661
80,2,19,144,0.3,gurobi,14.714473009109497,True,False,0.3341049382716024,True,,lfr,2026-03-11T21:40:56.034144
80,2,19,144,0.3,bnb_c,30.861505031585693,True,False,0.334104938271605,True,,lfr,2026-03-11T21:41:27.003777
80,2,20,143,0.3,gurobi,2.604901075363159,True,False,0.34615384615384426,True,,lfr,2026-03-11T21:41:29.722480
80,2,20,143,0.3,bnb_c,0.8359470367431641,True,False,0.346153846153846,True,,lfr,2026-03-11T21:41:30.667479
80,2,21,170,0.3,gurobi,38.93597912788391,True,False,0.2979065743944634,True,,lfr,2026-03-11T21:42:09.719446
80,2,21,170,0.3,bnb_c,84.57679629325867,True,False,0.297906574394464,True,,lfr,2026-03-11T21:43:34.410772
80,2,22,160,0.3,gurobi,13.260641098022461,True,False,0.3292968749999959,True,,lfr,2026-03-11T21:43:47.789024
80,2,22,160,0.3,bnb_c,8.971801280975342,True,False,0.329296875,True,,lfr,2026-03-11T21:43:56.870215
80,2,23,154,0.3,gurobi,8.163284063339233,True,False,0.31092933040984616,True,,lfr,2026-03-11T21:44:05.147278
80,2,23,154,0.3,bnb_c,12.977577924728394,True,False,0.31092933040985,True,,lfr,2026-03-11T21:44:18.229959
80,2,24,157,0.3,gurobi,4.385344982147217,True,False,0.3343746196600303,True,,lfr,2026-03-11T21:44:22.727234
80,2,24,157,0.3,bnb_c,1.7997357845306396,True,False,0.334374619660027,True,,lfr,2026-03-11T21:44:24.635502
80,2,25,165,0.3,gurobi,3.867115020751953,True,False,0.3134802571166213,True,,lfr,2026-03-11T21:44:28.618274
80,2,25,165,0.3,bnb_c,1.4788930416107178,True,False,0.313480257116621,True,,lfr,2026-03-11T21:44:30.205579
80,2,26,154,0.3,gurobi,1.2277472019195557,True,False,0.33462641254848385,True,,lfr,2026-03-11T21:44:31.548488
80,2,26,154,0.3,bnb_c,0.6239030361175537,True,False,0.334626412548491,True,,lfr,2026-03-11T21:44:32.282709
80,2,27,163,0.3,gurobi,0.6237621307373047,True,False,0.3395686702548095,True,,lfr,2026-03-11T21:44:33.014595
80,2,27,163,0.3,bnb_c,4.4158079624176025,True,False,0.339568670254808,True,,lfr,2026-03-11T21:44:37.536276
80,2,28,161,0.3,gurobi,4.93955397605896,True,False,0.326086956521738,True,,lfr,2026-03-11T21:44:42.589187
80,2,28,161,0.3,bnb_c,3.571855068206787,True,False,0.326086956521739,True,,lfr,2026-03-11T21:44:46.270338
80,2,29,158,0.3,gurobi,4.905281066894531,True,False,0.3408908828713325,True,,lfr,2026-03-11T21:44:51.300405
80,2,29,158,0.3,bnb_c,1.6763081550598145,True,False,0.340890882871335,True,,lfr,2026-03-11T21:44:53.083405
80,2,30,141,0.3,gurobi,1.400529146194458,True,False,0.37377395503244487,True,,lfr,2026-03-11T21:44:54.598076
80,2,30,141,0.3,bnb_c,0.8099620342254639,True,False,0.373773955032443,True,,lfr,2026-03-11T21:44:55.514686
80,2,31,138,0.3,gurobi,16.76533579826355,True,False,0.35507246376811774,True,,lfr,2026-03-11T21:45:12.400187
80,2,31,138,0.3,bnb_c,4.159995079040527,True,False,0.355072463768116,True,,lfr,2026-03-11T21:45:16.664351
80,2,32,159,0.3,gurobi,10.627665996551514,True,False,0.3175902851944115,True,,lfr,2026-03-11T21:45:27.409376
80,2,32,159,0.3,bnb_c,10.739094018936157,True,False,0.317590285194415,True,,lfr,2026-03-11T21:45:38.255584
80,2,33,160,0.3,gurobi,6.584043025970459,True,False,0.3062499999999985,True,,lfr,2026-03-11T21:45:44.952106
80,2,33,160,0.3,bnb_c,7.6403679847717285,True,False,0.30625,True,,lfr,2026-03-11T21:45:52.698418
80,2,34,162,0.3,gurobi,15.088327884674072,True,False,0.32098765432098886,True,,lfr,2026-03-11T21:46:07.906626
80,2,34,162,0.3,bnb_c,23.163992166519165,True,False,0.320987654320988,True,,lfr,2026-03-11T21:46:31.178675
80,2,35,146,0.3,gurobi,3.743133783340454,True,False,0.32874366672921856,True,,lfr,2026-03-11T21:46:35.039402
80,2,35,146,0.3,bnb_c,3.0002169609069824,True,False,0.328743666729218,True,,lfr,2026-03-11T21:46:38.148018
80,2,36,165,0.3,gurobi,1.6135311126708984,True,False,0.32424242424242317,True,,lfr,2026-03-11T21:46:39.870941
80,2,36,165,0.3,bnb_c,1.1315028667449951,True,False,0.324242424242424,True,,lfr,2026-03-11T21:46:41.112841
80,2,37,148,0.3,gurobi,1.3711881637573242,True,False,0.3434760774287816,True,,lfr,2026-03-11T21:46:42.599134
80,2,37,148,0.3,bnb_c,1.8747889995574951,True,False,0.34347607742878,True,,lfr,2026-03-11T21:46:44.580259
80,2,38,163,0.3,gurobi,27.669838190078735,True,False,0.3036809815950929,True,,lfr,2026-03-11T21:47:12.367053
80,2,38,163,0.3,bnb_c,16.795470237731934,True,False,0.303680981595092,True,,lfr,2026-03-11T21:47:29.269153
80,2,39,140,0.3,gurobi,7.234750032424927,True,False,0.3356887755102063,True,,lfr,2026-03-11T21:47:36.625295
80,2,39,140,0.3,bnb_c,16.541671752929688,True,False,0.335688775510204,True,,lfr,2026-03-11T21:47:53.278387
80,2,40,136,0.3,gurobi,6.331150054931641,True,False,0.3483726211072657,True,,lfr,2026-03-11T21:47:59.721754
80,2,40,136,0.3,bnb_c,2.7476980686187744,True,False,0.348372621107266,True,,lfr,2026-03-11T21:48:02.576714
80,2,41,153,0.3,gurobi,3.9034886360168457,True,False,0.32352941176470557,True,,lfr,2026-03-11T21:48:06.596445
80,2,41,153,0.3,bnb_c,1.601064920425415,True,False,0.323529411764706,True,,lfr,2026-03-11T21:48:08.305884
80,2,42,154,0.3,gurobi,18.579373121261597,True,False,0.324148254343054,True,,lfr,2026-03-11T21:48:27.004784
80,2,42,154,0.3,bnb_c,21.551527738571167,True,False,0.32414825434306,True,,lfr,2026-03-11T21:48:48.667140
80,2,43,136,0.3,gurobi,1.1302599906921387,True,False,0.36740376297577765,True,,lfr,2026-03-11T21:48:49.910106
80,2,43,136,0.3,bnb_c,0.5318698883056641,True,False,0.367403762975779,True,,lfr,2026-03-11T21:48:50.547101
80,2,44,163,0.3,gurobi,1.5053470134735107,True,False,0.322123527419174,True,,lfr,2026-03-11T21:48:52.167329
80,2,44,163,0.3,bnb_c,1.0108518600463867,True,False,0.322123527419173,True,,lfr,2026-03-11T21:48:53.286295
80,2,45,163,0.3,gurobi,15.670054912567139,True,False,0.30793405848921634,True,,lfr,2026-03-11T21:49:09.072731
80,2,45,163,0.3,bnb_c,17.087848901748657,True,False,0.307934058489217,True,,lfr,2026-03-11T21:49:26.269989
80,2,46,163,0.3,gurobi,15.008445024490356,True,False,0.3097971319959358,True,,lfr,2026-03-11T21:49:41.399863
80,2,46,163,0.3,bnb_c,24.226819038391113,True,False,0.309797131995935,True,,lfr,2026-03-11T21:50:05.737091
80,2,47,168,0.3,gurobi,10.86620283126831,True,False,0.30950609410430835,True,,lfr,2026-03-11T21:50:16.717432
80,2,47,168,0.3,bnb_c,5.883239984512329,True,False,0.309506094104309,True,,lfr,2026-03-11T21:50:22.706236
80,2,48,159,0.3,gurobi,5.5428149700164795,True,False,0.32947668209326714,True,,lfr,2026-03-11T21:50:28.362354
80,2,48,159,0.3,bnb_c,15.326770305633545,True,False,0.329476682093272,True,,lfr,2026-03-11T21:50:43.794754
80,2,49,152,0.3,gurobi,1.4235098361968994,True,False,0.3378635734072031,True,,lfr,2026-03-11T21:50:45.337066
80,2,49,152,0.3,bnb_c,1.1557230949401855,True,False,0.337863573407202,True,,lfr,2026-03-11T21:50:46.603334
80,2,0,145,0.35,gurobi,4.608403921127319,True,False,0.3325564803804934,True,,lfr,2026-03-11T21:50:51.323121
80,2,0,145,0.35,bnb_c,7.57397198677063,True,False,0.332556480380499,True,,lfr,2026-03-11T21:50:59.003292
80,2,1,155,0.35,gurobi,14.587191104888916,True,False,0.31635796045785447,True,,lfr,2026-03-11T21:51:13.710253
80,2,1,155,0.35,bnb_c,51.59438180923462,True,False,0.316357960457856,True,,lfr,2026-03-11T21:52:05.414639
80,2,2,167,0.35,gurobi,5.91666316986084,True,False,0.3108573272616436,True,,lfr,2026-03-11T21:52:11.449739
80,2,2,167,0.35,bnb_c,4.56378698348999,True,False,0.310857327261645,True,,lfr,2026-03-11T21:52:16.122021
80,2,3,159,0.35,gurobi,14.145106792449951,True,False,0.3113207547169767,True,,lfr,2026-03-11T21:52:30.387486
80,2,3,159,0.35,bnb_c,15.560656785964966,True,False,0.311320754716981,True,,lfr,2026-03-11T21:52:46.054534
80,2,4,157,0.35,gurobi,8.281428813934326,True,False,0.30254777070063904,True,,lfr,2026-03-11T21:52:54.461762
80,2,4,157,0.35,bnb_c,9.336901187896729,True,False,0.302547770700637,True,,lfr,2026-03-11T21:53:03.908902
80,2,5,142,0.35,gurobi,4.261325120925903,True,False,0.35211267605633906,True,,lfr,2026-03-11T21:53:08.283625
80,2,5,142,0.35,bnb_c,3.9465861320495605,True,False,0.352112676056338,True,,lfr,2026-03-11T21:53:12.335305
80,2,6,178,0.35,gurobi,2.813973903656006,True,False,0.31517485166014186,True,,lfr,2026-03-11T21:53:15.258626
80,2,6,178,0.35,bnb_c,5.7211997509002686,True,False,0.315174851660144,True,,lfr,2026-03-11T21:53:21.088456
80,2,7,153,0.35,gurobi,6.966578960418701,True,False,0.3164594813960434,True,,lfr,2026-03-11T21:53:28.176104
80,2,7,153,0.35,bnb_c,4.3229148387908936,True,False,0.316459481396044,True,,lfr,2026-03-11T21:53:32.607994
80,2,8,153,0.35,gurobi,8.196593046188354,True,False,0.31934298773975905,True,,lfr,2026-03-11T21:53:40.919424
80,2,8,153,0.35,bnb_c,8.22380805015564,True,False,0.319342987739758,True,,lfr,2026-03-11T21:53:49.250244
80,2,9,159,0.35,gurobi,21.815826892852783,True,False,0.3113009770183096,True,,lfr,2026-03-11T21:54:11.177200
80,2,9,159,0.35,bnb_c,34.61368203163147,True,False,0.311300977018314,True,,lfr,2026-03-11T21:54:45.900222
80,2,10,144,0.35,gurobi,17.5320827960968,True,False,0.33138020833332826,True,,lfr,2026-03-11T21:55:03.547735
80,2,10,144,0.35,bnb_c,20.740203857421875,True,False,0.331380208333333,True,,lfr,2026-03-11T21:55:24.394786
80,2,11,163,0.35,gurobi,2.440429210662842,True,False,0.33207873837931456,True,,lfr,2026-03-11T21:55:26.950887
80,2,11,163,0.35,bnb_c,1.6318390369415283,True,False,0.332078738379314,True,,lfr,2026-03-11T21:55:28.689265
80,2,12,157,0.35,gurobi,6.644528865814209,True,False,0.3216357661568462,True,,lfr,2026-03-11T21:55:35.448271
80,2,12,157,0.35,bnb_c,8.741291046142578,True,False,0.321635766156842,True,,lfr,2026-03-11T21:55:44.307455
80,2,13,163,0.35,gurobi,4.422144889831543,True,False,0.32551093379502416,True,,lfr,2026-03-11T21:55:48.844863
80,2,13,163,0.35,bnb_c,3.0280299186706543,True,False,0.325510933795024,True,,lfr,2026-03-11T21:55:51.979582
80,2,14,155,0.35,gurobi,1.8453269004821777,True,False,0.33123829344432565,True,,lfr,2026-03-11T21:55:53.940397
80,2,14,155,0.35,bnb_c,3.0516538619995117,True,False,0.331238293444329,True,,lfr,2026-03-11T21:55:57.098516
80,2,15,166,0.35,gurobi,2.671992063522339,True,False,0.3120917404557988,True,,lfr,2026-03-11T21:55:59.878766
80,2,15,166,0.35,bnb_c,3.766495943069458,True,False,0.312091740455799,True,,lfr,2026-03-11T21:56:03.752542
80,2,16,158,0.35,gurobi,1.3325669765472412,True,False,0.32518827111039583,True,,lfr,2026-03-11T21:56:05.203207
80,2,16,158,0.35,bnb_c,1.071336269378662,True,False,0.325188271110399,True,,lfr,2026-03-11T21:56:06.383175
80,2,17,162,0.35,gurobi,2.031294107437134,True,False,0.32904663923182725,True,,lfr,2026-03-11T21:56:08.529562
80,2,17,162,0.35,bnb_c,1.529397964477539,True,False,0.329046639231824,True,,lfr,2026-03-11T21:56:10.164863
80,2,18,144,0.35,gurobi,6.589042901992798,True,False,0.3292582947530846,True,,lfr,2026-03-11T21:56:16.866349
80,2,18,144,0.35,bnb_c,1.107363224029541,True,False,0.329258294753086,True,,lfr,2026-03-11T21:56:18.079173
80,2,19,142,0.35,gurobi,4.389045000076294,True,False,0.34504562586788623,True,,lfr,2026-03-11T21:56:22.576317
80,2,19,142,0.35,bnb_c,3.568791151046753,True,False,0.345045625867883,True,,lfr,2026-03-11T21:56:26.252092
80,2,20,145,0.35,gurobi,1.5712299346923828,True,False,0.3505112960760927,True,,lfr,2026-03-11T21:56:27.930459
80,2,20,145,0.35,bnb_c,0.78749680519104,True,False,0.3505112960761,True,,lfr,2026-03-11T21:56:28.822152
80,2,21,169,0.35,gurobi,1.796199083328247,True,False,0.316568047337278,True,,lfr,2026-03-11T21:56:30.726282
80,2,21,169,0.35,bnb_c,18.064422845840454,True,False,0.316568047337278,True,,lfr,2026-03-11T21:56:48.897428
80,2,22,162,0.35,gurobi,63.152769804000854,True,False,0.31479576284103133,True,,lfr,2026-03-11T21:57:52.171364
80,2,22,162,0.35,bnb_c,56.415406227111816,True,False,0.31479576284103,True,,lfr,2026-03-11T21:58:48.697963
80,2,23,154,0.35,gurobi,1.2208759784698486,True,False,0.33097908584920965,True,,lfr,2026-03-11T21:58:50.040542
80,2,23,154,0.35,bnb_c,1.9175429344177246,True,False,0.330979085849216,True,,lfr,2026-03-11T21:58:52.065590
80,2,24,154,0.35,gurobi,4.293241739273071,True,False,0.32745825602968115,True,,lfr,2026-03-11T21:58:56.470332
80,2,24,154,0.35,bnb_c,1.2176101207733154,True,False,0.327458256029685,True,,lfr,2026-03-11T21:58:57.798880
80,2,25,166,0.35,gurobi,3.429872751235962,True,False,0.30461605457976176,True,,lfr,2026-03-11T21:59:01.340765
80,2,25,166,0.35,bnb_c,10.272359848022461,True,False,0.304616054579765,True,,lfr,2026-03-11T21:59:11.719232
80,2,26,151,0.35,gurobi,2.966851234436035,True,False,0.32465681329766405,True,,lfr,2026-03-11T21:59:14.806857
80,2,26,151,0.35,bnb_c,8.131582021713257,True,False,0.324656813297662,True,,lfr,2026-03-11T21:59:23.047905
80,2,27,165,0.35,gurobi,6.147456884384155,True,False,0.3029568411386556,True,,lfr,2026-03-11T21:59:29.311521
80,2,27,165,0.35,bnb_c,49.35539984703064,True,False,0.302956841138659,True,,lfr,2026-03-11T22:00:18.776646
80,2,28,158,0.35,gurobi,1.6433579921722412,True,False,0.33542300913315015,True,,lfr,2026-03-11T22:00:20.541007
80,2,28,158,0.35,bnb_c,3.378105878829956,True,False,0.335423009133152,True,,lfr,2026-03-11T22:00:24.026691
80,2,29,158,0.35,gurobi,2.2258999347686768,True,False,0.3471198525877251,True,,lfr,2026-03-11T22:00:26.372381
80,2,29,158,0.35,bnb_c,0.8499252796173096,True,False,0.347119852587726,True,,lfr,2026-03-11T22:00:27.328771
80,2,30,141,0.35,gurobi,1.1342828273773193,True,False,0.37377395503244454,True,,lfr,2026-03-11T22:00:28.577615
80,2,30,141,0.35,bnb_c,0.33032774925231934,True,False,0.373773955032443,True,,lfr,2026-03-11T22:00:29.013864
80,2,31,141,0.35,gurobi,7.747225999832153,True,False,0.3588099190181589,True,,lfr,2026-03-11T22:00:36.867857
80,2,31,141,0.35,bnb_c,2.0731568336486816,True,False,0.358809919018158,True,,lfr,2026-03-11T22:00:39.051391
80,2,32,161,0.35,gurobi,11.484905242919922,True,False,0.3155356660622676,True,,lfr,2026-03-11T22:00:50.654500
80,2,32,161,0.35,bnb_c,10.697442054748535,True,False,0.315535666062266,True,,lfr,2026-03-11T22:01:01.468584
80,2,33,165,0.35,gurobi,10.736060857772827,True,False,0.31801652892561916,True,,lfr,2026-03-11T22:01:12.321948
80,2,33,165,0.35,bnb_c,7.9012463092803955,True,False,0.31801652892562,True,,lfr,2026-03-11T22:01:20.329403
80,2,34,163,0.35,gurobi,15.520103931427002,True,False,0.3159509202453987,True,,lfr,2026-03-11T22:01:35.967059
80,2,34,163,0.35,bnb_c,21.508818864822388,True,False,0.315950920245399,True,,lfr,2026-03-11T22:01:57.585431
80,2,35,149,0.35,gurobi,0.8049230575561523,True,False,0.33892617449664564,True,,lfr,2026-03-11T22:01:58.510085
80,2,35,149,0.35,bnb_c,3.981470823287964,True,False,0.338926174496644,True,,lfr,2026-03-11T22:02:02.598257
80,2,36,169,0.35,gurobi,9.967835903167725,True,False,0.3180035713035264,True,,lfr,2026-03-11T22:02:12.684284
80,2,36,169,0.35,bnb_c,17.689972162246704,True,False,0.318003571303526,True,,lfr,2026-03-11T22:02:30.482776
80,2,37,145,0.35,gurobi,9.54437780380249,True,False,0.3267300832342406,True,,lfr,2026-03-11T22:02:40.141972
80,2,37,145,0.35,bnb_c,11.515974044799805,True,False,0.326730083234245,True,,lfr,2026-03-11T22:02:51.767204
80,2,38,165,0.35,gurobi,14.203956842422485,True,False,0.3060422405876939,True,,lfr,2026-03-11T22:03:06.095043
80,2,38,165,0.35,bnb_c,8.65640115737915,True,False,0.306042240587695,True,,lfr,2026-03-11T22:03:14.857012
80,2,39,141,0.35,gurobi,3.2803220748901367,True,False,0.3414566671696603,True,,lfr,2026-03-11T22:03:18.256040
80,2,39,141,0.35,bnb_c,2.3757729530334473,True,False,0.34145666716966,True,,lfr,2026-03-11T22:03:20.736597
80,2,40,136,0.35,gurobi,1.0958600044250488,True,False,0.3381271626297576,True,,lfr,2026-03-11T22:03:21.946035
80,2,40,136,0.35,bnb_c,3.538800001144409,True,False,0.338127162629758,True,,lfr,2026-03-11T22:03:25.590597
80,2,41,154,0.35,gurobi,3.197519063949585,True,False,0.3283648170011764,True,,lfr,2026-03-11T22:03:28.904003
80,2,41,154,0.35,bnb_c,5.90320897102356,True,False,0.328364817001181,True,,lfr,2026-03-11T22:03:34.913258
80,2,42,151,0.35,gurobi,7.462980270385742,True,False,0.3278145695364224,True,,lfr,2026-03-11T22:03:42.494938
80,2,42,151,0.35,bnb_c,5.827582120895386,True,False,0.327814569536424,True,,lfr,2026-03-11T22:03:48.432024
80,2,43,136,0.35,gurobi,7.689349174499512,True,False,0.3529141435986143,True,,lfr,2026-03-11T22:03:56.241350
80,2,43,136,0.35,bnb_c,1.0592219829559326,True,False,0.352914143598616,True,,lfr,2026-03-11T22:03:57.406758
80,2,44,166,0.35,gurobi,15.408379793167114,True,False,0.301912469153725,True,,lfr,2026-03-11T22:04:12.933842
80,2,44,166,0.35,bnb_c,27.80917000770569,True,False,0.301912469153723,True,,lfr,2026-03-11T22:04:40.850175
80,2,45,166,0.35,gurobi,1.172071933746338,True,False,0.32668021483524345,True,,lfr,2026-03-11T22:04:42.207261
80,2,45,166,0.35,bnb_c,3.6375088691711426,True,False,0.326680214835245,True,,lfr,2026-03-11T22:04:45.960615
80,2,46,166,0.35,gurobi,28.758482217788696,True,False,0.30031572071418167,True,,lfr,2026-03-11T22:05:14.837473
80,2,46,166,0.35,bnb_c,17.935674905776978,True,False,0.300315720714182,True,,lfr,2026-03-11T22:05:32.942535
80,2,47,171,0.35,gurobi,8.306871175765991,True,False,0.31284839779761403,True,,lfr,2026-03-11T22:05:41.366850
80,2,47,171,0.35,bnb_c,18.787018060684204,True,False,0.312848397797613,True,,lfr,2026-03-11T22:06:00.268000
80,2,48,159,0.35,gurobi,8.207539796829224,True,False,0.3238795933705097,True,,lfr,2026-03-11T22:06:08.591808
80,2,48,159,0.35,bnb_c,31.018504858016968,True,False,0.323879593370516,True,,lfr,2026-03-11T22:06:39.720380
80,2,49,152,0.35,gurobi,5.369485139846802,True,False,0.3299861495844873,True,,lfr,2026-03-11T22:06:45.203177
80,2,49,152,0.35,bnb_c,2.5793967247009277,True,False,0.329986149584487,True,,lfr,2026-03-11T22:06:47.895820
80,2,0,150,0.4,gurobi,4.606035947799683,True,False,0.3333111111111083,True,,lfr,2026-03-11T22:06:52.625922
80,2,0,150,0.4,bnb_c,3.933541774749756,True,False,0.333311111111111,True,,lfr,2026-03-11T22:06:56.673846
80,2,1,155,0.4,gurobi,5.5023369789123535,True,False,0.315275754422474,True,,lfr,2026-03-11T22:07:02.292521
80,2,1,155,0.4,bnb_c,13.816248893737793,True,False,0.315275754422477,True,,lfr,2026-03-11T22:07:16.215500
80,2,2,169,0.4,gurobi,5.602897882461548,True,False,0.3067119498616987,True,,lfr,2026-03-11T22:07:21.938140
80,2,2,169,0.4,bnb_c,4.332442045211792,True,False,0.306711949861699,True,,lfr,2026-03-11T22:07:26.382543
80,2,3,162,0.4,gurobi,1.7078590393066406,True,False,0.32645557079713555,True,,lfr,2026-03-11T22:07:28.205303
80,2,3,162,0.4,bnb_c,5.875229835510254,True,False,0.326455570797134,True,,lfr,2026-03-11T22:07:34.187836
80,2,4,162,0.4,gurobi,2.8200490474700928,True,False,0.29599146471574517,True,,lfr,2026-03-11T22:07:37.122257
80,2,4,162,0.4,bnb_c,9.232645273208618,True,False,0.295991464715745,True,,lfr,2026-03-11T22:07:46.461837
80,2,5,140,0.4,gurobi,18.000242948532104,True,False,0.30714285714285744,True,,lfr,2026-03-11T22:08:04.580788
80,2,5,140,0.4,bnb_c,5.263421058654785,True,False,0.307142857142857,True,,lfr,2026-03-11T22:08:10.021895
80,2,6,173,0.4,gurobi,3.8253111839294434,True,False,0.30346820809248515,True,,lfr,2026-03-11T22:08:13.960220
80,2,6,173,0.4,bnb_c,8.212059259414673,True,False,0.303468208092486,True,,lfr,2026-03-11T22:08:22.280839
80,2,7,154,0.4,gurobi,8.83867883682251,True,False,0.3246542418620292,True,,lfr,2026-03-11T22:08:31.233683
80,2,7,154,0.4,bnb_c,8.332490921020508,True,False,0.324654241862034,True,,lfr,2026-03-11T22:08:39.678454
80,2,8,153,0.4,gurobi,11.764488935470581,True,False,0.31699346405228807,True,,lfr,2026-03-11T22:08:51.563542
80,2,8,153,0.4,bnb_c,10.740877628326416,True,False,0.316993464052288,True,,lfr,2026-03-11T22:09:02.416570
80,2,9,159,0.4,gurobi,28.046984910964966,True,False,0.32061627309045965,True,,lfr,2026-03-11T22:09:30.586675
80,2,9,159,0.4,bnb_c,12.540815830230713,True,False,0.320616273090463,True,,lfr,2026-03-11T22:09:43.295898
80,2,10,144,0.4,gurobi,2.560762882232666,True,False,0.33989197530863846,True,,lfr,2026-03-11T22:09:45.984597
80,2,10,144,0.4,bnb_c,2.2178292274475098,True,False,0.339891975308642,True,,lfr,2026-03-11T22:09:48.311658
80,2,11,166,0.4,gurobi,43.0084490776062,True,False,0.31325301204819317,True,,lfr,2026-03-11T22:10:31.450583
80,2,11,166,0.4,bnb_c,14.113734006881714,True,False,0.313253012048193,True,,lfr,2026-03-11T22:10:45.732850
80,2,12,158,0.4,gurobi,3.0448431968688965,True,False,0.32839288575548625,True,,lfr,2026-03-11T22:10:48.891890
80,2,12,158,0.4,bnb_c,3.121703863143921,True,False,0.328392885755488,True,,lfr,2026-03-11T22:10:52.119555
80,2,13,168,0.4,gurobi,1.2252519130706787,True,False,0.3239087301587307,True,,lfr,2026-03-11T22:10:53.457454
80,2,13,168,0.4,bnb_c,1.7866339683532715,True,False,0.32390873015873,True,,lfr,2026-03-11T22:10:55.354896
80,2,14,155,0.4,gurobi,2.174772024154663,True,False,0.3315088449531712,True,,lfr,2026-03-11T22:10:57.641090
80,2,14,155,0.4,bnb_c,5.729075908660889,True,False,0.331508844953174,True,,lfr,2026-03-11T22:11:03.477723
80,2,15,171,0.4,gurobi,10.038252115249634,True,False,0.30089600218870804,True,,lfr,2026-03-11T22:11:13.635684
80,2,15,171,0.4,bnb_c,21.24035906791687,True,False,0.300896002188708,True,,lfr,2026-03-11T22:11:34.983163
80,2,16,157,0.4,gurobi,5.06596565246582,True,False,0.3099720069779733,True,,lfr,2026-03-11T22:11:40.168238
80,2,16,157,0.4,bnb_c,6.835741996765137,True,False,0.309972006977971,True,,lfr,2026-03-11T22:11:47.111105
80,2,17,161,0.4,gurobi,10.870381832122803,True,False,0.30876509393927726,True,,lfr,2026-03-11T22:11:58.094329
80,2,17,161,0.4,bnb_c,5.79768705368042,True,False,0.308765093939277,True,,lfr,2026-03-11T22:12:04.004634
80,2,18,141,0.4,gurobi,6.469524145126343,True,False,0.32266988582063294,True,,lfr,2026-03-11T22:12:10.600315
80,2,18,141,0.4,bnb_c,2.0822770595550537,True,False,0.322669885820633,True,,lfr,2026-03-11T22:12:12.789957
80,2,19,146,0.4,gurobi,12.189842939376831,True,False,0.3287436667292196,True,,lfr,2026-03-11T22:12:25.089870
80,2,19,146,0.4,bnb_c,5.321815013885498,True,False,0.328743666729218,True,,lfr,2026-03-11T22:12:30.521445
80,2,20,143,0.4,gurobi,2.3250632286071777,True,False,0.34901462174189385,True,,lfr,2026-03-11T22:12:32.969965
80,2,20,143,0.4,bnb_c,1.246967077255249,True,False,0.349014621741895,True,,lfr,2026-03-11T22:12:34.328354
80,2,21,167,0.4,gurobi,7.120604991912842,True,False,0.3181899673706473,True,,lfr,2026-03-11T22:12:41.571062
80,2,21,167,0.4,bnb_c,12.766296148300171,True,False,0.318189967370648,True,,lfr,2026-03-11T22:12:54.446656
80,2,22,165,0.4,gurobi,39.835132122039795,True,False,0.3121028466483012,True,,lfr,2026-03-11T22:13:34.405736
80,2,22,165,0.4,bnb_c,16.000658988952637,True,False,0.312102846648301,True,,lfr,2026-03-11T22:13:50.518660
80,2,23,151,0.4,gurobi,5.760315179824829,True,False,0.31941581509583145,True,,lfr,2026-03-11T22:13:56.402027
80,2,23,151,0.4,bnb_c,12.882565975189209,True,False,0.319415815095829,True,,lfr,2026-03-11T22:14:09.389183
80,2,24,152,0.4,gurobi,2.6713919639587402,True,False,0.34191049168975085,True,,lfr,2026-03-11T22:14:12.179500
80,2,24,152,0.4,bnb_c,3.3145639896392822,True,False,0.341910491689751,True,,lfr,2026-03-11T22:14:15.600417
80,2,25,167,0.4,gurobi,4.14969801902771,True,False,0.31134138907812775,True,,lfr,2026-03-11T22:14:19.866630
80,2,25,167,0.4,bnb_c,9.339038133621216,True,False,0.311341389078131,True,,lfr,2026-03-11T22:14:29.310359
80,2,26,152,0.4,gurobi,0.7824490070343018,True,False,0.32340720221606745,True,,lfr,2026-03-11T22:14:30.210244
80,2,26,152,0.4,bnb_c,9.132198095321655,True,False,0.323407202216066,True,,lfr,2026-03-11T22:14:39.449685
80,2,27,163,0.4,gurobi,1.9350149631500244,True,False,0.3159509202454,True,,lfr,2026-03-11T22:14:41.502823
80,2,27,163,0.4,bnb_c,2.4892611503601074,True,False,0.315950920245399,True,,lfr,2026-03-11T22:14:44.098392
80,2,28,158,0.4,gurobi,5.714877128601074,True,False,0.33542300913315076,True,,lfr,2026-03-11T22:14:49.933334
80,2,28,158,0.4,bnb_c,2.7602579593658447,True,False,0.335423009133152,True,,lfr,2026-03-11T22:14:52.804699
80,2,29,162,0.4,gurobi,73.06221604347229,True,False,0.31868236549306617,True,,lfr,2026-03-11T22:16:05.994488
80,2,29,162,0.4,bnb_c,27.865398168563843,True,False,0.318682365493065,True,,lfr,2026-03-11T22:16:33.997868
80,2,30,137,0.4,gurobi,1.7597899436950684,True,False,0.3612073099259399,True,,lfr,2026-03-11T22:16:35.877843
80,2,30,137,0.4,bnb_c,1.5224928855895996,True,False,0.361207309925942,True,,lfr,2026-03-11T22:16:37.507161
80,2,31,136,0.4,gurobi,9.189427852630615,True,False,0.3516165657439439,True,,lfr,2026-03-11T22:16:46.808388
80,2,31,136,0.4,bnb_c,6.373748779296875,True,False,0.351616565743945,True,,lfr,2026-03-11T22:16:53.291347
80,2,32,158,0.4,gurobi,4.66350793838501,True,False,0.3290938952090999,True,,lfr,2026-03-11T22:16:58.073979
80,2,32,158,0.4,bnb_c,2.736847162246704,True,False,0.329093895209101,True,,lfr,2026-03-11T22:17:00.916440
80,2,33,162,0.4,gurobi,37.145471811294556,True,False,0.29972565157750514,True,,lfr,2026-03-11T22:17:38.176436
80,2,33,162,0.4,bnb_c,30.150833129882812,True,False,0.299725651577503,True,,lfr,2026-03-11T22:18:08.445004
80,2,34,162,0.4,gurobi,2.413172960281372,True,False,0.32714144185337823,True,,lfr,2026-03-11T22:18:10.970357
80,2,34,162,0.4,bnb_c,6.363559007644653,True,False,0.327141441853376,True,,lfr,2026-03-11T22:18:17.441803
80,2,35,148,0.4,gurobi,15.976539850234985,True,False,0.3157185902118331,True,,lfr,2026-03-11T22:18:33.535256
80,2,35,148,0.4,bnb_c,11.504447937011719,True,False,0.315718590211833,True,,lfr,2026-03-11T22:18:45.151691
80,2,36,164,0.4,gurobi,4.423162937164307,True,False,0.3270188875669268,True,,lfr,2026-03-11T22:18:49.700816
80,2,36,164,0.4,bnb_c,4.311896085739136,True,False,0.327018887566925,True,,lfr,2026-03-11T22:18:54.123023
80,2,37,147,0.4,gurobi,1.5573780536651611,True,False,0.34353741496598433,True,,lfr,2026-03-11T22:18:55.795949
80,2,37,147,0.4,bnb_c,4.378295183181763,True,False,0.343537414965986,True,,lfr,2026-03-11T22:19:00.281612
80,2,38,161,0.4,gurobi,7.993382930755615,True,False,0.3191813587438746,True,,lfr,2026-03-11T22:19:08.394546
80,2,38,161,0.4,bnb_c,5.233370065689087,True,False,0.319181358743876,True,,lfr,2026-03-11T22:19:13.735582
80,2,39,140,0.4,gurobi,5.964545965194702,True,False,0.34160714285714516,True,,lfr,2026-03-11T22:19:19.817840
80,2,39,140,0.4,bnb_c,0.9757080078125,True,False,0.341607142857143,True,,lfr,2026-03-11T22:19:20.904435
80,2,40,133,0.4,gurobi,2.5728399753570557,True,False,0.3407202216066453,True,,lfr,2026-03-11T22:19:23.593227
80,2,40,133,0.4,bnb_c,3.707685708999634,True,False,0.340720221606648,True,,lfr,2026-03-11T22:19:27.413854
80,2,41,159,0.4,gurobi,18.155565977096558,True,False,0.3238993710691795,True,,lfr,2026-03-11T22:19:45.684466
80,2,41,159,0.4,bnb_c,19.957844972610474,True,False,0.323899371069182,True,,lfr,2026-03-11T22:20:05.762834
80,2,42,149,0.4,gurobi,14.813583135604858,True,False,0.3254808341966585,True,,lfr,2026-03-11T22:20:20.698999
80,2,42,149,0.4,bnb_c,7.736240863800049,True,False,0.325480834196658,True,,lfr,2026-03-11T22:20:28.544586
80,2,43,137,0.4,gurobi,8.754883050918579,True,False,0.3466886887953522,True,,lfr,2026-03-11T22:20:37.418445
80,2,43,137,0.4,bnb_c,2.853289842605591,True,False,0.346688688795354,True,,lfr,2026-03-11T22:20:40.386099
80,2,44,164,0.4,gurobi,16.96616005897522,True,False,0.3109570196311754,True,,lfr,2026-03-11T22:20:57.471332
80,2,44,164,0.4,bnb_c,24.45768404006958,True,False,0.310957019631172,True,,lfr,2026-03-11T22:21:22.038787
80,2,45,165,0.4,gurobi,9.275904893875122,True,False,0.3100826446281005,True,,lfr,2026-03-11T22:21:31.426129
80,2,45,165,0.4,bnb_c,7.793146848678589,True,False,0.310082644628099,True,,lfr,2026-03-11T22:21:39.332907
80,2,46,165,0.4,gurobi,1.7640361785888672,True,False,0.336290174471992,True,,lfr,2026-03-11T22:21:41.206190
80,2,46,165,0.4,bnb_c,1.1223609447479248,True,False,0.336290174471993,True,,lfr,2026-03-11T22:21:42.434687
80,2,47,172,0.4,gurobi,8.448850870132446,True,False,0.31395348837208925,True,,lfr,2026-03-11T22:21:51.007289
80,2,47,172,0.4,bnb_c,12.648274898529053,True,False,0.313953488372093,True,,lfr,2026-03-11T22:22:03.766746
80,2,48,163,0.4,gurobi,4.20437479019165,True,False,0.3208814784146942,True,,lfr,2026-03-11T22:22:08.097862
80,2,48,163,0.4,bnb_c,4.299961090087891,True,False,0.320881478414694,True,,lfr,2026-03-11T22:22:12.503184
80,2,49,148,0.4,gurobi,10.93436598777771,True,False,0.3107879839298759,True,,lfr,2026-03-11T22:22:23.548062
80,2,49,148,0.4,bnb_c,14.65115213394165,True,False,0.310787983929876,True,,lfr,2026-03-11T22:22:38.305817
80,2,0,150,0.45,gurobi,10.4133939743042,True,False,0.32666666666666416,True,,lfr,2026-03-11T22:22:48.832250
80,2,0,150,0.45,bnb_c,4.64710807800293,True,False,0.326666666666667,True,,lfr,2026-03-11T22:22:53.588692
80,2,1,151,0.45,gurobi,5.069743871688843,True,False,0.32809964475242537,True,,lfr,2026-03-11T22:22:58.768383
80,2,1,151,0.45,bnb_c,15.77751111984253,True,False,0.328099644752423,True,,lfr,2026-03-11T22:23:14.654915
80,2,2,164,0.45,gurobi,5.619661092758179,True,False,0.31095701963117583,True,,lfr,2026-03-11T22:23:20.387818
80,2,2,164,0.45,bnb_c,4.158630847930908,True,False,0.310957019631172,True,,lfr,2026-03-11T22:23:24.653490
80,2,3,161,0.45,gurobi,6.42191219329834,True,False,0.3198757763975139,True,,lfr,2026-03-11T22:23:31.186745
80,2,3,161,0.45,bnb_c,16.957461833953857,True,False,0.319875776397516,True,,lfr,2026-03-11T22:23:48.251933
80,2,4,162,0.45,gurobi,1.5088939666748047,True,False,0.2962962962962969,True,,lfr,2026-03-11T22:23:49.873205
80,2,4,162,0.45,bnb_c,10.246235132217407,True,False,0.296296296296296,True,,lfr,2026-03-11T22:24:00.225206
80,2,5,141,0.45,gurobi,5.235285043716431,True,False,0.34394648156531715,True,,lfr,2026-03-11T22:24:05.570163
80,2,5,141,0.45,bnb_c,3.3745319843292236,True,False,0.343946481565314,True,,lfr,2026-03-11T22:24:09.051194
80,2,6,175,0.45,gurobi,2.088905096054077,True,False,0.31696326530612084,True,,lfr,2026-03-11T22:24:11.255072
80,2,6,175,0.45,bnb_c,1.9250438213348389,True,False,0.316963265306122,True,,lfr,2026-03-11T22:24:13.286547
80,2,7,153,0.45,gurobi,8.337373971939087,True,False,0.3235294117647051,True,,lfr,2026-03-11T22:24:21.745761
80,2,7,153,0.45,bnb_c,15.622966051101685,True,False,0.323529411764706,True,,lfr,2026-03-11T22:24:37.475326
80,2,8,153,0.45,gurobi,11.87824010848999,True,False,0.31699346405228807,True,,lfr,2026-03-11T22:24:49.465427
80,2,8,153,0.45,bnb_c,10.841627836227417,True,False,0.316993464052288,True,,lfr,2026-03-11T22:25:00.416117
80,2,9,157,0.45,gurobi,4.217590093612671,True,False,0.32800519290843716,True,,lfr,2026-03-11T22:25:04.750309
80,2,9,157,0.45,bnb_c,5.197944164276123,True,False,0.328005192908434,True,,lfr,2026-03-11T22:25:10.054234
80,2,10,145,0.45,gurobi,3.243868112564087,True,False,0.3275862068965443,True,,lfr,2026-03-11T22:25:13.414114
80,2,10,145,0.45,bnb_c,3.2690653800964355,True,False,0.327586206896552,True,,lfr,2026-03-11T22:25:16.790117
80,2,11,167,0.45,gurobi,15.829034090042114,True,False,0.320359281437126,True,,lfr,2026-03-11T22:25:32.731590
80,2,11,167,0.45,bnb_c,7.501526117324829,True,False,0.320359281437126,True,,lfr,2026-03-11T22:25:40.347504
80,2,12,161,0.45,gurobi,10.284418106079102,True,False,0.32051232591335077,True,,lfr,2026-03-11T22:25:50.744251
80,2,12,161,0.45,bnb_c,5.9659199714660645,True,False,0.320512325913352,True,,lfr,2026-03-11T22:25:56.820323
80,2,13,172,0.45,gurobi,7.953954219818115,True,False,0.32272512168739403,True,,lfr,2026-03-11T22:26:04.889248
80,2,13,172,0.45,bnb_c,4.9532599449157715,True,False,0.322725121687398,True,,lfr,2026-03-11T22:26:09.952184
80,2,14,158,0.45,gurobi,4.267581939697266,True,False,0.31990065694600167,True,,lfr,2026-03-11T22:26:14.331786
80,2,14,158,0.45,bnb_c,5.155740976333618,True,False,0.319900656946002,True,,lfr,2026-03-11T22:26:19.595378
80,2,15,171,0.45,gurobi,3.461033821105957,True,False,0.3128654970760234,True,,lfr,2026-03-11T22:26:23.173243
80,2,15,171,0.45,bnb_c,6.235646963119507,True,False,0.312865497076023,True,,lfr,2026-03-11T22:26:29.515339
80,2,16,155,0.45,gurobi,11.016296148300171,True,False,0.3083454734651382,True,,lfr,2026-03-11T22:26:40.651769
80,2,16,155,0.45,bnb_c,6.795010089874268,True,False,0.30834547346514,True,,lfr,2026-03-11T22:26:47.560814
80,2,17,156,0.45,gurobi,4.9953532218933105,True,False,0.3269025312294607,True,,lfr,2026-03-11T22:26:52.668044
80,2,17,156,0.45,bnb_c,2.94343900680542,True,False,0.326902531229454,True,,lfr,2026-03-11T22:26:55.721754
80,2,18,141,0.45,gurobi,6.93238091468811,True,False,0.32266988582063294,True,,lfr,2026-03-11T22:27:02.779733
80,2,18,141,0.45,bnb_c,3.211549997329712,True,False,0.322669885820633,True,,lfr,2026-03-11T22:27:06.099819
80,2,19,146,0.45,gurobi,0.9221649169921875,True,False,0.3469694126477792,True,,lfr,2026-03-11T22:27:07.138915
80,2,19,146,0.45,bnb_c,1.712360143661499,True,False,0.346969412647776,True,,lfr,2026-03-11T22:27:08.957958
80,2,20,145,0.45,gurobi,30.81581711769104,True,False,0.3206896551724082,True,,lfr,2026-03-11T22:27:39.896666
80,2,20,145,0.45,bnb_c,10.689442157745361,True,False,0.320689655172414,True,,lfr,2026-03-11T22:27:50.698603
80,2,21,167,0.45,gurobi,12.873776197433472,True,False,0.3143712574850292,True,,lfr,2026-03-11T22:28:03.682545
80,2,21,167,0.45,bnb_c,11.260181903839111,True,False,0.31437125748503,True,,lfr,2026-03-11T22:28:15.054026
80,2,22,164,0.45,gurobi,9.90531611442566,True,False,0.32880353955979014,True,,lfr,2026-03-11T22:28:25.077921
80,2,22,164,0.45,bnb_c,19.784199953079224,True,False,0.328803539559786,True,,lfr,2026-03-11T22:28:44.973944
80,2,23,151,0.45,gurobi,6.608461141586304,True,False,0.3211701241173633,True,,lfr,2026-03-11T22:28:51.702886
80,2,23,151,0.45,bnb_c,9.384971141815186,True,False,0.321170124117363,True,,lfr,2026-03-11T22:29:01.196782
80,2,24,154,0.45,gurobi,12.456965923309326,True,False,0.3181818181818141,True,,lfr,2026-03-11T22:29:13.770677
80,2,24,154,0.45,bnb_c,16.0674889087677,True,False,0.318181818181818,True,,lfr,2026-03-11T22:29:29.946647
80,2,25,166,0.45,gurobi,2.4101672172546387,True,False,0.3192589635651003,True,,lfr,2026-03-11T22:29:32.469497
80,2,25,166,0.45,bnb_c,2.1319570541381836,True,False,0.319258963565104,True,,lfr,2026-03-11T22:29:34.714632
80,2,26,156,0.45,gurobi,1.5326290130615234,True,False,0.32690253122945906,True,,lfr,2026-03-11T22:29:36.361937
80,2,26,156,0.45,bnb_c,4.535342693328857,True,False,0.326902531229454,True,,lfr,2026-03-11T22:29:41.008756
80,2,27,168,0.45,gurobi,22.219918966293335,True,False,0.29506802721088465,True,,lfr,2026-03-11T22:30:03.343553
80,2,27,168,0.45,bnb_c,39.90316200256348,True,False,0.295068027210884,True,,lfr,2026-03-11T22:30:43.427615
80,2,28,157,0.45,gurobi,1.7232460975646973,True,False,0.340764331210194,True,,lfr,2026-03-11T22:30:45.263507
80,2,28,157,0.45,bnb_c,2.45661997795105,True,False,0.340764331210191,True,,lfr,2026-03-11T22:30:47.824255
80,2,29,160,0.45,gurobi,27.14669394493103,True,False,0.31873046874999655,True,,lfr,2026-03-11T22:31:15.088427
80,2,29,160,0.45,bnb_c,8.52887511253357,True,False,0.31873046875,True,,lfr,2026-03-11T22:31:23.728695
80,2,30,136,0.45,gurobi,36.899314880371094,True,False,0.33823529411764713,True,,lfr,2026-03-11T22:32:00.748471
80,2,30,136,0.45,bnb_c,8.254286050796509,True,False,0.338235294117647,True,,lfr,2026-03-11T22:32:09.119530
80,2,31,138,0.45,gurobi,27.006468057632446,True,False,0.3483511867254794,True,,lfr,2026-03-11T22:32:36.242116
80,2,31,138,0.45,bnb_c,6.7070159912109375,True,False,0.348351186725478,True,,lfr,2026-03-11T22:32:43.063522
80,2,32,160,0.45,gurobi,6.0085248947143555,True,False,0.3193554687499977,True,,lfr,2026-03-11T22:32:49.181622
80,2,32,160,0.45,bnb_c,17.090688943862915,True,False,0.31935546875,True,,lfr,2026-03-11T22:33:06.386955
80,2,33,162,0.45,gurobi,58.395344972610474,True,False,0.30246913580247103,True,,lfr,2026-03-11T22:34:04.896268
80,2,33,162,0.45,bnb_c,13.371477127075195,True,False,0.302469135802469,True,,lfr,2026-03-11T22:34:18.441266
80,2,34,162,0.45,gurobi,4.745020151138306,True,False,0.3203017832647474,True,,lfr,2026-03-11T22:34:23.305268
80,2,34,162,0.45,bnb_c,16.283824920654297,True,False,0.320301783264746,True,,lfr,2026-03-11T22:34:39.694627
80,2,35,147,0.45,gurobi,0.35010194778442383,True,False,0.3538109121199465,True,,lfr,2026-03-11T22:34:40.164975
80,2,35,147,0.45,bnb_c,0.3618159294128418,True,False,0.35381091211995,True,,lfr,2026-03-11T22:34:40.630697
80,2,36,167,0.45,gurobi,1.0359127521514893,True,False,0.33830542507798717,True,,lfr,2026-03-11T22:34:41.780052
80,2,36,167,0.45,bnb_c,3.0056488513946533,True,False,0.338305425077988,True,,lfr,2026-03-11T22:34:44.892621
80,2,37,152,0.45,gurobi,2.4552431106567383,True,False,0.34208362188365704,True,,lfr,2026-03-11T22:34:47.469427
80,2,37,152,0.45,bnb_c,3.1971991062164307,True,False,0.342083621883657,True,,lfr,2026-03-11T22:34:50.774270
80,2,38,162,0.45,gurobi,4.7745280265808105,True,False,0.3271604938271608,True,,lfr,2026-03-11T22:34:55.666460
80,2,38,162,0.45,bnb_c,8.63464617729187,True,False,0.32716049382716,True,,lfr,2026-03-11T22:35:04.407902
80,2,39,142,0.45,gurobi,1.551361083984375,True,False,0.3572455861932195,True,,lfr,2026-03-11T22:35:06.076716
80,2,39,142,0.45,bnb_c,0.8675498962402344,True,False,0.357245586193216,True,,lfr,2026-03-11T22:35:07.050691
80,2,40,133,0.45,gurobi,2.5338664054870605,True,False,0.3407202216066453,True,,lfr,2026-03-11T22:35:09.701694
80,2,40,133,0.45,bnb_c,3.830389976501465,True,False,0.340720221606648,True,,lfr,2026-03-11T22:35:13.641040
80,2,41,155,0.45,gurobi,2.951688051223755,True,False,0.3451612903225786,True,,lfr,2026-03-11T22:35:16.713038
80,2,41,155,0.45,bnb_c,1.358199119567871,True,False,0.345161290322581,True,,lfr,2026-03-11T22:35:18.177664
80,2,42,149,0.45,gurobi,2.3804738521575928,True,False,0.3378226206026772,True,,lfr,2026-03-11T22:35:20.670729
80,2,42,149,0.45,bnb_c,2.767437696456909,True,False,0.337822620602676,True,,lfr,2026-03-11T22:35:23.548035
80,2,43,136,0.45,gurobi,7.331900119781494,True,False,0.3455612024221435,True,,lfr,2026-03-11T22:35:31.000108
80,2,43,136,0.45,bnb_c,2.2670669555664062,True,False,0.345561202422145,True,,lfr,2026-03-11T22:35:33.373994
80,2,44,165,0.45,gurobi,5.464442253112793,True,False,0.3140495867768583,True,,lfr,2026-03-11T22:35:38.951676
80,2,44,165,0.45,bnb_c,48.391191720962524,True,False,0.314049586776859,True,,lfr,2026-03-11T22:36:27.449438
80,2,45,165,0.45,gurobi,8.83545970916748,True,False,0.3060422405876956,True,,lfr,2026-03-11T22:36:36.402324
80,2,45,165,0.45,bnb_c,16.07338523864746,True,False,0.306042240587695,True,,lfr,2026-03-11T22:36:52.585290
80,2,46,168,0.45,gurobi,4.334284782409668,True,False,0.317442602040817,True,,lfr,2026-03-11T22:36:57.038571
80,2,46,168,0.45,bnb_c,10.817342042922974,True,False,0.317442602040816,True,,lfr,2026-03-11T22:37:07.961454
80,2,47,167,0.45,gurobi,4.742769956588745,True,False,0.3132238516978014,True,,lfr,2026-03-11T22:37:12.819512
80,2,47,167,0.45,bnb_c,5.472177982330322,True,False,0.313223851697802,True,,lfr,2026-03-11T22:37:18.402209
80,2,48,164,0.45,gurobi,2.930752992630005,True,False,0.329249702558005,True,,lfr,2026-03-11T22:37:21.451230
80,2,48,164,0.45,bnb_c,3.856532096862793,True,False,0.329249702558001,True,,lfr,2026-03-11T22:37:25.414791
80,2,49,147,0.45,gurobi,7.010603904724121,True,False,0.32990883428200984,True,,lfr,2026-03-11T22:37:32.535139
80,2,49,147,0.45,bnb_c,2.4509329795837402,True,False,0.329908834282012,True,,lfr,2026-03-11T22:37:35.096873
80,2,0,148,0.5,gurobi,14.250533103942871,True,False,0.31610664718772746,True,,lfr,2026-03-11T22:37:49.465830
80,2,0,148,0.5,bnb_c,3.119097948074341,True,False,0.316106647187728,True,,lfr,2026-03-11T22:37:52.693748
80,2,1,153,0.5,gurobi,16.476113080978394,True,False,0.3083215857148958,True,,lfr,2026-03-11T22:38:09.287819
80,2,1,153,0.5,bnb_c,9.622625827789307,True,False,0.308321585714896,True,,lfr,2026-03-11T22:38:19.019406
80,2,2,169,0.5,gurobi,4.322200059890747,True,False,0.3140121144217625,True,,lfr,2026-03-11T22:38:23.457146
80,2,2,169,0.5,bnb_c,6.8462347984313965,True,False,0.314012114421764,True,,lfr,2026-03-11T22:38:30.410622
80,2,3,160,0.5,gurobi,1.4133899211883545,True,False,0.3249218749999976,True,,lfr,2026-03-11T22:38:31.938983
80,2,3,160,0.5,bnb_c,5.561043977737427,True,False,0.324921875,True,,lfr,2026-03-11T22:38:37.612965
80,2,4,161,0.5,gurobi,8.569454908370972,True,False,0.2950310559006225,True,,lfr,2026-03-11T22:38:46.297434
80,2,4,161,0.5,bnb_c,15.534860134124756,True,False,0.295031055900621,True,,lfr,2026-03-11T22:39:01.938886
80,2,5,146,0.5,gurobi,6.7008562088012695,True,False,0.3193844999061741,True,,lfr,2026-03-11T22:39:08.762078
80,2,5,146,0.5,bnb_c,1.7918379306793213,True,False,0.319384499906174,True,,lfr,2026-03-11T22:39:10.659628
80,2,6,173,0.5,gurobi,8.169197082519531,True,False,0.3034515018878008,True,,lfr,2026-03-11T22:39:18.943270
80,2,6,173,0.5,bnb_c,10.002380847930908,True,False,0.303451501887801,True,,lfr,2026-03-11T22:39:29.057983
80,2,7,161,0.5,gurobi,6.227890253067017,True,False,0.32600979900466825,True,,lfr,2026-03-11T22:39:35.401580
80,2,7,161,0.5,bnb_c,4.336414098739624,True,False,0.326009799004668,True,,lfr,2026-03-11T22:39:39.854731
80,2,8,158,0.5,gurobi,4.082348108291626,True,False,0.3271110398974503,True,,lfr,2026-03-11T22:39:44.057428
80,2,8,158,0.5,bnb_c,13.532984018325806,True,False,0.327111039897452,True,,lfr,2026-03-11T22:39:57.699905
80,2,9,163,0.5,gurobi,2.5608670711517334,True,False,0.3373103993375738,True,,lfr,2026-03-11T22:40:00.378565
80,2,9,163,0.5,bnb_c,2.234049081802368,True,False,0.337310399337574,True,,lfr,2026-03-11T22:40:02.723345
80,2,10,145,0.5,gurobi,1.921457052230835,True,False,0.3344589774078408,True,,lfr,2026-03-11T22:40:04.763828
80,2,10,145,0.5,bnb_c,1.6975409984588623,True,False,0.334458977407848,True,,lfr,2026-03-11T22:40:06.574783
80,2,11,169,0.5,gurobi,2.527143955230713,True,False,0.3277721368299431,True,,lfr,2026-03-11T22:40:09.211100
80,2,11,169,0.5,bnb_c,7.506530046463013,True,False,0.327772136829943,True,,lfr,2026-03-11T22:40:16.824150
80,2,12,161,0.5,gurobi,10.165431022644043,True,False,0.3198757763975139,True,,lfr,2026-03-11T22:40:27.105425
80,2,12,161,0.5,bnb_c,4.246122121810913,True,False,0.319875776397516,True,,lfr,2026-03-11T22:40:31.466560
80,2,13,169,0.5,gurobi,11.807366132736206,True,False,0.3106508875739652,True,,lfr,2026-03-11T22:40:43.398133
80,2,13,169,0.5,bnb_c,9.021820068359375,True,False,0.310650887573965,True,,lfr,2026-03-11T22:40:52.533063
80,2,14,157,0.5,gurobi,17.874014854431152,True,False,0.3089171974522309,True,,lfr,2026-03-11T22:41:10.526645
80,2,14,157,0.5,bnb_c,10.362102031707764,True,False,0.308917197452229,True,,lfr,2026-03-11T22:41:20.998216
80,2,15,166,0.5,gurobi,5.673074007034302,True,False,0.30118667440847796,True,,lfr,2026-03-11T22:41:26.794061
80,2,15,166,0.5,bnb_c,37.855557918548584,True,False,0.301186674408477,True,,lfr,2026-03-11T22:42:04.759613
80,2,16,155,0.5,gurobi,3.4298150539398193,True,False,0.3193340270551487,True,,lfr,2026-03-11T22:42:08.313023
80,2,16,155,0.5,bnb_c,1.7132091522216797,True,False,0.319334027055151,True,,lfr,2026-03-11T22:42:10.150867
80,2,17,158,0.5,gurobi,28.812362909317017,True,False,0.30137397852907977,True,,lfr,2026-03-11T22:42:39.075317
80,2,17,158,0.5,bnb_c,33.3211088180542,True,False,0.301373978529082,True,,lfr,2026-03-11T22:43:12.578422
80,2,18,148,0.5,gurobi,5.997497081756592,True,False,0.32996256391526463,True,,lfr,2026-03-11T22:43:18.691046
80,2,18,148,0.5,bnb_c,5.277159929275513,True,False,0.329962563915266,True,,lfr,2026-03-11T22:43:24.080911
80,2,19,142,0.5,gurobi,1.2463278770446777,True,False,0.35357567942868706,True,,lfr,2026-03-11T22:43:25.443775
80,2,19,142,0.5,bnb_c,1.1486821174621582,True,False,0.353575679428685,True,,lfr,2026-03-11T22:43:26.710723
80,2,20,148,0.5,gurobi,5.343664169311523,True,False,0.35808528122717237,True,,lfr,2026-03-11T22:43:32.171203
80,2,20,148,0.5,bnb_c,5.022012948989868,True,False,0.358085281227173,True,,lfr,2026-03-11T22:43:37.305383
80,2,21,170,0.5,gurobi,1.3485760688781738,True,False,0.32242214532871905,True,,lfr,2026-03-11T22:43:38.775193
80,2,21,170,0.5,bnb_c,6.851166009902954,True,False,0.32242214532872,True,,lfr,2026-03-11T22:43:45.732262
80,2,22,163,0.5,gurobi,1.5044116973876953,True,False,0.3466069479468565,True,,lfr,2026-03-11T22:43:47.352931
80,2,22,163,0.5,bnb_c,1.4968419075012207,True,False,0.346606947946855,True,,lfr,2026-03-11T22:43:48.955999
80,2,23,152,0.5,gurobi,1.235826015472412,True,False,0.34381492382271717,True,,lfr,2026-03-11T22:43:50.311375
80,2,23,152,0.5,bnb_c,1.774954080581665,True,False,0.343814923822715,True,,lfr,2026-03-11T22:43:52.196725
80,2,24,155,0.5,gurobi,17.761640787124634,True,False,0.31766909469302557,True,,lfr,2026-03-11T22:44:10.082020
80,2,24,155,0.5,bnb_c,19.519126653671265,True,False,0.317669094693028,True,,lfr,2026-03-11T22:44:29.707925
80,2,25,169,0.5,gurobi,34.628759145736694,True,False,0.3081299674381136,True,,lfr,2026-03-11T22:45:04.455873
80,2,25,169,0.5,bnb_c,17.93551206588745,True,False,0.308129967438115,True,,lfr,2026-03-11T22:45:22.504171
80,2,26,156,0.5,gurobi,6.519246816635132,True,False,0.32049227481920123,True,,lfr,2026-03-11T22:45:29.138734
80,2,26,156,0.5,bnb_c,4.915974855422974,True,False,0.320492274819198,True,,lfr,2026-03-11T22:45:34.161545
80,2,27,169,0.5,gurobi,20.88689112663269,True,False,0.2869822485207094,True,,lfr,2026-03-11T22:45:55.170425
80,2,27,169,0.5,bnb_c,78.88262486457825,True,False,0.28698224852071,True,,lfr,2026-03-11T22:47:14.162287
80,2,28,156,0.5,gurobi,42.59239983558655,True,False,0.3140820184089444,True,,lfr,2026-03-11T22:47:56.878412
80,2,28,156,0.5,bnb_c,19.961516857147217,True,False,0.314082018408942,True,,lfr,2026-03-11T22:48:16.957517
80,2,29,165,0.5,gurobi,7.305061101913452,True,False,0.32113865932047725,True,,lfr,2026-03-11T22:48:24.375211
80,2,29,165,0.5,bnb_c,11.323141098022461,True,False,0.321138659320478,True,,lfr,2026-03-11T22:48:35.804800
80,2,30,134,0.5,gurobi,14.866576194763184,True,False,0.34191913566495974,True,,lfr,2026-03-11T22:48:50.791364
80,2,30,134,0.5,bnb_c,10.92386794090271,True,False,0.341919135664959,True,,lfr,2026-03-11T22:49:01.821973
80,2,31,138,0.5,gurobi,3.109557867050171,True,False,0.35914198697752686,True,,lfr,2026-03-11T22:49:05.043897
80,2,31,138,0.5,bnb_c,4.2628278732299805,True,False,0.359141986977526,True,,lfr,2026-03-11T22:49:09.413106
80,2,32,160,0.5,gurobi,9.819973230361938,True,False,0.3171679687499977,True,,lfr,2026-03-11T22:49:19.343254
80,2,32,160,0.5,bnb_c,19.42141890525818,True,False,0.31716796875,True,,lfr,2026-03-11T22:49:38.874032
80,2,33,164,0.5,gurobi,8.541627883911133,True,False,0.31705458060678515,True,,lfr,2026-03-11T22:49:47.528243
80,2,33,164,0.5,bnb_c,5.19257926940918,True,False,0.317054580606782,True,,lfr,2026-03-11T22:49:52.837467
80,2,34,169,0.5,gurobi,4.429059028625488,True,False,0.31655054094744545,True,,lfr,2026-03-11T22:49:57.382035
80,2,34,169,0.5,bnb_c,6.924847841262817,True,False,0.316550540947446,True,,lfr,2026-03-11T22:50:04.417101
80,2,35,147,0.5,gurobi,0.8978629112243652,True,False,0.339002267573693,True,,lfr,2026-03-11T22:50:05.429358
80,2,35,147,0.5,bnb_c,1.061694860458374,True,False,0.339002267573696,True,,lfr,2026-03-11T22:50:06.601480
80,2,36,162,0.5,gurobi,3.8974902629852295,True,False,0.3271414418533765,True,,lfr,2026-03-11T22:50:10.614638
80,2,36,162,0.5,bnb_c,15.59843897819519,True,False,0.327141441853376,True,,lfr,2026-03-11T22:50:26.322219
80,2,37,151,0.5,gurobi,1.5586631298065186,True,False,0.34502872681022795,True,,lfr,2026-03-11T22:50:28.002481
80,2,37,151,0.5,bnb_c,4.243949890136719,True,False,0.345028726810228,True,,lfr,2026-03-11T22:50:32.357314
80,2,38,163,0.5,gurobi,11.702286005020142,True,False,0.3220858895705551,True,,lfr,2026-03-11T22:50:44.176677
80,2,38,163,0.5,bnb_c,17.003798007965088,True,False,0.322085889570552,True,,lfr,2026-03-11T22:51:01.289614
80,2,39,139,0.5,gurobi,1.3556618690490723,True,False,0.3633093525179847,True,,lfr,2026-03-11T22:51:02.759663
80,2,39,139,0.5,bnb_c,0.6586980819702148,True,False,0.363309352517986,True,,lfr,2026-03-11T22:51:03.526963
80,2,40,133,0.5,gurobi,1.9384591579437256,True,False,0.3721804511278195,True,,lfr,2026-03-11T22:51:05.586003
80,2,40,133,0.5,bnb_c,0.5261430740356445,True,False,0.37218045112782,True,,lfr,2026-03-11T22:51:06.217270
80,2,41,158,0.5,gurobi,0.8042271137237549,True,False,0.34169203653260743,True,,lfr,2026-03-11T22:51:07.139043
80,2,41,158,0.5,bnb_c,1.623979091644287,True,False,0.341692036532607,True,,lfr,2026-03-11T22:51:08.865831
80,2,42,150,0.5,gurobi,15.499417066574097,True,False,0.3185777777777735,True,,lfr,2026-03-11T22:51:24.484575
80,2,42,150,0.5,bnb_c,29.073111057281494,True,False,0.318577777777778,True,,lfr,2026-03-11T22:51:53.664460
80,2,43,136,0.5,gurobi,1.9379301071166992,True,False,0.3596182958477509,True,,lfr,2026-03-11T22:51:55.723436
80,2,43,136,0.5,bnb_c,1.0986049175262451,True,False,0.359618295847751,True,,lfr,2026-03-11T22:51:56.927940
80,2,44,166,0.5,gurobi,34.88553500175476,True,False,0.29532588184061787,True,,lfr,2026-03-11T22:52:31.931006
80,2,44,166,0.5,bnb_c,120,False,True,,,timeout,lfr,2026-03-11T22:54:31.936765
80,2,45,163,0.5,gurobi,8.407351016998291,True,False,0.3156498174564341,True,,lfr,2026-03-11T22:54:40.467137
80,2,45,163,0.5,bnb_c,9.00398325920105,True,False,0.315649817456434,True,,lfr,2026-03-11T22:54:49.582662
80,2,46,170,0.5,gurobi,2.96812105178833,True,False,0.3116955017301056,True,,lfr,2026-03-11T22:54:52.675542
80,2,46,170,0.5,bnb_c,7.2071778774261475,True,False,0.311695501730104,True,,lfr,2026-03-11T22:54:59.998360
80,2,47,169,0.5,gurobi,7.276181936264038,True,False,0.32220510486327575,True,,lfr,2026-03-11T22:55:07.395078
80,2,47,169,0.5,bnb_c,4.262246131896973,True,False,0.322205104863275,True,,lfr,2026-03-11T22:55:11.774641
80,2,48,163,0.5,gurobi,1.7721331119537354,True,False,0.34852647822650773,True,,lfr,2026-03-11T22:55:13.667052
80,2,48,163,0.5,bnb_c,1.738595724105835,True,False,0.348526478226505,True,,lfr,2026-03-11T22:55:15.512306
80,2,49,156,0.5,gurobi,5.698771953582764,True,False,0.33972304404997034,True,,lfr,2026-03-11T22:55:21.325087
80,2,49,156,0.5,bnb_c,2.7675869464874268,True,False,0.339723044049967,True,,lfr,2026-03-11T22:55:24.197636
80,2,0,140,0.01,gurobi,0.37877607345581055,True,False,0.445306122448986,True,,lfr,2026-03-12T00:11:16.442936
80,2,0,140,0.01,bnb_c,0.022166013717651367,True,False,0.44530612244898,True,,lfr,2026-03-12T00:11:16.569218
80,2,1,149,0.01,gurobi,0.037240028381347656,True,False,0.45907841989099785,True,,lfr,2026-03-12T00:11:16.718280
80,2,1,149,0.01,bnb_c,0.007997989654541016,True,False,0.459078419890996,True,,lfr,2026-03-12T00:11:16.828360
80,2,2,167,0.01,gurobi,0.04268288612365723,True,False,0.4335401054179068,True,,lfr,2026-03-12T00:11:16.986307
80,2,2,167,0.01,bnb_c,0.008194923400878906,True,False,0.433540105417907,True,,lfr,2026-03-12T00:11:17.093054
80,2,3,165,0.01,gurobi,0.05314993858337402,True,False,0.43570247933884054,True,,lfr,2026-03-12T00:11:17.248383
80,2,3,165,0.01,bnb_c,0.008765935897827148,True,False,0.435702479338843,True,,lfr,2026-03-12T00:11:17.356832
80,2,4,155,0.01,gurobi,0.03385591506958008,True,False,0.4473673257023897,True,,lfr,2026-03-12T00:11:17.500877
80,2,4,155,0.01,bnb_c,0.007769107818603516,True,False,0.447367325702393,True,,lfr,2026-03-12T00:11:17.606631
80,2,5,143,0.01,gurobi,0.22048377990722656,True,False,0.4227835101960958,True,,lfr,2026-03-12T00:11:17.930994
80,2,5,143,0.01,bnb_c,0.009102106094360352,True,False,0.422783510196098,True,,lfr,2026-03-12T00:11:18.032638
80,2,6,169,0.01,gurobi,0.03388810157775879,True,False,0.45124470431707486,True,,lfr,2026-03-12T00:11:18.169745
80,2,6,169,0.01,bnb_c,0.007363796234130859,True,False,0.451244704317076,True,,lfr,2026-03-12T00:11:18.278821
80,2,7,150,0.01,gurobi,0.035028934478759766,True,False,0.4644444444444408,True,,lfr,2026-03-12T00:11:18.417709
80,2,7,150,0.01,bnb_c,0.007628679275512695,True,False,0.464444444444444,True,,lfr,2026-03-12T00:11:18.521843
80,2,8,146,0.01,gurobi,0.03150320053100586,True,False,0.4311315443798118,True,,lfr,2026-03-12T00:11:18.659869
80,2,8,146,0.01,bnb_c,0.006978273391723633,True,False,0.431131544379809,True,,lfr,2026-03-12T00:11:18.763536
80,2,9,154,0.01,gurobi,0.03545093536376953,True,False,0.453196154494847,True,,lfr,2026-03-12T00:11:18.904173
80,2,9,154,0.01,bnb_c,0.007706165313720703,True,False,0.453196154494856,True,,lfr,2026-03-12T00:11:19.006960
80,2,10,144,0.01,gurobi,0.04641294479370117,True,False,0.45833333333332943,True,,lfr,2026-03-12T00:11:19.161019
80,2,10,144,0.01,bnb_c,0.008129119873046875,True,False,0.458333333333333,True,,lfr,2026-03-12T00:11:19.262539
80,2,11,170,0.01,gurobi,0.035273075103759766,True,False,0.4432525951557152,True,,lfr,2026-03-12T00:11:19.401982
80,2,11,170,0.01,bnb_c,0.0071680545806884766,True,False,0.443252595155709,True,,lfr,2026-03-12T00:11:19.503727
80,2,12,159,0.01,gurobi,0.056771039962768555,True,False,0.46362881215141266,True,,lfr,2026-03-12T00:11:19.669227
80,2,12,159,0.01,bnb_c,0.007984161376953125,True,False,0.463628812151418,True,,lfr,2026-03-12T00:11:19.769739
80,2,13,159,0.01,gurobi,0.03814411163330078,True,False,0.4598314940073545,True,,lfr,2026-03-12T00:11:19.910450
80,2,13,159,0.01,bnb_c,0.006869077682495117,True,False,0.459831494007357,True,,lfr,2026-03-12T00:11:20.011178
80,2,14,151,0.01,gurobi,0.03589200973510742,True,False,0.448664532257357,True,,lfr,2026-03-12T00:11:20.149137
80,2,14,151,0.01,bnb_c,0.0069921016693115234,True,False,0.448664532257357,True,,lfr,2026-03-12T00:11:20.254149
80,2,15,163,0.01,gurobi,0.06500911712646484,True,False,0.4222590236742068,True,,lfr,2026-03-12T00:11:20.428154
80,2,15,163,0.01,bnb_c,0.008545875549316406,True,False,0.422259023674207,True,,lfr,2026-03-12T00:11:20.532389
80,2,16,154,0.01,gurobi,0.03499412536621094,True,False,0.4508348794063005,True,,lfr,2026-03-12T00:11:20.675181
80,2,16,154,0.01,bnb_c,0.007949113845825195,True,False,0.450834879406308,True,,lfr,2026-03-12T00:11:20.777057
80,2,17,154,0.01,gurobi,0.07696890830993652,True,False,0.4208129532804784,True,,lfr,2026-03-12T00:11:20.961752
80,2,17,154,0.01,bnb_c,0.008495092391967773,True,False,0.420812953280486,True,,lfr,2026-03-12T00:11:21.065778
80,2,18,142,0.01,gurobi,0.03425717353820801,True,False,0.46548303907955063,True,,lfr,2026-03-12T00:11:21.206162
80,2,18,142,0.01,bnb_c,0.00797891616821289,True,False,0.465483039079548,True,,lfr,2026-03-12T00:11:21.313358
80,2,19,146,0.01,gurobi,0.18962883949279785,True,False,0.42493901294802483,True,,lfr,2026-03-12T00:11:21.617489
80,2,19,146,0.01,bnb_c,0.010825872421264648,True,False,0.42493901294802,True,,lfr,2026-03-12T00:11:21.722539
80,2,20,146,0.01,gurobi,0.08661675453186035,True,False,0.4419215612685312,True,,lfr,2026-03-12T00:11:21.907496
80,2,20,146,0.01,bnb_c,0.009389877319335938,True,False,0.441921561268531,True,,lfr,2026-03-12T00:11:22.009276
80,2,21,165,0.01,gurobi,0.041397809982299805,True,False,0.4320661157024752,True,,lfr,2026-03-12T00:11:22.161253
80,2,21,165,0.01,bnb_c,0.008060932159423828,True,False,0.432066115702479,True,,lfr,2026-03-12T00:11:22.263202
80,2,22,160,0.01,gurobi,0.0617218017578125,True,False,0.4405468749999954,True,,lfr,2026-03-12T00:11:22.428419
80,2,22,160,0.01,bnb_c,0.008008241653442383,True,False,0.440546875,True,,lfr,2026-03-12T00:11:22.532721
80,2,23,151,0.01,gurobi,0.040606021881103516,True,False,0.3928336476470378,True,,lfr,2026-03-12T00:11:22.685918
80,2,23,151,0.01,bnb_c,0.008391857147216797,True,False,0.392833647647033,True,,lfr,2026-03-12T00:11:22.787275
80,2,24,156,0.01,gurobi,0.0380549430847168,True,False,0.4622781065088815,True,,lfr,2026-03-12T00:11:22.927326
80,2,24,156,0.01,bnb_c,0.007275104522705078,True,False,0.462278106508876,True,,lfr,2026-03-12T00:11:23.028280
80,2,25,174,0.01,gurobi,0.03262209892272949,True,False,0.48850574712643474,True,,lfr,2026-03-12T00:11:23.169305
80,2,25,174,0.01,bnb_c,0.0069580078125,True,False,0.488505747126437,True,,lfr,2026-03-12T00:11:23.271117
80,2,26,150,0.01,gurobi,0.03459477424621582,True,False,0.4543111111111065,True,,lfr,2026-03-12T00:11:23.409245
80,2,26,150,0.01,bnb_c,0.007200002670288086,True,False,0.454311111111111,True,,lfr,2026-03-12T00:11:23.513111
80,2,27,164,0.01,gurobi,0.03126215934753418,True,False,0.43932183224271626,True,,lfr,2026-03-12T00:11:23.651404
80,2,27,164,0.01,bnb_c,0.0072977542877197266,True,False,0.439321832242713,True,,lfr,2026-03-12T00:11:23.754624
80,2,28,152,0.01,gurobi,0.046987056732177734,True,False,0.4552458448753499,True,,lfr,2026-03-12T00:11:23.904144
80,2,28,152,0.01,bnb_c,0.007637977600097656,True,False,0.455245844875346,True,,lfr,2026-03-12T00:11:24.005167
80,2,29,161,0.01,gurobi,0.06134033203125,True,False,0.4489410130781998,True,,lfr,2026-03-12T00:11:24.169778
80,2,29,161,0.01,bnb_c,0.007745027542114258,True,False,0.448941013078199,True,,lfr,2026-03-12T00:11:24.270642
80,2,30,143,0.01,gurobi,0.08944106101989746,True,False,0.4348378893833419,True,,lfr,2026-03-12T00:11:24.468066
80,2,30,143,0.01,bnb_c,0.01050114631652832,True,False,0.434837889383344,True,,lfr,2026-03-12T00:11:24.573495
80,2,31,142,0.01,gurobi,0.03906702995300293,True,False,0.4584407855584245,True,,lfr,2026-03-12T00:11:24.718354
80,2,31,142,0.01,bnb_c,0.007570981979370117,True,False,0.458440785558421,True,,lfr,2026-03-12T00:11:24.824615
80,2,32,153,0.01,gurobi,0.03985095024108887,True,False,0.4494852407193796,True,,lfr,2026-03-12T00:11:24.967359
80,2,32,153,0.01,bnb_c,0.007646083831787109,True,False,0.449485240719381,True,,lfr,2026-03-12T00:11:25.073108
80,2,33,159,0.01,gurobi,0.03554821014404297,True,False,0.4598710494046856,True,,lfr,2026-03-12T00:11:25.214457
80,2,33,159,0.01,bnb_c,0.007149934768676758,True,False,0.459871049404691,True,,lfr,2026-03-12T00:11:25.319969
80,2,34,166,0.01,gurobi,0.03671765327453613,True,False,0.45158949049208613,True,,lfr,2026-03-12T00:11:25.464673
80,2,34,166,0.01,bnb_c,0.007069826126098633,True,False,0.451589490492089,True,,lfr,2026-03-12T00:11:25.571002
80,2,35,150,0.01,gurobi,0.08937311172485352,True,False,0.43457777777777434,True,,lfr,2026-03-12T00:11:25.763432
80,2,35,150,0.01,bnb_c,0.008357048034667969,True,False,0.434577777777778,True,,lfr,2026-03-12T00:11:25.874926
80,2,36,167,0.01,gurobi,0.04645586013793945,True,False,0.4169027215031002,True,,lfr,2026-03-12T00:11:26.024818
80,2,36,167,0.01,bnb_c,0.007740974426269531,True,False,0.416902721503102,True,,lfr,2026-03-12T00:11:26.130531
80,2,37,144,0.01,gurobi,0.17459511756896973,True,False,0.3851996527777765,True,,lfr,2026-03-12T00:11:26.410461
80,2,37,144,0.01,bnb_c,0.010251045227050781,True,False,0.385199652777778,True,,lfr,2026-03-12T00:11:26.520186
80,2,38,165,0.01,gurobi,0.03924918174743652,True,False,0.44969696969697215,True,,lfr,2026-03-12T00:11:26.666892
80,2,38,165,0.01,bnb_c,0.007356166839599609,True,False,0.44969696969697,True,,lfr,2026-03-12T00:11:26.773679
80,2,39,149,0.01,gurobi,0.035353899002075195,True,False,0.45831268861762886,True,,lfr,2026-03-12T00:11:26.916848
80,2,39,149,0.01,bnb_c,0.006984233856201172,True,False,0.45831268861763,True,,lfr,2026-03-12T00:11:27.017684
80,2,40,129,0.01,gurobi,0.0472259521484375,True,False,0.45336818700799686,True,,lfr,2026-03-12T00:11:27.170296
80,2,40,129,0.01,bnb_c,0.007673025131225586,True,False,0.453368187007992,True,,lfr,2026-03-12T00:11:27.273370
80,2,41,150,0.01,gurobi,0.03690505027770996,True,False,0.43831111111110793,True,,lfr,2026-03-12T00:11:27.414700
80,2,41,150,0.01,bnb_c,0.00750732421875,True,False,0.438311111111111,True,,lfr,2026-03-12T00:11:27.515652
80,2,42,150,0.01,gurobi,0.034028053283691406,True,False,0.4132444444444391,True,,lfr,2026-03-12T00:11:27.654806
80,2,42,150,0.01,bnb_c,0.007194995880126953,True,False,0.413244444444444,True,,lfr,2026-03-12T00:11:27.757542
80,2,43,140,0.01,gurobi,0.03352499008178711,True,False,0.45928571428571885,True,,lfr,2026-03-12T00:11:27.897233
80,2,43,140,0.01,bnb_c,0.0069580078125,True,False,0.459285714285714,True,,lfr,2026-03-12T00:11:28.000804
80,2,44,155,0.01,gurobi,120,False,True,,,timeout,lfr,2026-03-12T00:13:28.043322
80,2,44,155,0.01,bnb_c,0.011492013931274414,True,False,0.441290322580645,True,,lfr,2026-03-12T00:13:28.256700
80,2,45,164,0.01,gurobi,0.03728008270263672,True,False,0.45977096966092157,True,,lfr,2026-03-12T00:13:28.410942
80,2,45,164,0.01,bnb_c,0.008417129516601562,True,False,0.459770969660916,True,,lfr,2026-03-12T00:13:28.532042
80,2,46,158,0.01,gurobi,0.038433074951171875,True,False,0.4504887037333764,True,,lfr,2026-03-12T00:13:28.687722
80,2,46,158,0.01,bnb_c,0.008791923522949219,True,False,0.450488703733376,True,,lfr,2026-03-12T00:13:28.807416
80,2,47,161,0.01,gurobi,0.05069589614868164,True,False,0.432892249527411,True,,lfr,2026-03-12T00:13:28.971922
80,2,47,161,0.01,bnb_c,0.008743047714233398,True,False,0.43289224952741,True,,lfr,2026-03-12T00:13:29.085285
80,2,48,156,0.01,gurobi,0.04448890686035156,True,False,0.43663708086785746,True,,lfr,2026-03-12T00:13:29.240823
80,2,48,156,0.01,bnb_c,0.008435964584350586,True,False,0.43663708086785,True,,lfr,2026-03-12T00:13:29.353431
80,2,49,152,0.01,gurobi,0.0528867244720459,True,False,0.4456371191135764,True,,lfr,2026-03-12T00:13:29.530999
80,2,49,152,0.01,bnb_c,0.009102821350097656,True,False,0.445637119113573,True,,lfr,2026-03-12T00:13:29.651932
