n,actual_n,k,seed,num_edges,algorithm,time,success,timed_out,modularity,optimal,error,graph_type,xi,timestamp
80,80,2,0,117,gurobi,0.4723489284515381,True,False,0.47848637592227483,True,,abcd,0.01,2026-03-12T12:57:05.662529
80,80,2,0,117,bnb_c,0.30493807792663574,True,False,0.478486375922273,True,,abcd,0.01,2026-03-12T12:57:06.107192
80,57,2,1,78,gurobi,0.015710830688476562,True,False,0.4870973044049967,True,,abcd,0.01,2026-03-12T12:57:06.242343
80,57,2,1,78,bnb_c,0.0071523189544677734,True,False,0.487097304404997,True,,abcd,0.01,2026-03-12T12:57:06.351302
80,80,2,2,121,gurobi,0.1431291103363037,True,False,0.44628099173553537,True,,abcd,0.01,2026-03-12T12:57:06.622598
80,80,2,2,121,bnb_c,0.015453100204467773,True,False,0.446280991735537,True,,abcd,0.01,2026-03-12T12:57:06.758084
80,80,2,3,137,gurobi,0.03508591651916504,True,False,0.4781021897810165,True,,abcd,0.01,2026-03-12T12:57:06.919282
80,80,2,3,137,bnb_c,0.007358074188232422,True,False,0.478102189781022,True,,abcd,0.01,2026-03-12T12:57:07.041448
80,80,2,4,103,gurobi,0.0412290096282959,True,False,0.467857479498532,True,,abcd,0.01,2026-03-12T12:57:07.204429
80,80,2,4,103,bnb_c,0.00864100456237793,True,False,0.467857479498539,True,,abcd,0.01,2026-03-12T12:57:07.327306
80,80,2,5,131,gurobi,0.07679986953735352,True,False,0.45067303770176487,True,,abcd,0.01,2026-03-12T12:57:07.537478
80,80,2,5,131,bnb_c,0.008265972137451172,True,False,0.450673037701766,True,,abcd,0.01,2026-03-12T12:57:07.661860
80,80,2,6,101,gurobi,0.04957318305969238,True,False,0.46916968924616215,True,,abcd,0.01,2026-03-12T12:57:07.839775
80,80,2,6,101,bnb_c,0.009612798690795898,True,False,0.469169689246152,True,,abcd,0.01,2026-03-12T12:57:07.970981
80,80,2,7,129,gurobi,0.06243300437927246,True,False,0.45177573463134385,True,,abcd,0.01,2026-03-12T12:57:08.153978
80,80,2,7,129,bnb_c,0.010601997375488281,True,False,0.451775734631332,True,,abcd,0.01,2026-03-12T12:57:08.287944
80,80,2,8,110,gurobi,0.032876014709472656,True,False,0.483925619834711,True,,abcd,0.01,2026-03-12T12:57:08.441352
80,80,2,8,110,bnb_c,0.007853984832763672,True,False,0.483925619834711,True,,abcd,0.01,2026-03-12T12:57:08.572591
80,80,2,9,114,gurobi,0.035614013671875,True,False,0.4824561403508786,True,,abcd,0.01,2026-03-12T12:57:08.732053
80,80,2,9,114,bnb_c,0.007843017578125,True,False,0.482456140350877,True,,abcd,0.01,2026-03-12T12:57:08.859883
80,60,2,10,90,gurobi,0.024466276168823242,True,False,0.46888888888888813,True,,abcd,0.01,2026-03-12T12:57:08.985418
80,60,2,10,90,bnb_c,0.00733494758605957,True,False,0.468888888888889,True,,abcd,0.01,2026-03-12T12:57:09.089489
80,80,2,11,110,gurobi,0.10768604278564453,True,False,0.46347107438016166,True,,abcd,0.01,2026-03-12T12:57:09.323169
80,80,2,11,110,bnb_c,0.011182069778442383,True,False,0.463471074380165,True,,abcd,0.01,2026-03-12T12:57:09.456949
80,80,2,12,120,gurobi,0.20404291152954102,True,False,0.4338541666666672,True,,abcd,0.01,2026-03-12T12:57:09.786172
80,80,2,12,120,bnb_c,0.017215967178344727,True,False,0.433854166666667,True,,abcd,0.01,2026-03-12T12:57:09.926907
80,57,2,13,70,gurobi,0.02256298065185547,True,False,0.4831632653061188,True,,abcd,0.01,2026-03-12T12:57:10.055245
80,57,2,13,70,bnb_c,0.006781816482543945,True,False,0.483163265306123,True,,abcd,0.01,2026-03-12T12:57:10.158873
80,80,2,14,118,gurobi,0.07381987571716309,True,False,0.4570166618787693,True,,abcd,0.01,2026-03-12T12:57:10.352867
80,80,2,14,118,bnb_c,0.010540962219238281,True,False,0.457016661878771,True,,abcd,0.01,2026-03-12T12:57:10.476836
80,53,2,15,79,gurobi,0.047475337982177734,True,False,0.4060246755327692,True,,abcd,0.01,2026-03-12T12:57:10.631669
80,53,2,15,79,bnb_c,0.008309125900268555,True,False,0.406024675532767,True,,abcd,0.01,2026-03-12T12:57:10.739417
80,80,2,16,114,gurobi,0.0500490665435791,True,False,0.46256540473992186,True,,abcd,0.01,2026-03-12T12:57:10.917446
80,80,2,16,114,bnb_c,0.008260011672973633,True,False,0.46256540473992,True,,abcd,0.01,2026-03-12T12:57:11.048746
80,49,2,17,63,gurobi,0.021689176559448242,True,False,0.45187704711514237,True,,abcd,0.01,2026-03-12T12:57:11.174456
80,49,2,17,63,bnb_c,0.006974935531616211,True,False,0.451877047115142,True,,abcd,0.01,2026-03-12T12:57:11.276689
80,80,2,18,123,gurobi,0.24129009246826172,True,False,0.45118646308414495,True,,abcd,0.01,2026-03-12T12:57:11.647745
80,80,2,18,123,bnb_c,0.01277017593383789,True,False,0.451186463084143,True,,abcd,0.01,2026-03-12T12:57:11.773035
80,80,2,19,112,gurobi,0.03617978096008301,True,False,0.4907126913265298,True,,abcd,0.01,2026-03-12T12:57:11.933214
80,80,2,19,112,bnb_c,0.00731205940246582,True,False,0.490712691326531,True,,abcd,0.01,2026-03-12T12:57:12.055181
80,80,2,20,125,gurobi,0.044203758239746094,True,False,0.47244799999999004,True,,abcd,0.01,2026-03-12T12:57:12.230817
80,80,2,20,125,bnb_c,0.0074808597564697266,True,False,0.472448,True,,abcd,0.01,2026-03-12T12:57:12.352026
80,80,2,21,112,gurobi,0.04773592948913574,True,False,0.4642857142857084,True,,abcd,0.01,2026-03-12T12:57:12.528883
80,80,2,21,112,bnb_c,0.00829005241394043,True,False,0.464285714285714,True,,abcd,0.01,2026-03-12T12:57:12.651291
80,80,2,22,108,gurobi,0.23951005935668945,True,False,0.4444444444444476,True,,abcd,0.01,2026-03-12T12:57:13.023075
80,80,2,22,108,bnb_c,0.01805901527404785,True,False,0.444444444444444,True,,abcd,0.01,2026-03-12T12:57:13.160796
80,80,2,23,126,gurobi,0.10812497138977051,True,False,0.4406336608717587,True,,abcd,0.01,2026-03-12T12:57:13.397841
80,80,2,23,126,bnb_c,0.010700702667236328,True,False,0.440633660871756,True,,abcd,0.01,2026-03-12T12:57:13.526759
80,80,2,24,123,gurobi,0.07550716400146484,True,False,0.4532685570758123,True,,abcd,0.01,2026-03-12T12:57:13.724262
80,80,2,24,123,bnb_c,0.008960962295532227,True,False,0.453268557075815,True,,abcd,0.01,2026-03-12T12:57:13.855899
80,80,2,25,108,gurobi,0.11137509346008301,True,False,0.46875000000000194,True,,abcd,0.01,2026-03-12T12:57:14.085856
80,80,2,25,108,bnb_c,0.012379169464111328,True,False,0.46875,True,,abcd,0.01,2026-03-12T12:57:14.220546
80,80,2,26,132,gurobi,0.03618931770324707,True,False,0.47081611570248155,True,,abcd,0.01,2026-03-12T12:57:14.382365
80,80,2,26,132,bnb_c,0.007288932800292969,True,False,0.470816115702479,True,,abcd,0.01,2026-03-12T12:57:14.502840
80,32,2,27,41,gurobi,0.1879138946533203,True,False,0.45092207019631164,True,,abcd,0.01,2026-03-12T12:57:14.800218
80,32,2,27,41,bnb_c,0.006659030914306641,True,False,0.450922070196312,True,,abcd,0.01,2026-03-12T12:57:14.910128
80,80,2,28,117,gurobi,0.04786491394042969,True,False,0.44868142304039565,True,,abcd,0.01,2026-03-12T12:57:15.076275
80,80,2,28,117,bnb_c,0.012775182723999023,True,False,0.448681423040397,True,,abcd,0.01,2026-03-12T12:57:15.201318
80,77,2,29,113,gurobi,0.031245946884155273,True,False,0.482261727621585,True,,abcd,0.01,2026-03-12T12:57:15.345806
80,77,2,29,113,bnb_c,0.0068018436431884766,True,False,0.482261727621584,True,,abcd,0.01,2026-03-12T12:57:15.446132
80,80,2,30,118,gurobi,0.08213114738464355,True,False,0.45874030451019493,True,,abcd,0.01,2026-03-12T12:57:15.652123
80,80,2,30,118,bnb_c,0.009104728698730469,True,False,0.458740304510198,True,,abcd,0.01,2026-03-12T12:57:15.775809
80,80,2,31,121,gurobi,0.06946301460266113,True,False,0.4338501468478898,True,,abcd,0.01,2026-03-12T12:57:15.972673
80,80,2,31,121,bnb_c,0.013428211212158203,True,False,0.433850146847893,True,,abcd,0.01,2026-03-12T12:57:16.110571
80,80,2,32,116,gurobi,0.03327012062072754,True,False,0.48836950059453,True,,abcd,0.01,2026-03-12T12:57:16.266011
80,80,2,32,116,bnb_c,0.007595062255859375,True,False,0.48836950059453,True,,abcd,0.01,2026-03-12T12:57:16.395162
80,80,2,33,113,gurobi,0.06633186340332031,True,False,0.4557522123893785,True,,abcd,0.01,2026-03-12T12:57:16.590126
80,80,2,33,113,bnb_c,0.011683225631713867,True,False,0.45575221238938,True,,abcd,0.01,2026-03-12T12:57:16.725184
80,80,2,34,101,gurobi,0.05379605293273926,True,False,0.470100970493094,True,,abcd,0.01,2026-03-12T12:57:16.905348
80,80,2,34,101,bnb_c,0.009325742721557617,True,False,0.470100970493089,True,,abcd,0.01,2026-03-12T12:57:17.037718
80,33,2,35,42,gurobi,0.18297100067138672,True,False,0.40476190476190416,True,,abcd,0.01,2026-03-12T12:57:17.321638
80,33,2,35,42,bnb_c,0.00645899772644043,True,False,0.404761904761905,True,,abcd,0.01,2026-03-12T12:57:17.424509
80,77,2,36,118,gurobi,0.06006503105163574,True,False,0.45558029301924474,True,,abcd,0.01,2026-03-12T12:57:17.585785
80,77,2,36,118,bnb_c,0.009181976318359375,True,False,0.455580293019247,True,,abcd,0.01,2026-03-12T12:57:17.690450
80,52,2,37,73,gurobi,0.020672082901000977,True,False,0.48292362544567463,True,,abcd,0.01,2026-03-12T12:57:17.817257
80,52,2,37,73,bnb_c,0.006303071975708008,True,False,0.482923625445675,True,,abcd,0.01,2026-03-12T12:57:17.917762
80,80,2,38,121,gurobi,0.036463022232055664,True,False,0.49173553719008223,True,,abcd,0.01,2026-03-12T12:57:18.075840
80,80,2,38,121,bnb_c,0.007516145706176758,True,False,0.491735537190083,True,,abcd,0.01,2026-03-12T12:57:18.198540
80,80,2,39,115,gurobi,0.03512692451477051,True,False,0.4795463137996269,True,,abcd,0.01,2026-03-12T12:57:18.360219
80,80,2,39,115,bnb_c,0.007426023483276367,True,False,0.479546313799622,True,,abcd,0.01,2026-03-12T12:57:18.478969
80,52,2,40,69,gurobi,0.022421836853027344,True,False,0.4649233354337308,True,,abcd,0.01,2026-03-12T12:57:18.605515
80,52,2,40,69,bnb_c,0.006005287170410156,True,False,0.464923335433732,True,,abcd,0.01,2026-03-12T12:57:18.705654
80,45,2,41,81,gurobi,0.019695043563842773,True,False,0.3492607834171617,True,,abcd,0.01,2026-03-12T12:57:18.828084
80,45,2,41,81,bnb_c,0.007678031921386719,True,False,0.349260783417162,True,,abcd,0.01,2026-03-12T12:57:18.936041
80,80,2,42,118,gurobi,0.046772003173828125,True,False,0.47023125538637944,True,,abcd,0.01,2026-03-12T12:57:19.105750
80,80,2,42,118,bnb_c,0.007776975631713867,True,False,0.470231255386383,True,,abcd,0.01,2026-03-12T12:57:19.226044
80,80,2,43,122,gurobi,0.052005767822265625,True,False,0.4459822628325652,True,,abcd,0.01,2026-03-12T12:57:19.401553
80,80,2,43,122,bnb_c,0.012676000595092773,True,False,0.445982262832572,True,,abcd,0.01,2026-03-12T12:57:19.529514
80,80,2,44,114,gurobi,0.06491494178771973,True,False,0.4597953216374269,True,,abcd,0.01,2026-03-12T12:57:19.725031
80,80,2,44,114,bnb_c,0.009515762329101562,True,False,0.459795321637427,True,,abcd,0.01,2026-03-12T12:57:19.857968
80,80,2,45,113,gurobi,0.05459904670715332,True,False,0.45512569504268346,True,,abcd,0.01,2026-03-12T12:57:20.047736
80,80,2,45,113,bnb_c,0.009624004364013672,True,False,0.455125695042682,True,,abcd,0.01,2026-03-12T12:57:20.182214
80,80,2,46,122,gurobi,0.03307390213012695,True,False,0.48347218489653204,True,,abcd,0.01,2026-03-12T12:57:20.333472
80,80,2,46,122,bnb_c,0.008182048797607422,True,False,0.483472184896533,True,,abcd,0.01,2026-03-12T12:57:20.462563
80,80,2,47,124,gurobi,0.10580110549926758,True,False,0.447938345473463,True,,abcd,0.01,2026-03-12T12:57:20.693734
80,80,2,47,124,bnb_c,0.008485078811645508,True,False,0.447938345473465,True,,abcd,0.01,2026-03-12T12:57:20.824378
80,80,2,48,120,gurobi,0.09124112129211426,True,False,0.4524652777777779,True,,abcd,0.01,2026-03-12T12:57:21.045298
80,80,2,48,120,bnb_c,0.010113716125488281,True,False,0.452465277777778,True,,abcd,0.01,2026-03-12T12:57:21.169926
80,80,2,49,132,gurobi,2.251967191696167,True,False,0.39256198347107507,True,,abcd,0.01,2026-03-12T12:57:23.549780
80,80,2,49,132,bnb_c,0.8878240585327148,True,False,0.392561983471074,True,,abcd,0.01,2026-03-12T12:57:24.553149
80,80,2,0,109,gurobi,0.09598326683044434,True,False,0.45383385236932794,True,,abcd,0.05,2026-03-12T12:57:24.774910
80,80,2,0,109,bnb_c,0.010413169860839844,True,False,0.453833852369329,True,,abcd,0.05,2026-03-12T12:57:24.907873
80,80,2,1,109,gurobi,0.03318595886230469,True,False,0.47247706422017943,True,,abcd,0.05,2026-03-12T12:57:25.065074
80,80,2,1,109,bnb_c,0.008327007293701172,True,False,0.472477064220184,True,,abcd,0.05,2026-03-12T12:57:25.186829
80,80,2,2,119,gurobi,0.06089591979980469,True,False,0.46465645081562634,True,,abcd,0.05,2026-03-12T12:57:25.373484
80,80,2,2,119,bnb_c,0.008365154266357422,True,False,0.46465645081562,True,,abcd,0.05,2026-03-12T12:57:25.494313
80,80,2,3,120,gurobi,0.15970683097839355,True,False,0.44319444444444483,True,,abcd,0.05,2026-03-12T12:57:25.782559
80,80,2,3,120,bnb_c,0.012628793716430664,True,False,0.443194444444445,True,,abcd,0.05,2026-03-12T12:57:25.922239
80,80,2,4,117,gurobi,0.054450035095214844,True,False,0.4572649572649556,True,,abcd,0.05,2026-03-12T12:57:26.104053
80,80,2,4,117,bnb_c,0.008972644805908203,True,False,0.457264957264957,True,,abcd,0.05,2026-03-12T12:57:26.237171
80,80,2,5,118,gurobi,0.18142008781433105,True,False,0.44954754380924705,True,,abcd,0.05,2026-03-12T12:57:26.536740
80,80,2,5,118,bnb_c,0.011523008346557617,True,False,0.44954754380925,True,,abcd,0.05,2026-03-12T12:57:26.664374
80,80,2,6,111,gurobi,0.04061698913574219,True,False,0.47151205259312845,True,,abcd,0.05,2026-03-12T12:57:26.836327
80,80,2,6,111,bnb_c,0.008486032485961914,True,False,0.471512052593134,True,,abcd,0.05,2026-03-12T12:57:26.958134
80,57,2,7,79,gurobi,0.02238011360168457,True,False,0.4822143887197594,True,,abcd,0.05,2026-03-12T12:57:27.089030
80,57,2,7,79,bnb_c,0.006159067153930664,True,False,0.482214388719757,True,,abcd,0.05,2026-03-12T12:57:27.189138
80,80,2,8,111,gurobi,0.19289302825927734,True,False,0.46501907312717866,True,,abcd,0.05,2026-03-12T12:57:27.505407
80,80,2,8,111,bnb_c,0.008899211883544922,True,False,0.465019073127181,True,,abcd,0.05,2026-03-12T12:57:27.638148
80,80,2,9,136,gurobi,0.054696083068847656,True,False,0.45866673875431474,True,,abcd,0.05,2026-03-12T12:57:27.821969
80,80,2,9,136,bnb_c,0.007811069488525391,True,False,0.458666738754325,True,,abcd,0.05,2026-03-12T12:57:27.944498
80,55,2,10,91,gurobi,0.016251087188720703,True,False,0.4887694722859564,True,,abcd,0.05,2026-03-12T12:57:28.064419
80,55,2,10,91,bnb_c,0.006551980972290039,True,False,0.488769472285956,True,,abcd,0.05,2026-03-12T12:57:28.162871
80,80,2,11,107,gurobi,0.08929610252380371,True,False,0.46047689754562954,True,,abcd,0.05,2026-03-12T12:57:28.368925
80,80,2,11,107,bnb_c,0.00919485092163086,True,False,0.460476897545637,True,,abcd,0.05,2026-03-12T12:57:28.492508
80,80,2,12,122,gurobi,0.1291053295135498,True,False,0.4307645794141293,True,,abcd,0.05,2026-03-12T12:57:28.757338
80,80,2,12,122,bnb_c,0.02474808692932129,True,False,0.430764579414136,True,,abcd,0.05,2026-03-12T12:57:28.903070
80,80,2,13,132,gurobi,0.08788299560546875,True,False,0.4287190082644638,True,,abcd,0.05,2026-03-12T12:57:29.114359
80,80,2,13,132,bnb_c,0.014692068099975586,True,False,0.428719008264463,True,,abcd,0.05,2026-03-12T12:57:29.245309
80,80,2,14,116,gurobi,0.03828907012939453,True,False,0.48275862068965253,True,,abcd,0.05,2026-03-12T12:57:29.411759
80,80,2,14,116,bnb_c,0.008216142654418945,True,False,0.482758620689655,True,,abcd,0.05,2026-03-12T12:57:29.543341
80,80,2,15,125,gurobi,0.20908212661743164,True,False,0.4358079999999993,True,,abcd,0.05,2026-03-12T12:57:29.876953
80,80,2,15,125,bnb_c,0.016142845153808594,True,False,0.435808,True,,abcd,0.05,2026-03-12T12:57:30.006938
80,80,2,16,122,gurobi,0.16100406646728516,True,False,0.4502821822090791,True,,abcd,0.05,2026-03-12T12:57:30.293125
80,80,2,16,122,bnb_c,0.010442972183227539,True,False,0.450282182209084,True,,abcd,0.05,2026-03-12T12:57:30.426871
80,80,2,17,126,gurobi,0.055763959884643555,True,False,0.4565066767447789,True,,abcd,0.05,2026-03-12T12:57:30.607711
80,80,2,17,126,bnb_c,0.008102178573608398,True,False,0.456506676744772,True,,abcd,0.05,2026-03-12T12:57:30.776315
80,80,2,18,123,gurobi,0.06815004348754883,True,False,0.44960010575715426,True,,abcd,0.05,2026-03-12T12:57:30.967770
80,80,2,18,123,bnb_c,0.009243965148925781,True,False,0.449600105757155,True,,abcd,0.05,2026-03-12T12:57:31.100425
80,80,2,19,102,gurobi,0.06902194023132324,True,False,0.4497789311803089,True,,abcd,0.05,2026-03-12T12:57:31.290719
80,80,2,19,102,bnb_c,0.01640915870666504,True,False,0.449778931180315,True,,abcd,0.05,2026-03-12T12:57:31.427696
80,80,2,20,115,gurobi,0.047799110412597656,True,False,0.47168241965973867,True,,abcd,0.05,2026-03-12T12:57:31.595459
80,80,2,20,115,bnb_c,0.00801396369934082,True,False,0.471682419659735,True,,abcd,0.05,2026-03-12T12:57:31.726116
80,80,2,21,116,gurobi,0.07617712020874023,True,False,0.45685939357907207,True,,abcd,0.05,2026-03-12T12:57:31.926001
80,80,2,21,116,bnb_c,0.007992267608642578,True,False,0.456859393579073,True,,abcd,0.05,2026-03-12T12:57:32.061072
80,80,2,22,113,gurobi,0.07061195373535156,True,False,0.4645626125773332,True,,abcd,0.05,2026-03-12T12:57:32.252456
80,80,2,22,113,bnb_c,0.00945591926574707,True,False,0.464562612577336,True,,abcd,0.05,2026-03-12T12:57:32.385658
80,80,2,23,110,gurobi,0.1268751621246338,True,False,0.4475619834710721,True,,abcd,0.05,2026-03-12T12:57:32.628564
80,80,2,23,110,bnb_c,0.016770124435424805,True,False,0.447561983471074,True,,abcd,0.05,2026-03-12T12:57:32.766567
80,61,2,24,81,gurobi,0.027611255645751953,True,False,0.4629629629629631,True,,abcd,0.05,2026-03-12T12:57:32.893763
80,61,2,24,81,bnb_c,0.006973981857299805,True,False,0.462962962962963,True,,abcd,0.05,2026-03-12T12:57:32.998342
80,80,2,25,116,gurobi,0.049481868743896484,True,False,0.44827586206896375,True,,abcd,0.05,2026-03-12T12:57:33.168364
80,80,2,25,116,bnb_c,0.007728099822998047,True,False,0.448275862068966,True,,abcd,0.05,2026-03-12T12:57:33.289032
80,80,2,26,111,gurobi,0.15541720390319824,True,False,0.45223601980358735,True,,abcd,0.05,2026-03-12T12:57:33.580733
80,80,2,26,111,bnb_c,0.014251947402954102,True,False,0.452236019803587,True,,abcd,0.05,2026-03-12T12:57:33.719047
80,80,2,27,104,gurobi,0.16399168968200684,True,False,0.45187691983318357,True,,abcd,0.05,2026-03-12T12:57:34.007388
80,80,2,27,104,bnb_c,0.018848180770874023,True,False,0.451876849112426,True,,abcd,0.05,2026-03-12T12:57:34.144439
80,80,2,28,106,gurobi,0.052974700927734375,True,False,0.47450160199359676,True,,abcd,0.05,2026-03-12T12:57:34.329629
80,80,2,28,106,bnb_c,0.008440971374511719,True,False,0.474501601993592,True,,abcd,0.05,2026-03-12T12:57:34.452418
80,80,2,29,116,gurobi,0.12959718704223633,True,False,0.4334126040428077,True,,abcd,0.05,2026-03-12T12:57:34.715650
80,80,2,29,116,bnb_c,0.01721811294555664,True,False,0.433412604042806,True,,abcd,0.05,2026-03-12T12:57:34.853308
80,80,2,30,117,gurobi,0.23932600021362305,True,False,0.44543063773833036,True,,abcd,0.05,2026-03-12T12:57:35.230096
80,80,2,30,117,bnb_c,0.02088785171508789,True,False,0.44543063773833,True,,abcd,0.05,2026-03-12T12:57:35.371049
80,77,2,31,103,gurobi,0.13088083267211914,True,False,0.4361862569516408,True,,abcd,0.05,2026-03-12T12:57:35.609016
80,77,2,31,103,bnb_c,0.013592958450317383,True,False,0.436186256951645,True,,abcd,0.05,2026-03-12T12:57:35.721465
80,56,2,32,81,gurobi,0.02082514762878418,True,False,0.4849108367626883,True,,abcd,0.05,2026-03-12T12:57:35.851274
80,56,2,32,81,bnb_c,0.006679058074951172,True,False,0.484910836762689,True,,abcd,0.05,2026-03-12T12:57:35.954428
80,80,2,33,116,gurobi,0.041390180587768555,True,False,0.46577734839476875,True,,abcd,0.05,2026-03-12T12:57:36.127588
80,80,2,33,116,bnb_c,0.0076410770416259766,True,False,0.465777348394768,True,,abcd,0.05,2026-03-12T12:57:36.259416
80,80,2,34,122,gurobi,0.03609490394592285,True,False,0.45081967213114443,True,,abcd,0.05,2026-03-12T12:57:36.415043
80,80,2,34,122,bnb_c,0.008476972579956055,True,False,0.450819672131148,True,,abcd,0.05,2026-03-12T12:57:36.543818
80,80,2,35,117,gurobi,0.03308701515197754,True,False,0.47377456351815256,True,,abcd,0.05,2026-03-12T12:57:36.700040
80,80,2,35,117,bnb_c,0.008285045623779297,True,False,0.473774563518153,True,,abcd,0.05,2026-03-12T12:57:36.830188
80,80,2,36,117,gurobi,0.05086374282836914,True,False,0.4486814230403951,True,,abcd,0.05,2026-03-12T12:57:36.999344
80,80,2,36,117,bnb_c,0.011014938354492188,True,False,0.448681423040397,True,,abcd,0.05,2026-03-12T12:57:37.132497
80,80,2,37,130,gurobi,0.048648834228515625,True,False,0.4376035502958633,True,,abcd,0.05,2026-03-12T12:57:37.300285
80,80,2,37,130,bnb_c,0.010124921798706055,True,False,0.437603550295858,True,,abcd,0.05,2026-03-12T12:57:37.432838
80,80,2,38,134,gurobi,0.07149219512939453,True,False,0.4291601693027446,True,,abcd,0.05,2026-03-12T12:57:37.630101
80,80,2,38,134,bnb_c,0.009844303131103516,True,False,0.42916016930274,True,,abcd,0.05,2026-03-12T12:57:37.762387
80,80,2,39,129,gurobi,0.3581218719482422,True,False,0.42830959677905045,True,,abcd,0.05,2026-03-12T12:57:38.247986
80,80,2,39,129,bnb_c,0.014283180236816406,True,False,0.42830959677904,True,,abcd,0.05,2026-03-12T12:57:38.378152
80,80,2,40,113,gurobi,0.06812071800231934,True,False,0.46953559401675926,True,,abcd,0.05,2026-03-12T12:57:38.572994
80,80,2,40,113,bnb_c,0.009556293487548828,True,False,0.469535594016759,True,,abcd,0.05,2026-03-12T12:57:38.696296
80,80,2,41,118,gurobi,0.1438901424407959,True,False,0.4389184142487758,True,,abcd,0.05,2026-03-12T12:57:38.973632
80,80,2,41,118,bnb_c,0.015436887741088867,True,False,0.438918414248779,True,,abcd,0.05,2026-03-12T12:57:39.107510
80,80,2,42,111,gurobi,0.039794921875,True,False,0.4723236750263744,True,,abcd,0.05,2026-03-12T12:57:39.276548
80,80,2,42,111,bnb_c,0.007700920104980469,True,False,0.472323675026378,True,,abcd,0.05,2026-03-12T12:57:39.399556
80,80,2,43,112,gurobi,0.2828490734100342,True,False,0.44642857142856823,True,,abcd,0.05,2026-03-12T12:57:39.808201
80,80,2,43,112,bnb_c,0.01573801040649414,True,False,0.446428571428571,True,,abcd,0.05,2026-03-12T12:57:39.940824
80,80,2,44,125,gurobi,0.054608821868896484,True,False,0.45091199999998793,True,,abcd,0.05,2026-03-12T12:57:40.128515
80,80,2,44,125,bnb_c,0.00886988639831543,True,False,0.450912,True,,abcd,0.05,2026-03-12T12:57:40.254375
80,80,2,45,127,gurobi,0.03064703941345215,True,False,0.49014198028395545,True,,abcd,0.05,2026-03-12T12:57:40.420706
80,80,2,45,127,bnb_c,0.007778167724609375,True,False,0.490141980283961,True,,abcd,0.05,2026-03-12T12:57:40.552351
80,80,2,46,121,gurobi,0.08037900924682617,True,False,0.4499351137217409,True,,abcd,0.05,2026-03-12T12:57:40.759810
80,80,2,46,121,bnb_c,0.009142875671386719,True,False,0.44993511372174,True,,abcd,0.05,2026-03-12T12:57:40.891947
80,80,2,47,105,gurobi,0.04325604438781738,True,False,0.47070294784581074,True,,abcd,0.05,2026-03-12T12:57:41.064915
80,80,2,47,105,bnb_c,0.008485794067382812,True,False,0.470702947845805,True,,abcd,0.05,2026-03-12T12:57:41.186867
80,80,2,48,110,gurobi,0.03198409080505371,True,False,0.4726859504132224,True,,abcd,0.05,2026-03-12T12:57:41.350537
80,80,2,48,110,bnb_c,0.007156848907470703,True,False,0.472685950413223,True,,abcd,0.05,2026-03-12T12:57:41.471993
80,80,2,49,113,gurobi,0.11464500427246094,True,False,0.4355861852925027,True,,abcd,0.05,2026-03-12T12:57:41.714861
80,80,2,49,113,bnb_c,0.020789146423339844,True,False,0.435586185292505,True,,abcd,0.05,2026-03-12T12:57:41.855311
80,80,2,0,122,gurobi,0.4007987976074219,True,False,0.4001276538564865,True,,abcd,0.1,2026-03-12T12:57:42.383994
80,80,2,0,122,bnb_c,0.23851895332336426,True,False,0.40012765385649,True,,abcd,0.1,2026-03-12T12:57:42.738582
80,80,2,1,124,gurobi,0.06881976127624512,True,False,0.4570434443288209,True,,abcd,0.1,2026-03-12T12:57:42.931644
80,80,2,1,124,bnb_c,0.008378028869628906,True,False,0.457043444328824,True,,abcd,0.1,2026-03-12T12:57:43.063623
80,80,2,2,114,gurobi,0.11638712882995605,True,False,0.42982456140351,True,,abcd,0.1,2026-03-12T12:57:43.304919
80,80,2,2,114,bnb_c,0.0189359188079834,True,False,0.429824561403509,True,,abcd,0.1,2026-03-12T12:57:43.444965
80,80,2,3,111,gurobi,0.19210100173950195,True,False,0.4459053648242778,True,,abcd,0.1,2026-03-12T12:57:43.769566
80,80,2,3,111,bnb_c,0.01574993133544922,True,False,0.445905364824284,True,,abcd,0.1,2026-03-12T12:57:43.909182
80,80,2,4,118,gurobi,0.04941415786743164,True,False,0.4389184142487773,True,,abcd,0.1,2026-03-12T12:57:44.089876
80,80,2,4,118,bnb_c,0.015023946762084961,True,False,0.438918414248779,True,,abcd,0.1,2026-03-12T12:57:44.220358
80,80,2,5,105,gurobi,0.24828886985778809,True,False,0.45219954648526367,True,,abcd,0.1,2026-03-12T12:57:44.600375
80,80,2,5,105,bnb_c,0.018343210220336914,True,False,0.452199546485261,True,,abcd,0.1,2026-03-12T12:57:44.732781
80,80,2,6,120,gurobi,0.21617984771728516,True,False,0.41652777777778016,True,,abcd,0.1,2026-03-12T12:57:45.073859
80,80,2,6,120,bnb_c,0.029726028442382812,True,False,0.416527777777778,True,,abcd,0.1,2026-03-12T12:57:45.225951
80,80,2,7,122,gurobi,0.036958932876586914,True,False,0.47134506852995833,True,,abcd,0.1,2026-03-12T12:57:45.384797
80,80,2,7,122,bnb_c,0.007523059844970703,True,False,0.471345068529965,True,,abcd,0.1,2026-03-12T12:57:45.506241
80,80,2,8,108,gurobi,0.0705559253692627,True,False,0.4536608367626928,True,,abcd,0.1,2026-03-12T12:57:45.702976
80,80,2,8,108,bnb_c,0.009270906448364258,True,False,0.453660836762689,True,,abcd,0.1,2026-03-12T12:57:45.827521
80,80,2,9,104,gurobi,0.21723699569702148,True,False,0.43264607988164966,True,,abcd,0.1,2026-03-12T12:57:46.172152
80,80,2,9,104,bnb_c,0.04827618598937988,True,False,0.432646079881657,True,,abcd,0.1,2026-03-12T12:57:46.336766
80,80,2,10,125,gurobi,0.11508822441101074,True,False,0.4357119999999986,True,,abcd,0.1,2026-03-12T12:57:46.580868
80,80,2,10,125,bnb_c,0.012279987335205078,True,False,0.435712,True,,abcd,0.1,2026-03-12T12:57:46.713060
80,80,2,11,127,gurobi,0.6027700901031494,True,False,0.42122884245768233,True,,abcd,0.1,2026-03-12T12:57:47.438145
80,80,2,11,127,bnb_c,0.0482020378112793,True,False,0.421228842457685,True,,abcd,0.1,2026-03-12T12:57:47.602351
80,80,2,12,128,gurobi,0.07680702209472656,True,False,0.434295654296875,True,,abcd,0.1,2026-03-12T12:57:47.814527
80,80,2,12,128,bnb_c,0.010640144348144531,True,False,0.434295654296875,True,,abcd,0.1,2026-03-12T12:57:47.945100
80,80,2,13,117,gurobi,0.04399991035461426,True,False,0.44791438381182114,True,,abcd,0.1,2026-03-12T12:57:48.122047
80,80,2,13,117,bnb_c,0.010617733001708984,True,False,0.44791438381182,True,,abcd,0.1,2026-03-12T12:57:48.257223
80,80,2,14,111,gurobi,0.5948469638824463,True,False,0.4278873468062614,True,,abcd,0.1,2026-03-12T12:57:48.979695
80,80,2,14,111,bnb_c,0.04258918762207031,True,False,0.427887346806266,True,,abcd,0.1,2026-03-12T12:57:49.138959
80,80,2,15,120,gurobi,0.13613319396972656,True,False,0.42329861111110795,True,,abcd,0.1,2026-03-12T12:57:49.401220
80,80,2,15,120,bnb_c,0.04157400131225586,True,False,0.423298611111111,True,,abcd,0.1,2026-03-12T12:57:49.565567
80,80,2,16,115,gurobi,0.624783992767334,True,False,0.43039697542533256,True,,abcd,0.1,2026-03-12T12:57:50.311383
80,80,2,16,115,bnb_c,0.033731937408447266,True,False,0.430396975425331,True,,abcd,0.1,2026-03-12T12:57:50.464058
80,80,2,17,110,gurobi,0.08022785186767578,True,False,0.4530578512396677,True,,abcd,0.1,2026-03-12T12:57:50.674697
80,80,2,17,110,bnb_c,0.011832952499389648,True,False,0.453057851239669,True,,abcd,0.1,2026-03-12T12:57:50.805341
80,80,2,18,109,gurobi,0.12812185287475586,True,False,0.4356114805151067,True,,abcd,0.1,2026-03-12T12:57:51.070613
80,80,2,18,109,bnb_c,0.007922172546386719,True,False,0.435106472519148,True,,abcd,0.1,2026-03-12T12:57:51.199885
80,80,2,19,107,gurobi,1.3052680492401123,True,False,0.44388156170843834,True,,abcd,0.1,2026-03-12T12:57:52.635278
80,80,2,19,107,bnb_c,0.025819063186645508,True,False,0.443881561708446,True,,abcd,0.1,2026-03-12T12:57:52.790372
80,77,2,20,106,gurobi,0.35965991020202637,True,False,0.4417942328230703,True,,abcd,0.1,2026-03-12T12:57:53.263719
80,77,2,20,106,bnb_c,0.018358945846557617,True,False,0.441794232823069,True,,abcd,0.1,2026-03-12T12:57:53.385187
80,80,2,21,128,gurobi,0.05502200126647949,True,False,0.46826171875,True,,abcd,0.1,2026-03-12T12:57:53.571271
80,80,2,21,128,bnb_c,0.008398056030273438,True,False,0.46826171875,True,,abcd,0.1,2026-03-12T12:57:53.698456
80,80,2,22,110,gurobi,0.11353611946105957,True,False,0.455537190082648,True,,abcd,0.1,2026-03-12T12:57:53.950053
80,80,2,22,110,bnb_c,0.009082794189453125,True,False,0.455537190082645,True,,abcd,0.1,2026-03-12T12:57:54.082923
80,80,2,23,118,gurobi,0.03429293632507324,True,False,0.4661016949152519,True,,abcd,0.1,2026-03-12T12:57:54.249295
80,80,2,23,118,bnb_c,0.007773876190185547,True,False,0.466101694915254,True,,abcd,0.1,2026-03-12T12:57:54.376069
80,80,2,24,121,gurobi,0.15329790115356445,True,False,0.4421487920626968,True,,abcd,0.1,2026-03-12T12:57:54.664666
80,80,2,24,121,bnb_c,0.012729167938232422,True,False,0.442148760330579,True,,abcd,0.1,2026-03-12T12:57:54.805807
80,80,2,25,115,gurobi,0.05561208724975586,True,False,0.42858223062381884,True,,abcd,0.1,2026-03-12T12:57:54.988383
80,80,2,25,115,bnb_c,0.041706085205078125,True,False,0.428582230623819,True,,abcd,0.1,2026-03-12T12:57:55.153037
80,80,2,26,114,gurobi,0.43139004707336426,True,False,0.4354801477377672,True,,abcd,0.1,2026-03-12T12:57:55.709716
80,80,2,26,114,bnb_c,0.03934311866760254,True,False,0.435480147737765,True,,abcd,0.1,2026-03-12T12:57:55.868515
80,80,2,27,125,gurobi,0.05852484703063965,True,False,0.4510719999999881,True,,abcd,0.1,2026-03-12T12:57:56.059121
80,80,2,27,125,bnb_c,0.008344173431396484,True,False,0.451072,True,,abcd,0.1,2026-03-12T12:57:56.185818
80,80,2,28,114,gurobi,0.05835294723510742,True,False,0.45737149892274764,True,,abcd,0.1,2026-03-12T12:57:56.375126
80,80,2,28,114,bnb_c,0.008865833282470703,True,False,0.457371498922745,True,,abcd,0.1,2026-03-12T12:57:56.508877
80,80,2,29,115,gurobi,0.13326787948608398,True,False,0.4477882797731587,True,,abcd,0.1,2026-03-12T12:57:56.770068
80,80,2,29,115,bnb_c,0.013361215591430664,True,False,0.447788279773157,True,,abcd,0.1,2026-03-12T12:57:56.906426
80,80,2,30,124,gurobi,0.16070199012756348,True,False,0.4234846514047841,True,,abcd,0.1,2026-03-12T12:57:57.192339
80,80,2,30,124,bnb_c,0.032182931900024414,True,False,0.423484651404787,True,,abcd,0.1,2026-03-12T12:57:57.348978
80,80,2,31,107,gurobi,1.3246409893035889,True,False,0.4158878504672829,True,,abcd,0.1,2026-03-12T12:57:58.804950
80,80,2,31,107,bnb_c,0.3358011245727539,True,False,0.41588785046729,True,,abcd,0.1,2026-03-12T12:57:59.264425
80,80,2,32,103,gurobi,0.4522247314453125,True,False,0.4417004430200748,True,,abcd,0.1,2026-03-12T12:57:59.846457
80,80,2,32,103,bnb_c,0.08764886856079102,True,False,0.441700443020077,True,,abcd,0.1,2026-03-12T12:58:00.056190
80,80,2,33,126,gurobi,0.10513925552368164,True,False,0.44063366087176137,True,,abcd,0.1,2026-03-12T12:58:00.296317
80,80,2,33,126,bnb_c,0.009279012680053711,True,False,0.440633660871756,True,,abcd,0.1,2026-03-12T12:58:00.430547
80,80,2,34,117,gurobi,0.5555789470672607,True,False,0.4365183724158099,True,,abcd,0.1,2026-03-12T12:58:01.117986
80,80,2,34,117,bnb_c,0.020950794219970703,True,False,0.436518372415808,True,,abcd,0.1,2026-03-12T12:58:01.264372
80,80,2,35,126,gurobi,0.31067919731140137,True,False,0.4285399344923224,True,,abcd,0.1,2026-03-12T12:58:01.712553
80,80,2,35,126,bnb_c,0.012099981307983398,True,False,0.428539934492315,True,,abcd,0.1,2026-03-12T12:58:01.845155
80,80,2,36,107,gurobi,0.13642024993896484,True,False,0.4525722770547559,True,,abcd,0.1,2026-03-12T12:58:02.115660
80,80,2,36,107,bnb_c,0.015816211700439453,True,False,0.452572277054764,True,,abcd,0.1,2026-03-12T12:58:02.258083
80,80,2,37,129,gurobi,0.05966901779174805,True,False,0.4452556937684089,True,,abcd,0.1,2026-03-12T12:58:02.441356
80,80,2,37,129,bnb_c,0.009428262710571289,True,False,0.445255693768403,True,,abcd,0.1,2026-03-12T12:58:02.577949
80,80,2,38,122,gurobi,0.04884791374206543,True,False,0.4672131147540932,True,,abcd,0.1,2026-03-12T12:58:02.753564
80,80,2,38,122,bnb_c,0.007765769958496094,True,False,0.467213114754098,True,,abcd,0.1,2026-03-12T12:58:02.885616
80,80,2,39,120,gurobi,0.05482912063598633,True,False,0.46666666666666573,True,,abcd,0.1,2026-03-12T12:58:03.071108
80,80,2,39,120,bnb_c,0.00769805908203125,True,False,0.466666666666667,True,,abcd,0.1,2026-03-12T12:58:03.205581
80,80,2,40,109,gurobi,0.1455237865447998,True,False,0.4526134163790909,True,,abcd,0.1,2026-03-12T12:58:03.475919
80,80,2,40,109,bnb_c,0.013685941696166992,True,False,0.452613416379093,True,,abcd,0.1,2026-03-12T12:58:03.613027
80,80,2,41,121,gurobi,0.10613703727722168,True,False,0.4421487603305787,True,,abcd,0.1,2026-03-12T12:58:03.850473
80,80,2,41,121,bnb_c,0.011982917785644531,True,False,0.442148760330578,True,,abcd,0.1,2026-03-12T12:58:03.986776
80,80,2,42,106,gurobi,0.09293079376220703,True,False,0.44530971876112635,True,,abcd,0.1,2026-03-12T12:58:04.211991
80,80,2,42,106,bnb_c,0.01601886749267578,True,False,0.445309718761125,True,,abcd,0.1,2026-03-12T12:58:04.353078
80,80,2,43,124,gurobi,0.6716489791870117,True,False,0.4112578334733656,True,,abcd,0.1,2026-03-12T12:58:05.150829
80,80,2,43,124,bnb_c,0.024810791015625,True,False,0.411257804370448,True,,abcd,0.1,2026-03-12T12:58:05.296154
80,80,2,44,117,gurobi,0.12375903129577637,True,False,0.43651837241580727,True,,abcd,0.1,2026-03-12T12:58:05.557171
80,80,2,44,117,bnb_c,0.02061605453491211,True,False,0.436518372415808,True,,abcd,0.1,2026-03-12T12:58:05.703126
80,80,2,45,114,gurobi,0.12128090858459473,True,False,0.4376346568174843,True,,abcd,0.1,2026-03-12T12:58:05.958605
80,80,2,45,114,bnb_c,0.017416954040527344,True,False,0.437634656817482,True,,abcd,0.1,2026-03-12T12:58:06.107051
80,80,2,46,131,gurobi,0.07874083518981934,True,False,0.45612143814463163,True,,abcd,0.1,2026-03-12T12:58:06.341837
80,80,2,46,131,bnb_c,0.014401912689208984,True,False,0.45612143814463,True,,abcd,0.1,2026-03-12T12:58:06.503483
80,76,2,47,99,gurobi,0.36479711532592773,True,False,0.4292929292929271,True,,abcd,0.1,2026-03-12T12:58:06.985036
80,76,2,47,99,bnb_c,0.056652069091796875,True,False,0.42929292929293,True,,abcd,0.1,2026-03-12T12:58:07.167269
80,80,2,48,114,gurobi,0.08776330947875977,True,False,0.4298245614035101,True,,abcd,0.1,2026-03-12T12:58:07.407817
80,80,2,48,114,bnb_c,0.03607296943664551,True,False,0.429824561403509,True,,abcd,0.1,2026-03-12T12:58:07.594829
80,80,2,49,131,gurobi,0.09855413436889648,True,False,0.43890216187867764,True,,abcd,0.1,2026-03-12T12:58:07.848220
80,80,2,49,131,bnb_c,0.009300947189331055,True,False,0.438902161878678,True,,abcd,0.1,2026-03-12T12:58:07.990992
80,80,2,0,111,gurobi,0.5245978832244873,True,False,0.4246408570732822,True,,abcd,0.15,2026-03-12T12:58:08.655013
80,80,2,0,111,bnb_c,0.12322402000427246,True,False,0.42464085707329,True,,abcd,0.15,2026-03-12T12:58:08.901679
80,80,2,1,112,gurobi,1.3199970722198486,True,False,0.41071428571428287,True,,abcd,0.15,2026-03-12T12:58:10.357118
80,80,2,1,112,bnb_c,0.07378315925598145,True,False,0.410714285714286,True,,abcd,0.15,2026-03-12T12:58:10.557535
80,80,2,2,107,gurobi,1.2213809490203857,True,False,0.4345794392523272,True,,abcd,0.15,2026-03-12T12:58:11.913757
80,80,2,2,107,bnb_c,0.07263588905334473,True,False,0.434579439252336,True,,abcd,0.15,2026-03-12T12:58:12.117773
80,80,2,3,114,gurobi,1.7284348011016846,True,False,0.4034702985534035,True,,abcd,0.15,2026-03-12T12:58:13.979897
80,80,2,3,114,bnb_c,0.1922130584716797,True,False,0.403470298553401,True,,abcd,0.15,2026-03-12T12:58:14.298764
80,80,2,4,121,gurobi,0.8642838001251221,True,False,0.3991530633153463,True,,abcd,0.15,2026-03-12T12:58:15.294993
80,80,2,4,121,bnb_c,0.1029977798461914,True,False,0.399153063315347,True,,abcd,0.15,2026-03-12T12:58:15.525017
80,80,2,5,104,gurobi,0.17660212516784668,True,False,0.4518768491124196,True,,abcd,0.15,2026-03-12T12:58:15.842921
80,80,2,5,104,bnb_c,0.01891613006591797,True,False,0.451876849112426,True,,abcd,0.15,2026-03-12T12:58:15.985464
80,80,2,6,120,gurobi,0.8608620166778564,True,False,0.42496527777778065,True,,abcd,0.15,2026-03-12T12:58:16.981047
80,80,2,6,120,bnb_c,0.024419069290161133,True,False,0.424965277777778,True,,abcd,0.15,2026-03-12T12:58:17.131757
80,80,2,7,126,gurobi,0.04367208480834961,True,False,0.44416099773243256,True,,abcd,0.15,2026-03-12T12:58:17.311601
80,80,2,7,126,bnb_c,0.008516073226928711,True,False,0.444160997732426,True,,abcd,0.15,2026-03-12T12:58:17.452222
80,80,2,8,111,gurobi,0.46584200859069824,True,False,0.4312961610258854,True,,abcd,0.15,2026-03-12T12:58:18.046233
80,80,2,8,111,bnb_c,0.146834135055542,True,False,0.431296161025891,True,,abcd,0.15,2026-03-12T12:58:18.319632
80,80,2,9,110,gurobi,0.6876392364501953,True,False,0.4272727272727232,True,,abcd,0.15,2026-03-12T12:58:19.140085
80,80,2,9,110,bnb_c,0.17063522338867188,True,False,0.427272727272727,True,,abcd,0.15,2026-03-12T12:58:19.435477
80,80,2,10,112,gurobi,0.09609413146972656,True,False,0.44862085459183687,True,,abcd,0.15,2026-03-12T12:58:19.660458
80,80,2,10,112,bnb_c,0.009884834289550781,True,False,0.448620854591837,True,,abcd,0.15,2026-03-12T12:58:19.799616
80,80,2,11,133,gurobi,0.7505459785461426,True,False,0.42478376392107947,True,,abcd,0.15,2026-03-12T12:58:20.680472
80,80,2,11,133,bnb_c,0.030858993530273438,True,False,0.424783763921081,True,,abcd,0.15,2026-03-12T12:58:20.836342
80,80,2,12,118,gurobi,0.18866395950317383,True,False,0.43220338983050577,True,,abcd,0.15,2026-03-12T12:58:21.171118
80,80,2,12,118,bnb_c,0.01131296157836914,True,False,0.432203389830508,True,,abcd,0.15,2026-03-12T12:58:21.313390
80,77,2,13,127,gurobi,0.2734968662261963,True,False,0.3897017794035538,True,,abcd,0.15,2026-03-12T12:58:21.703957
80,77,2,13,127,bnb_c,0.28934311866760254,True,False,0.389701779403559,True,,abcd,0.15,2026-03-12T12:58:22.096166
80,80,2,14,126,gurobi,0.1685009002685547,True,False,0.4124149659863993,True,,abcd,0.15,2026-03-12T12:58:22.403114
80,80,2,14,126,bnb_c,0.018498897552490234,True,False,0.412414965986395,True,,abcd,0.15,2026-03-12T12:58:22.546756
80,80,2,15,132,gurobi,0.23800992965698242,True,False,0.40010904499541583,True,,abcd,0.15,2026-03-12T12:58:22.918699
80,80,2,15,132,bnb_c,0.04970693588256836,True,False,0.400109044995409,True,,abcd,0.15,2026-03-12T12:58:23.097696
80,80,2,16,128,gurobi,0.22437405586242676,True,False,0.418670654296875,True,,abcd,0.15,2026-03-12T12:58:23.456640
80,80,2,16,128,bnb_c,0.029932022094726562,True,False,0.418670654296875,True,,abcd,0.15,2026-03-12T12:58:23.615515
80,80,2,17,121,gurobi,0.22913408279418945,True,False,0.42620039614780353,True,,abcd,0.15,2026-03-12T12:58:23.983566
80,80,2,17,121,bnb_c,0.01358795166015625,True,False,0.426200396147804,True,,abcd,0.15,2026-03-12T12:58:24.126419
80,80,2,18,116,gurobi,1.4372658729553223,True,False,0.4006762782401887,True,,abcd,0.15,2026-03-12T12:58:25.699990
80,80,2,18,116,bnb_c,0.5037028789520264,True,False,0.40067627824019,True,,abcd,0.15,2026-03-12T12:58:26.327081
80,80,2,19,109,gurobi,0.13187694549560547,True,False,0.45412844036697014,True,,abcd,0.15,2026-03-12T12:58:26.592115
80,80,2,19,109,bnb_c,0.011173725128173828,True,False,0.454128440366973,True,,abcd,0.15,2026-03-12T12:58:26.730667
80,80,2,20,111,gurobi,0.16588997840881348,True,False,0.4289830370911434,True,,abcd,0.15,2026-03-12T12:58:27.030994
80,80,2,20,111,bnb_c,0.031877994537353516,True,False,0.428983037091145,True,,abcd,0.15,2026-03-12T12:58:27.193485
80,80,2,21,128,gurobi,0.2436809539794922,True,False,0.40576171875,True,,abcd,0.15,2026-03-12T12:58:27.563055
80,80,2,21,128,bnb_c,0.043903350830078125,True,False,0.40576171875,True,,abcd,0.15,2026-03-12T12:58:27.729474
80,80,2,22,114,gurobi,0.7005090713500977,True,False,0.40347029855340355,True,,abcd,0.15,2026-03-12T12:58:28.567775
80,80,2,22,114,bnb_c,0.1305689811706543,True,False,0.403470298553401,True,,abcd,0.15,2026-03-12T12:58:28.822821
80,80,2,23,122,gurobi,0.2257862091064453,True,False,0.4098024724536366,True,,abcd,0.15,2026-03-12T12:58:29.185264
80,80,2,23,122,bnb_c,0.03117823600769043,True,False,0.409802472453641,True,,abcd,0.15,2026-03-12T12:58:29.340000
80,80,2,24,116,gurobi,0.26329588890075684,True,False,0.42148483947681326,True,,abcd,0.15,2026-03-12T12:58:29.739507
80,80,2,24,116,bnb_c,0.03673601150512695,True,False,0.421484839476813,True,,abcd,0.15,2026-03-12T12:58:29.904435
80,80,2,25,120,gurobi,1.159546136856079,True,False,0.4082986111111123,True,,abcd,0.15,2026-03-12T12:58:31.196260
80,80,2,25,120,bnb_c,0.06897306442260742,True,False,0.408298611111111,True,,abcd,0.15,2026-03-12T12:58:31.389059
80,80,2,26,115,gurobi,2.1667299270629883,True,False,0.4143289224952761,True,,abcd,0.15,2026-03-12T12:58:33.692520
80,80,2,26,115,bnb_c,0.05639386177062988,True,False,0.414328922495274,True,,abcd,0.15,2026-03-12T12:58:33.872718
80,80,2,27,101,gurobi,0.925299882888794,True,False,0.4381923340848983,True,,abcd,0.15,2026-03-12T12:58:34.938858
80,80,2,27,101,bnb_c,0.09983325004577637,True,False,0.438192334084894,True,,abcd,0.15,2026-03-12T12:58:35.164696
80,80,2,28,110,gurobi,3.865373134613037,True,False,0.41917355371900605,True,,abcd,0.15,2026-03-12T12:58:39.166881
80,80,2,28,110,bnb_c,0.486541748046875,True,False,0.419173553719008,True,,abcd,0.15,2026-03-12T12:58:39.787365
80,80,2,29,110,gurobi,0.12985014915466309,True,False,0.4363223140495842,True,,abcd,0.15,2026-03-12T12:58:40.056813
80,80,2,29,110,bnb_c,0.020035982131958008,True,False,0.436322314049587,True,,abcd,0.15,2026-03-12T12:58:40.208677
80,80,2,30,115,gurobi,1.0354831218719482,True,False,0.41300567107750563,True,,abcd,0.15,2026-03-12T12:58:41.388069
80,80,2,30,115,bnb_c,0.13086485862731934,True,False,0.413005671077505,True,,abcd,0.15,2026-03-12T12:58:41.647405
80,80,2,31,113,gurobi,0.17447590827941895,True,False,0.45575224957133803,True,,abcd,0.15,2026-03-12T12:58:41.955551
80,80,2,31,113,bnb_c,0.011374950408935547,True,False,0.455752212389381,True,,abcd,0.15,2026-03-12T12:58:42.090733
80,80,2,32,117,gurobi,0.6006321907043457,True,False,0.41157133464825935,True,,abcd,0.15,2026-03-12T12:58:42.831843
80,80,2,32,117,bnb_c,0.17012929916381836,True,False,0.411571334648258,True,,abcd,0.15,2026-03-12T12:58:43.125816
80,80,2,33,119,gurobi,0.07021903991699219,True,False,0.42436974789917,True,,abcd,0.15,2026-03-12T12:58:43.329228
80,80,2,33,119,bnb_c,0.020779132843017578,True,False,0.42436974789916,True,,abcd,0.15,2026-03-12T12:58:43.483545
80,80,2,34,110,gurobi,0.04990196228027344,True,False,0.4452892561983435,True,,abcd,0.15,2026-03-12T12:58:43.661527
80,80,2,34,110,bnb_c,0.012759923934936523,True,False,0.445289256198347,True,,abcd,0.15,2026-03-12T12:58:43.805694
80,80,2,35,120,gurobi,1.9727330207824707,True,False,0.39163194444444555,True,,abcd,0.15,2026-03-12T12:58:45.908877
80,80,2,35,120,bnb_c,0.8095870018005371,True,False,0.391631944444445,True,,abcd,0.15,2026-03-12T12:58:46.840765
80,80,2,36,121,gurobi,0.06413602828979492,True,False,0.4338501468478913,True,,abcd,0.15,2026-03-12T12:58:47.033499
80,80,2,36,121,bnb_c,0.013370037078857422,True,False,0.433850146847893,True,,abcd,0.15,2026-03-12T12:58:47.178972
80,80,2,37,118,gurobi,0.10292625427246094,True,False,0.4389184142487755,True,,abcd,0.15,2026-03-12T12:58:47.424347
80,80,2,37,118,bnb_c,0.012638092041015625,True,False,0.438918414248779,True,,abcd,0.15,2026-03-12T12:58:47.567449
80,80,2,38,119,gurobi,0.13770222663879395,True,False,0.4243697478991633,True,,abcd,0.15,2026-03-12T12:58:47.838894
80,80,2,38,119,bnb_c,0.01894402503967285,True,False,0.42436974789916,True,,abcd,0.15,2026-03-12T12:58:47.988601
80,80,2,39,133,gurobi,0.775388240814209,True,False,0.4071456837582657,True,,abcd,0.15,2026-03-12T12:58:48.901444
80,80,2,39,133,bnb_c,0.03350090980529785,True,False,0.407145683758268,True,,abcd,0.15,2026-03-12T12:58:49.059589
80,80,2,40,113,gurobi,2.4343388080596924,True,False,0.42039313963505104,True,,abcd,0.15,2026-03-12T12:58:51.633716
80,80,2,40,113,bnb_c,0.11574101448059082,True,False,0.420393139635054,True,,abcd,0.15,2026-03-12T12:58:51.878531
80,80,2,41,108,gurobi,1.1652350425720215,True,False,0.4166237997256547,True,,abcd,0.15,2026-03-12T12:58:53.183563
80,80,2,41,108,bnb_c,0.4356679916381836,True,False,0.416623799725652,True,,abcd,0.15,2026-03-12T12:58:53.753231
80,80,2,42,116,gurobi,0.5015010833740234,True,False,0.4256837098692025,True,,abcd,0.15,2026-03-12T12:58:54.392516
80,80,2,42,116,bnb_c,0.019032716751098633,True,False,0.425683709869203,True,,abcd,0.15,2026-03-12T12:58:54.540320
80,80,2,43,114,gurobi,1.5085556507110596,True,False,0.4098184056632829,True,,abcd,0.15,2026-03-12T12:58:56.181483
80,80,2,43,114,bnb_c,0.1086578369140625,True,False,0.409818405663281,True,,abcd,0.15,2026-03-12T12:58:56.414472
80,80,2,44,112,gurobi,0.4928460121154785,True,False,0.4228316326530595,True,,abcd,0.15,2026-03-12T12:58:57.041430
80,80,2,44,112,bnb_c,0.02991008758544922,True,False,0.422831632653061,True,,abcd,0.15,2026-03-12T12:58:57.195647
80,80,2,45,126,gurobi,0.15356993675231934,True,False,0.4186192995716861,True,,abcd,0.15,2026-03-12T12:58:57.485607
80,80,2,45,126,bnb_c,0.02117609977722168,True,False,0.41861929957168,True,,abcd,0.15,2026-03-12T12:58:57.638817
80,80,2,46,119,gurobi,1.917064905166626,True,False,0.3838358872961018,True,,abcd,0.15,2026-03-12T12:58:59.690926
80,80,2,46,119,bnb_c,0.7759370803833008,True,False,0.383835887296095,True,,abcd,0.15,2026-03-12T12:59:00.590480
80,80,2,47,113,gurobi,0.06709003448486328,True,False,0.4598637324770922,True,,abcd,0.15,2026-03-12T12:59:00.838637
80,80,2,47,113,bnb_c,0.007249116897583008,True,False,0.446863497533088,True,,abcd,0.15,2026-03-12T12:59:00.981741
80,80,2,48,110,gurobi,0.1508927345275879,True,False,0.44479338842974914,True,,abcd,0.15,2026-03-12T12:59:01.275199
80,80,2,48,110,bnb_c,0.021738052368164062,True,False,0.444793388429752,True,,abcd,0.15,2026-03-12T12:59:01.428001
80,80,2,49,115,gurobi,0.3158230781555176,True,False,0.4303969754253351,True,,abcd,0.15,2026-03-12T12:59:01.878995
80,80,2,49,115,bnb_c,0.03508710861206055,True,False,0.430396975425331,True,,abcd,0.15,2026-03-12T12:59:02.036810
80,80,2,0,116,gurobi,0.0876312255859375,True,False,0.41940398335314755,True,,abcd,0.2,2026-03-12T12:59:02.266595
80,80,2,0,116,bnb_c,0.054093122482299805,True,False,0.419403983353151,True,,abcd,0.2,2026-03-12T12:59:02.446599
80,80,2,1,102,gurobi,0.5685670375823975,True,False,0.4184928873510142,True,,abcd,0.2,2026-03-12T12:59:03.145600
80,80,2,1,102,bnb_c,1.7607460021972656,True,False,0.418492887351019,True,,abcd,0.2,2026-03-12T12:59:05.029777
80,80,2,2,105,gurobi,0.2755570411682129,True,False,0.44281179138322574,True,,abcd,0.2,2026-03-12T12:59:05.440332
80,80,2,2,105,bnb_c,0.02232503890991211,True,False,0.44281179138322,True,,abcd,0.2,2026-03-12T12:59:05.586410
80,80,2,3,118,gurobi,0.3543970584869385,True,False,0.4152542372881328,True,,abcd,0.2,2026-03-12T12:59:06.083382
80,80,2,3,118,bnb_c,0.03222393989562988,True,False,0.415254237288136,True,,abcd,0.2,2026-03-12T12:59:06.239845
80,77,2,4,102,gurobi,0.19207000732421875,True,False,0.4313244905805425,True,,abcd,0.2,2026-03-12T12:59:06.547947
80,77,2,4,102,bnb_c,0.026739120483398438,True,False,0.431324490580546,True,,abcd,0.2,2026-03-12T12:59:06.676173
80,80,2,5,106,gurobi,0.2936391830444336,True,False,0.4150498398006431,True,,abcd,0.2,2026-03-12T12:59:07.112162
80,80,2,5,106,bnb_c,0.39066123962402344,True,False,0.415049839800641,True,,abcd,0.2,2026-03-12T12:59:07.625477
80,80,2,6,135,gurobi,0.1328907012939453,True,False,0.3948148148148141,True,,abcd,0.2,2026-03-12T12:59:07.892346
80,80,2,6,135,bnb_c,0.07482504844665527,True,False,0.394814814814815,True,,abcd,0.2,2026-03-12T12:59:08.097038
80,80,2,7,105,gurobi,0.9979007244110107,True,False,0.424444444444447,True,,abcd,0.2,2026-03-12T12:59:09.228120
80,80,2,7,105,bnb_c,0.11340880393981934,True,False,0.424444444444445,True,,abcd,0.2,2026-03-12T12:59:09.465709
80,80,2,8,113,gurobi,15.698959112167358,True,False,0.37931709609209646,True,,abcd,0.2,2026-03-12T12:59:25.296466
80,80,2,8,113,bnb_c,2.5049118995666504,True,False,0.379317096092098,True,,abcd,0.2,2026-03-12T12:59:27.931140
80,80,2,9,124,gurobi,0.722520112991333,True,False,0.3870967741935465,True,,abcd,0.2,2026-03-12T12:59:28.792489
80,80,2,9,124,bnb_c,0.42901182174682617,True,False,0.387096774193548,True,,abcd,0.2,2026-03-12T12:59:29.349651
80,80,2,10,119,gurobi,0.31182384490966797,True,False,0.39912435562460913,True,,abcd,0.2,2026-03-12T12:59:29.800272
80,80,2,10,119,bnb_c,0.14045405387878418,True,False,0.399124355624603,True,,abcd,0.2,2026-03-12T12:59:30.068144
80,80,2,11,135,gurobi,11.53586483001709,True,False,0.35925925925925617,True,,abcd,0.2,2026-03-12T12:59:41.736949
80,80,2,11,135,bnb_c,0.8627419471740723,True,False,0.35925925925926,True,,abcd,0.2,2026-03-12T12:59:42.730624
80,80,2,12,117,gurobi,0.6594040393829346,True,False,0.40466798159105605,True,,abcd,0.2,2026-03-12T12:59:43.525318
80,80,2,12,117,bnb_c,0.5696487426757812,True,False,0.404667981591059,True,,abcd,0.2,2026-03-12T12:59:44.224458
80,80,2,13,125,gurobi,1.1621959209442139,True,False,0.3879679999999999,True,,abcd,0.2,2026-03-12T12:59:45.525280
80,80,2,13,125,bnb_c,0.13821625709533691,True,False,0.387968,True,,abcd,0.2,2026-03-12T12:59:45.796406
80,80,2,14,104,gurobi,0.5856928825378418,True,False,0.4326460798816508,True,,abcd,0.2,2026-03-12T12:59:46.517143
80,80,2,14,104,bnb_c,0.18919825553894043,True,False,0.432646079881657,True,,abcd,0.2,2026-03-12T12:59:46.829181
80,80,2,15,116,gurobi,0.9389159679412842,True,False,0.41007728894173495,True,,abcd,0.2,2026-03-12T12:59:47.897267
80,80,2,15,116,bnb_c,0.10820198059082031,True,False,0.410077288941736,True,,abcd,0.2,2026-03-12T12:59:48.130011
80,80,2,16,99,gurobi,0.08167386054992676,True,False,0.4494949494949468,True,,abcd,0.2,2026-03-12T12:59:48.348944
80,80,2,16,99,bnb_c,0.016429662704467773,True,False,0.44949494949495,True,,abcd,0.2,2026-03-12T12:59:48.497922
80,80,2,17,111,gurobi,0.6802258491516113,True,False,0.4182696209723213,True,,abcd,0.2,2026-03-12T12:59:49.309214
80,80,2,17,111,bnb_c,0.05339813232421875,True,False,0.418269620972324,True,,abcd,0.2,2026-03-12T12:59:49.484721
80,80,2,18,110,gurobi,0.060811758041381836,True,False,0.4413223140495856,True,,abcd,0.2,2026-03-12T12:59:49.685225
80,80,2,18,110,bnb_c,0.040205955505371094,True,False,0.441322314049587,True,,abcd,0.2,2026-03-12T12:59:49.851338
80,80,2,19,116,gurobi,0.6618890762329102,True,False,0.42148483947681076,True,,abcd,0.2,2026-03-12T12:59:50.650056
80,80,2,19,116,bnb_c,0.08252811431884766,True,False,0.421484839476813,True,,abcd,0.2,2026-03-12T12:59:50.857484
80,80,2,20,105,gurobi,1.1762690544128418,True,False,0.4142857142857176,True,,abcd,0.2,2026-03-12T12:59:52.174405
80,80,2,20,105,bnb_c,0.6299819946289062,True,False,0.414285714285714,True,,abcd,0.2,2026-03-12T12:59:52.933734
80,80,2,21,114,gurobi,0.17331576347351074,True,False,0.43548014773776744,True,,abcd,0.2,2026-03-12T12:59:53.236363
80,80,2,21,114,bnb_c,0.020338058471679688,True,False,0.435480147737765,True,,abcd,0.2,2026-03-12T12:59:53.382091
80,80,2,22,121,gurobi,0.10666513442993164,True,False,0.42561983471074266,True,,abcd,0.2,2026-03-12T12:59:53.625547
80,80,2,22,121,bnb_c,0.013292074203491211,True,False,0.425619834710744,True,,abcd,0.2,2026-03-12T12:59:53.768321
80,80,2,23,113,gurobi,0.4434061050415039,True,False,0.41267914480381845,True,,abcd,0.2,2026-03-12T12:59:54.349679
80,80,2,23,113,bnb_c,0.1420280933380127,True,False,0.412679144803822,True,,abcd,0.2,2026-03-12T12:59:54.620208
80,80,2,24,121,gurobi,0.3971598148345947,True,False,0.4023973772283298,True,,abcd,0.2,2026-03-12T12:59:55.155765
80,80,2,24,121,bnb_c,0.19478297233581543,True,False,0.402397377228332,True,,abcd,0.2,2026-03-12T12:59:55.474733
80,80,2,25,131,gurobi,2.009477138519287,True,False,0.40836781073363826,True,,abcd,0.2,2026-03-12T12:59:57.622177
80,80,2,25,131,bnb_c,0.045867919921875,True,False,0.40836781073364,True,,abcd,0.2,2026-03-12T12:59:57.792768
80,80,2,26,119,gurobi,1.163086175918579,True,False,0.4075630252100918,True,,abcd,0.2,2026-03-12T12:59:59.097503
80,80,2,26,119,bnb_c,0.17252707481384277,True,False,0.407563025210084,True,,abcd,0.2,2026-03-12T12:59:59.393945
80,80,2,27,122,gurobi,0.20252513885498047,True,False,0.40163934426229436,True,,abcd,0.2,2026-03-12T12:59:59.736674
80,80,2,27,122,bnb_c,0.0721428394317627,True,False,0.401639344262295,True,,abcd,0.2,2026-03-12T12:59:59.936285
80,80,2,28,115,gurobi,0.7288610935211182,True,False,0.41629489603024794,True,,abcd,0.2,2026-03-12T13:00:00.804319
80,80,2,28,115,bnb_c,0.15977978706359863,True,False,0.416294896030246,True,,abcd,0.2,2026-03-12T13:00:01.092457
80,80,2,29,107,gurobi,1.0554499626159668,True,False,0.4095990916237172,True,,abcd,0.2,2026-03-12T13:00:02.277194
80,80,2,29,107,bnb_c,0.2167959213256836,True,False,0.409599091623723,True,,abcd,0.2,2026-03-12T13:00:02.619575
80,80,2,30,122,gurobi,0.683521032333374,True,False,0.3893778554152106,True,,abcd,0.2,2026-03-12T13:00:03.439999
80,80,2,30,122,bnb_c,0.38640594482421875,True,False,0.389377855415211,True,,abcd,0.2,2026-03-12T13:00:03.951712
80,80,2,31,107,gurobi,1.1031718254089355,True,False,0.4064984652389104,True,,abcd,0.2,2026-03-12T13:00:05.183911
80,80,2,31,107,bnb_c,1.6664760112762451,True,False,0.406498384138353,True,,abcd,0.2,2026-03-12T13:00:06.975096
80,80,2,32,119,gurobi,0.6862728595733643,True,False,0.4159310783136812,True,,abcd,0.2,2026-03-12T13:00:07.790748
80,80,2,32,119,bnb_c,0.0450589656829834,True,False,0.415931078313679,True,,abcd,0.2,2026-03-12T13:00:07.961310
80,80,2,33,108,gurobi,1.3407533168792725,True,False,0.4166237997256544,True,,abcd,0.2,2026-03-12T13:00:09.443168
80,80,2,33,108,bnb_c,0.10023689270019531,True,False,0.416623799725652,True,,abcd,0.2,2026-03-12T13:00:09.671564
80,80,2,34,118,gurobi,0.629863977432251,True,False,0.41166331513932447,True,,abcd,0.2,2026-03-12T13:00:10.433473
80,80,2,34,118,bnb_c,0.03398394584655762,True,False,0.411663315139328,True,,abcd,0.2,2026-03-12T13:00:10.593315
80,80,2,35,116,gurobi,0.44911789894104004,True,False,0.40513525564803476,True,,abcd,0.2,2026-03-12T13:00:11.185204
80,80,2,35,116,bnb_c,0.12966299057006836,True,False,0.405135255648038,True,,abcd,0.2,2026-03-12T13:00:11.440169
80,80,2,36,108,gurobi,2.3193581104278564,True,False,0.41662379972565483,True,,abcd,0.2,2026-03-12T13:00:13.898417
80,80,2,36,108,bnb_c,0.352506160736084,True,False,0.416623799725652,True,,abcd,0.2,2026-03-12T13:00:14.374663
80,80,2,37,125,gurobi,0.7830307483673096,True,False,0.39484799999999554,True,,abcd,0.2,2026-03-12T13:00:15.289230
80,80,2,37,125,bnb_c,0.12764382362365723,True,False,0.394848,True,,abcd,0.2,2026-03-12T13:00:15.541941
80,80,2,38,123,gurobi,0.17444896697998047,True,False,0.41126313702161643,True,,abcd,0.2,2026-03-12T13:00:15.850939
80,80,2,38,123,bnb_c,0.025136232376098633,True,False,0.411263137021614,True,,abcd,0.2,2026-03-12T13:00:15.999639
80,80,2,39,109,gurobi,1.1110079288482666,True,False,0.38986617288106906,True,,abcd,0.2,2026-03-12T13:00:17.244454
80,80,2,39,109,bnb_c,7.672072887420654,True,False,0.389866172881071,True,,abcd,0.2,2026-03-12T13:00:25.041949
80,80,2,40,113,gurobi,0.6715939044952393,True,False,0.4203539823008863,True,,abcd,0.2,2026-03-12T13:00:25.851451
80,80,2,40,113,bnb_c,0.040670156478881836,True,False,0.420353982300885,True,,abcd,0.2,2026-03-12T13:00:26.021041
80,80,2,41,118,gurobi,0.23145508766174316,True,False,0.41166331513932486,True,,abcd,0.2,2026-03-12T13:00:26.401210
80,80,2,41,118,bnb_c,0.06498265266418457,True,False,0.411663315139328,True,,abcd,0.2,2026-03-12T13:00:26.603341
80,80,2,42,115,gurobi,0.3388190269470215,True,False,0.42858223062381867,True,,abcd,0.2,2026-03-12T13:00:27.082966
80,80,2,42,115,bnb_c,0.026028156280517578,True,False,0.428582230623819,True,,abcd,0.2,2026-03-12T13:00:27.232430
80,80,2,43,112,gurobi,1.4898159503936768,True,False,0.4067283163265286,True,,abcd,0.2,2026-03-12T13:00:28.863398
80,80,2,43,112,bnb_c,0.29097795486450195,True,False,0.40672831632653,True,,abcd,0.2,2026-03-12T13:00:29.281196
80,80,2,44,116,gurobi,2.194833993911743,True,False,0.38789393677872064,True,,abcd,0.2,2026-03-12T13:00:31.609907
80,80,2,44,116,bnb_c,1.1725187301635742,True,False,0.387893876337693,True,,abcd,0.2,2026-03-12T13:00:32.908604
80,80,2,45,109,gurobi,2.151543140411377,True,False,0.4132227926942159,True,,abcd,0.2,2026-03-12T13:00:35.191859
80,80,2,45,109,bnb_c,1.1855778694152832,True,False,0.413222792694218,True,,abcd,0.2,2026-03-12T13:00:36.501973
80,80,2,46,113,gurobi,0.6017758846282959,True,False,0.4280288197979465,True,,abcd,0.2,2026-03-12T13:00:37.243634
80,80,2,46,113,bnb_c,0.0491487979888916,True,False,0.428028819797948,True,,abcd,0.2,2026-03-12T13:00:37.415514
80,80,2,47,120,gurobi,0.09996318817138672,True,False,0.4416319958041247,True,,abcd,0.2,2026-03-12T13:00:37.660954
80,80,2,47,120,bnb_c,0.010497093200683594,True,False,0.441631944444445,True,,abcd,0.2,2026-03-12T13:00:37.798544
80,80,2,48,116,gurobi,0.20050716400146484,True,False,0.4296967895362654,True,,abcd,0.2,2026-03-12T13:00:38.140385
80,80,2,48,116,bnb_c,0.022598981857299805,True,False,0.429696789536266,True,,abcd,0.2,2026-03-12T13:00:38.286415
80,80,2,49,116,gurobi,0.3144550323486328,True,False,0.4256837098692031,True,,abcd,0.2,2026-03-12T13:00:38.739414
80,80,2,49,116,bnb_c,0.015384912490844727,True,False,0.425683709869203,True,,abcd,0.2,2026-03-12T13:00:38.876712
80,80,2,0,116,gurobi,0.2180478572845459,True,False,0.411414982164087,True,,abcd,0.25,2026-03-12T13:00:39.231426
80,80,2,0,116,bnb_c,0.24689197540283203,True,False,0.41141498216409,True,,abcd,0.25,2026-03-12T13:00:39.609671
80,80,2,1,112,gurobi,0.1428217887878418,True,False,0.42857142857142577,True,,abcd,0.25,2026-03-12T13:00:39.888391
80,80,2,1,112,bnb_c,0.03982806205749512,True,False,0.428571428571429,True,,abcd,0.25,2026-03-12T13:00:40.055664
80,80,2,2,126,gurobi,6.558403968811035,True,False,0.3668430335097039,True,,abcd,0.25,2026-03-12T13:00:46.756316
80,80,2,2,126,bnb_c,5.841456890106201,True,False,0.3668430335097,True,,abcd,0.25,2026-03-12T13:00:52.726481
80,80,2,3,116,gurobi,0.8099310398101807,True,False,0.38926872770510984,True,,abcd,0.25,2026-03-12T13:00:53.676315
80,80,2,3,116,bnb_c,1.2478809356689453,True,False,0.389268727705113,True,,abcd,0.25,2026-03-12T13:00:55.053340
80,80,2,4,128,gurobi,2.6014997959136963,True,False,0.382781982421875,True,,abcd,0.25,2026-03-12T13:00:57.791336
80,80,2,4,128,bnb_c,0.1999678611755371,True,False,0.382781982421875,True,,abcd,0.25,2026-03-12T13:00:58.120483
80,80,2,5,113,gurobi,0.7495660781860352,True,False,0.40124520322656215,True,,abcd,0.25,2026-03-12T13:00:59.009289
80,80,2,5,113,bnb_c,0.38887786865234375,True,False,0.401245203226564,True,,abcd,0.25,2026-03-12T13:00:59.527312
80,80,2,6,122,gurobi,0.5617718696594238,True,False,0.3882020962106945,True,,abcd,0.25,2026-03-12T13:01:00.229550
80,80,2,6,122,bnb_c,0.31294822692871094,True,False,0.388202096210696,True,,abcd,0.25,2026-03-12T13:01:00.671109
80,80,2,7,103,gurobi,0.10071396827697754,True,False,0.4497596380431651,True,,abcd,0.25,2026-03-12T13:01:00.913842
80,80,2,7,103,bnb_c,0.020009994506835938,True,False,0.449759638043171,True,,abcd,0.25,2026-03-12T13:01:01.068579
80,80,2,8,110,gurobi,0.7087769508361816,True,False,0.4131818181818136,True,,abcd,0.25,2026-03-12T13:01:01.921829
80,80,2,8,110,bnb_c,0.16465306282043457,True,False,0.413181818181818,True,,abcd,0.25,2026-03-12T13:01:02.212421
80,80,2,9,144,gurobi,0.6683399677276611,True,False,0.35609567901234535,True,,abcd,0.25,2026-03-12T13:01:03.018561
80,80,2,9,144,bnb_c,0.5902409553527832,True,False,0.356095679012346,True,,abcd,0.25,2026-03-12T13:01:03.734417
80,80,2,10,112,gurobi,0.8057310581207275,True,False,0.41960299744897883,True,,abcd,0.25,2026-03-12T13:01:04.669721
80,80,2,10,112,bnb_c,0.05270099639892578,True,False,0.41960299744898,True,,abcd,0.25,2026-03-12T13:01:04.846999
80,80,2,11,131,gurobi,4.244171857833862,True,False,0.3625662840160821,True,,abcd,0.25,2026-03-12T13:01:09.240099
80,80,2,11,131,bnb_c,0.6796720027923584,True,False,0.362566284016083,True,,abcd,0.25,2026-03-12T13:01:10.046012
80,80,2,12,117,gurobi,5.115921258926392,True,False,0.4059829059829048,True,,abcd,0.25,2026-03-12T13:01:15.295959
80,80,2,12,117,bnb_c,0.06046414375305176,True,False,0.405982905982906,True,,abcd,0.25,2026-03-12T13:01:15.489922
80,80,2,13,112,gurobi,4.718875885009766,True,False,0.3928571428571419,True,,abcd,0.25,2026-03-12T13:01:20.347247
80,80,2,13,112,bnb_c,0.8930120468139648,True,False,0.392857142857143,True,,abcd,0.25,2026-03-12T13:01:21.369388
80,80,2,14,122,gurobi,0.9287612438201904,True,False,0.3830959419510843,True,,abcd,0.25,2026-03-12T13:01:22.430477
80,80,2,14,122,bnb_c,0.9022557735443115,True,False,0.383095941951088,True,,abcd,0.25,2026-03-12T13:01:23.463844
80,80,2,15,126,gurobi,0.23799896240234375,True,False,0.41191106072059,True,,abcd,0.25,2026-03-12T13:01:23.842715
80,80,2,15,126,bnb_c,0.05600285530090332,True,False,0.411911060720585,True,,abcd,0.25,2026-03-12T13:01:24.027669
80,80,2,16,111,gurobi,0.8727328777313232,True,False,0.41891891891891775,True,,abcd,0.25,2026-03-12T13:01:25.041468
80,80,2,16,111,bnb_c,0.14446115493774414,True,False,0.418918918918919,True,,abcd,0.25,2026-03-12T13:01:25.314839
80,80,2,17,113,gurobi,2.263546943664551,True,False,0.3937661524003435,True,,abcd,0.25,2026-03-12T13:01:27.719850
80,80,2,17,113,bnb_c,0.8776719570159912,True,False,0.393766152400345,True,,abcd,0.25,2026-03-12T13:01:28.733116
80,80,2,18,116,gurobi,2.127537250518799,True,False,0.40513525564803626,True,,abcd,0.25,2026-03-12T13:01:30.989268
80,80,2,18,116,bnb_c,0.12398695945739746,True,False,0.405135255648038,True,,abcd,0.25,2026-03-12T13:01:31.240285
80,80,2,19,115,gurobi,1.261425256729126,True,False,0.4066540642722143,True,,abcd,0.25,2026-03-12T13:01:32.635018
80,80,2,19,115,bnb_c,0.18681716918945312,True,False,0.406654064272212,True,,abcd,0.25,2026-03-12T13:01:32.954166
80,80,2,20,115,gurobi,3.8442790508270264,True,False,0.38151228733459613,True,,abcd,0.25,2026-03-12T13:01:36.934847
80,80,2,20,115,bnb_c,3.0114519596099854,True,False,0.381512287334593,True,,abcd,0.25,2026-03-12T13:01:40.075183
80,80,2,21,119,gurobi,5.367056846618652,True,False,0.3655109102464538,True,,abcd,0.25,2026-03-12T13:01:45.573221
80,80,2,21,119,bnb_c,17.94409203529358,True,False,0.365510910246452,True,,abcd,0.25,2026-03-12T13:02:03.645757
80,80,2,22,114,gurobi,4.915189981460571,True,False,0.3947368421052646,True,,abcd,0.25,2026-03-12T13:02:08.698676
80,80,2,22,114,bnb_c,0.747520923614502,True,False,0.394736842105263,True,,abcd,0.25,2026-03-12T13:02:09.580996
80,80,2,23,131,gurobi,0.27199792861938477,True,False,0.39310063516111954,True,,abcd,0.25,2026-03-12T13:02:09.996301
80,80,2,23,131,bnb_c,0.0418701171875,True,False,0.393100635161121,True,,abcd,0.25,2026-03-12T13:02:10.171697
80,80,2,24,111,gurobi,0.5678009986877441,True,False,0.4187565944322667,True,,abcd,0.25,2026-03-12T13:02:10.892215
80,80,2,24,111,bnb_c,0.17984890937805176,True,False,0.41875659443227,True,,abcd,0.25,2026-03-12T13:02:11.202316
80,80,2,25,130,gurobi,0.7088668346405029,True,False,0.37502958579882223,True,,abcd,0.25,2026-03-12T13:02:12.039712
80,80,2,25,130,bnb_c,0.24887704849243164,True,False,0.375029585798817,True,,abcd,0.25,2026-03-12T13:02:12.415777
80,80,2,26,118,gurobi,0.48676490783691406,True,False,0.3897945992530853,True,,abcd,0.25,2026-03-12T13:02:13.037591
80,80,2,26,118,bnb_c,1.0422031879425049,True,False,0.389794599253088,True,,abcd,0.25,2026-03-12T13:02:14.205577
80,80,2,27,108,gurobi,4.821230173110962,True,False,0.40586419753086644,True,,abcd,0.25,2026-03-12T13:02:19.162255
80,80,2,27,108,bnb_c,0.5839800834655762,True,False,0.405864197530864,True,,abcd,0.25,2026-03-12T13:02:19.876438
80,80,2,28,105,gurobi,0.6563887596130371,True,False,0.4331519274376439,True,,abcd,0.25,2026-03-12T13:02:20.672489
80,80,2,28,105,bnb_c,0.12105131149291992,True,False,0.433151927437642,True,,abcd,0.25,2026-03-12T13:02:20.921806
80,80,2,29,121,gurobi,0.622952938079834,True,False,0.4090909090909083,True,,abcd,0.25,2026-03-12T13:02:21.686874
80,80,2,29,121,bnb_c,0.03137516975402832,True,False,0.409090909090909,True,,abcd,0.25,2026-03-12T13:02:21.846739
80,80,2,30,105,gurobi,0.5455241203308105,True,False,0.42680272108844025,True,,abcd,0.25,2026-03-12T13:02:22.540797
80,80,2,30,105,bnb_c,0.06750893592834473,True,False,0.426802721088436,True,,abcd,0.25,2026-03-12T13:02:22.734628
80,80,2,31,105,gurobi,0.12430524826049805,True,False,0.42879818594104724,True,,abcd,0.25,2026-03-12T13:02:22.999784
80,80,2,31,105,bnb_c,0.05036807060241699,True,False,0.428798185941043,True,,abcd,0.25,2026-03-12T13:02:23.181418
80,80,2,32,124,gurobi,0.9686291217803955,True,False,0.39512877211237857,True,,abcd,0.25,2026-03-12T13:02:24.294363
80,80,2,32,124,bnb_c,0.09173393249511719,True,False,0.395128772112383,True,,abcd,0.25,2026-03-12T13:02:24.513825
80,80,2,33,121,gurobi,2.2733891010284424,True,False,0.376033057851237,True,,abcd,0.25,2026-03-12T13:02:26.927448
80,80,2,33,121,bnb_c,2.014909267425537,True,False,0.37603305785124,True,,abcd,0.25,2026-03-12T13:02:29.067697
80,80,2,34,114,gurobi,0.9084229469299316,True,False,0.4025469375192389,True,,abcd,0.25,2026-03-12T13:02:30.108005
80,80,2,34,114,bnb_c,0.532397985458374,True,False,0.402546937519237,True,,abcd,0.25,2026-03-12T13:02:30.768241
80,80,2,35,113,gurobi,0.5342490673065186,True,False,0.4114652674445895,True,,abcd,0.25,2026-03-12T13:02:31.434966
80,80,2,35,113,bnb_c,0.2181539535522461,True,False,0.411465267444592,True,,abcd,0.25,2026-03-12T13:02:31.780882
80,80,2,36,117,gurobi,2.374197006225586,True,False,0.3717948717948715,True,,abcd,0.25,2026-03-12T13:02:34.293897
80,80,2,36,117,bnb_c,7.29209303855896,True,False,0.371794871794872,True,,abcd,0.25,2026-03-12T13:02:41.716167
80,80,2,37,104,gurobi,0.8327653408050537,True,False,0.4230769230769179,True,,abcd,0.25,2026-03-12T13:02:42.694995
80,80,2,37,104,bnb_c,0.1360340118408203,True,False,0.423076923076923,True,,abcd,0.25,2026-03-12T13:02:42.960241
80,80,2,38,108,gurobi,1.6024599075317383,True,False,0.4166237997256574,True,,abcd,0.25,2026-03-12T13:02:44.702512
80,80,2,38,108,bnb_c,0.3155100345611572,True,False,0.416623799725652,True,,abcd,0.25,2026-03-12T13:02:45.145407
80,80,2,39,112,gurobi,1.640949010848999,True,False,0.41565688775509846,True,,abcd,0.25,2026-03-12T13:02:46.926866
80,80,2,39,112,bnb_c,0.08116722106933594,True,False,0.415656887755102,True,,abcd,0.25,2026-03-12T13:02:47.135342
80,80,2,40,134,gurobi,2.3005192279815674,True,False,0.37346847850300813,True,,abcd,0.25,2026-03-12T13:02:49.576703
80,80,2,40,134,bnb_c,1.0503039360046387,True,False,0.373468478503007,True,,abcd,0.25,2026-03-12T13:02:50.754836
80,80,2,41,123,gurobi,0.5198369026184082,True,False,0.3968537246348103,True,,abcd,0.25,2026-03-12T13:02:51.419613
80,80,2,41,123,bnb_c,0.16312599182128906,True,False,0.396853724634808,True,,abcd,0.25,2026-03-12T13:02:51.708312
80,80,2,42,116,gurobi,2.166311025619507,True,False,0.38343489892984267,True,,abcd,0.25,2026-03-12T13:02:54.013669
80,80,2,42,116,bnb_c,2.0371930599212646,True,False,0.383434898929845,True,,abcd,0.25,2026-03-12T13:02:56.180193
80,80,2,43,117,gurobi,0.8400609493255615,True,False,0.41420118343195245,True,,abcd,0.25,2026-03-12T13:02:57.157273
80,80,2,43,117,bnb_c,0.059279680252075195,True,False,0.414201183431953,True,,abcd,0.25,2026-03-12T13:02:57.346829
80,80,2,44,99,gurobi,0.7414379119873047,True,False,0.4393429873767166,True,,abcd,0.25,2026-03-12T13:02:58.229678
80,80,2,44,99,bnb_c,0.07802700996398926,True,False,0.439342924191409,True,,abcd,0.25,2026-03-12T13:02:58.436955
80,80,2,45,125,gurobi,1.5553653240203857,True,False,0.384127999999996,True,,abcd,0.25,2026-03-12T13:03:00.136691
80,80,2,45,125,bnb_c,0.2517659664154053,True,False,0.384128,True,,abcd,0.25,2026-03-12T13:03:00.516971
80,80,2,46,115,gurobi,0.1343080997467041,True,False,0.4217391304347859,True,,abcd,0.25,2026-03-12T13:03:00.784804
80,80,2,46,115,bnb_c,0.02279806137084961,True,False,0.421739130434783,True,,abcd,0.25,2026-03-12T13:03:00.941871
80,80,2,47,113,gurobi,2.2087650299072266,True,False,0.3973686271438627,True,,abcd,0.25,2026-03-12T13:03:03.294133
80,80,2,47,113,bnb_c,0.5059001445770264,True,False,0.397368627143864,True,,abcd,0.25,2026-03-12T13:03:03.925069
80,80,2,48,118,gurobi,0.15918302536010742,True,False,0.4228310830221162,True,,abcd,0.25,2026-03-12T13:03:04.218631
80,80,2,48,118,bnb_c,0.05141806602478027,True,False,0.42283108302212,True,,abcd,0.25,2026-03-12T13:03:04.399244
80,80,2,49,118,gurobi,2.2781991958618164,True,False,0.393134156851476,True,,abcd,0.25,2026-03-12T13:03:06.819081
80,80,2,49,118,bnb_c,0.807485818862915,True,False,0.39313415685148,True,,abcd,0.25,2026-03-12T13:03:07.753724
80,80,2,0,115,gurobi,5.586060047149658,True,False,0.3869566441869477,True,,abcd,0.3,2026-03-12T13:03:13.474254
80,80,2,0,115,bnb_c,0.43872714042663574,True,False,0.38695652173913,True,,abcd,0.3,2026-03-12T13:03:14.043218
80,80,2,1,125,gurobi,22.505767822265625,True,False,0.3512000000000011,True,,abcd,0.3,2026-03-12T13:03:36.684444
80,80,2,1,125,bnb_c,17.550220012664795,True,False,0.3512,True,,abcd,0.3,2026-03-12T13:03:54.366937
80,80,2,2,111,gurobi,2.0718820095062256,True,False,0.3968427887346767,True,,abcd,0.3,2026-03-12T13:03:56.576121
80,80,2,2,111,bnb_c,0.3225400447845459,True,False,0.396842788734681,True,,abcd,0.3,2026-03-12T13:03:57.027623
80,80,2,3,112,gurobi,0.7816970348358154,True,False,0.4081632653061189,True,,abcd,0.3,2026-03-12T13:03:57.952752
80,80,2,3,112,bnb_c,0.8581700325012207,True,False,0.408163265306122,True,,abcd,0.3,2026-03-12T13:03:58.939839
80,80,2,4,110,gurobi,7.504309892654419,True,False,0.39090909090908804,True,,abcd,0.3,2026-03-12T13:04:06.578057
80,80,2,4,110,bnb_c,4.847409963607788,True,False,0.390909090909091,True,,abcd,0.3,2026-03-12T13:04:11.559430
80,80,2,5,114,gurobi,4.67193078994751,True,False,0.3771929824561428,True,,abcd,0.3,2026-03-12T13:04:16.361444
80,80,2,5,114,bnb_c,10.652863025665283,True,False,0.377192982456141,True,,abcd,0.3,2026-03-12T13:04:27.143828
80,80,2,6,111,gurobi,3.002645969390869,True,False,0.4049995941887807,True,,abcd,0.3,2026-03-12T13:04:30.290168
80,80,2,6,111,bnb_c,0.2445812225341797,True,False,0.404999594188784,True,,abcd,0.3,2026-03-12T13:04:30.664454
80,80,2,7,117,gurobi,1.2089977264404297,True,False,0.38362919132149886,True,,abcd,0.3,2026-03-12T13:04:32.042265
80,80,2,7,117,bnb_c,1.3134429454803467,True,False,0.383629191321499,True,,abcd,0.3,2026-03-12T13:04:33.489352
80,80,2,8,114,gurobi,0.6795158386230469,True,False,0.39700677131425305,True,,abcd,0.3,2026-03-12T13:04:34.300648
80,80,2,8,114,bnb_c,0.49729299545288086,True,False,0.39700677131425,True,,abcd,0.3,2026-03-12T13:04:34.930230
80,80,2,9,114,gurobi,1.3653030395507812,True,False,0.40316251154201566,True,,abcd,0.3,2026-03-12T13:04:36.428419
80,80,2,9,114,bnb_c,0.490109920501709,True,False,0.403162511542013,True,,abcd,0.3,2026-03-12T13:04:37.043836
80,80,2,10,121,gurobi,0.31876111030578613,True,False,0.4007922956082223,True,,abcd,0.3,2026-03-12T13:04:37.499880
80,80,2,10,121,bnb_c,0.1997981071472168,True,False,0.400792295608224,True,,abcd,0.3,2026-03-12T13:04:37.824588
80,80,2,11,112,gurobi,16.19248604774475,True,False,0.37356505102040644,True,,abcd,0.3,2026-03-12T13:04:54.157763
80,80,2,11,112,bnb_c,15.285283088684082,True,False,0.373565051020408,True,,abcd,0.3,2026-03-12T13:05:09.576140
80,80,2,12,115,gurobi,0.7657070159912109,True,False,0.4066540642722138,True,,abcd,0.3,2026-03-12T13:05:10.494509
80,80,2,12,115,bnb_c,0.17691707611083984,True,False,0.406654064272212,True,,abcd,0.3,2026-03-12T13:05:10.804019
80,80,2,13,125,gurobi,0.3289482593536377,True,False,0.3959999999999969,True,,abcd,0.3,2026-03-12T13:05:11.273807
80,80,2,13,125,bnb_c,0.08787822723388672,True,False,0.396,True,,abcd,0.3,2026-03-12T13:05:11.492837
80,80,2,14,102,gurobi,1.1409978866577148,True,False,0.4313246005841896,True,,abcd,0.3,2026-03-12T13:05:12.773515
80,80,2,14,102,bnb_c,0.2949860095977783,True,False,0.431324490580546,True,,abcd,0.3,2026-03-12T13:05:13.194051
80,80,2,15,106,gurobi,2.2743752002716064,True,False,0.40566037735849475,True,,abcd,0.3,2026-03-12T13:05:15.605581
80,80,2,15,106,bnb_c,2.34159779548645,True,False,0.405660377358491,True,,abcd,0.3,2026-03-12T13:05:18.071595
80,80,2,16,126,gurobi,1.539351224899292,True,False,0.36684303350970493,True,,abcd,0.3,2026-03-12T13:05:19.748184
80,80,2,16,126,bnb_c,1.2939271926879883,True,False,0.3668430335097,True,,abcd,0.3,2026-03-12T13:05:21.171029
80,80,2,17,102,gurobi,0.7620589733123779,True,False,0.4313244905805433,True,,abcd,0.3,2026-03-12T13:05:22.063464
80,80,2,17,102,bnb_c,0.17640376091003418,True,False,0.431324490580546,True,,abcd,0.3,2026-03-12T13:05:22.370121
80,80,2,18,114,gurobi,2.8555121421813965,True,False,0.3856186518928932,True,,abcd,0.3,2026-03-12T13:05:25.351969
80,80,2,18,114,bnb_c,1.5334670543670654,True,False,0.38561865189289,True,,abcd,0.3,2026-03-12T13:05:27.014385
80,80,2,19,112,gurobi,1.0597398281097412,True,False,0.3928172831632649,True,,abcd,0.3,2026-03-12T13:05:28.206706
80,80,2,19,112,bnb_c,2.725679874420166,True,False,0.392817283163265,True,,abcd,0.3,2026-03-12T13:05:31.064426
80,80,2,20,119,gurobi,0.679340124130249,True,False,0.3991243556246064,True,,abcd,0.3,2026-03-12T13:05:31.877408
80,80,2,20,119,bnb_c,0.19623661041259766,True,False,0.399124355624603,True,,abcd,0.3,2026-03-12T13:05:32.201587
80,80,2,21,122,gurobi,0.7160360813140869,True,False,0.3786280569739277,True,,abcd,0.3,2026-03-12T13:05:33.055267
80,80,2,21,122,bnb_c,0.7201526165008545,True,False,0.378628056973932,True,,abcd,0.3,2026-03-12T13:05:33.902222
80,80,2,22,111,gurobi,0.3703317642211914,True,False,0.40986932878824367,True,,abcd,0.3,2026-03-12T13:05:34.411108
80,80,2,22,111,bnb_c,0.11540794372558594,True,False,0.409869328788248,True,,abcd,0.3,2026-03-12T13:05:34.653569
80,80,2,23,114,gurobi,0.1587529182434082,True,False,0.4179362880886449,True,,abcd,0.3,2026-03-12T13:05:34.958406
80,80,2,23,114,bnb_c,0.08571290969848633,True,False,0.417936288088643,True,,abcd,0.3,2026-03-12T13:05:35.178198
80,80,2,24,106,gurobi,0.15049505233764648,True,False,0.43698825204699543,True,,abcd,0.3,2026-03-12T13:05:35.472065
80,80,2,24,106,bnb_c,0.08411097526550293,True,False,0.436988252046992,True,,abcd,0.3,2026-03-12T13:05:35.688033
80,80,2,25,120,gurobi,0.979947566986084,True,False,0.39302083333333565,True,,abcd,0.3,2026-03-12T13:05:36.815008
80,80,2,25,120,bnb_c,0.523435115814209,True,False,0.393020833333333,True,,abcd,0.3,2026-03-12T13:05:37.465886
80,80,2,26,135,gurobi,0.6086409091949463,True,False,0.3591495198902569,True,,abcd,0.3,2026-03-12T13:05:38.210569
80,80,2,26,135,bnb_c,0.8604011535644531,True,False,0.359149519890261,True,,abcd,0.3,2026-03-12T13:05:39.195863
80,80,2,27,114,gurobi,4.466866970062256,True,False,0.3859264979617041,True,,abcd,0.3,2026-03-12T13:05:43.793016
80,80,2,27,114,bnb_c,3.1096131801605225,True,False,0.385926438904278,True,,abcd,0.3,2026-03-12T13:05:47.034934
80,80,2,28,109,gurobi,0.7533218860626221,True,False,0.398914232808685,True,,abcd,0.3,2026-03-12T13:05:47.932537
80,80,2,28,109,bnb_c,6.289462089538574,True,False,0.398914232808686,True,,abcd,0.3,2026-03-12T13:05:54.351108
80,80,2,29,119,gurobi,1.2449090480804443,True,False,0.3991243556246063,True,,abcd,0.3,2026-03-12T13:05:55.727437
80,80,2,29,119,bnb_c,0.19170498847961426,True,False,0.399124355624603,True,,abcd,0.3,2026-03-12T13:05:56.053343
80,80,2,30,121,gurobi,1.1788127422332764,True,False,0.3748036336315817,True,,abcd,0.3,2026-03-12T13:05:57.363365
80,80,2,30,121,bnb_c,1.5402753353118896,True,False,0.374803633631583,True,,abcd,0.3,2026-03-12T13:05:59.036351
80,80,2,31,107,gurobi,1.125173807144165,True,False,0.42829068040876184,True,,abcd,0.3,2026-03-12T13:06:00.301107
80,80,2,31,107,bnb_c,0.2517421245574951,True,False,0.428290680408769,True,,abcd,0.3,2026-03-12T13:06:00.679069
80,80,2,32,123,gurobi,11.94473385810852,True,False,0.3584837067882911,True,,abcd,0.3,2026-03-12T13:06:12.761750
80,80,2,32,123,bnb_c,32.86258387565613,True,False,0.358483706788288,True,,abcd,0.3,2026-03-12T13:06:45.756857
80,80,2,33,126,gurobi,4.399367809295654,True,False,0.36684303350970565,True,,abcd,0.3,2026-03-12T13:06:50.293436
80,80,2,33,126,bnb_c,2.463698148727417,True,False,0.3668430335097,True,,abcd,0.3,2026-03-12T13:06:52.885849
80,80,2,34,121,gurobi,0.7188279628753662,True,False,0.37442797623113044,True,,abcd,0.3,2026-03-12T13:06:53.738589
80,80,2,34,121,bnb_c,7.5818798542022705,True,False,0.374427976231132,True,,abcd,0.3,2026-03-12T13:07:01.449880
80,80,2,35,118,gurobi,0.7709400653839111,True,False,0.4058819304797443,True,,abcd,0.3,2026-03-12T13:07:02.364010
80,80,2,35,118,bnb_c,0.07406497001647949,True,False,0.405881930479747,True,,abcd,0.3,2026-03-12T13:07:02.569362
80,80,2,36,117,gurobi,0.8926420211791992,True,False,0.40072320841551756,True,,abcd,0.3,2026-03-12T13:07:03.614756
80,80,2,36,117,bnb_c,0.44883012771606445,True,False,0.400723208415516,True,,abcd,0.3,2026-03-12T13:07:04.193255
80,80,2,37,119,gurobi,0.6028358936309814,True,False,0.4006426099851738,True,,abcd,0.3,2026-03-12T13:07:04.936528
80,80,2,37,119,bnb_c,0.11875414848327637,True,False,0.400642609985171,True,,abcd,0.3,2026-03-12T13:07:05.183491
80,80,2,38,111,gurobi,4.724270820617676,True,False,0.4088953818683549,True,,abcd,0.3,2026-03-12T13:07:10.044215
80,80,2,38,111,bnb_c,0.49720287322998047,True,False,0.408895381868355,True,,abcd,0.3,2026-03-12T13:07:10.679102
80,80,2,39,125,gurobi,0.9392750263214111,True,False,0.3897279999999982,True,,abcd,0.3,2026-03-12T13:07:11.760086
80,80,2,39,125,bnb_c,0.13370108604431152,True,False,0.389728,True,,abcd,0.3,2026-03-12T13:07:12.025650
80,80,2,40,132,gurobi,1.4860241413116455,True,False,0.37878787878788084,True,,abcd,0.3,2026-03-12T13:07:13.659000
80,80,2,40,132,bnb_c,0.21756315231323242,True,False,0.378787878787879,True,,abcd,0.3,2026-03-12T13:07:14.007522
80,80,2,41,107,gurobi,0.814694881439209,True,False,0.42518997292339195,True,,abcd,0.3,2026-03-12T13:07:14.952067
80,80,2,41,107,bnb_c,0.29241204261779785,True,False,0.425189972923399,True,,abcd,0.3,2026-03-12T13:07:15.378673
80,80,2,42,103,gurobi,1.8434360027313232,True,False,0.4222829672919184,True,,abcd,0.3,2026-03-12T13:07:17.373310
80,80,2,42,103,bnb_c,0.42212891578674316,True,False,0.422282967291922,True,,abcd,0.3,2026-03-12T13:07:17.925112
80,80,2,43,117,gurobi,2.2955069541931152,True,False,0.38030535466432885,True,,abcd,0.3,2026-03-12T13:07:20.349714
80,80,2,43,117,bnb_c,3.469496726989746,True,False,0.380305354664329,True,,abcd,0.3,2026-03-12T13:07:23.953147
80,80,2,44,121,gurobi,4.199141263961792,True,False,0.3760330578512366,True,,abcd,0.3,2026-03-12T13:07:28.292600
80,80,2,44,121,bnb_c,5.676077842712402,True,False,0.37603305785124,True,,abcd,0.3,2026-03-12T13:07:34.100227
80,80,2,45,99,gurobi,1.035351037979126,True,False,0.42929292929292745,True,,abcd,0.3,2026-03-12T13:07:35.280075
80,80,2,45,99,bnb_c,0.20342087745666504,True,False,0.42929292929293,True,,abcd,0.3,2026-03-12T13:07:35.610811
80,80,2,46,117,gurobi,1.0215873718261719,True,False,0.38030535466432847,True,,abcd,0.3,2026-03-12T13:07:36.773660
80,80,2,46,117,bnb_c,1.5781419277191162,True,False,0.380305354664329,True,,abcd,0.3,2026-03-12T13:07:38.479114
80,80,2,47,111,gurobi,0.6363978385925293,True,False,0.4189189189189139,True,,abcd,0.3,2026-03-12T13:07:39.252067
80,80,2,47,111,bnb_c,0.05654311180114746,True,False,0.418918918918919,True,,abcd,0.3,2026-03-12T13:07:39.438009
80,80,2,48,103,gurobi,1.4624459743499756,True,False,0.4222829672919191,True,,abcd,0.3,2026-03-12T13:07:41.052921
80,80,2,48,103,bnb_c,0.468214750289917,True,False,0.422282967291922,True,,abcd,0.3,2026-03-12T13:07:41.658979
80,80,2,49,117,gurobi,8.357683897018433,True,False,0.380305354664328,True,,abcd,0.3,2026-03-12T13:07:50.152280
80,80,2,49,117,bnb_c,1.4280900955200195,True,False,0.380305354664329,True,,abcd,0.3,2026-03-12T13:07:51.718282
80,80,2,0,111,gurobi,8.503428220748901,True,False,0.38288288288287675,True,,abcd,0.35,2026-03-12T13:08:00.360462
80,80,2,0,111,bnb_c,10.168032884597778,True,False,0.382882882882883,True,,abcd,0.35,2026-03-12T13:08:10.661584
80,80,2,1,128,gurobi,1.7144136428833008,True,False,0.373992919921875,True,,abcd,0.35,2026-03-12T13:08:12.521100
80,80,2,1,128,bnb_c,0.7689647674560547,True,False,0.373992919921875,True,,abcd,0.35,2026-03-12T13:08:13.418413
80,80,2,2,121,gurobi,0.2524240016937256,True,False,0.4089543063998354,True,,abcd,0.35,2026-03-12T13:08:13.804869
80,80,2,2,121,bnb_c,0.17677617073059082,True,False,0.408954306399836,True,,abcd,0.35,2026-03-12T13:08:14.114804
80,80,2,3,120,gurobi,1.562347173690796,True,False,0.38996527777777806,True,,abcd,0.35,2026-03-12T13:08:15.811112
80,80,2,3,120,bnb_c,0.5358898639678955,True,False,0.389965277777778,True,,abcd,0.35,2026-03-12T13:08:16.473328
80,80,2,4,108,gurobi,2.6250131130218506,True,False,0.3946759259259286,True,,abcd,0.35,2026-03-12T13:08:19.228811
80,80,2,4,108,bnb_c,7.182708024978638,True,False,0.394675925925926,True,,abcd,0.35,2026-03-12T13:08:26.544052
80,80,2,5,112,gurobi,0.17885494232177734,True,False,0.4228316326530603,True,,abcd,0.35,2026-03-12T13:08:26.861962
80,80,2,5,112,bnb_c,0.06182408332824707,True,False,0.422831632653061,True,,abcd,0.35,2026-03-12T13:08:27.050934
80,80,2,6,119,gurobi,0.9667689800262451,True,False,0.3931925711461077,True,,abcd,0.35,2026-03-12T13:08:28.155573
80,80,2,6,119,bnb_c,0.6313250064849854,True,False,0.393192571146105,True,,abcd,0.35,2026-03-12T13:08:28.917329
80,80,2,7,123,gurobi,4.366297960281372,True,False,0.3648291360962433,True,,abcd,0.35,2026-03-12T13:08:33.424590
80,80,2,7,123,bnb_c,3.8198728561401367,True,False,0.364829136096239,True,,abcd,0.35,2026-03-12T13:08:37.377163
80,80,2,8,116,gurobi,2.0295112133026123,True,False,0.3795704518430418,True,,abcd,0.35,2026-03-12T13:08:39.545302
80,80,2,8,116,bnb_c,5.900480031967163,True,False,0.379570451843044,True,,abcd,0.35,2026-03-12T13:08:45.573764
80,80,2,9,117,gurobi,1.2276949882507324,True,False,0.3944773175542397,True,,abcd,0.35,2026-03-12T13:08:46.939180
80,80,2,9,117,bnb_c,0.2139263153076172,True,False,0.394477317554241,True,,abcd,0.35,2026-03-12T13:08:47.288065
80,80,2,10,111,gurobi,3.0956528186798096,True,False,0.3994399805210593,True,,abcd,0.35,2026-03-12T13:08:50.522256
80,80,2,10,111,bnb_c,1.5849061012268066,True,False,0.399439980521062,True,,abcd,0.35,2026-03-12T13:08:52.235537
80,80,2,11,109,gurobi,2.4304609298706055,True,False,0.3990825688073363,True,,abcd,0.35,2026-03-12T13:08:54.809083
80,80,2,11,109,bnb_c,3.0242278575897217,True,False,0.399082568807339,True,,abcd,0.35,2026-03-12T13:08:57.965960
80,80,2,12,124,gurobi,6.119252920150757,True,False,0.36469172736732364,True,,abcd,0.35,2026-03-12T13:09:04.223675
80,80,2,12,124,bnb_c,2.21030592918396,True,False,0.364691727367326,True,,abcd,0.35,2026-03-12T13:09:06.567196
80,80,2,13,122,gurobi,0.18820500373840332,True,False,0.40163934426229436,True,,abcd,0.35,2026-03-12T13:09:06.886028
80,80,2,13,122,bnb_c,0.1123809814453125,True,False,0.401639344262295,True,,abcd,0.35,2026-03-12T13:09:07.126982
80,80,2,14,137,gurobi,5.217882871627808,True,False,0.3533486067451642,True,,abcd,0.35,2026-03-12T13:09:12.485212
80,80,2,14,137,bnb_c,1.5422656536102295,True,False,0.353348606745165,True,,abcd,0.35,2026-03-12T13:09:14.159956
80,80,2,15,137,gurobi,0.7867431640625,True,False,0.3527092546219809,True,,abcd,0.35,2026-03-12T13:09:15.082657
80,80,2,15,137,bnb_c,0.007726907730102539,True,False,0.352709254621983,True,,abcd,0.35,2026-03-12T13:09:15.219556
80,80,2,16,123,gurobi,2.2268590927124023,True,False,0.37804878048780566,True,,abcd,0.35,2026-03-12T13:09:17.587409
80,80,2,16,123,bnb_c,0.5347292423248291,True,False,0.378048780487805,True,,abcd,0.35,2026-03-12T13:09:18.250379
80,80,2,17,111,gurobi,0.8135569095611572,True,False,0.4007385764142487,True,,abcd,0.35,2026-03-12T13:09:19.193771
80,80,2,17,111,bnb_c,0.3120448589324951,True,False,0.400738576414252,True,,abcd,0.35,2026-03-12T13:09:19.632469
80,80,2,18,106,gurobi,0.05693387985229492,True,False,0.45242969028124275,True,,abcd,0.35,2026-03-12T13:09:19.825251
80,80,2,18,106,bnb_c,0.010612010955810547,True,False,0.452429690281239,True,,abcd,0.35,2026-03-12T13:09:19.960522
80,80,2,19,121,gurobi,0.11261296272277832,True,False,0.3980260911139935,True,,abcd,0.35,2026-03-12T13:09:20.203890
80,80,2,19,121,bnb_c,0.18256592750549316,True,False,0.398026091113995,True,,abcd,0.35,2026-03-12T13:09:20.516375
80,80,2,20,112,gurobi,2.968381881713867,True,False,0.372448979591837,True,,abcd,0.35,2026-03-12T13:09:23.619649
80,80,2,20,112,bnb_c,10.139017105102539,True,False,0.372448979591837,True,,abcd,0.35,2026-03-12T13:09:33.888918
80,80,2,21,122,gurobi,1.9898920059204102,True,False,0.3667024993281349,True,,abcd,0.35,2026-03-12T13:09:36.010206
80,80,2,21,122,bnb_c,4.134284019470215,True,False,0.366702499328138,True,,abcd,0.35,2026-03-12T13:09:40.273071
80,80,2,22,111,gurobi,2.197094202041626,True,False,0.4098693287882444,True,,abcd,0.35,2026-03-12T13:09:42.611347
80,80,2,22,111,bnb_c,0.2711029052734375,True,False,0.409869328788248,True,,abcd,0.35,2026-03-12T13:09:43.013327
80,80,2,23,120,gurobi,1.0294058322906494,True,False,0.3833333333333362,True,,abcd,0.35,2026-03-12T13:09:44.176878
80,80,2,23,120,bnb_c,1.3875000476837158,True,False,0.383333333333333,True,,abcd,0.35,2026-03-12T13:09:45.692797
80,80,2,24,113,gurobi,1.9590048789978027,True,False,0.3849557522123883,True,,abcd,0.35,2026-03-12T13:09:47.788378
80,80,2,24,113,bnb_c,4.0772459506988525,True,False,0.384955752212389,True,,abcd,0.35,2026-03-12T13:09:51.991426
80,80,2,25,124,gurobi,1.737170934677124,True,False,0.37899973985431706,True,,abcd,0.35,2026-03-12T13:09:53.862584
80,80,2,25,124,bnb_c,0.5987930297851562,True,False,0.378999739854318,True,,abcd,0.35,2026-03-12T13:09:54.592857
80,80,2,26,117,gurobi,0.7264037132263184,True,False,0.38888888888888784,True,,abcd,0.35,2026-03-12T13:09:55.455244
80,80,2,26,117,bnb_c,1.8120036125183105,True,False,0.388888888888889,True,,abcd,0.35,2026-03-12T13:09:57.397135
80,80,2,27,110,gurobi,0.2143690586090088,True,False,0.4181404958677651,True,,abcd,0.35,2026-03-12T13:09:57.753972
80,80,2,27,110,bnb_c,0.07089996337890625,True,False,0.418140495867769,True,,abcd,0.35,2026-03-12T13:09:57.953282
80,80,2,28,98,gurobi,0.2691922187805176,True,False,0.43877551020407535,True,,abcd,0.35,2026-03-12T13:09:58.356407
80,80,2,28,98,bnb_c,0.2810981273651123,True,False,0.438775510204081,True,,abcd,0.35,2026-03-12T13:09:58.763115
80,80,2,29,121,gurobi,1.4888560771942139,True,False,0.3726179905744123,True,,abcd,0.35,2026-03-12T13:10:00.388880
80,80,2,29,121,bnb_c,2.9454729557037354,True,False,0.372617990574414,True,,abcd,0.35,2026-03-12T13:10:03.459348
80,80,2,30,109,gurobi,22.098086833953857,True,False,0.3898661728810692,True,,abcd,0.35,2026-03-12T13:10:25.694992
80,80,2,30,109,bnb_c,4.37120509147644,True,False,0.389866172881071,True,,abcd,0.35,2026-03-12T13:10:30.198597
80,80,2,31,115,gurobi,0.7801270484924316,True,False,0.3869565217391318,True,,abcd,0.35,2026-03-12T13:10:31.110859
80,80,2,31,115,bnb_c,3.2528209686279297,True,False,0.38695652173913,True,,abcd,0.35,2026-03-12T13:10:34.492612
80,80,2,32,111,gurobi,2.009474754333496,True,False,0.39185131077022767,True,,abcd,0.35,2026-03-12T13:10:36.640619
80,80,2,32,111,bnb_c,1.7745797634124756,True,False,0.39185131077023,True,,abcd,0.35,2026-03-12T13:10:38.544747
80,80,2,33,113,gurobi,0.9787209033966064,True,False,0.4114652674445907,True,,abcd,0.35,2026-03-12T13:10:39.657501
80,80,2,33,113,bnb_c,0.16245818138122559,True,False,0.411465267444592,True,,abcd,0.35,2026-03-12T13:10:39.950580
80,80,2,34,120,gurobi,6.239161729812622,True,False,0.36666666666666853,True,,abcd,0.35,2026-03-12T13:10:46.325663
80,80,2,34,120,bnb_c,5.717084169387817,True,False,0.366666666666667,True,,abcd,0.35,2026-03-12T13:10:52.171548
80,80,2,35,120,gurobi,2.2613749504089355,True,False,0.3691319444444461,True,,abcd,0.35,2026-03-12T13:10:54.569338
80,80,2,35,120,bnb_c,4.672790050506592,True,False,0.369131944444444,True,,abcd,0.35,2026-03-12T13:10:59.371016
80,80,2,36,134,gurobi,0.19607806205749512,True,False,0.3937402539541139,True,,abcd,0.35,2026-03-12T13:10:59.702627
80,80,2,36,134,bnb_c,0.04611706733703613,True,False,0.39374025395411,True,,abcd,0.35,2026-03-12T13:10:59.877518
80,80,2,37,124,gurobi,1.654008150100708,True,False,0.37096774193548276,True,,abcd,0.35,2026-03-12T13:11:01.669084
80,80,2,37,124,bnb_c,1.7880570888519287,True,False,0.370967741935484,True,,abcd,0.35,2026-03-12T13:11:03.588873
80,80,2,38,122,gurobi,1.3105111122131348,True,False,0.37137194302606785,True,,abcd,0.35,2026-03-12T13:11:05.040262
80,80,2,38,122,bnb_c,1.8582978248596191,True,False,0.371371943026068,True,,abcd,0.35,2026-03-12T13:11:07.023715
80,80,2,39,110,gurobi,1.4218389987945557,True,False,0.388264462809913,True,,abcd,0.35,2026-03-12T13:11:08.576986
80,80,2,39,110,bnb_c,7.713322877883911,True,False,0.388264462809917,True,,abcd,0.35,2026-03-12T13:11:16.416250
80,80,2,40,128,gurobi,6.835909128189087,True,False,0.3671570359031916,True,,abcd,0.35,2026-03-12T13:11:23.387626
80,80,2,40,128,bnb_c,2.0146241188049316,True,False,0.367156982421875,True,,abcd,0.35,2026-03-12T13:11:25.532402
80,80,2,41,132,gurobi,5.403633117675781,True,False,0.3484848484848478,True,,abcd,0.35,2026-03-12T13:11:31.075326
80,80,2,41,132,bnb_c,3.1914191246032715,True,False,0.348484848484849,True,,abcd,0.35,2026-03-12T13:11:34.394654
80,80,2,42,145,gurobi,7.054697036743164,True,False,0.33160523186682095,True,,abcd,0.35,2026-03-12T13:11:41.587250
80,80,2,42,145,bnb_c,4.343858003616333,True,False,0.331605231866825,True,,abcd,0.35,2026-03-12T13:11:46.059580
80,80,2,43,114,gurobi,1.9190211296081543,True,False,0.393351800554019,True,,abcd,0.35,2026-03-12T13:11:48.114218
80,80,2,43,114,bnb_c,1.7415258884429932,True,False,0.393351800554017,True,,abcd,0.35,2026-03-12T13:11:49.986954
80,80,2,44,113,gurobi,0.24508285522460938,True,False,0.4114652674445902,True,,abcd,0.35,2026-03-12T13:11:50.363777
80,80,2,44,113,bnb_c,0.49529480934143066,True,False,0.411465267444592,True,,abcd,0.35,2026-03-12T13:11:50.988087
80,80,2,45,127,gurobi,4.959012031555176,True,False,0.36614173228346475,True,,abcd,0.35,2026-03-12T13:11:56.080742
80,80,2,45,127,bnb_c,1.1073861122131348,True,False,0.366141732283465,True,,abcd,0.35,2026-03-12T13:11:57.316761
80,80,2,46,121,gurobi,2.3498129844665527,True,False,0.3619971313434861,True,,abcd,0.35,2026-03-12T13:11:59.809185
80,80,2,46,121,bnb_c,7.23223614692688,True,False,0.361997131343487,True,,abcd,0.35,2026-03-12T13:12:07.170189
80,80,2,47,131,gurobi,0.20574569702148438,True,False,0.39310063516111915,True,,abcd,0.35,2026-03-12T13:12:07.513870
80,80,2,47,131,bnb_c,0.03636503219604492,True,False,0.393100635161121,True,,abcd,0.35,2026-03-12T13:12:07.678974
80,80,2,48,115,gurobi,0.8858432769775391,True,False,0.39561436672967965,True,,abcd,0.35,2026-03-12T13:12:08.697233
80,80,2,48,115,bnb_c,0.39703822135925293,True,False,0.395614366729679,True,,abcd,0.35,2026-03-12T13:12:09.224143
80,80,2,49,118,gurobi,0.7799878120422363,True,False,0.39830508474575893,True,,abcd,0.35,2026-03-12T13:12:10.133960
80,80,2,49,118,bnb_c,0.1665363311767578,True,False,0.398305084745763,True,,abcd,0.35,2026-03-12T13:12:10.425941
80,80,2,0,131,gurobi,2.2488760948181152,True,False,0.3520773847677863,True,,abcd,0.4,2026-03-12T13:12:12.812176
80,80,2,0,131,bnb_c,8.943176984786987,True,False,0.352077384767787,True,,abcd,0.4,2026-03-12T13:12:21.884732
80,80,2,1,121,gurobi,2.2364251613616943,True,False,0.3760330578512403,True,,abcd,0.4,2026-03-12T13:12:24.255169
80,80,2,1,121,bnb_c,8.584637880325317,True,False,0.37603305785124,True,,abcd,0.4,2026-03-12T13:12:32.969500
80,80,2,2,127,gurobi,1.5840094089508057,True,False,0.3656457312914627,True,,abcd,0.4,2026-03-12T13:12:34.685073
80,80,2,2,127,bnb_c,1.8410940170288086,True,False,0.365645731291462,True,,abcd,0.4,2026-03-12T13:12:36.660088
80,80,2,3,117,gurobi,5.858453035354614,True,False,0.37855212214186584,True,,abcd,0.4,2026-03-12T13:12:42.659914
80,80,2,3,117,bnb_c,3.03417706489563,True,False,0.378552122141866,True,,abcd,0.4,2026-03-12T13:12:45.822492
80,80,2,4,126,gurobi,6.18907904624939,True,False,0.3597568657092515,True,,abcd,0.4,2026-03-12T13:12:52.148864
80,80,2,4,126,bnb_c,4.972564935684204,True,False,0.359756865709247,True,,abcd,0.4,2026-03-12T13:12:57.252365
80,80,2,5,128,gurobi,2.8822598457336426,True,False,0.350799560546875,True,,abcd,0.4,2026-03-12T13:13:00.275887
80,80,2,5,128,bnb_c,18.078155994415283,True,False,0.350799560546875,True,,abcd,0.4,2026-03-12T13:13:18.486573
80,80,2,6,120,gurobi,0.8555448055267334,True,False,0.3791319444444462,True,,abcd,0.4,2026-03-12T13:13:19.483987
80,80,2,6,120,bnb_c,1.2230632305145264,True,False,0.379131944444444,True,,abcd,0.4,2026-03-12T13:13:20.840158
80,80,2,7,104,gurobi,0.6018819808959961,True,False,0.42307692307691686,True,,abcd,0.4,2026-03-12T13:13:21.581082
80,80,2,7,104,bnb_c,0.751755952835083,True,False,0.423076923076923,True,,abcd,0.4,2026-03-12T13:13:22.461782
80,80,2,8,119,gurobi,3.2534773349761963,True,False,0.37380834686816294,True,,abcd,0.4,2026-03-12T13:13:25.855249
80,80,2,8,119,bnb_c,1.675779104232788,True,False,0.373808346868159,True,,abcd,0.4,2026-03-12T13:13:27.660277
80,80,2,9,122,gurobi,0.7311050891876221,True,False,0.37701558720774,True,,abcd,0.4,2026-03-12T13:13:28.529253
80,80,2,9,122,bnb_c,0.8812479972839355,True,False,0.37701558720774,True,,abcd,0.4,2026-03-12T13:13:29.542897
80,80,2,10,107,gurobi,1.3191709518432617,True,False,0.40125775176870704,True,,abcd,0.4,2026-03-12T13:13:30.999393
80,80,2,10,107,bnb_c,2.871770143508911,True,False,0.401257751768713,True,,abcd,0.4,2026-03-12T13:13:34.001639
80,80,2,11,117,gurobi,0.11956095695495605,True,False,0.4144933888523628,True,,abcd,0.4,2026-03-12T13:13:34.254971
80,80,2,11,117,bnb_c,0.03420591354370117,True,False,0.414493388852363,True,,abcd,0.4,2026-03-12T13:13:34.421531
80,80,2,12,103,gurobi,0.9342851638793945,True,False,0.4222829672919192,True,,abcd,0.4,2026-03-12T13:13:35.494421
80,80,2,12,103,bnb_c,0.23572278022766113,True,False,0.422282967291922,True,,abcd,0.4,2026-03-12T13:13:35.861668
80,80,2,13,120,gurobi,0.6721451282501221,True,False,0.3888541666666664,True,,abcd,0.4,2026-03-12T13:13:36.674660
80,80,2,13,120,bnb_c,1.0422348976135254,True,False,0.388854166666667,True,,abcd,0.4,2026-03-12T13:13:37.844259
80,80,2,14,127,gurobi,1.5267670154571533,True,False,0.36614173228346253,True,,abcd,0.4,2026-03-12T13:13:39.500357
80,80,2,14,127,bnb_c,1.048569917678833,True,False,0.366141732283465,True,,abcd,0.4,2026-03-12T13:13:40.674362
80,80,2,15,113,gurobi,1.893923044204712,True,False,0.39188660036024525,True,,abcd,0.4,2026-03-12T13:13:42.704670
80,80,2,15,113,bnb_c,1.3150227069854736,True,False,0.391886600360247,True,,abcd,0.4,2026-03-12T13:13:44.148565
80,80,2,16,106,gurobi,0.23485398292541504,True,False,0.4229263082947682,True,,abcd,0.4,2026-03-12T13:13:44.517607
80,80,2,16,106,bnb_c,0.3315000534057617,True,False,0.422926308294767,True,,abcd,0.4,2026-03-12T13:13:44.977789
80,80,2,17,111,gurobi,1.2902100086212158,True,False,0.4009009009008967,True,,abcd,0.4,2026-03-12T13:13:46.398862
80,80,2,17,111,bnb_c,0.8013501167297363,True,False,0.400900900900901,True,,abcd,0.4,2026-03-12T13:13:47.326446
80,80,2,18,124,gurobi,4.24551796913147,True,False,0.35483870967741415,True,,abcd,0.4,2026-03-12T13:13:51.700710
80,80,2,18,124,bnb_c,6.858669757843018,True,False,0.354838709677419,True,,abcd,0.4,2026-03-12T13:13:58.689075
80,80,2,19,117,gurobi,1.7442548274993896,True,False,0.38888888888888723,True,,abcd,0.4,2026-03-12T13:14:00.566147
80,80,2,19,117,bnb_c,2.107523202896118,True,False,0.388888888888889,True,,abcd,0.4,2026-03-12T13:14:02.846805
80,73,2,20,109,gurobi,1.1714129447937012,True,False,0.37050753303593736,True,,abcd,0.4,2026-03-12T13:14:04.130892
80,73,2,20,109,bnb_c,0.5896141529083252,True,False,0.37050753303594,True,,abcd,0.4,2026-03-12T13:14:04.827127
80,80,2,21,118,gurobi,2.643968105316162,True,False,0.3813559322033861,True,,abcd,0.4,2026-03-12T13:14:07.610795
80,80,2,21,118,bnb_c,0.3678290843963623,True,False,0.38135593220339,True,,abcd,0.4,2026-03-12T13:14:08.108275
80,80,2,22,114,gurobi,0.5990900993347168,True,False,0.40347029855340405,True,,abcd,0.4,2026-03-12T13:14:08.851672
80,80,2,22,114,bnb_c,0.17596101760864258,True,False,0.403470298553401,True,,abcd,0.4,2026-03-12T13:14:09.154359
80,80,2,23,115,gurobi,0.9860432147979736,True,False,0.37954631379962583,True,,abcd,0.4,2026-03-12T13:14:10.280127
80,80,2,23,115,bnb_c,2.2523550987243652,True,False,0.379546313799622,True,,abcd,0.4,2026-03-12T13:14:12.661915
80,80,2,24,129,gurobi,3.4268839359283447,True,False,0.3472147106544085,True,,abcd,0.4,2026-03-12T13:14:16.217346
80,80,2,24,129,bnb_c,17.73922085762024,True,False,0.347214710654408,True,,abcd,0.4,2026-03-12T13:14:34.086479
80,80,2,25,112,gurobi,1.7535738945007324,True,False,0.38388871173469163,True,,abcd,0.4,2026-03-12T13:14:35.976968
80,80,2,25,112,bnb_c,2.262057065963745,True,False,0.383888711734694,True,,abcd,0.4,2026-03-12T13:14:38.368858
80,80,2,26,140,gurobi,1.7506487369537354,True,False,0.3562244897959179,True,,abcd,0.4,2026-03-12T13:14:40.254529
80,80,2,26,140,bnb_c,0.4173712730407715,True,False,0.356224489795918,True,,abcd,0.4,2026-03-12T13:14:40.804528
80,80,2,27,126,gurobi,0.7535929679870605,True,False,0.37301587301587824,True,,abcd,0.4,2026-03-12T13:14:41.692297
80,80,2,27,126,bnb_c,0.7523608207702637,True,False,0.373015873015873,True,,abcd,0.4,2026-03-12T13:14:42.571478
80,80,2,28,107,gurobi,0.8802530765533447,True,False,0.4064983841383434,True,,abcd,0.4,2026-03-12T13:14:43.582131
80,80,2,28,107,bnb_c,2.4926559925079346,True,False,0.406498384138353,True,,abcd,0.4,2026-03-12T13:14:46.205117
80,80,2,29,112,gurobi,0.6973183155059814,True,False,0.4148198341836718,True,,abcd,0.4,2026-03-12T13:14:47.041644
80,80,2,29,112,bnb_c,0.05396580696105957,True,False,0.414819834183674,True,,abcd,0.4,2026-03-12T13:14:47.226253
80,80,2,30,142,gurobi,0.5195221900939941,True,False,0.3591549295774648,True,,abcd,0.4,2026-03-12T13:14:47.881355
80,80,2,30,142,bnb_c,0.36211109161376953,True,False,0.359154929577465,True,,abcd,0.4,2026-03-12T13:14:48.370812
80,80,2,31,107,gurobi,5.454689025878906,True,False,0.3991614988208487,True,,abcd,0.4,2026-03-12T13:14:53.961291
80,80,2,31,107,bnb_c,1.2320799827575684,True,False,0.399161498820858,True,,abcd,0.4,2026-03-12T13:14:55.325852
80,80,2,32,124,gurobi,0.3792712688446045,True,False,0.38784469302809266,True,,abcd,0.4,2026-03-12T13:14:55.842828
80,80,2,32,124,bnb_c,0.6203169822692871,True,False,0.387844693028096,True,,abcd,0.4,2026-03-12T13:14:56.591094
80,80,2,33,118,gurobi,0.9634430408477783,True,False,0.3983050847457598,True,,abcd,0.4,2026-03-12T13:14:57.689554
80,80,2,33,118,bnb_c,0.11526298522949219,True,False,0.398305084745763,True,,abcd,0.4,2026-03-12T13:14:57.932936
80,80,2,34,113,gurobi,34.144258975982666,True,False,0.37728091471532216,True,,abcd,0.4,2026-03-12T13:15:32.207432
80,80,2,34,113,bnb_c,2.8287012577056885,True,False,0.377280914715326,True,,abcd,0.4,2026-03-12T13:15:35.169362
80,80,2,35,120,gurobi,0.5512709617614746,True,False,0.4005208333333346,True,,abcd,0.4,2026-03-12T13:15:35.857082
80,80,2,35,120,bnb_c,0.07276225090026855,True,False,0.400520833333333,True,,abcd,0.4,2026-03-12T13:15:36.059699
80,80,2,36,121,gurobi,1.0390632152557373,True,False,0.3842633699883859,True,,abcd,0.4,2026-03-12T13:15:37.244724
80,80,2,36,121,bnb_c,1.4643828868865967,True,False,0.384263369988389,True,,abcd,0.4,2026-03-12T13:15:38.841534
80,80,2,37,115,gurobi,0.2074580192565918,True,False,0.409981096408322,True,,abcd,0.4,2026-03-12T13:15:39.181448
80,80,2,37,115,bnb_c,0.07167196273803711,True,False,0.409981096408318,True,,abcd,0.4,2026-03-12T13:15:39.378578
80,80,2,38,115,gurobi,3.994029998779297,True,False,0.37822306238185716,True,,abcd,0.4,2026-03-12T13:15:43.512546
80,80,2,38,115,bnb_c,3.501193046569824,True,False,0.378223062381853,True,,abcd,0.4,2026-03-12T13:15:47.148359
80,80,2,39,121,gurobi,0.14730286598205566,True,False,0.400792295608224,True,,abcd,0.4,2026-03-12T13:15:47.427752
80,80,2,39,121,bnb_c,0.07646703720092773,True,False,0.400792295608224,True,,abcd,0.4,2026-03-12T13:15:47.631410
80,80,2,40,135,gurobi,1.0324292182922363,True,False,0.35882030178326285,True,,abcd,0.4,2026-03-12T13:15:48.798194
80,80,2,40,135,bnb_c,2.38553786277771,True,False,0.358820301783265,True,,abcd,0.4,2026-03-12T13:15:51.313496
80,80,2,41,124,gurobi,0.6904909610748291,True,False,0.3787395941727333,True,,abcd,0.4,2026-03-12T13:15:52.142224
80,80,2,41,124,bnb_c,0.73095703125,True,False,0.378739594172737,True,,abcd,0.4,2026-03-12T13:15:52.999577
80,80,2,42,106,gurobi,2.0445950031280518,True,False,0.4056603773584937,True,,abcd,0.4,2026-03-12T13:15:55.190120
80,80,2,42,106,bnb_c,0.5443370342254639,True,False,0.405660377358491,True,,abcd,0.4,2026-03-12T13:15:55.863148
80,80,2,43,107,gurobi,0.7386391162872314,True,False,0.4158878504672812,True,,abcd,0.4,2026-03-12T13:15:56.736472
80,80,2,43,107,bnb_c,0.07585525512695312,True,False,0.41588785046729,True,,abcd,0.4,2026-03-12T13:15:56.942042
80,80,2,44,116,gurobi,1.9671909809112549,True,False,0.38789387633769007,True,,abcd,0.4,2026-03-12T13:15:59.046179
80,80,2,44,116,bnb_c,1.580010175704956,True,False,0.387893876337693,True,,abcd,0.4,2026-03-12T13:16:00.754417
80,80,2,45,129,gurobi,0.10354924201965332,True,False,0.3914428219458013,True,,abcd,0.4,2026-03-12T13:16:00.997483
80,80,2,45,129,bnb_c,0.07457518577575684,True,False,0.391442821945797,True,,abcd,0.4,2026-03-12T13:16:01.196779
80,80,2,46,105,gurobi,0.07252812385559082,True,False,0.4494784580498923,True,,abcd,0.4,2026-03-12T13:16:01.402636
80,80,2,46,105,bnb_c,0.015386104583740234,True,False,0.449478458049887,True,,abcd,0.4,2026-03-12T13:16:01.543257
80,80,2,47,132,gurobi,1.8377251625061035,True,False,0.3863349919054634,True,,abcd,0.4,2026-03-12T13:16:03.517479
80,80,2,47,132,bnb_c,0.11862397193908691,True,False,0.386334940312213,True,,abcd,0.4,2026-03-12T13:16:03.762269
80,76,2,48,104,gurobi,9.912307977676392,True,False,0.3755547337278076,True,,abcd,0.4,2026-03-12T13:16:13.787766
80,76,2,48,104,bnb_c,2.4316282272338867,True,False,0.375554733727811,True,,abcd,0.4,2026-03-12T13:16:16.326159
80,80,2,49,108,gurobi,1.1803488731384277,True,False,0.39900548696845445,True,,abcd,0.4,2026-03-12T13:16:17.639798
80,80,2,49,108,bnb_c,0.437938928604126,True,False,0.39900548696845,True,,abcd,0.4,2026-03-12T13:16:18.208448
80,80,2,0,117,gurobi,0.6694231033325195,True,False,0.4059829059829057,True,,abcd,0.45,2026-03-12T13:16:19.013754
80,80,2,0,117,bnb_c,0.04583287239074707,True,False,0.405982905982906,True,,abcd,0.45,2026-03-12T13:16:19.187923
80,80,2,1,119,gurobi,1.3473050594329834,True,False,0.3793164324553409,True,,abcd,0.45,2026-03-12T13:16:20.666665
80,80,2,1,119,bnb_c,5.072231292724609,True,False,0.379316432455335,True,,abcd,0.45,2026-03-12T13:16:25.864952
80,80,2,2,111,gurobi,2.2635128498077393,True,False,0.39684278873467516,True,,abcd,0.45,2026-03-12T13:16:28.269298
80,80,2,2,111,bnb_c,1.189967155456543,True,False,0.396842788734681,True,,abcd,0.45,2026-03-12T13:16:29.593004
80,80,2,3,113,gurobi,3.086793899536133,True,False,0.39345289372699255,True,,abcd,0.45,2026-03-12T13:16:32.818896
80,80,2,3,113,bnb_c,2.294135808944702,True,False,0.393452893726995,True,,abcd,0.45,2026-03-12T13:16:35.241651
80,80,2,4,115,gurobi,0.4106271266937256,True,False,0.400567107750474,True,,abcd,0.45,2026-03-12T13:16:35.793014
80,80,2,4,115,bnb_c,0.7802162170410156,True,False,0.400567107750473,True,,abcd,0.45,2026-03-12T13:16:36.699200
80,80,2,5,117,gurobi,1.4666728973388672,True,False,0.3803053546643291,True,,abcd,0.45,2026-03-12T13:16:38.298006
80,80,2,5,117,bnb_c,2.0191309452056885,True,False,0.380305354664329,True,,abcd,0.45,2026-03-12T13:16:40.444707
80,80,2,6,121,gurobi,16.7504141330719,True,False,0.35950413223140254,True,,abcd,0.45,2026-03-12T13:16:57.332903
80,80,2,6,121,bnb_c,5.28830623626709,True,False,0.359504132231405,True,,abcd,0.45,2026-03-12T13:17:02.749807
80,80,2,7,110,gurobi,1.2979719638824463,True,False,0.4009917355371871,True,,abcd,0.45,2026-03-12T13:17:04.186751
80,80,2,7,110,bnb_c,0.33539676666259766,True,False,0.40099173553719,True,,abcd,0.45,2026-03-12T13:17:04.650080
80,80,2,8,121,gurobi,0.6454079151153564,True,False,0.38399016460624,True,,abcd,0.45,2026-03-12T13:17:05.429956
80,80,2,8,121,bnb_c,0.5432789325714111,True,False,0.383990164606243,True,,abcd,0.45,2026-03-12T13:17:06.104659
80,80,2,9,119,gurobi,0.38031911849975586,True,False,0.39852411552856687,True,,abcd,0.45,2026-03-12T13:17:06.619776
80,80,2,9,119,bnb_c,0.17639780044555664,True,False,0.398524115528564,True,,abcd,0.45,2026-03-12T13:17:06.924469
80,80,2,10,117,gurobi,0.2741978168487549,True,False,0.3973993717583471,True,,abcd,0.45,2026-03-12T13:17:07.330005
80,80,2,10,117,bnb_c,0.27777814865112305,True,False,0.397399371758346,True,,abcd,0.45,2026-03-12T13:17:07.733649
80,80,2,11,129,gurobi,3.1067559719085693,True,False,0.3682170542635687,True,,abcd,0.45,2026-03-12T13:17:10.978532
80,80,2,11,129,bnb_c,1.910308837890625,True,False,0.368217054263566,True,,abcd,0.45,2026-03-12T13:17:13.021708
80,80,2,12,116,gurobi,0.6815569400787354,True,False,0.38759661117716715,True,,abcd,0.45,2026-03-12T13:17:13.839392
80,80,2,12,116,bnb_c,1.1473021507263184,True,False,0.38759661117717,True,,abcd,0.45,2026-03-12T13:17:15.114430
80,80,2,13,122,gurobi,2.996088981628418,True,False,0.3606221445847887,True,,abcd,0.45,2026-03-12T13:17:18.248518
80,80,2,13,122,bnb_c,7.422827959060669,True,False,0.360622144584789,True,,abcd,0.45,2026-03-12T13:17:25.801794
80,80,2,14,103,gurobi,0.12331318855285645,True,False,0.43604486756527094,True,,abcd,0.45,2026-03-12T13:17:26.060085
80,80,2,14,103,bnb_c,0.04399275779724121,True,False,0.436044867565275,True,,abcd,0.45,2026-03-12T13:17:26.232861
80,80,2,15,136,gurobi,0.24373793601989746,True,False,0.36494377162629615,True,,abcd,0.45,2026-03-12T13:17:26.617541
80,80,2,15,136,bnb_c,0.7740862369537354,True,False,0.364943771626297,True,,abcd,0.45,2026-03-12T13:17:27.521039
80,80,2,16,131,gurobi,2.8506948947906494,True,False,0.35767146436687797,True,,abcd,0.45,2026-03-12T13:17:30.503398
80,80,2,16,131,bnb_c,2.9664390087127686,True,False,0.357671464366878,True,,abcd,0.45,2026-03-12T13:17:33.597615
80,80,2,17,134,gurobi,4.643630266189575,True,False,0.33537536199599277,True,,abcd,0.45,2026-03-12T13:17:38.376586
80,80,2,17,134,bnb_c,42.00536608695984,True,False,0.33537536199599,True,,abcd,0.45,2026-03-12T13:18:20.510874
80,80,2,18,114,gurobi,2.866213798522949,True,False,0.394736842105264,True,,abcd,0.45,2026-03-12T13:18:23.514054
80,80,2,18,114,bnb_c,0.5226690769195557,True,False,0.394736842105263,True,,abcd,0.45,2026-03-12T13:18:24.164251
80,80,2,19,99,gurobi,1.6125240325927734,True,False,0.41914090398938675,True,,abcd,0.45,2026-03-12T13:18:25.913732
80,80,2,19,99,bnb_c,3.0644798278808594,True,False,0.419140903989389,True,,abcd,0.45,2026-03-12T13:18:29.109679
80,80,2,20,106,gurobi,1.2488620281219482,True,False,0.40566037735849153,True,,abcd,0.45,2026-03-12T13:18:30.500803
80,80,2,20,106,bnb_c,0.708406925201416,True,False,0.405660377358491,True,,abcd,0.45,2026-03-12T13:18:31.341322
80,80,2,21,111,gurobi,1.4542200565338135,True,False,0.38860482103724925,True,,abcd,0.45,2026-03-12T13:18:32.928344
80,80,2,21,111,bnb_c,5.724207162857056,True,False,0.388604821037253,True,,abcd,0.45,2026-03-12T13:18:38.784193
80,80,2,22,110,gurobi,0.8836758136749268,True,False,0.39090909090908843,True,,abcd,0.45,2026-03-12T13:18:39.806370
80,80,2,22,110,bnb_c,1.01682710647583,True,False,0.390909090909091,True,,abcd,0.45,2026-03-12T13:18:40.951550
80,80,2,23,116,gurobi,2.07397198677063,True,False,0.4021626040428046,True,,abcd,0.45,2026-03-12T13:18:43.156459
80,80,2,23,116,bnb_c,0.30289673805236816,True,False,0.402162604042806,True,,abcd,0.45,2026-03-12T13:18:43.588033
80,80,2,24,125,gurobi,0.8638761043548584,True,False,0.3788479999999991,True,,abcd,0.45,2026-03-12T13:18:44.590069
80,80,2,24,125,bnb_c,0.4008200168609619,True,False,0.378848,True,,abcd,0.45,2026-03-12T13:18:45.115732
80,80,2,25,127,gurobi,0.3070659637451172,True,False,0.3817657635315255,True,,abcd,0.45,2026-03-12T13:18:45.554561
80,80,2,25,127,bnb_c,0.7307798862457275,True,False,0.381765763531527,True,,abcd,0.45,2026-03-12T13:18:46.415613
80,80,2,26,102,gurobi,0.8117938041687012,True,False,0.4255574778931114,True,,abcd,0.45,2026-03-12T13:18:47.355790
80,80,2,26,102,bnb_c,0.18072080612182617,True,False,0.425557477893118,True,,abcd,0.45,2026-03-12T13:18:47.661699
80,80,2,27,111,gurobi,2.20597505569458,True,False,0.3920136352568754,True,,abcd,0.45,2026-03-12T13:18:50.005373
80,80,2,27,111,bnb_c,2.0104081630706787,True,False,0.392013635256878,True,,abcd,0.45,2026-03-12T13:18:52.144667
80,80,2,28,117,gurobi,26.63793158531189,True,False,0.3646358389948138,True,,abcd,0.45,2026-03-12T13:19:18.912296
80,80,2,28,117,bnb_c,4.098987102508545,True,False,0.364635838994813,True,,abcd,0.45,2026-03-12T13:19:23.143401
80,80,2,29,120,gurobi,36.595820903778076,True,False,0.3582986111111125,True,,abcd,0.45,2026-03-12T13:19:59.876307
80,80,2,29,120,bnb_c,11.429100036621094,True,False,0.358298611111111,True,,abcd,0.45,2026-03-12T13:20:11.436817
80,80,2,30,99,gurobi,2.6454269886016846,True,False,0.42929292929292684,True,,abcd,0.45,2026-03-12T13:20:14.223805
80,80,2,30,99,bnb_c,0.28244709968566895,True,False,0.42929292929293,True,,abcd,0.45,2026-03-12T13:20:14.635520
80,80,2,31,122,gurobi,1.9892690181732178,True,False,0.3754031174415465,True,,abcd,0.45,2026-03-12T13:20:16.756597
80,80,2,31,122,bnb_c,2.124105930328369,True,False,0.375403117441548,True,,abcd,0.45,2026-03-12T13:20:19.008960
80,80,2,32,107,gurobi,1.6998646259307861,True,False,0.3984190759018177,True,,abcd,0.45,2026-03-12T13:20:20.845181
80,80,2,32,107,bnb_c,1.0276679992675781,True,False,0.398419075901826,True,,abcd,0.45,2026-03-12T13:20:22.001547
80,80,2,33,125,gurobi,2.7599170207977295,True,False,0.3767999999999988,True,,abcd,0.45,2026-03-12T13:20:24.898488
80,80,2,33,125,bnb_c,4.234317064285278,True,False,0.3768,True,,abcd,0.45,2026-03-12T13:20:29.259500
80,80,2,34,121,gurobi,1.5116870403289795,True,False,0.38426336998838717,True,,abcd,0.45,2026-03-12T13:20:30.910681
80,80,2,34,121,bnb_c,0.3083162307739258,True,False,0.384263369988389,True,,abcd,0.45,2026-03-12T13:20:31.350650
80,80,2,35,127,gurobi,0.9861419200897217,True,False,0.3739847479694959,True,,abcd,0.45,2026-03-12T13:20:32.476835
80,80,2,35,127,bnb_c,0.45979905128479004,True,False,0.373984747969496,True,,abcd,0.45,2026-03-12T13:20:33.063837
80,80,2,36,118,gurobi,0.6956779956817627,True,False,0.3891123240448117,True,,abcd,0.45,2026-03-12T13:20:33.897653
80,80,2,36,118,bnb_c,0.49862074851989746,True,False,0.389112324044815,True,,abcd,0.45,2026-03-12T13:20:34.524406
80,80,2,37,127,gurobi,4.356731176376343,True,False,0.358236716473432,True,,abcd,0.45,2026-03-12T13:20:39.012397
80,80,2,37,127,bnb_c,3.2524731159210205,True,False,0.358236716473433,True,,abcd,0.45,2026-03-12T13:20:42.395534
80,80,2,38,107,gurobi,0.7995550632476807,True,False,0.4158878504672832,True,,abcd,0.45,2026-03-12T13:20:43.336592
80,80,2,38,107,bnb_c,0.10916399955749512,True,False,0.41588785046729,True,,abcd,0.45,2026-03-12T13:20:43.573219
80,80,2,39,120,gurobi,8.162983894348145,True,False,0.36541666666666767,True,,abcd,0.45,2026-03-12T13:20:51.871101
80,80,2,39,120,bnb_c,4.086275100708008,True,False,0.365416666666667,True,,abcd,0.45,2026-03-12T13:20:56.088502
80,80,2,40,126,gurobi,8.151031017303467,True,False,0.35714285714286104,True,,abcd,0.45,2026-03-12T13:21:04.381810
80,80,2,40,126,bnb_c,2.5392518043518066,True,False,0.357142857142857,True,,abcd,0.45,2026-03-12T13:21:07.053574
80,80,2,41,134,gurobi,7.253983020782471,True,False,0.34191913566496335,True,,abcd,0.45,2026-03-12T13:21:14.447172
80,80,2,41,134,bnb_c,5.326046943664551,True,False,0.341919135664959,True,,abcd,0.45,2026-03-12T13:21:19.909696
80,80,2,42,124,gurobi,4.359886884689331,True,False,0.37096774193548265,True,,abcd,0.45,2026-03-12T13:21:24.406958
80,80,2,42,124,bnb_c,0.9935369491577148,True,False,0.370967741935484,True,,abcd,0.45,2026-03-12T13:21:25.530032
80,80,2,43,112,gurobi,1.9247350692749023,True,False,0.3902662627551013,True,,abcd,0.45,2026-03-12T13:21:27.593036
80,80,2,43,112,bnb_c,8.742119789123535,True,False,0.390266262755102,True,,abcd,0.45,2026-03-12T13:21:36.462614
80,80,2,44,103,gurobi,4.2741379737854,True,False,0.41262135922329696,True,,abcd,0.45,2026-03-12T13:21:40.867790
80,80,2,44,103,bnb_c,1.2589452266693115,True,False,0.412621359223301,True,,abcd,0.45,2026-03-12T13:21:42.255495
80,80,2,45,124,gurobi,0.971545934677124,True,False,0.3735366805411023,True,,abcd,0.45,2026-03-12T13:21:43.363266
80,80,2,45,124,bnb_c,2.5785300731658936,True,False,0.373536680541103,True,,abcd,0.45,2026-03-12T13:21:46.070559
80,80,2,46,101,gurobi,1.2929887771606445,True,False,0.42074306440545434,True,,abcd,0.45,2026-03-12T13:21:47.501482
80,80,2,46,101,bnb_c,3.100594997406006,True,False,0.420743064405451,True,,abcd,0.45,2026-03-12T13:21:50.730047
80,80,2,47,111,gurobi,1.1158859729766846,True,False,0.4088953818683506,True,,abcd,0.45,2026-03-12T13:21:51.982956
80,80,2,47,111,bnb_c,0.28069591522216797,True,False,0.408895381868355,True,,abcd,0.45,2026-03-12T13:21:52.390994
80,80,2,48,113,gurobi,1.1837389469146729,True,False,0.39376615240034213,True,,abcd,0.45,2026-03-12T13:21:53.705764
80,80,2,48,113,bnb_c,1.0456020832061768,True,False,0.393766152400345,True,,abcd,0.45,2026-03-12T13:21:54.879590
80,80,2,49,114,gurobi,6.941483974456787,True,False,0.3771929824561432,True,,abcd,0.45,2026-03-12T13:22:01.956681
80,80,2,49,114,bnb_c,5.840759754180908,True,False,0.377192982456141,True,,abcd,0.45,2026-03-12T13:22:07.930307
80,80,2,0,108,gurobi,0.3311800956726074,True,False,0.41662379972565505,True,,abcd,0.5,2026-03-12T13:22:08.400867
80,80,2,0,108,bnb_c,0.27695512771606445,True,False,0.416623799725652,True,,abcd,0.5,2026-03-12T13:22:08.806682
80,80,2,1,130,gurobi,1.4789612293243408,True,False,0.353816568047342,True,,abcd,0.5,2026-03-12T13:22:10.420005
80,80,2,1,130,bnb_c,3.4045231342315674,True,False,0.353816568047337,True,,abcd,0.5,2026-03-12T13:22:13.953095
80,80,2,2,111,gurobi,1.8223538398742676,True,False,0.3918513107702284,True,,abcd,0.5,2026-03-12T13:22:15.912846
80,80,2,2,111,bnb_c,1.4044771194458008,True,False,0.39185131077023,True,,abcd,0.5,2026-03-12T13:22:17.446323
80,80,2,3,112,gurobi,1.3565928936004639,True,False,0.4049744897959163,True,,abcd,0.5,2026-03-12T13:22:18.934861
80,80,2,3,112,bnb_c,0.4840102195739746,True,False,0.404974489795918,True,,abcd,0.5,2026-03-12T13:22:19.548998
80,80,2,4,109,gurobi,1.5530259609222412,True,False,0.3989142328086837,True,,abcd,0.5,2026-03-12T13:22:21.235813
80,80,2,4,109,bnb_c,0.7737131118774414,True,False,0.398914232808686,True,,abcd,0.5,2026-03-12T13:22:22.136981
80,80,2,5,110,gurobi,1.774233102798462,True,False,0.3909090909090867,True,,abcd,0.5,2026-03-12T13:22:24.046473
80,80,2,5,110,bnb_c,0.9887678623199463,True,False,0.390909090909091,True,,abcd,0.5,2026-03-12T13:22:25.161351
80,80,2,6,123,gurobi,1.5429511070251465,True,False,0.36724172119770265,True,,abcd,0.5,2026-03-12T13:22:26.834840
80,80,2,6,123,bnb_c,2.8361380100250244,True,False,0.3672417211977,True,,abcd,0.5,2026-03-12T13:22:29.800663
80,80,2,7,114,gurobi,1.3294458389282227,True,False,0.39473684210526505,True,,abcd,0.5,2026-03-12T13:22:31.260228
80,80,2,7,114,bnb_c,0.3640778064727783,True,False,0.394736842105263,True,,abcd,0.5,2026-03-12T13:22:31.752018
80,80,2,8,111,gurobi,2.760560989379883,True,False,0.400779157535912,True,,abcd,0.5,2026-03-12T13:22:34.652751
80,80,2,8,111,bnb_c,0.8010590076446533,True,False,0.400779157535914,True,,abcd,0.5,2026-03-12T13:22:35.589395
80,80,2,9,103,gurobi,2.9754931926727295,True,False,0.412621359223298,True,,abcd,0.5,2026-03-12T13:22:38.708751
80,80,2,9,103,bnb_c,0.7215700149536133,True,False,0.412621359223301,True,,abcd,0.5,2026-03-12T13:22:39.559488
80,80,2,10,121,gurobi,0.1899118423461914,True,False,0.39242538077999983,True,,abcd,0.5,2026-03-12T13:22:39.888913
80,80,2,10,121,bnb_c,0.13923978805541992,True,False,0.392425380780001,True,,abcd,0.5,2026-03-12T13:22:40.159851
80,80,2,11,117,gurobi,0.8501629829406738,True,False,0.39652275549711297,True,,abcd,0.5,2026-03-12T13:22:41.141293
80,80,2,11,117,bnb_c,0.408799409866333,True,False,0.396522755497114,True,,abcd,0.5,2026-03-12T13:22:41.678287
80,80,2,12,115,gurobi,4.817109823226929,True,False,0.37187145557656237,True,,abcd,0.5,2026-03-12T13:22:46.629376
80,80,2,12,115,bnb_c,7.357170820236206,True,False,0.371871455576559,True,,abcd,0.5,2026-03-12T13:22:54.117973
80,80,2,13,121,gurobi,0.6208372116088867,True,False,0.38381941124239954,True,,abcd,0.5,2026-03-12T13:22:54.874787
80,80,2,13,121,bnb_c,0.9854657649993896,True,False,0.383819411242401,True,,abcd,0.5,2026-03-12T13:22:55.989778
80,80,2,14,105,gurobi,13.95324993133545,True,False,0.39523809523809694,True,,abcd,0.5,2026-03-12T13:23:10.077686
80,80,2,14,105,bnb_c,17.84015917778015,True,False,0.395238095238095,True,,abcd,0.5,2026-03-12T13:23:28.051240
80,80,2,15,125,gurobi,2.5701892375946045,True,False,0.36399999999999927,True,,abcd,0.5,2026-03-12T13:23:30.760594
80,80,2,15,125,bnb_c,1.9937310218811035,True,False,0.364,True,,abcd,0.5,2026-03-12T13:23:32.885103
80,80,2,16,118,gurobi,5.484833002090454,True,False,0.36383223211720467,True,,abcd,0.5,2026-03-12T13:23:38.503129
80,80,2,16,118,bnb_c,13.465960025787354,True,False,0.363832232117208,True,,abcd,0.5,2026-03-12T13:23:52.097542
80,80,2,17,109,gurobi,0.13167095184326172,True,False,0.4255534045955719,True,,abcd,0.5,2026-03-12T13:23:52.360992
80,80,2,17,109,bnb_c,0.048486948013305664,True,False,0.425553404595573,True,,abcd,0.5,2026-03-12T13:23:52.538823
80,80,2,18,114,gurobi,5.478618144989014,True,False,0.37611572791628445,True,,abcd,0.5,2026-03-12T13:23:58.154235
80,80,2,18,114,bnb_c,5.34313702583313,True,False,0.376115727916282,True,,abcd,0.5,2026-03-12T13:24:03.629955
80,80,2,19,121,gurobi,4.029342174530029,True,False,0.36773444436855135,True,,abcd,0.5,2026-03-12T13:24:07.803137
80,80,2,19,121,bnb_c,7.335536956787109,True,False,0.367734444368554,True,,abcd,0.5,2026-03-12T13:24:15.266939
80,80,2,20,108,gurobi,5.9312050342559814,True,False,0.3909036351166034,True,,abcd,0.5,2026-03-12T13:24:21.337100
80,80,2,20,108,bnb_c,5.576627969741821,True,False,0.390903635116598,True,,abcd,0.5,2026-03-12T13:24:27.044302
80,80,2,21,115,gurobi,1.0326488018035889,True,False,0.3989035916824229,True,,abcd,0.5,2026-03-12T13:24:28.213008
80,80,2,21,115,bnb_c,0.10660719871520996,True,False,0.39890359168242,True,,abcd,0.5,2026-03-12T13:24:28.450815
80,80,2,22,119,gurobi,0.7354419231414795,True,False,0.3991243556246063,True,,abcd,0.5,2026-03-12T13:24:29.332302
80,80,2,22,119,bnb_c,0.22874999046325684,True,False,0.399124355624603,True,,abcd,0.5,2026-03-12T13:24:29.687134
80,80,2,23,113,gurobi,2.872469902038574,True,False,0.38432923486568904,True,,abcd,0.5,2026-03-12T13:24:32.697085
80,80,2,23,113,bnb_c,4.5219268798828125,True,False,0.38432923486569,True,,abcd,0.5,2026-03-12T13:24:37.346981
80,80,2,24,117,gurobi,0.24975299835205078,True,False,0.39882387318284895,True,,abcd,0.5,2026-03-12T13:24:37.727322
80,80,2,24,117,bnb_c,0.060456037521362305,True,False,0.398823873182848,True,,abcd,0.5,2026-03-12T13:24:37.915950
80,80,2,25,109,gurobi,0.3636951446533203,True,False,0.40918272872653444,True,,abcd,0.5,2026-03-12T13:24:38.424215
80,80,2,25,109,bnb_c,0.21449518203735352,True,False,0.409182728726538,True,,abcd,0.5,2026-03-12T13:24:38.767195
80,80,2,26,120,gurobi,3.5364620685577393,True,False,0.39163202272071224,True,,abcd,0.5,2026-03-12T13:24:42.436910
80,80,2,26,120,bnb_c,1.0868940353393555,True,False,0.391631944444445,True,,abcd,0.5,2026-03-12T13:24:43.651027
80,80,2,27,118,gurobi,2.677234172821045,True,False,0.37945274346451846,True,,abcd,0.5,2026-03-12T13:24:46.462335
80,80,2,27,118,bnb_c,3.429313898086548,True,False,0.379452743464522,True,,abcd,0.5,2026-03-12T13:24:50.019400
80,80,2,28,116,gurobi,2.030643939971924,True,False,0.3793103448275853,True,,abcd,0.5,2026-03-12T13:24:52.188214
80,80,2,28,116,bnb_c,3.3310179710388184,True,False,0.379310344827586,True,,abcd,0.5,2026-03-12T13:24:55.648741
80,80,2,29,114,gurobi,1.1341240406036377,True,False,0.4016235764850743,True,,abcd,0.5,2026-03-12T13:24:56.913581
80,80,2,29,114,bnb_c,0.8017802238464355,True,False,0.401623576485072,True,,abcd,0.5,2026-03-12T13:24:57.848120
80,72,2,30,88,gurobi,1.0374999046325684,True,False,0.4203899793388471,True,,abcd,0.5,2026-03-12T13:24:59.005545
80,72,2,30,88,bnb_c,0.16251015663146973,True,False,0.420389979338843,True,,abcd,0.5,2026-03-12T13:24:59.274056
80,80,2,31,121,gurobi,1.3439369201660156,True,False,0.37548664708694496,True,,abcd,0.5,2026-03-12T13:25:00.748196
80,80,2,31,121,bnb_c,0.7619142532348633,True,False,0.375486647086948,True,,abcd,0.5,2026-03-12T13:25:01.638307
80,80,2,32,108,gurobi,0.21565580368041992,True,False,0.41559499314129317,True,,abcd,0.5,2026-03-12T13:25:01.990460
80,80,2,32,108,bnb_c,0.28750085830688477,True,False,0.415594993141289,True,,abcd,0.5,2026-03-12T13:25:02.404993
80,80,2,33,117,gurobi,1.6782889366149902,True,False,0.3803053546643271,True,,abcd,0.5,2026-03-12T13:25:04.216576
80,80,2,33,117,bnb_c,2.979292869567871,True,False,0.380305354664329,True,,abcd,0.5,2026-03-12T13:25:07.322209
80,80,2,34,104,gurobi,11.14843201637268,True,False,0.38461538461538325,True,,abcd,0.5,2026-03-12T13:25:18.605218
80,80,2,34,104,bnb_c,30.539567232131958,True,False,0.384615384615385,True,,abcd,0.5,2026-03-12T13:25:49.273779
80,80,2,35,113,gurobi,1.6389079093933105,True,False,0.3843292348656895,True,,abcd,0.5,2026-03-12T13:25:51.050498
80,80,2,35,113,bnb_c,14.01939082145691,True,False,0.38432923486569,True,,abcd,0.5,2026-03-12T13:26:05.201852
80,80,2,36,113,gurobi,1.245934009552002,True,False,0.39376615240034163,True,,abcd,0.5,2026-03-12T13:26:06.586849
80,80,2,36,113,bnb_c,0.9060640335083008,True,False,0.393766152400345,True,,abcd,0.5,2026-03-12T13:26:07.621316
80,80,2,37,119,gurobi,3.613743305206299,True,False,0.37949297366005735,True,,abcd,0.5,2026-03-12T13:26:11.366904
80,80,2,37,119,bnb_c,6.958431005477905,True,False,0.379492973660052,True,,abcd,0.5,2026-03-12T13:26:18.453679
80,80,2,38,109,gurobi,1.7096240520477295,True,False,0.39908256880734033,True,,abcd,0.5,2026-03-12T13:26:20.308622
80,80,2,38,109,bnb_c,0.8277156352996826,True,False,0.399082568807339,True,,abcd,0.5,2026-03-12T13:26:21.268548
80,80,2,39,104,gurobi,0.7491278648376465,True,False,0.413045488165674,True,,abcd,0.5,2026-03-12T13:26:22.157533
80,80,2,39,104,bnb_c,3.069640874862671,True,False,0.41304548816568,True,,abcd,0.5,2026-03-12T13:26:25.359521
80,80,2,40,121,gurobi,0.23742985725402832,True,False,0.3925619834710728,True,,abcd,0.5,2026-03-12T13:26:25.746580
80,80,2,40,121,bnb_c,0.443493127822876,True,False,0.392561983471074,True,,abcd,0.5,2026-03-12T13:26:26.319067
80,80,2,41,112,gurobi,0.5462331771850586,True,False,0.4017458545918345,True,,abcd,0.5,2026-03-12T13:26:27.003757
80,80,2,41,112,bnb_c,0.411876916885376,True,False,0.401745854591837,True,,abcd,0.5,2026-03-12T13:26:27.544262
80,80,2,42,118,gurobi,0.7555019855499268,True,False,0.3912668773340957,True,,abcd,0.5,2026-03-12T13:26:28.435005
80,80,2,42,118,bnb_c,0.21992874145507812,True,False,0.391266877334099,True,,abcd,0.5,2026-03-12T13:26:28.780792
80,80,2,43,127,gurobi,4.541425943374634,True,False,0.3503937007873994,True,,abcd,0.5,2026-03-12T13:26:33.456821
80,80,2,43,127,bnb_c,2.916228771209717,True,False,0.350393700787402,True,,abcd,0.5,2026-03-12T13:26:36.503929
80,80,2,44,139,gurobi,5.387029647827148,True,False,0.32710522229698025,True,,abcd,0.5,2026-03-12T13:26:42.029579
80,80,2,44,139,bnb_c,13.473451852798462,True,False,0.327105222296983,True,,abcd,0.5,2026-03-12T13:26:55.631925
80,80,2,45,116,gurobi,4.803709983825684,True,False,0.3779726516052284,True,,abcd,0.5,2026-03-12T13:27:00.571234
80,80,2,45,116,bnb_c,4.846129894256592,True,False,0.377972651605232,True,,abcd,0.5,2026-03-12T13:27:05.593015
80,80,2,46,112,gurobi,1.9093451499938965,True,False,0.3928571428571399,True,,abcd,0.5,2026-03-12T13:27:07.641031
80,80,2,46,112,bnb_c,2.0829570293426514,True,False,0.392857142857143,True,,abcd,0.5,2026-03-12T13:27:09.851594
80,80,2,47,114,gurobi,5.1061460971832275,True,False,0.3859264389042809,True,,abcd,0.5,2026-03-12T13:27:15.098469
80,80,2,47,114,bnb_c,2.048891067504883,True,False,0.385926438904279,True,,abcd,0.5,2026-03-12T13:27:17.276361
80,80,2,48,121,gurobi,9.230422019958496,True,False,0.3677344443685545,True,,abcd,0.5,2026-03-12T13:27:26.642643
80,80,2,48,121,bnb_c,2.4858410358428955,True,False,0.367734444368554,True,,abcd,0.5,2026-03-12T13:27:29.254465
80,80,2,49,117,gurobi,0.9342138767242432,True,False,0.38888888888888823,True,,abcd,0.5,2026-03-12T13:27:30.332674
80,80,2,49,117,bnb_c,0.22714805603027344,True,False,0.388888888888889,True,,abcd,0.5,2026-03-12T13:27:30.686914
